id;mlu;style;tempo;performer;feel;barsspan;startbar;startbeat;endbar;endbeat;notes;length;divisions;subrhythm
1;lick;-;UP;Art Pepper;-;-;-;-;-;-;8;5;4,2,4,4,1;0001,01,1111,0001,1
2;lick;-;UP;J.J. Johnson;-;-;-;-;-;-;33;21;2,2,2,2,4,1,4,1,3,2,1,2,6,2,1,1,1,2,4,2,2;11,11,11,01,1001,1,0001,1,111,01,1,11,000011,01,1,1,1,01,1101,11,11
3;line;-;UP;Art Pepper;-;-;-;-;-;-;19;12;2,2,2,2,2,4,2,2,2,2,4,2;11,11,11,11,11,0001,11,01,01,11,0001,01
4;line;-;UP;Dizzy Gillespie;-;-;-;-;-;-;29;15;2,4,2,2,2,1,2,2,2,1,1,2,4,2,3;11,0111,11,11,01,1,11,11,11,1,1,11,1101,11,111
5;lick;-;UP;Steve Coleman;-;-;-;-;-;-;16;8;2,4,2,2,6,3,2,2;11,1001,11,01,101101,011,01,11
6;line;-;MEDIUM UP;Kenny Dorham;-;-;-;-;-;-;15;7;4,2,2,2,1,2,3;1111,11,11,11,1,11,011
7;lick;-;MEDIUM;Hank Mobley;-;-;-;-;-;-;8;3;4,6,7;0111,010001,0100101
8;lick;-;MEDIUM;Miles Davis;-;-;-;-;-;-;5;2;8,2;11000001,11
9;lick;-;UP;Wayne Shorter;-;-;-;-;-;-;10;6;1,3,2,2,1,3;1,011,11,11,1,011
10;lick;-;UP;Joe Lovano;-;-;-;-;-;-;2;2;2,1;01,1
11;lick;-;UP;J.J. Johnson;-;-;-;-;-;-;24;16;2,2,2,4,1,2,4,1,1,2,4,2,2,2,2,1;11,11,11,1100,1,11,0011,1,1,01,0001,11,01,01,11,1
12;lick;-;UP;Joe Henderson;-;-;-;-;-;-;21;13;2,2,4,4,1,2,4,1,1,4,4,2,1;11,01,0110,1101,1,01,1001,1,1,1001,1011,01,1
13;lick;-;MEDIUM UP;Art Pepper;-;-;-;-;-;-;5;3;2,4,4;11,0001,0011
14;line;-;UP;Sonny Rollins;-;-;-;-;-;-;23;12;2,2,2,2,2,2,2,2,2,2,2,2;11,11,11,11,11,11,11,11,11,11,11,01
15;line;-;MEDIUM UP;Joe Henderson;-;-;-;-;-;-;11;4;4,4,4,2;1100,0111,1111,11
16;lick;-;UP;David Liebman;-;-;-;-;-;-;19;12;4,4,1,2,4,4,2,2,1,3,1,1;1011,1100,1,01,1001,1001,01,11,1,011,1,1
17;line;-;MEDIUM;Bob Berg;-;-;-;-;-;-;13;4;7,8,4,1;0101011,00101011,1111,1
18;line;-;MEDIUM;Dexter Gordon;-;-;-;-;-;-;13;4;5,4,4,3;01111,0111,0111,111
19;lick;-;MEDIUM UP;John Coltrane;-;-;-;-;-;-;2;2;2,1;01,1
20;lick;-;UP;Art Pepper;-;-;-;-;-;-;5;3;3,3,2;011,011,01
21;lick;-;UP;Bob Berg;-;-;-;-;-;-;4;2;4,1;1011,1
22;lick;-;MEDIUM UP;Cannonball Adderley;-;-;-;-;-;-;5;3;4,4,2;0001,1001,11
23;line;-;MEDIUM;Phil Woods;-;-;-;-;-;-;22;6;4,4,4,4,6,4;0111,0111,1111,1111,011101,1111
24;lick;-;UP;J.J. Johnson;-;-;-;-;-;-;7;4;2,2,1,3;11,11,1,011
25;lick;-;UP;Gerry Mulligan;-;-;-;-;-;-;39;30;1,1,2,2,4,1,1,1,2,2,2,1,2,2,2,2,1,1,1,1,1,4,1,1,2,2,1,2,2,1;1,1,01,11,1001,1,1,1,11,11,11,1,01,01,01,11,1,1,1,1,1,1001,1,1,11,01,1,01,11,1
26;lick;-;MEDIUM;Lee Morgan;-;-;-;-;-;-;70;30;2,3,4,6,2,1,2,1,6,2,2,2,1,2,1,2,2,3,4,2,3,3,4,4,4,3,2,2,3,4;01,110,1111,011110,11,1,11,1,110111,11,11,11,1,11,1,11,11,011,1111,11,011,110,1111,1100,1111,110,11,11,111,0111
27;line;-;UP;Miles Davis;-;-;-;-;-;-;11;7;1,2,2,2,2,2,2;1,11,01,01,11,11,11
28;lick;-;UP;Branford Marsalis;-;-;-;-;-;-;37;23;6,6,3,2,2,2,2,2,2,1,2,4,2,2,2,2,2,2,2,1,1,4,1;100011,100011,011,11,11,01,01,11,11,1,11,1001,01,01,01,01,11,11,11,1,1,0001,1
29;line;-;UP;Fats Navarro;-;-;-;-;-;-;19;9;2,2,2,1,2,2,3,2,3;11,11,11,1,11,11,111,11,111
30;lick;-;UP;John Coltrane;-;-;-;-;-;-;5;4;1,2,3,2;1,01,011,01
31;lick;-;UP;Nat Adderley;-;-;-;-;-;-;10;8;2,1,2,4,1,1,1,1;11,1,01,0011,1,1,1,1
32;line;-;UP;Wayne Shorter;-;-;-;-;-;-;12;7;2,2,2,2,1,2,2;11,01,11,11,1,11,11
33;line;-;MEDIUM;Cannonball Adderley;-;-;-;-;-;-;28;10;2,2,2,2,3,3,1,6,6,6;11,11,11,11,111,111,1,011011,110111,011011
34;lick;-;MEDIUM UP;Paul Desmond;-;-;-;-;-;-;11;9;1,1,1,2,2,2,2,2,1;1,1,1,01,01,11,11,01,1
35;line;-;MEDIUM UP;David Liebman;-;-;-;-;-;-;29;14;1,2,6,3,3,4,6,1,1,2,1,1,1,1;1,01,111110,111,111,1110,111011,1,1,11,1,1,1,1
36;lick;-;UP;Charlie Parker;-;-;-;-;-;-;8;5;4,2,2,2,2;1001,01,11,11,01
37;lick;-;MEDIUM UP;Clifford Brown;-;-;-;-;-;-;25;13;2,2,4,3,1,4,2,1,2,3,2,2,3;01,01,0001,111,1,1101,11,1,11,111,11,11,111
38;line;-;MEDIUM UP;Lee Konitz;-;-;-;-;-;-;17;7;5,4,1,1,2,2,4;11111,1001,1,1,11,11,1111
39;lick;-;UP;Joe Lovano;-;-;-;-;-;-;1;1;1;1
40;line;-;MEDIUM;Cannonball Adderley;-;-;-;-;-;-;22;10;2,1,2,2,2,4,6,1,6,4;11,1,01,01,11,0111,010111,1,010111,0111
41;line;-;UP;Wynton Marsalis;-;-;-;-;-;-;25;14;1,2,2,4,2,2,2,3,2,2,4,2,2,2;1,11,11,0001,11,01,11,111,11,11,0001,11,11,11
42;lick;-;UP;Don Ellis;-;-;-;-;-;-;4;3;4,2,2;0011,01,01
43;lick;-;MEDIUM;Miles Davis;-;-;-;-;-;-;9;5;2,1,1,4,2;11,1,1,0111,11
44;line;-;UP;Joe Lovano;-;-;-;-;-;-;8;5;4,4,2,2,2;0001,1100,11,01,11
45;line;-;UP;Woody Shaw;-;-;-;-;-;-;30;16;2,2,2,2,4,1,2,2,2,4,2,2,2,2,2,2;11,11,11,11,0011,1,11,11,11,0001,11,11,11,11,11,11
46;line;-;MEDIUM UP;Woody Shaw;-;-;-;-;-;-;17;9;3,3,1,2,4,4,1,2,2;111,111,1,01,1111,1001,1,01,01
47;lick;-;UP;Sonny Rollins;-;-;-;-;-;-;65;38;2,2,2,2,2,2,1,4,2,2,2,2,1,2,2,4,2,2,2,2,2,2,4,4,2,2,2,2,4,2,4,1,1,4,2,2,2,1;01,01,11,11,01,11,1,1001,11,11,01,11,1,11,11,1001,11,11,01,11,11,11,1101,1001,11,01,01,11,1011,11,1100,1,1,1110,11,01,01,1
48;line;-;UP;Bob Berg;-;-;-;-;-;-;28;14;2,2,2,2,2,3,4,4,2,2,3,2,4,4;11,01,01,11,11,110,1001,1011,01,11,011,11,1011,1011
49;line;-;UP;Michael Brecker;-;-;-;-;-;-;20;9;2,2,2,3,4,2,2,2,2;11,11,11,111,1111,01,11,11,11
50;lick;-;MEDIUM UP;Chet Baker;-;-;-;-;-;-;13;9;2,2,2,1,2,1,2,2,2;11,11,01,1,11,1,11,01,01
51;lick;-;MEDIUM UP;Lee Morgan;-;-;-;-;-;-;21;12;2,1,2,2,2,6,2,4,2,4,1,4;11,1,01,11,01,111100,01,0011,11,0001,1,1110
52;lick;-;MEDIUM SLOW;Steve Lacy;-;-;-;-;-;-;9;6;2,1,3,6,3,1;01,1,011,000001,111,1
53;lick;-;MEDIUM UP;Hank Mobley;-;-;-;-;-;-;13;7;1,1,1,4,4,4,2;1,1,1,1101,1001,0111,11
54;line;-;UP;Charlie Parker;-;-;-;-;-;-;16;9;2,2,4,4,2,2,3,2,2;01,01,0001,0011,11,11,111,11,11
55;line;-;UP;Joe Henderson;-;-;-;-;-;-;10;6;4,2,2,2,2,2;1101,11,01,01,01,11
56;line;-;UP;Dexter Gordon;-;-;-;-;-;-;15;9;2,1,2,2,2,2,2,2,2;01,1,11,01,11,11,11,11,11
57;lick;-;MEDIUM;Bob Berg;-;-;-;-;-;-;2;1;3;011
58;line;-;UP;Charlie Parker;-;-;-;-;-;-;48;23;2,4,4,4,4,3,2,2,4,2,1,2,2,2,2,2,2,2,2,2,2,2,4;11,1011,1101,0111,1001,111,11,11,1001,11,1,11,11,11,11,11,11,11,11,11,01,11,1001
59;line;-;UP;Bob Berg;-;-;-;-;-;-;45;23;2,2,2,4,4,3,1,2,2,2,2,2,2,1,4,2,2,2,2,2,2,2,2;11,11,11,1011,1001,111,1,11,11,11,11,11,01,1,1101,11,11,11,11,11,11,11,01
60;line;-;UP;John Coltrane;-;-;-;-;-;-;12;5;2,4,2,2,2;11,1111,11,11,11
61;lick;-;UP;John Coltrane;-;-;-;-;-;-;6;3;3,2,3;011,11,011
62;line;-;UP;Red Garland;-;-;-;-;-;-;45;23;2,2,2,2,2,2,2,2,2,2,2,2,1,2,2,2,2,2,3,1,2,2,2;11,11,11,11,11,11,11,11,11,11,11,11,1,11,11,11,11,11,111,1,11,11,11
63;lick;-;MEDIUM;Pat Metheny;-;-;-;-;-;-;10;4;2,4,4,2;11,0111,0111,11
64;lick;-;UP;John Coltrane;-;-;-;-;-;-;5;3;2,2,2;11,01,11
65;lick;-;MEDIUM;John Coltrane;-;-;-;-;-;-;25;6;4,4,8,4,6,4;1110,1111,11111110,0111,101111,1011
66;line;-;UP;John Coltrane;-;-;-;-;-;-;6;4;4,2,2,2;0011,11,01,01
67;line;-;UP;Wynton Marsalis;-;-;-;-;-;-;45;26;2,2,1,1,4,4,2,4,2,2,4,2,1,2,3,4,2,1,1,2,2,2,2,2,2,4;01,11,1,1,1101,1101,11,1001,11,11,0001,11,1,11,011,0001,01,1,1,11,11,11,01,11,11,1101
68;lick;-;MEDIUM UP;Art Pepper;-;-;-;-;-;-;12;10;1,2,1,1,2,1,6,1,4,2;1,01,1,1,01,1,000001,1,1001,11
69;lick;-;UP;Dizzy Gillespie;-;-;-;-;-;-;23;12;2,2,1,1,1,1,2,4,4,6,6,4;01,11,1,1,1,1,01,0001,1111,011110,111110,0001
70;line;-;UP;Joe Henderson;-;-;-;-;-;-;11;6;4,1,2,1,2,4;0001,1,11,1,11,1111
71;line;-;MEDIUM;Sonny Rollins;-;-;-;-;-;-;14;5;4,5,4,6,4;0111,10111,0001,010001,1111
72;lick;-;MEDIUM UP;Sonny Stitt;-;-;-;-;-;-;23;8;4,6,4,4,4,6,4,3;0111,011011,0111,0110,1111,000001,1111,110
73;line;-;MEDIUM SLOW;Steve Coleman;-;-;-;-;-;-;49;17;4,4,4,4,1,4,4,4,4,4,2,4,6,2,4,4,4;1110,1011,0001,0111,1,0111,1111,1111,1011,0011,11,1011,100101,11,1111,1111,1111
74;lick;-;MEDIUM;Eric Dolphy;-;-;-;-;-;-;26;11;6,7,6,4,6,2,6,2,3,4,2;011111,0000111,000011,0001,000011,01,000111,01,110,1111,11
75;lick;-;UP;John Coltrane;-;-;-;-;-;-;10;6;2,4,2,2,2,2;11,0001,11,01,11,11
76;lick;-;UP;John Coltrane;-;-;-;-;-;-;2;1;2;11
77;lick;-;UP;Miles Davis;-;-;-;-;-;-;5;4;4,2,4,2;0001,01,1001,01
78;lick;-;MEDIUM UP;Woody Shaw;-;-;-;-;-;-;31;15;4,4,3,4,3,3,6,2,6,2,2,1,4,1,1;0001,1001,111,1111,111,110,100011,11,100001,01,01,1,1111,1,1
79;lick;-;UP;Michael Brecker;-;-;-;-;-;-;19;7;4,3,2,2,4,6,5;1011,011,11,11,0111,000111,11101
80;lick;-;MEDIUM;Freddie Hubbard;-;-;-;-;-;-;10;4;4,3,4,1;0111,110,1111,1
81;lick;-;MEDIUM SLOW;Michael Brecker;-;-;-;-;-;-;13;5;4,4,5,1,4;0111,1111,00111,1,0011
82;lick;-;MEDIUM;Dexter Gordon;-;-;-;-;-;-;12;4;2,2,6,10;11,11,001001,0010011111
83;lick;-;MEDIUM UP;Wayne Shorter;-;-;-;-;-;-;8;5;1,2,4,2,2;1,11,0011,11,01
84;lick;-;UP;Herbie Hancock;-;-;-;-;-;-;15;9;2,3,2,1,2,2,2,2,2;11,111,11,1,01,11,01,01,11
85;line;-;UP;Sonny Rollins;-;-;-;-;-;-;28;14;2,2,2,3,2,2,4,2,3,2,3,2,2,2;11,11,01,111,11,01,0110,11,110,11,111,11,11,11
86;line;-;MEDIUM;Don Ellis;-;-;-;-;-;-;12;9;6,2,1,1,2,1,1,1,1;010001,11,1,1,11,1,1,1,1
87;lick;-;MEDIUM UP;John Coltrane;-;-;-;-;-;-;29;11;5,6,2,6,4,4,2,2,4,3,2;00111,010111,11,111111,0011,1011,01,01,1011,111,01
88;line;-;UP;John Coltrane;-;-;-;-;-;-;14;8;2,4,2,2,1,2,2,2;11,0011,01,11,1,11,11,11
89;line;-;MEDIUM;Pepper Adams;-;-;-;-;-;-;16;5;4,6,4,4,6;1111,110111,0001,0011,101011
90;lick;-;UP;Cannonball Adderley;-;-;-;-;-;-;5;4;1,2,2,2;1,01,01,11
91;line;-;MEDIUM;Michael Brecker;-;-;-;-;-;-;44;22;2,1,2,8,2,1,2,2,1,4,4,1,4,5,4,4,2,2,2,2,1,6;11,1,11,00100001,11,1,11,11,1,1111,1100,1,0011,00111,0111,0111,11,11,11,11,1,001001
92;lick;-;MEDIUM UP;Dizzy Gillespie;-;-;-;-;-;-;6;3;4,2,4;1101,11,0001
93;lick;-;UP;Kenny Dorham;-;-;-;-;-;-;5;5;1,1,4,2,2;1,1,0001,01,01
94;line;-;UP;Joe Lovano;-;-;-;-;-;-;15;6;6,3,3,1,2,2;111110,111,111,1,01,11
95;line;-;UP;Steve Coleman;-;-;-;-;-;-;5;3;2,2,2;11,11,01
96;line;-;MEDIUM UP;Clifford Brown;-;-;-;-;-;-;26;11;4,3,2,2,2,2,2,3,1,4,3;1111,111,11,11,11,01,11,111,1,0111,111
97;lick;-;MEDIUM UP;John Coltrane;-;-;-;-;-;-;10;8;2,1,2,1,2,1,4,1;01,1,11,1,11,1,0001,1
98;lick;-;MEDIUM;J.J. Johnson;-;-;-;-;-;-;7;5;1,1,2,2,2;1,1,01,11,11
99;lick;-;UP;John Coltrane;-;-;-;-;-;-;19;10;2,4,2,2,2,3,4,4,2,1;01,1011,01,11,11,111,0110,0011,11,1
100;line;-;UP;Kenny Dorham;-;-;-;-;-;-;18;8;3,2,2,4,2,2,2,4;111,11,01,1101,11,11,11,1011
101;line;-;MEDIUM;Bob Berg;-;-;-;-;-;-;12;4;2,4,4,4;01,1111,0111,1111
102;line;-;MEDIUM UP;Charlie Parker;-;-;-;-;-;-;31;12;1,4,3,2,4,2,2,4,5,2,6,6;1,1001,111,01,1111,11,11,1001,01111,01,101011,111110
103;lick;-;MEDIUM;Gerry Mulligan;-;-;-;-;-;-;8;6;1,1,1,1,2,2;1,1,1,1,11,11
104;line;-;MEDIUM;Milt Jackson;-;-;-;-;-;-;33;12;7,4,2,2,6,4,4,2,2,2,6,4;0001011,1111,11,01,011101,1111,1111,11,11,11,101011,0001
105;lick;-;MEDIUM UP;John Coltrane;-;-;-;-;-;-;8;5;3,2,4,6,1;011,11,0001,000011,1
106;lick;-;UP;J.J. Johnson;-;-;-;-;-;-;22;17;2,2,2,2,2,1,2,2,2,2,1,1,2,1,2,4,2;11,11,01,11,01,1,01,01,01,01,1,1,01,1,01,0011,11
107;lick;-;UP;Sonny Rollins;-;-;-;-;-;-;15;11;2,1,1,4,2,1,2,4,1,1,2;01,1,1,1011,01,1,01,1011,1,1,01
108;line;-;MEDIUM UP;David Liebman;-;-;-;-;-;-;25;7;4,3,3,4,5,3,6;1111,111,011,1111,01111,111,101111
109;lick;-;UP;Miles Davis;-;-;-;-;-;-;22;14;2,2,2,3,2,2,2,1,1,1,3,2,4,1;01,01,11,111,01,11,11,1,1,1,011,11,0011,1
110;lick;-;UP;Chet Baker;-;-;-;-;-;-;2;2;1,1;1,1
111;lick;-;UP;John Coltrane;-;-;-;-;-;-;15;10;1,4,2,1,1,4,2,1,4,4;1,0001,01,1,1,1001,11,1,1101,1001
112;lick;-;MEDIUM UP;David Liebman;-;-;-;-;-;-;5;2;4,2;0111,11
113;lick;-;MEDIUM;Gerry Mulligan;-;-;-;-;-;-;10;7;1,1,1,2,2,2,6;1,1,1,11,11,01,010001
114;line;-;UP;Michael Brecker;-;-;-;-;-;-;80;39;3,2,2,2,2,1,2,1,2,2,2,2,2,3,2,2,2,4,2,2,3,2,2,4,3,3,3,3,3,2,2,2,2,2,1,4,3,3,1;111,11,11,11,11,1,11,1,11,11,11,11,11,011,01,11,11,0001,11,11,111,11,11,0001,011,111,111,111,111,11,11,11,01,11,1,1111,111,111,1
115;lick;-;UP;Branford Marsalis;-;-;-;-;-;-;42;27;1,1,2,2,2,4,2,2,2,4,2,2,2,4,1,2,2,2,2,2,2,2,1,4,2,2,2;1,1,11,11,01,1001,01,11,11,0001,11,11,01,1001,1,11,01,11,11,01,11,01,1,0111,01,01,11
116;lick;-;UP;John Coltrane;-;-;-;-;-;-;4;3;1,2,3;1,01,011
117;lick;-;UP;John Coltrane;-;-;-;-;-;-;5;2;6,2;011110,01
118;lick;-;UP;David Liebman;-;-;-;-;-;-;9;7;2,2,2,1,1,2,1;11,11,01,1,1,01,1
119;line;-;UP;Michael Brecker;-;-;-;-;-;-;33;17;2,2,2,1,4,4,2,2,2,2,2,2,4,4,2,4,1;11,11,01,1,1111,1101,11,11,11,11,11,01,0011,1011,11,0001,1
120;lick;-;UP;David Liebman;-;-;-;-;-;-;9;5;2,2,2,2,2;01,11,11,11,11
121;line;-;UP;Phil Woods;-;-;-;-;-;-;20;9;3,3,1,5,2,4,2,4,2;011,111,1,01011,11,0011,11,1011,11
122;lick;-;MEDIUM UP;Clifford Brown;-;-;-;-;-;-;8;5;2,6,8,1,1;11,000101,01000011,0,1
123;lick;-;MEDIUM;Clifford Brown;-;-;-;-;-;-;12;5;4,2,2,2,2;1111,11,11,11,11
124;line;-;MEDIUM UP;Milt Jackson;-;-;-;-;-;-;10;5;4,2,2,2,2;1001,11,11,11,11
125;lick;-;UP;Paul Desmond;-;-;-;-;-;-;28;19;2,2,2,2,4,4,2,2,6,2,2,4,1,2,1,2,1,1,2;11,11,01,11,1101,1001,01,11,001001,01,11,0001,1,01,1,01,1,1,01
126;line;-;UP;Phil Woods;-;-;-;-;-;-;62;37;4,2,2,1,1,2,3,2,2,2,2,2,2,2,2,2,2,2,1,2,1,3,2,1,2,1,1,4,2,2,1,2,2,2,2,2,2;0001,11,11,1,1,01,111,11,11,11,11,11,11,11,11,11,11,11,1,01,1,011,11,1,11,1,1,0001,11,11,1,01,11,11,11,11,11
127;lick;-;UP;Miles Davis;-;-;-;-;-;-;15;13;2,1,1,1,1,1,1,2,2,4,2,2,2;11,1,1,1,1,1,1,11,01,0001,01,01,01
128;lick;-;MEDIUM;Freddie Hubbard;-;-;-;-;-;-;23;9;4,4,2,6,2,4,6,4,3;0001,0111,11,011011,01,0111,011011,0011,111
129;lick;-;UP;Clifford Brown;-;-;-;-;-;-;6;5;1,2,2,4,2;1,01,01,0001,11
130;lick;-;MEDIUM;Miles Davis;-;-;-;-;-;-;11;5;4,4,2,4,2;1001,1111,11,0001,11
131;lick;-;MEDIUM;Miles Davis;-;-;-;-;-;-;4;2;2,2;11,11
132;line;-;MEDIUM;Lee Morgan;-;-;-;-;-;-;65;22;4,6,6,4,4,4,4,4,4,2,2,2,4,4,2,5,4,2,3,2,3,6;1101,010111,101111,1111,0011,0110,1110,1001,1111,01,11,11,1111,0111,11,11111,0111,11,011,11,111,101111
133;lick;-;UP;Herbie Hancock;-;-;-;-;-;-;24;18;2,2,2,1,2,3,2,1,2,1,1,3,2,1,2,1,2,1;01,11,11,1,01,011,01,1,11,1,1,011,11,1,01,1,01,1
134;lick;-;UP;John Coltrane;-;-;-;-;-;-;4;2;2,3;11,011
135;lick;-;MEDIUM UP;David Liebman;-;-;-;-;-;-;119;44;1,1,4,2,1,4,4,2,6,6,1,1,4,8,1,4,2,4,5,4,7,4,5,3,4,6,6,1,4,2,2,6,6,6,6,1,1,4,6,4,2,1,4,2;1,1,0011,01,1,1111,1111,11,101011,111011,1,1,1110,11010001,1,1111,11,1011,11111,1111,0001111,1111,01111,011,1111,101011,111101,1,1111,11,11,000101,010011,011111,011111,1,1,1111,000101,0011,01,1,0011,01
136;lick;-;MEDIUM;Stan Getz;-;-;-;-;-;-;12;9;1,1,1,1,2,2,1,4,4;1,1,1,1,11,11,1,0001,1001
137;lick;-;UP;Lee Konitz;-;-;-;-;-;-;35;22;2,2,2,1,2,4,2,2,1,1,4,2,2,2,2,4,1,2,4,4,2,2;11,11,01,1,11,0001,01,01,1,1,0001,11,01,11,11,1001,1,11,1001,1101,11,11
138;line;-;MEDIUM UP;Dizzy Gillespie;-;-;-;-;-;-;95;29;2,2,6,4,4,6,5,4,6,6,1,2,4,2,2,6,5,4,4,4,6,5,4,2,2,1,2,2,6;11,11,101111,1111,1111,011001,01111,1111,011111,101111,1,11,1111,11,01,010111,01111,1111,0111,1101,111111,01111,1111,11,11,1,11,11,111111
139;lick;-;UP;Dexter Gordon;-;-;-;-;-;-;18;9;2,4,2,2,2,2,1,4,1;11,1011,11,11,11,01,1,1111,1
140;lick;-;MEDIUM SLOW;Hank Mobley;-;-;-;-;-;-;16;6;4,7,4,2,6,3;1111,1010011,1101,11,000001,110
141;line;-;UP;John Coltrane;-;-;-;-;-;-;41;22;4,4,2,2,2,2,1,2,2,2,2,1,2,2,2,2,2,2,2,2,4,6;0011,1101,11,11,01,11,1,11,11,11,11,1,11,11,01,11,11,11,01,11,0001,010111
142;line;-;UP;Chris Potter;-;-;-;-;-;-;38;20;2,4,1,1,2,2,2,2,4,2,3,4,2,2,2,2,2,2,2,2;11,1101,1,1,11,01,11,11,1011,11,011,1101,01,11,01,11,11,11,11,11
143;line;-;MEDIUM SLOW;Joe Lovano;-;-;-;-;-;-;11;2;6,6;111110,111111
144;line;-;UP;Michael Brecker;-;-;-;-;-;-;55;24;4,1,4,2,2,4,4,4,2,2,2,2,2,2,2,2,2,2,2,2,2,4,3,2;1101,1,1111,11,11,1111,1111,1101,01,11,11,11,11,11,11,11,01,11,11,11,11,1111,011,11
145;lick;-;UP;Cannonball Adderley;-;-;-;-;-;-;10;7;1,1,1,4,2,2,2;1,1,1,1001,11,11,01
146;lick;-;UP;Michael Brecker;-;-;-;-;-;-;20;13;2,3,3,2,2,2,2,2,2,4,1,1,1;01,111,111,11,11,11,01,01,01,0001,1,1,1
147;line;-;MEDIUM SLOW;Steve Lacy;-;-;-;-;-;-;13;6;4,4,4,2,3,1;0111,1100,0111,11,011,1
148;lick;-;UP;Dexter Gordon;-;-;-;-;-;-;23;13;1,1,1,2,4,2,2,3,1,6,1,2,2;1,1,1,01,1011,11,11,111,1,010111,1,11,01
149;lick;-;MEDIUM UP;Bob Berg;-;-;-;-;-;-;21;7;2,4,3,3,4,4,5;11,1100,111,110,1110,1111,11111
150;lick;-;MEDIUM;Dexter Gordon;-;-;-;-;-;-;15;6;2,2,2,4,4,2;11,11,11,1111,1101,11
151;lick;-;MEDIUM UP;Don Ellis;-;-;-;-;-;-;16;9;1,6,4,4,6,4,2,2,2;1,000001,0001,1001,100101,1101,11,01,11
152;line;-;UP;Joe Lovano;-;-;-;-;-;-;22;15;2,1,1,2,2,1,4,2,3,2,2,2,1,1,4;01,1,1,01,01,1,1101,11,111,11,11,01,1,1,0001
153;lick;-;UP;Joe Lovano;-;-;-;-;-;-;10;7;2,2,2,1,1,3,1;11,11,01,1,1,011,1
154;lick;-;UP;Steve Lacy;-;-;-;-;-;-;6;6;1,1,1,1,2,1;1,1,1,1,01,1
155;line;-;UP;Herbie Hancock;-;-;-;-;-;-;33;18;2,2,2,2,2,2,2,2,2,2,2,1,2,2,2,2,2,2;11,11,11,11,11,11,01,11,11,11,01,1,11,11,11,11,11,11
156;line;-;MEDIUM;Milt Jackson;-;-;-;-;-;-;25;10;4,8,3,3,2,2,2,2,2,2;1111,01000011,111,111,11,11,11,11,11,11
157;lick;-;MEDIUM UP;Art Pepper;-;-;-;-;-;-;2;2;2,2;01,01
158;lick;-;UP;Miles Davis;-;-;-;-;-;-;4;3;2,4,2;11,0001,01
159;line;-;MEDIUM SLOW;Steve Coleman;-;-;-;-;-;-;56;16;4,4,4,4,4,4,4,4,4,4,4,4,6,2,6,4;1111,0111,1111,1111,1011,1111,0001,0111,1110,1111,1111,0111,101111,11,111111,1101
160;lick;-;UP;J.J. Johnson;-;-;-;-;-;-;15;13;2,2,1,2,1,2,1,1,1,1,2,1,1;01,01,1,11,1,01,1,1,1,1,11,1,1
161;lick;-;MEDIUM UP;John Coltrane;-;-;-;-;-;-;19;6;3,3,5,8,4,2;011,110,01111,10101111,1111,01
162;lick;-;UP;J.J. Johnson;-;-;-;-;-;-;11;6;2,2,2,1,2,2;11,11,11,1,11,11
163;lick;-;MEDIUM UP;Clifford Brown;-;-;-;-;-;-;14;8;2,1,4,4,2,2,6,2;11,1,0011,0110,11,11,010001,01
164;line;-;UP;John Coltrane;-;-;-;-;-;-;10;6;2,2,2,2,2,2;11,11,11,01,01,11
165;line;-;UP;Pepper Adams;-;-;-;-;-;-;18;12;2,2,2,1,1,1,2,2,2,4,1,1;11,01,11,1,1,1,11,11,01,1101,1,1
166;lick;-;MEDIUM;Sonny Rollins;-;-;-;-;-;-;10;3;2,6,4;11,101101,1111
167;lick;-;UP;Michael Brecker;-;-;-;-;-;-;13;8;3,4,2,1,4,1,4,6;011,1001,11,1,1001,1,0011,000001
168;lick;-;MEDIUM;Miles Davis;-;-;-;-;-;-;10;5;6,6,4,2,2;001001,000101,0111,01,11
169;lick;-;MEDIUM UP;David Liebman;-;-;-;-;-;-;9;6;6,3,4,1,1,1;000011,011,1001,1,1,1
170;lick;-;MEDIUM;Paul Desmond;-;-;-;-;-;-;13;7;4,2,4,4,2,1,1;0110,11,1111,0001,11,1,1
171;lick;-;MEDIUM;Freddie Hubbard;-;-;-;-;-;-;17;8;3,3,3,2,1,1,2,3;111,111,110,11,1,1,11,111
172;line;-;UP;Miles Davis;-;-;-;-;-;-;24;13;2,2,2,2,2,2,3,2,1,2,2,3,3;11,11,01,11,11,11,011,11,1,11,11,011,011
173;lick;-;UP;Cannonball Adderley;-;-;-;-;-;-;5;3;3,2,2;111,01,01
174;line;-;MEDIUM UP;John Coltrane;-;-;-;-;-;-;19;11;1,3,4,2,2,2,1,2,1,4,4;1,111,1101,11,11,11,1,01,1,0001,1100
175;line;-;UP;Herbie Hancock;-;-;-;-;-;-;17;10;2,2,2,2,1,2,4,2,2,4;11,11,01,01,1,11,0001,11,11,1011
176;lick;-;UP;Hank Mobley;-;-;-;-;-;-;21;14;2,4,6,2,4,1,2,4,2,4,1,2,1,4;01,1101,000001,11,0001,1,01,0001,11,0001,1,11,1,1011
177;lick;-;MEDIUM UP;Chet Baker;-;-;-;-;-;-;26;13;1,1,2,2,6,2,6,6,6,2,2,6,2;1,1,11,11,100101,11,100001,101001,010001,11,11,010001,11
178;line;-;MEDIUM UP;Lee Konitz;-;-;-;-;-;-;21;7;4,4,2,3,3,3,3;0111,1111,11,111,111,111,111
179;line;-;MEDIUM;Freddie Hubbard;-;-;-;-;-;-;25;8;5,4,4,4,2,2,6,6;01111,1111,0001,1111,11,11,100011,011111
180;line;-;UP;Joe Lovano;-;-;-;-;-;-;13;6;6,2,2,2,2,2;101011,11,01,11,11,11
181;line;-;MEDIUM UP;John Coltrane;-;-;-;-;-;-;21;9;4,4,4,3,2,4,4,6,2;1100,1111,0111,111,01,0001,0011,111000,11
182;lick;-;MEDIUM;Branford Marsalis;-;-;-;-;-;-;9;6;4,8,4,2,4,1;0111,10000001,0001,01,0001,1
183;lick;-;UP;Michael Brecker;-;-;-;-;-;-;6;3;4,2,4;1001,01,1011
184;lick;-;MEDIUM;Don Ellis;-;-;-;-;-;-;4;3;2,2,2;01,01,11
185;line;-;MEDIUM;George Coleman;-;-;-;-;-;-;14;4;4,4,4,4;1110,1110,1111,1111
186;lick;-;UP;Charlie Parker;-;-;-;-;-;-;6;4;2,2,2,4;11,01,11,0001
187;line;-;UP;Sonny Rollins;-;-;-;-;-;-;29;16;1,2,4,2,3,2,2,2,1,1,1,2,2,2,3,2;1,01,1011,11,111,11,01,11,1,1,1,11,11,11,111,11
188;line;-;MEDIUM SLOW;Dexter Gordon;-;-;-;-;-;-;14;6;6,10,1,8,1,6;011011,0100101001,0,00000011,0,010111
189;lick;-;MEDIUM;Dexter Gordon;-;-;-;-;-;-;3;2;2,7;01,0010001
190;line;-;UP;David Liebman;-;-;-;-;-;-;34;17;1,1,2,2,2,1,3,3,4,2,2,3,3,2,2,4,3;1,1,01,11,11,1,111,111,0011,11,11,111,111,11,01,1101,011
191;lick;-;UP;John Coltrane;-;-;-;-;-;-;28;16;2,4,2,4,2,2,3,1,4,3,2,1,2,2,1,2;01,0001,11,1111,01,11,111,1,1101,011,11,1,11,01,1,01
192;line;-;MEDIUM;Sonny Rollins;-;-;-;-;-;-;26;7;4,4,4,4,4,6,4;1111,1111,1111,1111,1011,000111,1111
193;line;-;MEDIUM UP;Dizzy Gillespie;-;-;-;-;-;-;101;29;6,4,4,2,2,2,4,1,6,5,4,3,1,6,6,5,4,4,4,4,6,1,6,5,4,6,1,6,5;101111,1111,1111,11,11,11,0111,1,111111,01111,1111,111,1,110111,011111,01111,1111,1111,1101,1111,101111,1,011001,01111,1111,111111,1,011001,01111
194;lick;-;UP;John Coltrane;-;-;-;-;-;-;6;3;2,4,2;11,1001,11
195;lick;-;UP;Steve Turre;-;-;-;-;-;-;6;3;4,4,2;0110,1001,11
196;lick;-;MEDIUM;Hank Mobley;-;-;-;-;-;-;3;2;4,2;0110,01
197;line;-;UP;Pepper Adams;-;-;-;-;-;-;12;6;4,3,3,2,2,2;1011,011,011,01,11,11
198;line;-;MEDIUM;Freddie Hubbard;-;-;-;-;-;-;37;18;2,8,2,3,1,1,1,1,1,1,8,6,3,3,4,3,4,5;01,00100011,01,111,1,1,1,1,1,1,00000101,011110,111,011,0111,111,1100,01111
199;lick;-;UP;Dexter Gordon;-;-;-;-;-;-;14;9;4,6,1,2,2,2,2,6,2;1001,000101,1,01,01,11,11,010001,01
200;lick;-;UP;Lee Morgan;-;-;-;-;-;-;4;4;1,1,1,1;1,1,1,1
201;line;-;MEDIUM UP;Bob Berg;-;-;-;-;-;-;56;17;6,6,4,4,4,4,6,4,6,4,4,5,2,2,2,2,4;100101,101011,1111,1111,1111,1100,001101,1111,111011,1111,1110,01111,11,11,11,11,1111
202;line;-;MEDIUM;Lee Konitz;-;-;-;-;-;-;30;18;6,2,1,1,2,6,4,1,1,1,1,2,2,2,2,2,2,1;010011,11,1,1,11,011011,0001,1,1,1,1,11,11,11,01,11,11,1
203;line;-;UP;Art Pepper;-;-;-;-;-;-;12;6;2,2,2,2,4,2;11,11,11,11,0011,11
204;lick;-;MEDIUM;Hank Mobley;-;-;-;-;-;-;6;2;3,8;011,00001111
205;line;-;UP;John Coltrane;-;-;-;-;-;-;4;3;2,2,2;01,01,11
206;line;-;UP;Herbie Hancock;-;-;-;-;-;-;16;10;2,2,2,2,3,1,2,2,2,2;11,01,11,11,110,1,11,01,11,01
207;line;-;MEDIUM;Cannonball Adderley;-;-;-;-;-;-;23;10;8,6,2,2,2,1,3,2,2,2;10101011,010011,01,11,11,1,111,11,11,11
208;lick;-;MEDIUM;Phil Woods;-;-;-;-;-;-;16;10;2,4,4,2,1,4,1,1,6,2;11,1001,0001,11,1,1101,1,1,000001,11
209;line;-;UP;Kenny Dorham;-;-;-;-;-;-;26;11;4,2,2,2,4,4,2,2,2,4,2;1011,11,11,11,1111,1110,11,11,11,1100,11
210;line;-;UP;Phil Woods;-;-;-;-;-;-;55;29;2,2,2,2,2,2,2,2,2,2,2,1,4,4,2,2,2,1,2,2,2,2,2,4,2,1,2,2,3;11,11,11,11,11,11,11,11,11,11,11,1,1001,0110,01,11,11,1,11,11,11,11,11,1011,11,1,11,11,011
211;lick;-;UP;Branford Marsalis;-;-;-;-;-;-;10;5;4,4,2,4,2;1011,0111,01,0001,11
212;lick;-;MEDIUM SLOW;Steve Coleman;-;-;-;-;-;-;2;2;2,1;01,1
213;lick;-;UP;Steve Coleman;-;-;-;-;-;-;14;10;2,4,2,2,1,2,1,4,2,2;01,1101,01,01,1,01,1,0001,11,11
214;lick;-;UP;John Coltrane;-;-;-;-;-;-;8;5;2,3,2,2,1;01,111,11,01,1
215;line;-;UP;Herbie Hancock;-;-;-;-;-;-;87;50;2,2,2,2,2,1,2,2,2,2,2,4,2,2,2,2,1,1,2,1,2,2,2,1,1,2,2,2,2,1,1,2,2,4,2,2,2,3,2,2,2,3,2,2,2,1,2,2,2,2;11,11,11,11,11,1,11,11,11,11,11,1011,11,11,11,11,1,1,11,1,11,01,11,1,1,11,11,11,11,1,1,11,11,1001,01,11,01,011,11,11,11,011,01,11,11,1,11,11,11,01
216;line;-;MEDIUM;Wayne Shorter;-;-;-;-;-;-;18;8;2,3,3,3,2,1,2,3;11,111,111,111,11,1,01,111
217;lick;-;MEDIUM;Miles Davis;-;-;-;-;-;-;4;3;2,5,2;01,01001,01
218;line;-;UP;Bob Berg;-;-;-;-;-;-;14;7;2,2,2,2,2,2,2;11,11,11,11,11,11,11
219;lick;-;UP;Stan Getz;-;-;-;-;-;-;15;10;2,1,2,2,1,1,1,2,2,2;11,1,11,11,1,1,1,01,11,11
220;line;-;UP;Gerry Mulligan;-;-;-;-;-;-;45;25;2,2,2,2,2,2,2,1,1,2,3,2,4,2,1,1,2,1,2,4,2,2,2,2,2;11,11,11,11,11,11,11,1,1,11,110,11,1001,11,1,1,11,1,11,0111,11,01,11,11,11
221;lick;-;MEDIUM SLOW;Dexter Gordon;-;-;-;-;-;-;9;3;4,8,4;1110,01010111,0001
222;lick;-;MEDIUM UP;Joe Henderson;-;-;-;-;-;-;5;3;2,6,1;11,000011,1
223;line;-;UP;John Coltrane;-;-;-;-;-;-;12;6;2,2,1,2,2,4;11,11,1,11,11,1110
224;lick;-;MEDIUM UP;Chet Baker;-;-;-;-;-;-;12;7;1,2,2,1,4,4,1;1,11,11,1,1101,0011,1
225;line;-;UP;Stan Getz;-;-;-;-;-;-;15;8;1,2,2,2,2,2,2,2;1,11,11,11,11,11,11,11
226;line;-;UP;Joe Lovano;-;-;-;-;-;-;9;4;2,2,4,2;11,11,1011,11
227;lick;-;UP;Branford Marsalis;-;-;-;-;-;-;16;13;2,2,2,2,2,1,1,1,4,2,2,2,2;11,11,01,11,01,1,1,1,0001,01,01,01,01
228;line;-;UP;Branford Marsalis;-;-;-;-;-;-;30;14;6,2,6,2,2,2,2,2,2,4,2,4,3,3;100101,01,000011,11,11,11,11,11,11,1011,11,1001,011,111
229;lick;-;MEDIUM UP;Miles Davis;-;-;-;-;-;-;5;4;2,1,1,2;01,1,1,11
230;lick;-;UP;John Coltrane;-;-;-;-;-;-;16;9;2,2,2,3,2,1,4,2,4;11,01,01,111,11,1,0001,11,1011
231;lick;-;UP;Branford Marsalis;-;-;-;-;-;-;35;23;2,2,2,2,4,4,4,4,4,2,1,3,2,1,2,2,2,2,4,2,2,2,1;01,11,11,01,1001,0001,1001,1001,1001,01,1,111,11,1,11,11,01,01,0001,01,11,01,1
232;lick;-;UP;J.J. Johnson;-;-;-;-;-;-;15;9;3,1,2,2,2,2,1,4,1;011,1,11,01,11,11,1,1011,1
233;line;-;UP;Joe Lovano;-;-;-;-;-;-;26;13;2,2,2,3,4,1,2,2,2,2,3,3,1;11,01,11,111,0111,1,11,11,11,11,111,110,1
234;line;-;MEDIUM UP;Freddie Hubbard;-;-;-;-;-;-;23;10;2,4,4,3,2,2,4,2,5,1;11,1001,0111,110,11,11,0111,11,01111,1
235;line;-;MEDIUM SLOW;Dexter Gordon;-;-;-;-;-;-;15;6;6,6,10,1,1,1,8;101101,011011,0100101001,0,1,0,00000011
236;line;-;MEDIUM;Clifford Brown;-;-;-;-;-;-;13;6;2,2,2,1,4,4;11,11,11,1,1111,0011
237;lick;-;MEDIUM;Freddie Hubbard;-;-;-;-;-;-;13;7;2,4,2,2,2,3,4;11,0111,11,01,01,110,0011
238;lick;-;UP;Joe Lovano;-;-;-;-;-;-;12;8;1,1,2,2,2,4,2,2;1,1,11,01,11,0001,11,11
239;lick;-;MEDIUM SLOW;Joe Lovano;-;-;-;-;-;-;5;3;4,1,4;1100,1,0011
240;line;-;MEDIUM SLOW;Dexter Gordon;-;-;-;-;-;-;20;7;6,10,1,6,1,4,1,6;011011,0100101001,0,010111,0,1111,0,011101
241;line;-;MEDIUM SLOW;Dexter Gordon;-;-;-;-;-;-;12;4;6,6,2,1,8;011101,011101,11,0,00000011
242;lick;-;UP;Pat Metheny;-;-;-;-;-;-;12;9;1,2,2,1,2,2,3,1,1;1,11,01,1,01,11,011,1,1
243;line;-;UP;Steve Coleman;-;-;-;-;-;-;17;8;2,2,1,2,2,4,4,4;01,11,1,11,11,1001,1111,1011
244;lick;-;MEDIUM;Branford Marsalis;-;-;-;-;-;-;6;5;1,2,1,2,4;1,01,1,01,1001
245;line;-;UP;John Coltrane;-;-;-;-;-;-;12;5;1,3,3,2,4;1,111,111,11,1101
246;lick;-;UP;John Coltrane;-;-;-;-;-;-;8;5;2,2,1,4,2;11,01,1,1101,01
247;lick;-;MEDIUM UP;Steve Lacy;-;-;-;-;-;-;11;4;6,2,5,2;011110,01,01111,11
248;lick;-;UP;Sonny Rollins;-;-;-;-;-;-;15;7;4,2,2,2,2,2,6;1101,11,11,11,11,11,001001
249;line;-;MEDIUM;Joshua Redman;-;-;-;-;-;-;37;10;6,4,4,4,4,4,4,4,4,4;101111,1110,1111,0111,1111,1111,1111,1111,1111,0011
250;line;-;UP;Fats Navarro;-;-;-;-;-;-;27;12;3,2,6,6,2,4,2,1,2,4,2,2;110,11,010011,000011,11,1111,11,1,11,1011,11,11
251;lick;-;MEDIUM UP;Sonny Rollins;-;-;-;-;-;-;9;6;2,2,1,1,2,1;11,11,1,1,11,1
252;lick;-;UP;David Liebman;-;-;-;-;-;-;8;6;2,2,1,4,2,2;01,01,1,1110,01,01
253;lick;-;MEDIUM;Zoot Sims;-;-;-;-;-;-;9;8;2,2,2,1,1,2,2,1;11,01,01,1,1,01,01,1
254;lick;-;UP;Chris Potter;-;-;-;-;-;-;43;22;4,4,2,2,2,2,3,2,2,2,2,2,2,2,2,2,2,1,1,2,2,2;1111,0111,11,11,11,01,011,11,11,11,11,11,11,11,11,11,11,1,1,11,01,11
255;lick;-;MEDIUM SLOW;Hank Mobley;-;-;-;-;-;-;32;14;4,2,2,4,4,2,4,6,2,1,8,6,8,2;1101,11,01,0011,0111,11,0111,000011,11,1,00000011,110011,00101001,11
256;line;-;UP;Fats Navarro;-;-;-;-;-;-;62;31;2,2,2,2,2,3,2,2,1,2,2,4,1,2,2,2,2,2,8,2,3,2,4,2,4,3,2,2,2,2,4;11,11,11,01,11,111,11,11,1,11,11,1001,1,11,11,01,11,01,11110010,11,110,11,0001,11,1101,111,01,11,11,11,1011
257;line;-;MEDIUM;Cannonball Adderley;-;-;-;-;-;-;9;4;3,3,2,3;110,011,11,111
258;lick;-;MEDIUM SLOW;Michael Brecker;-;-;-;-;-;-;8;2;4,6;1111,010111
259;lick;-;UP;Michael Brecker;-;-;-;-;-;-;2;2;1,2;1,01
260;line;-;MEDIUM;Eric Dolphy;-;-;-;-;-;-;20;5;6,4,6,6,3;111101,1111,111011,011101,011
261;line;-;MEDIUM;Pepper Adams;-;-;-;-;-;-;16;5;6,6,4,4,3;110011,101101,1111,0001,111
262;lick;-;MEDIUM;Sonny Rollins;-;-;-;-;-;-;6;4;8,3,1,2;00100001,110,1,01
263;lick;-;UP;David Liebman;-;-;-;-;-;-;8;4;2,3,3,2;01,111,111,01
264;lick;-;UP;John Coltrane;-;-;-;-;-;-;3;2;2,2;11,01
265;line;-;MEDIUM UP;Wayne Shorter;-;-;-;-;-;-;25;9;6,8,6,2,2,2,2,4,1;011111,10110111,100011,01,11,11,11,1110,1
266;line;-;UP;Dexter Gordon;-;-;-;-;-;-;7;4;2,2,6,2;01,11,010001,11
267;line;-;MEDIUM;Bob Berg;-;-;-;-;-;-;24;9;4,4,4,7,2,2,1,6,6;0111,1111,1110,0101011,11,01,1,111011,000001
268;lick;-;MEDIUM UP;John Coltrane;-;-;-;-;-;-;29;12;4,4,4,5,8,4,1,2,4,1,2,2;0001,1100,0011,01111,11101111,1001,1,11,0111,1,11,11
269;lick;-;UP;Branford Marsalis;-;-;-;-;-;-;40;27;2,2,2,2,2,2,3,1,1,2,2,2,4,1,1,1,2,2,2,2,1,4,1,3,2,2,2;01,11,01,11,01,11,011,1,1,01,11,01,1011,1,1,1,11,11,01,01,1,0011,1,011,11,01,11
270;lick;-;UP;Kenny Dorham;-;-;-;-;-;-;10;6;2,1,2,2,2,2;11,1,11,11,01,11
271;line;-;UP;Joe Lovano;-;-;-;-;-;-;45;23;4,2,4,3,2,2,2,2,1,2,2,2,2,2,2,2,2,2,4,3,2,3,4;1011,11,0011,011,11,11,01,11,1,11,11,11,11,11,11,11,01,11,0111,011,01,110,1101
272;lick;-;MEDIUM;Branford Marsalis;-;-;-;-;-;-;16;8;2,2,1,1,2,6,3,3;11,11,1,1,11,100011,111,110
273;lick;-;MEDIUM UP;Chet Baker;-;-;-;-;-;-;22;15;2,1,1,1,2,4,6,2,2,2,1,2,2,1,2;11,1,1,1,01,0001,100001,11,11,11,1,01,11,1,11
274;lick;-;UP;John Coltrane;-;-;-;-;-;-;3;2;2,1;11,1
275;line;-;UP;Steve Coleman;-;-;-;-;-;-;45;23;4,2,2,2,2,4,2,2,2,2,2,2,1,2,2,2,2,3,3,2,4,1,1;1011,11,11,11,11,0011,11,11,11,11,11,11,1,11,11,01,11,110,110,11,1111,1,1
276;line;-;UP;Michael Brecker;-;-;-;-;-;-;47;27;2,2,2,2,2,2,2,1,2,2,2,2,2,2,2,2,2,2,3,2,2,2,2,3,3,2,2;11,11,01,11,01,01,01,1,01,11,01,11,11,11,11,11,01,11,011,11,11,11,11,111,110,11,11
277;line;-;UP;Michael Brecker;-;-;-;-;-;-;56;24;5,4,4,4,2,2,2,2,4,4,2,1,2,2,2,4,5,4,4,4,2,2,2,2;01111,0011,1011,1111,11,11,11,01,1001,1101,01,1,11,11,11,0110,10111,1111,1011,1111,01,11,11,01
278;line;-;UP;John Coltrane;-;-;-;-;-;-;25;14;1,4,3,3,3,2,3,2,2,2,2,2,2,2;1,0001,111,011,011,11,111,11,11,11,01,11,01,01
279;lick;-;UP;Charlie Parker;-;-;-;-;-;-;9;4;6,4,2,2;010011,1110,01,11
280;lick;-;UP;John Coltrane;-;-;-;-;-;-;30;17;4,3,2,2,2,4,2,2,2,2,2,2,4,4,2,2,2;1110,110,11,01,01,1101,01,01,01,11,01,11,1001,1001,11,11,11
281;lick;-;UP;J.J. Johnson;-;-;-;-;-;-;11;9;2,4,1,1,2,2,2,2,1;11,0001,1,1,01,01,01,11,1
282;lick;-;MEDIUM;Dexter Gordon;-;-;-;-;-;-;2;2;1,1;1,1
283;line;-;UP;John Coltrane;-;-;-;-;-;-;12;5;2,3,4,3,2;11,011,1101,111,11
284;lick;-;MEDIUM UP;Zoot Sims;-;-;-;-;-;-;7;4;4,2,1,3;1100,11,1,110
285;line;-;UP;Sonny Rollins;-;-;-;-;-;-;25;14;2,2,2,4,2,1,2,1,2,2,1,1,3,3;11,01,11,0111,11,1,11,1,11,11,1,1,011,111
286;lick;-;UP;Nat Adderley;-;-;-;-;-;-;10;6;2,3,2,1,1,3;11,011,11,1,1,110
287;lick;-;MEDIUM;Phil Woods;-;-;-;-;-;-;21;10;2,2,3,4,1,3,4,2,2,2;11,11,011,1001,1,111,1101,11,11,11
288;line;-;MEDIUM UP;Curtis Fuller;-;-;-;-;-;-;2;2;1,1,1;1,0,1
289;line;-;UP;Dexter Gordon;-;-;-;-;-;-;5;3;2,2,2;11,01,11
290;lick;-;UP;Joe Lovano;-;-;-;-;-;-;8;5;2,3,1,2,2;11,110,1,11,01
291;lick;-;UP;Zoot Sims;-;-;-;-;-;-;40;25;2,4,2,2,2,1,2,2,2,3,2,1,2,1,1,2,4,2,1,2,2,2,1,2,4;11,1001,01,01,11,1,11,11,11,111,11,1,01,1,1,01,0011,11,1,11,11,11,1,01,1001
292;lick;-;MEDIUM UP;David Liebman;-;-;-;-;-;-;3;2;3,2;011,01
293;line;-;UP;Miles Davis;-;-;-;-;-;-;16;8;2,2,2,2,2,2,2,2;11,11,11,11,11,11,11,11
294;line;-;MEDIUM;Dexter Gordon;-;-;-;-;-;-;45;17;3,4,4,4,3,6,6,4,4,4,1,1,4,5,4,2,2;110,1111,1111,1100,011,001011,101011,0011,1111,0001,1,1,1110,11111,1111,11,01
295;lick;-;MEDIUM;Dizzy Gillespie;-;-;-;-;-;-;12;5;2,4,8,2,1;01,1101,11011011,01,1
296;line;-;UP;J.J. Johnson;-;-;-;-;-;-;20;13;2,2,4,2,2,1,4,2,2,2,2,2,1;11,11,0011,01,11,1,1110,01,01,01,11,01,1
297;line;-;UP;Charlie Parker;-;-;-;-;-;-;14;7;2,4,2,2,2,2,2;11,0011,11,11,11,11,11
298;line;-;MEDIUM SLOW;Hank Mobley;-;-;-;-;-;-;32;12;5,4,4,1,3,4,8,2,4,6,1,1;01111,0111,0111,1,111,1111,00001111,11,0111,111000,1,1
299;line;-;UP;Charlie Parker;-;-;-;-;-;-;22;12;2,2,4,2,3,4,1,2,2,4,2,2;01,11,0110,01,011,1011,1,11,11,0110,11,11
300;lick;-;UP;John Coltrane;-;-;-;-;-;-;2;1;2;11
301;lick;-;MEDIUM UP;Cannonball Adderley;-;-;-;-;-;-;9;5;2,1,4,2,4;11,1,1001,01,1101
302;line;-;MEDIUM UP;Freddie Hubbard;-;-;-;-;-;-;10;6;6,4,3,2,2,2;010001,1001,110,01,01,11
303;line;-;MEDIUM UP;John Coltrane;-;-;-;-;-;-;10;5;4,4,2,1,2;1011,1101,11,1,01
304;line;-;UP;Phil Woods;-;-;-;-;-;-;56;29;2,3,2,2,4,1,4,2,1,2,2,2,3,2,2,4,2,4,1,1,2,1,1,3,2,2,2,2,2;11,111,11,11,1111,1,1001,11,1,11,11,11,011,11,01,1111,11,1001,1,1,11,1,1,011,11,11,11,11,11
305;lick;-;MEDIUM SLOW;Steve Coleman;-;-;-;-;-;-;19;7;1,4,6,4,2,4,4;1,0111,010111,0111,01,0111,1111
306;line;-;UP;Clifford Brown;-;-;-;-;-;-;57;29;2,2,4,2,2,4,4,3,2,2,2,2,2,2,2,2,1,2,2,2,2,2,3,1,2,2,2,2,2;11,11,1101,11,11,0111,1011,011,11,11,11,11,11,01,11,11,1,11,11,01,11,11,011,1,11,11,11,11,11
307;line;-;UP;John Coltrane;-;-;-;-;-;-;27;11;2,2,4,4,2,2,3,3,4,3,2;11,11,1100,1001,11,11,111,111,1111,111,11
308;lick;-;MEDIUM UP;Miles Davis;-;-;-;-;-;-;2;2;1,1;1,1
309;line;-;UP;Sonny Stitt;-;-;-;-;-;-;10;6;2,2,6,1,4,2;11,01,100101,1,0001,11
310;line;-;MEDIUM;Sonny Rollins;-;-;-;-;-;-;43;12;4,1,6,4,4,4,4,4,6,4,6,4;1111,1,011101,1111,1111,1111,1111,1111,001111,1111,010001,1111
311;lick;-;UP;John Coltrane;-;-;-;-;-;-;5;4;2,2,2,2;01,11,01,01
312;lick;-;MEDIUM UP;John Coltrane;-;-;-;-;-;-;5;4;4,2,1,4;0001,01,1,0110
313;line;-;UP;Lee Konitz;-;-;-;-;-;-;19;10;2,3,2,2,2,3,2,2,2,1;11,011,11,11,11,111,01,11,11,1
314;lick;-;UP;Branford Marsalis;-;-;-;-;-;-;14;9;1,1,2,2,2,2,2,2,6;1,1,11,01,01,11,01,11,010011
315;lick;-;UP;Dexter Gordon;-;-;-;-;-;-;14;8;3,1,2,2,4,2,3,2;011,1,11,01,1101,11,011,01
316;line;-;MEDIUM UP;Steve Lacy;-;-;-;-;-;-;4;4;2,1,1,1;01,1,1,1
317;line;-;UP;John Coltrane;-;-;-;-;-;-;23;11;3,2,3,3,3,3,2,2,2,4,2;011,01,011,011,111,011,11,11,11,1011,11
318;lick;-;UP;Michael Brecker;-;-;-;-;-;-;16;9;2,2,3,2,2,2,2,2,2;01,11,011,11,11,11,01,11,11
319;line;-;MEDIUM SLOW;Hank Mobley;-;-;-;-;-;-;41;12;4,4,6,4,4,3,3,6,4,6,4,4;1111,1111,000011,0111,1111,110,111,011101,1111,101111,1111,0110
320;lick;-;MEDIUM UP;David Liebman;-;-;-;-;-;-;9;3;5,4,2;01111,0111,11
321;lick;-;MEDIUM;Wayne Shorter;-;-;-;-;-;-;14;6;4,3,6,2,2,2;1100,110,101011,11,11,11
322;line;-;UP;Clifford Brown;-;-;-;-;-;-;30;15;2,3,2,2,3,1,2,2,4,2,2,2,2,2,2;11,111,01,01,111,1,11,11,1011,11,11,11,11,11,11
323;lick;-;UP;John Coltrane;-;-;-;-;-;-;8;5;3,2,2,4,4;011,01,11,1100,0001
324;line;-;UP;Steve Coleman;-;-;-;-;-;-;11;4;1,6,4,2;1,111111,1001,11
325;line;-;MEDIUM;Miles Davis;-;-;-;-;-;-;27;12;1,3,3,3,3,3,4,2,2,2,4,4;1,111,111,111,111,111,1111,11,01,11,0001,0001
326;lick;-;UP;Joe Henderson;-;-;-;-;-;-;7;5;2,1,1,1,2;11,1,1,1,11
327;line;-;UP;J.J. Johnson;-;-;-;-;-;-;19;13;1,1,1,2,1,2,2,1,2,2,4,1,2;1,1,1,01,1,11,11,1,11,01,1110,1,11
328;line;-;UP;David Liebman;-;-;-;-;-;-;21;14;2,2,2,2,2,1,4,2,2,1,1,2,2,2;11,11,11,01,01,1,1001,11,01,1,1,01,11,11
329;line;-;MEDIUM;Bob Berg;-;-;-;-;-;-;24;10;2,2,3,2,2,4,4,4,6,2;11,01,011,11,11,1111,1111,1111,000011,01
330;line;-;UP;Phil Woods;-;-;-;-;-;-;53;29;2,2,2,1,1,1,2,4,2,2,2,2,1,2,4,3,2,1,4,2,2,2,2,4,2,2,2,2,2;11,11,11,1,1,1,11,1011,11,11,11,11,1,11,1001,111,11,1,0001,11,11,11,11,0001,11,11,11,11,11
331;lick;-;MEDIUM;Miles Davis;-;-;-;-;-;-;8;6;2,1,4,2,1,1;11,1,1001,01,1,1
332;lick;-;MEDIUM;Freddie Hubbard;-;-;-;-;-;-;16;6;2,4,2,5,4,8;01,0001,11,01111,0001,11111011
333;line;-;UP;Chet Baker;-;-;-;-;-;-;55;30;2,2,2,2,2,2,1,1,2,2,2,2,2,2,2,2,2,2,2,2,2,4,2,2,1,4,2,2,4,1;11,11,01,11,11,11,1,1,11,01,11,11,11,11,11,11,11,11,11,11,11,1001,11,11,1,1011,11,11,1001,1
334;line;-;UP;Dexter Gordon;-;-;-;-;-;-;9;3;4,4,2;0111,1111,11
335;lick;-;MEDIUM;Stan Getz;-;-;-;-;-;-;4;3;2,2,2;01,11,01
336;lick;-;UP;Miles Davis;-;-;-;-;-;-;12;8;2,1,1,1,2,2,2,2;11,1,1,1,11,11,11,01
337;lick;-;UP;Herbie Hancock;-;-;-;-;-;-;13;9;2,2,2,1,2,1,2,1,2;11,01,01,1,11,1,11,1,11
338;line;-;MEDIUM;Milt Jackson;-;-;-;-;-;-;18;9;2,2,2,2,6,4,1,4,1;11,11,01,11,110011,0011,1,0111,1
339;lick;-;MEDIUM;Paul Desmond;-;-;-;-;-;-;10;4;2,5,2,2;11,01111,11,11
340;line;-;MEDIUM;Sonny Rollins;-;-;-;-;-;-;17;6;4,3,1,6,3,6;1111,111,1,011101,011,010101
341;line;-;MEDIUM UP;Charlie Parker;-;-;-;-;-;-;16;9;2,2,3,4,3,2,2,2,4;01,01,111,0001,011,11,01,11,1101
342;lick;-;UP;Hank Mobley;-;-;-;-;-;-;27;17;1,2,1,4,2,2,3,2,2,2,2,1,4,3,3,2,2;1,01,1,0001,01,11,011,11,11,01,11,1,0011,011,111,01,11
343;lick;-;MEDIUM;Miles Davis;-;-;-;-;-;-;11;10;1,1,1,4,2,4,4,1,4,2;1,1,1,0001,01,1001,0001,1,0001,01
344;line;-;UP;Miles Davis;-;-;-;-;-;-;15;8;3,3,2,2,4,2,2,4;111,011,01,11,1001,11,11,0001
345;lick;-;MEDIUM;Stan Getz;-;-;-;-;-;-;11;5;4,3,4,2,8;0011,111,0110,01,10000101
346;line;-;UP;Joshua Redman;-;-;-;-;-;-;31;15;3,2,4,4,2,2,6,2,4,2,1,4,3,1,2;011,01,0111,1111,11,11,001011,11,1001,11,1,0111,011,1,01
347;line;-;UP;John Coltrane;-;-;-;-;-;-;37;19;4,2,2,1,4,4,2,2,2,2,1,3,4,2,1,2,2,4,2;1011,11,01,1,1101,1011,01,11,11,11,1,011,1011,01,1,11,11,1011,11
348;line;-;UP;John Coltrane;-;-;-;-;-;-;42;23;2,2,4,3,1,4,2,2,2,1,2,1,2,2,2,2,4,2,2,2,2,1,2;11,11,1011,011,1,1011,11,11,11,1,01,1,01,11,11,11,1101,11,01,11,11,1,11
349;line;-;UP;Michael Brecker;-;-;-;-;-;-;51;24;2,2,1,3,6,6,1,2,2,3,2,2,2,2,2,2,2,2,3,2,2,2,4,4;11,11,1,011,000111,111110,1,01,11,011,11,01,11,11,11,11,11,11,111,11,11,11,1011,1011
350;line;-;UP;John Coltrane;-;-;-;-;-;-;9;5;2,2,3,1,1;11,11,111,1,1
351;lick;-;MEDIUM;Phil Woods;-;-;-;-;-;-;32;18;1,2,4,2,4,4,2,1,4,4,2,4,2,4,2,1,2,1;1,11,1101,01,1111,1001,01,1,0001,1011,01,1100,11,1111,01,1,01,1
352;line;-;UP;Chris Potter;-;-;-;-;-;-;25;12;4,2,4,2,2,2,2,2,2,2,2,2;1001,11,1110,11,11,11,11,11,11,11,11,11
353;lick;-;UP;John Coltrane;-;-;-;-;-;-;27;16;1,2,3,1,2,4,2,4,2,1,3,3,3,2,2,2;1,01,011,1,11,0110,11,1001,11,1,011,111,011,01,01,11
354;lick;-;MEDIUM;Sonny Rollins;-;-;-;-;-;-;9;4;4,2,4,8;1111,01,0111,00000001
355;lick;-;UP;Stan Getz;-;-;-;-;-;-;7;3;4,2,2;1011,11,11
356;lick;-;UP;Joshua Redman;-;-;-;-;-;-;7;4;2,2,2,2;11,01,11,11
357;line;-;UP;John Coltrane;-;-;-;-;-;-;35;19;2,2,2,1,2,2,4,2,4,1,2,2,2,2,2,2,3,2,4;11,11,11,1,01,11,0110,11,1001,1,11,11,01,11,11,11,011,01,1111
358;lick;-;UP;Joshua Redman;-;-;-;-;-;-;5;3;4,2,2;0001,11,11
359;lick;-;UP;Clifford Brown;-;-;-;-;-;-;15;8;4,3,2,2,2,2,2,1;1011,011,11,11,01,11,11,1
360;line;-;MEDIUM;Pat Martino;-;-;-;-;-;-;46;13;4,4,4,4,4,1,8,6,4,4,4,4,4;0111,1111,1111,1111,1111,1,10010011,100011,1101,1111,1111,1111,1111
361;lick;-;UP;Joe Lovano;-;-;-;-;-;-;16;12;2,2,1,1,2,3,1,2,1,1,1,1;11,01,1,1,01,111,1,11,1,1,1,1
362;lick;-;MEDIUM UP;David Liebman;-;-;-;-;-;-;26;11;4,2,4,4,5,3,3,3,1,1,1;1111,11,1111,0111,10111,110,011,011,1,1,1
363;line;-;UP;Don Ellis;-;-;-;-;-;-;15;9;2,1,2,2,2,2,4,2,5;11,1,01,11,01,01,1011,11,00011
364;line;-;UP;Pat Metheny;-;-;-;-;-;-;26;15;1,2,2,2,2,2,2,2,1,2,2,2,2,2,4;1,11,11,11,11,11,01,01,1,11,11,11,11,11,1100
365;line;-;UP;Steve Coleman;-;-;-;-;-;-;28;14;2,4,2,3,2,4,2,2,2,2,2,2,2,2;01,1101,01,111,11,1100,11,11,11,11,11,11,11,11
366;line;-;MEDIUM UP;John Coltrane;-;-;-;-;-;-;28;8;2,4,4,6,2,4,8,6;11,1111,1111,111011,01,1111,00101011,101011
367;line;-;UP;John Coltrane;-;-;-;-;-;-;20;9;2,3,3,2,2,2,2,4,2;11,011,111,11,11,01,11,1111,11
368;line;-;UP;Dexter Gordon;-;-;-;-;-;-;27;15;2,2,2,2,2,6,4,4,2,1,2,2,1,1,3;11,11,11,01,11,001101,1110,1001,11,1,11,01,1,1,011
369;lick;-;MEDIUM;Zoot Sims;-;-;-;-;-;-;12;10;1,2,2,2,2,1,2,2,1,6;1,01,11,01,01,1,01,01,1,000011
370;line;-;UP;David Liebman;-;-;-;-;-;-;59;26;3,3,4,6,3,2,1,4,3,3,2,3,3,3,3,4,4,2,2,2,2,2,1,2,2,2;110,111,1001,101011,011,11,1,1111,011,111,11,111,110,011,011,1011,1111,11,11,11,11,01,1,11,11,11
371;lick;-;UP;Branford Marsalis;-;-;-;-;-;-;10;6;2,2,2,2,2,2;11,01,11,11,11,01
372;lick;-;UP;Branford Marsalis;-;-;-;-;-;-;21;17;4,2,2,2,1,1,1,1,1,1,4,2,2,2,1,1,1;1001,01,11,11,1,1,1,1,1,1,0110,01,01,01,1,1,1
373;lick;-;UP;John Coltrane;-;-;-;-;-;-;4;3;2,2,4;01,11,0001
374;lick;-;MEDIUM;J.J. Johnson;-;-;-;-;-;-;15;11;2,2,2,1,2,2,1,2,2,1,2;11,11,01,1,01,01,1,11,01,1,11
375;lick;-;UP;Sonny Rollins;-;-;-;-;-;-;15;10;2,1,4,1,4,4,2,1,1,2;11,1,1001,1,1001,1001,01,1,1,11
376;lick;-;MEDIUM;Sonny Rollins;-;-;-;-;-;-;3;2;2,1;11,1
377;line;-;UP;Joe Henderson;-;-;-;-;-;-;20;13;2,2,2,2,2,2,2,2,1,1,1,4,2;11,11,11,01,01,11,11,11,1,1,1,0001,11
378;lick;-;UP;Joe Henderson;-;-;-;-;-;-;15;10;4,1,4,2,2,2,1,4,2,1;0110,1,1001,01,11,01,1,0110,11,1
379;lick;-;MEDIUM;Miles Davis;-;-;-;-;-;-;4;2;2,3;11,011
380;lick;-;MEDIUM;Phil Woods;-;-;-;-;-;-;8;5;6,2,1,1,2;011110,01,1,1,01
381;lick;-;MEDIUM;Stan Getz;-;-;-;-;-;-;18;10;2,1,2,1,4,3,3,2,2,2;01,1,11,1,1111,111,111,01,01,01
382;lick;-;MEDIUM;Joe Henderson;-;-;-;-;-;-;21;6;6,3,2,5,6,5;110111,111,11,01011,011011,10111
383;line;-;UP;Fats Navarro;-;-;-;-;-;-;76;44;2,2,1,4,2,2,2,3,3,2,2,2,2,2,2,2,2,2,2,2,2,2,3,1,3,3,2,1,2,2,2,4,2,1,2,2,2,1,2,2,3,2,1,1;01,01,1,1101,11,11,11,011,111,01,11,01,11,01,11,11,11,11,11,01,11,01,011,1,111,011,11,1,11,11,11,0001,11,1,11,01,11,1,11,11,111,11,1,1
384;lick;-;MEDIUM UP;Paul Desmond;-;-;-;-;-;-;19;12;2,2,1,2,2,2,2,2,2,4,4,1;01,11,1,01,11,01,11,11,01,1101,1100,1
385;lick;-;UP;Sonny Rollins;-;-;-;-;-;-;27;20;2,1,1,2,1,2,2,2,2,2,4,4,2,2,2,4,1,2,1,1;01,1,1,01,1,01,11,11,11,01,0001,1001,01,11,11,1001,1,01,1,1
386;lick;-;UP;John Coltrane;-;-;-;-;-;-;6;3;3,1,4;111,1,1001
387;line;-;UP;David Liebman;-;-;-;-;-;-;44;24;1,1,2,3,3,3,4,1,2,2,4,3,2,4,2,2,1,1,4,1,4,4,1,2;1,1,11,111,111,110,1011,1,11,01,0001,011,11,1111,11,01,1,1,1011,1,1001,0110,1,11
388;line;-;UP;Charlie Parker;-;-;-;-;-;-;20;10;4,2,1,2,2,4,2,2,3,2;1001,11,1,11,11,1011,11,11,110,11
389;line;-;MEDIUM;David Murray;-;-;-;-;-;-;16;13;1,1,2,1,2,1,4,1,4,1,3,1,2;1,0,11,0,11,0,1111,0,0011,0,111,0,11
390;line;-;UP;Zoot Sims;-;-;-;-;-;-;47;27;2,1,2,1,2,2,2,2,2,2,2,3,2,1,2,4,4,2,1,2,2,1,2,3,2,2,3;11,1,11,1,01,11,01,11,11,11,11,111,01,1,11,1011,1011,11,1,01,01,1,01,011,11,11,111
391;line;-;MEDIUM UP;Bob Berg;-;-;-;-;-;-;28;11;3,4,1,4,4,4,1,2,2,2,6;111,0111,1,1111,0001,1111,1,11,11,11,110111
392;lick;-;MEDIUM;Bob Berg;-;-;-;-;-;-;6;4;1,2,3,1;1,11,011,1
393;line;-;UP;John Coltrane;-;-;-;-;-;-;50;25;2,2,2,4,2,2,2,3,3,1,2,1,1,1,4,2,4,5,2,2,2,2,2,2,2;11,11,01,1111,11,11,11,111,111,1,11,1,1,1,1101,11,0011,00111,11,11,11,11,01,11,11
394;lick;-;MEDIUM SLOW;Joe Lovano;-;-;-;-;-;-;3;3;2,2,1;01,01,1
395;lick;-;MEDIUM UP;Joe Henderson;-;-;-;-;-;-;7;3;4,2,2;1101,11,11
396;lick;-;UP;Miles Davis;-;-;-;-;-;-;4;3;2,1,1;11,1,1
397;line;-;UP;John Coltrane;-;-;-;-;-;-;18;10;4,1,4,4,1,1,1,2,2,2;1001,1,1011,1011,1,1,1,11,11,11
398;line;-;UP;Joe Lovano;-;-;-;-;-;-;14;8;2,2,2,2,2,2,3,1;11,11,11,01,01,11,111,1
399;lick;-;MEDIUM;Miles Davis;-;-;-;-;-;-;8;5;1,4,6,2,2;1,0001,010011,01,11
400;lick;-;MEDIUM;Curtis Fuller;-;-;-;-;-;-;4;3;2,2,1;01,11,1
401;line;-;UP;Charlie Parker;-;-;-;-;-;-;23;14;3,2,2,2,2,2,2,4,2,2,4,4,2,2;011,01,11,01,01,11,01,1101,11,01,1001,1001,01,11
402;line;-;UP;Steve Coleman;-;-;-;-;-;-;21;11;3,4,6,1,3,2,2,1,2,2,2;110,1100,101111,1,011,11,01,1,01,11,11
403;line;-;MEDIUM UP;Sonny Stitt;-;-;-;-;-;-;12;4;4,2,3,4;1111,01,111,1111
404;line;-;UP;David Liebman;-;-;-;-;-;-;21;11;1,2,2,2,1,2,4,4,4,4,3;1,01,11,11,1,11,1011,0111,1001,1001,110
405;lick;-;UP;Joshua Redman;-;-;-;-;-;-;5;3;1,2,3;1,11,110
406;line;-;MEDIUM UP;Kenny Dorham;-;-;-;-;-;-;19;8;6,4,6,4,4,6,6,2;000001,0001,101001,1111,1100,110111,001001,01
407;lick;-;UP;Charlie Parker;-;-;-;-;-;-;4;2;2,2;11,11
408;line;-;MEDIUM;Steve Lacy;-;-;-;-;-;-;10;6;2,2,1,2,4,4;11,01,1,11,0111,0001
409;lick;-;UP;Miles Davis;-;-;-;-;-;-;11;7;1,4,2,2,2,2,2;1,0011,11,11,11,01,01
410;line;-;UP;Sonny Rollins;-;-;-;-;-;-;5;3;4,2,2;0001,11,11
411;lick;-;MEDIUM UP;Nat Adderley;-;-;-;-;-;-;14;6;3,4,3,2,1,2;111,0111,111,11,1,11
412;lick;-;MEDIUM UP;Lee Morgan;-;-;-;-;-;-;18;9;5,2,1,2,6,2,2,6,4;11110,01,1,11,100001,11,01,011100,0011
413;lick;-;MEDIUM UP;David Liebman;-;-;-;-;-;-;6;2;4,4;1111,0011
414;line;-;MEDIUM UP;Joe Henderson;-;-;-;-;-;-;26;11;4,4,2,2,4,3,4,4,2,2,2;1100,1111,11,11,1100,011,1100,1111,11,11,11
415;lick;-;UP;Chris Potter;-;-;-;-;-;-;6;4;2,2,1,1;11,11,1,1
416;lick;-;UP;Branford Marsalis;-;-;-;-;-;-;34;23;1,4,1,2,2,2,1,1,1,6,2,2,2,2,2,1,1,6,2,2,2,2,2;1,1001,1,01,01,01,1,1,1,100011,11,01,11,11,01,1,1,100011,01,11,11,01,11
417;line;-;MEDIUM;Bob Berg;-;-;-;-;-;-;13;7;6,4,4,2,2,2,2;010101,0111,0001,01,11,11,01
418;lick;-;UP;Steve Coleman;-;-;-;-;-;-;12;7;2,2,2,2,4,2,1;11,11,11,11,0001,11,1
419;lick;-;UP;John Coltrane;-;-;-;-;-;-;12;5;1,4,3,4,4;1,0111,110,0111,1011
420;line;-;UP;Steve Turre;-;-;-;-;-;-;18;7;4,2,2,2,4,6,1;1011,11,11,11,1001,111111,1
421;line;-;UP;David Liebman;-;-;-;-;-;-;68;32;2,2,1,2,2,2,1,4,4,2,4,6,6,3,2,2,2,4,2,4,2,1,2,2,2,4,4,2,4,2,1,2;11,11,1,11,11,11,1,1110,0001,11,1110,010111,011111,111,11,11,11,1101,11,0001,11,1,11,11,11,1101,0110,11,0011,11,1,11
422;lick;-;UP;Dizzy Gillespie;-;-;-;-;-;-;45;22;1,1,1,1,1,1,3,1,2,2,3,4,3,2,2,2,4,3,4,6,4,2;1,1,1,1,1,1,111,1,01,01,111,1011,111,11,11,01,1111,011,1111,111101,1101,01
423;lick;-;MEDIUM UP;Woody Shaw;-;-;-;-;-;-;31;14;4,3,1,2,2,4,4,4,1,1,2,2,2,2;1111,110,1,11,11,1111,1111,1001,1,1,11,11,11,11
424;lick;-;MEDIUM;Miles Davis;-;-;-;-;-;-;20;13;1,1,1,1,2,2,4,6,2,2,2,3,2;1,1,1,1,01,01,1101,000001,11,11,11,011,11
425;lick;-;UP;Clifford Brown;-;-;-;-;-;-;9;3;2,4,4;11,1111,0111
426;line;-;MEDIUM UP;Kenny Wheeler;-;-;-;-;-;-;20;8;3,3,3,3,3,3,4,1;111,111,011,011,111,111,0111,1
427;lick;-;UP;Steve Coleman;-;-;-;-;-;-;13;7;2,2,2,2,4,4,4;01,11,01,11,1001,1101,0011
428;line;-;MEDIUM SLOW;Dexter Gordon;-;-;-;-;-;-;16;4;4,4,4,4;1111,1111,1111,1111
429;line;-;UP;John Coltrane;-;-;-;-;-;-;22;10;2,4,2,2,2,2,1,4,1,3;11,1111,11,11,11,11,1,1011,1,111
430;lick;-;MEDIUM UP;John Coltrane;-;-;-;-;-;-;13;5;2,6,2,4,4;01,111111,11,1110,0001
431;line;-;UP;Steve Turre;-;-;-;-;-;-;24;15;1,4,2,2,2,2,1,2,2,2,2,2,2,2,1;1,1001,11,11,11,11,1,11,11,01,01,11,01,11,1
432;line;-;UP;David Liebman;-;-;-;-;-;-;59;32;1,2,2,4,3,4,3,3,2,2,2,4,4,4,1,1,2,2,2,1,4,2,2,2,1,4,2,2,2,1,4,2;1,11,01,0001,111,1011,110,011,11,11,11,0011,1101,0111,1,1,01,11,11,1,1011,11,11,11,1,1101,11,01,01,1,1001,11
433;lick;-;UP;Branford Marsalis;-;-;-;-;-;-;25;15;2,2,2,1,2,2,1,2,2,6,3,4,2,2,4;01,11,01,1,11,01,1,11,01,010011,111,1001,01,11,1001
434;lick;-;UP;David Liebman;-;-;-;-;-;-;2;2;2,2;01,01
435;lick;-;UP;Clifford Brown;-;-;-;-;-;-;22;8;1,5,6,4,3,3,3,4;1,11111,011111,0011,111,111,011,0001
436;lick;-;UP;Paul Desmond;-;-;-;-;-;-;38;23;2,2,2,1,4,2,4,1,2,6,2,4,2,2,4,2,1,2,1,4,2,4,2;11,01,11,1,1001,11,1101,1,01,101011,11,0001,11,11,0001,01,1,01,1,0001,01,1011,11
437;line;-;MEDIUM UP;Kenny Dorham;-;-;-;-;-;-;19;7;2,2,6,6,6,6,1;11,11,100101,101111,001111,010001,1
438;lick;-;UP;Miles Davis;-;-;-;-;-;-;6;3;4,2,1;1011,11,1
439;line;-;UP;John Coltrane;-;-;-;-;-;-;34;17;3,3,4,2,2,2,2,2,2,2,2,2,3,2,3,2,4;011,011,0011,11,01,11,11,11,11,01,11,11,111,01,111,11,1011
440;lick;-;UP;Miles Davis;-;-;-;-;-;-;7;4;1,1,2,4;1,1,11,1011
441;lick;-;MEDIUM UP;John Coltrane;-;-;-;-;-;-;16;9;4,6,3,3,1,1,5,1,1;0111,000011,110,111,1,1,00011,1,1
442;line;-;UP;Dexter Gordon;-;-;-;-;-;-;23;12;2,3,2,2,4,4,4,2,2,2,2,2;11,110,11,11,1011,1011,0001,11,01,01,11,11
443;line;-;MEDIUM UP;David Liebman;-;-;-;-;-;-;10;3;4,4,4;1111,0111,1110
444;lick;-;MEDIUM UP;John Coltrane;-;-;-;-;-;-;10;5;4,4,3,4,6;0011,0001,110,1100,000111
445;lick;-;UP;Stan Getz;-;-;-;-;-;-;12;7;1,1,2,2,2,2,2;1,1,11,11,11,11,11
446;line;-;MEDIUM;Dexter Gordon;-;-;-;-;-;-;17;6;4,5,4,4,5,2;1100,01111,0111,1011,01111,01
447;lick;-;MEDIUM;Miles Davis;-;-;-;-;-;-;10;5;2,4,1,6,2;11,1101,1,010001,11
448;lick;-;UP;John Coltrane;-;-;-;-;-;-;4;2;2,3;11,011
449;lick;-;UP;Chris Potter;-;-;-;-;-;-;14;9;4,1,2,1,1,1,2,1,4;1110,1,01,1,1,1,11,1,0111
450;lick;-;MEDIUM UP;Cannonball Adderley;-;-;-;-;-;-;5;2;3,2;111,11
451;lick;-;UP;Nat Adderley;-;-;-;-;-;-;9;6;2,2,1,1,2,1;11,11,1,1,11,1
452;lick;-;UP;Lee Konitz;-;-;-;-;-;-;7;5;2,1,2,1,2;11,1,01,1,11
453;line;-;MEDIUM UP;Joe Henderson;-;-;-;-;-;-;40;12;4,3,4,4,4,6,4,6,4,6,6,6;0111,110,0110,0001,1111,100011,1111,110111,1111,101111,000001,111111
454;lick;-;MEDIUM;Dexter Gordon;-;-;-;-;-;-;11;4;1,6,3,4;1,011011,111,0111
455;lick;-;UP;Chris Potter;-;-;-;-;-;-;12;9;2,1,1,1,1,2,2,4,2;11,1,1,1,1,11,01,0001,11
456;lick;-;UP;Branford Marsalis;-;-;-;-;-;-;9;5;2,2,4,2,2;01,11,1001,11,11
457;line;-;UP;Branford Marsalis;-;-;-;-;-;-;47;25;4,2,2,2,2,3,3,2,1,1,4,2,2,3,2,2,6,2,3,1,1,4,2,3,3;0001,11,11,11,11,111,011,11,1,1,0110,11,11,011,01,01,101001,11,111,1,1,1011,11,011,011
458;lick;-;UP;John Coltrane;-;-;-;-;-;-;7;5;2,2,2,1,1;11,11,01,1,1
459;lick;-;UP;Michael Brecker;-;-;-;-;-;-;14;7;2,3,2,4,2,2,1;11,011,11,1111,01,11,1
460;line;-;MEDIUM UP;Kenny Dorham;-;-;-;-;-;-;19;8;6,4,4,2,2,2,2,2;110111,1111,0001,11,11,11,11,01
461;line;-;UP;Zoot Sims;-;-;-;-;-;-;45;27;2,3,2,2,2,2,2,2,1,1,2,4,2,2,2,1,2,4,1,2,1,1,2,1,1,2,1;01,011,11,11,11,11,11,01,1,1,11,1011,11,11,11,1,11,1011,1,11,1,1,11,1,1,11,1
462;line;-;UP;David Liebman;-;-;-;-;-;-;47;22;2,3,4,4,4,2,3,2,4,3,3,3,3,2,4,3,2,2,4,2,2,2;11,011,0001,1001,1011,01,011,01,0111,011,011,111,011,11,1011,111,01,11,1111,11,11,11
463;line;-;UP;Miles Davis;-;-;-;-;-;-;13;6;2,2,2,3,4,3;01,11,11,011,1011,111
464;lick;-;MEDIUM UP;Joe Henderson;-;-;-;-;-;-;5;2;1,4;1,1111
465;lick;-;UP;John Coltrane;-;-;-;-;-;-;8;5;2,4,3,2,1;01,0110,110,11,1
466;lick;-;UP;Wayne Shorter;-;-;-;-;-;-;3;2;3,2;110,01
467;lick;-;UP;Sonny Rollins;-;-;-;-;-;-;31;22;1,2,2,2,2,2,2,2,1,1,1,1,1,1,1,2,4,2,2,2,2,2;1,01,01,11,01,01,01,11,1,1,1,1,1,1,1,11,1011,11,11,01,11,11
468;lick;-;UP;J.J. Johnson;-;-;-;-;-;-;22;18;2,4,3,2,2,2,2,1,4,2,1,1,1,1,1,1,1,2;01,0011,011,01,11,01,01,1,1100,01,1,1,1,1,1,1,1,01
469;line;-;MEDIUM UP;Cannonball Adderley;-;-;-;-;-;-;21;10;6,2,2,2,2,2,1,1,1,4;011011,11,11,11,11,11,1,1,1,1111
470;lick;-;UP;Chris Potter;-;-;-;-;-;-;16;7;4,4,2,2,4,2,1;1011,1011,11,11,1111,01,1
471;line;-;MEDIUM UP;Joe Henderson;-;-;-;-;-;-;91;29;2,5,1,4,6,6,6,6,4,4,2,2,8,4,6,3,6,6,3,6,6,6,5,1,6,6,6,3,6;11,11111,1,1111,101011,000011,000011,111011,0001,0111,11,11,10000011,1110,100001,111,101111,101011,111,010111,010111,010111,11111,1,110011,001011,000111,111,100111
472;lick;-;MEDIUM;Hank Mobley;-;-;-;-;-;-;4;3;3,4,2;011,0001,01
473;line;-;UP;Kenny Dorham;-;-;-;-;-;-;16;8;2,2,2,2,3,2,2,2;11,11,11,01,111,11,11,11
474;lick;-;UP;John Coltrane;-;-;-;-;-;-;12;7;3,1,2,1,4,2,2;111,1,11,1,1100,11,01
475;lick;-;UP;John Coltrane;-;-;-;-;-;-;3;3;1,2,1;1,01,1
476;lick;-;UP;John Coltrane;-;-;-;-;-;-;6;4;2,2,1,2;11,11,1,01
477;lick;-;MEDIUM UP;Milt Jackson;-;-;-;-;-;-;22;10;2,3,4,2,2,2,2,2,2,2;11,111,1011,11,11,11,11,11,11,11
478;lick;-;MEDIUM;J.J. Johnson;-;-;-;-;-;-;13;9;2,2,2,2,1,1,1,2,2;11,01,11,11,1,1,1,01,11
479;lick;-;MEDIUM UP;Bob Berg;-;-;-;-;-;-;24;10;2,4,3,2,4,2,2,2,4,4;11,1101,111,11,0110,11,11,11,1111,1100
480;line;-;MEDIUM UP;Wayne Shorter;-;-;-;-;-;-;16;10;1,2,2,2,2,1,1,2,2,2;1,11,11,11,11,1,1,01,11,11
481;lick;-;MEDIUM SLOW;Steve Coleman;-;-;-;-;-;-;20;8;4,4,4,6,4,1,2,2;0111,1111,1111,010001,1111,1,01,01
482;line;-;UP;Dexter Gordon;-;-;-;-;-;-;5;3;2,2,2;11,01,11
483;line;-;MEDIUM;Wayne Shorter;-;-;-;-;-;-;5;2;4,4;0111,0110
484;line;-;MEDIUM SLOW;Steve Coleman;-;-;-;-;-;-;41;14;4,4,4,6,4,4,4,4,4,4,4,4,4,4;0110,0111,0111,001111,0001,0110,1111,1111,0111,0001,1011,1111,1111,0111
485;lick;-;MEDIUM UP;Wayne Shorter;-;-;-;-;-;-;5;3;1,4,1;1,1011,1
486;line;-;UP;Bob Berg;-;-;-;-;-;-;54;26;2,2,2,2,2,2,1,4,4,2,2,2,2,2,4,3,2,2,2,2,2,1,4,6,3,2;11,11,11,11,11,11,1,1001,1011,11,11,11,11,11,0110,011,11,11,11,11,11,1,0111,101110,110,11
487;lick;-;UP;Joshua Redman;-;-;-;-;-;-;7;5;1,2,1,2,4;1,01,1,11,1001
488;line;-;UP;Art Pepper;-;-;-;-;-;-;36;20;2,1,2,2,2,2,2,2,3,4,1,2,2,2,2,2,2,2,2,2;01,1,11,11,11,11,11,11,111,1001,1,11,11,11,11,01,01,11,11,11
489;lick;-;MEDIUM SLOW;Steve Coleman;-;-;-;-;-;-;7;4;4,4,4,4;0110,1001,0001,1100
490;lick;-;MEDIUM;David Liebman;-;-;-;-;-;-;12;4;8,4,6,4;10011011,0110,010101,0011
491;lick;-;UP;Art Pepper;-;-;-;-;-;-;3;3;2,1,1;01,1,1
492;line;-;UP;Michael Brecker;-;-;-;-;-;-;37;18;2,2,4,4,4,4,4,4,2,2,2,3,2,4,6,2,2,2;11,11,0001,0001,1001,0111,0111,0001,01,11,11,011,11,0011,111011,11,11,11
493;line;-;UP;Wayne Shorter;-;-;-;-;-;-;47;27;2,2,2,2,1,1,2,2,2,2,2,2,2,2,1,2,2,4,2,2,2,1,2,2,2,2,2;01,11,11,11,1,1,01,11,11,11,01,11,11,11,1,11,11,1101,11,11,11,1,01,11,11,11,11
494;line;-;UP;Don Ellis;-;-;-;-;-;-;13;9;4,2,5,1,2,1,4,1,2;1001,11,00011,0,11,0,1011,0,11
495;lick;-;MEDIUM UP;Sonny Rollins;-;-;-;-;-;-;8;8;2,2,1,1,1,4,1,1;01,01,1,1,1,0001,1,1
496;line;-;MEDIUM;Don Ellis;-;-;-;-;-;-;17;11;2,2,2,1,2,3,2,1,4,2,2;01,11,01,1,11,011,01,1,0011,11,11
497;lick;-;UP;John Coltrane;-;-;-;-;-;-;6;4;2,2,2,1;01,11,11,1
498;line;-;MEDIUM;Freddie Hubbard;-;-;-;-;-;-;8;2;5,4;11111,0111
499;line;-;UP;John Coltrane;-;-;-;-;-;-;22;13;2,4,1,2,2,2,2,2,2,1,2,2,1;11,1011,1,01,01,11,11,11,11,1,11,11,1
500;lick;-;MEDIUM UP;Sonny Rollins;-;-;-;-;-;-;12;8;1,1,1,2,2,4,2,2;1,1,1,01,11,1101,01,11
501;lick;-;MEDIUM SLOW;Pepper Adams;-;-;-;-;-;-;18;13;6,1,1,1,1,4,1,6,1,2,1,4,1,2;100101,1,0,1,0,0110,0,010011,0,11,0,1111,0,11
502;lick;-;UP;Herbie Hancock;-;-;-;-;-;-;41;29;1,2,1,2,1,3,4,4,2,2,1,2,2,2,2,1,2,2,2,2,3,2,2,2,2,2,2,1,2;1,01,1,01,1,011,0011,0001,01,11,1,11,01,11,01,1,01,11,11,01,011,01,11,11,01,11,11,1,01
503;line;-;MEDIUM;Pat Martino;-;-;-;-;-;-;23;7;4,4,4,4,4,4,4;1111,1111,1101,1111,1111,1100,0011
504;lick;-;MEDIUM;David Murray;-;-;-;-;-;-;5;3;2,2,4;11,11,0001
505;line;-;MEDIUM UP;Kenny Dorham;-;-;-;-;-;-;33;13;2,2,1,2,2,2,6,6,4,2,4,4,2;11,11,1,11,11,11,010001,110111,1111,11,1111,1101,11
506;lick;-;UP;Dexter Gordon;-;-;-;-;-;-;31;19;4,1,4,3,2,2,1,4,2,1,4,2,2,2,2,2,4,2,2;0011,1,0011,111,11,11,1,0001,01,1,1001,11,11,01,11,01,0001,11,11
507;line;-;MEDIUM UP;Woody Shaw;-;-;-;-;-;-;44;15;3,6,4,2,2,6,4,4,4,3,2,4,4,4,4;111,110111,0111,11,01,101101,1111,0111,0111,111,11,1110,1110,0011,0111
508;lick;-;UP;John Coltrane;-;-;-;-;-;-;6;3;2,2,2;11,11,11
509;line;-;UP;Miles Davis;-;-;-;-;-;-;7;4;2,2,2,2;11,11,11,01
510;lick;-;MEDIUM SLOW;Steve Coleman;-;-;-;-;-;-;24;8;9,4,4,4,4,4,4,4;000010011,0001,1111,1111,1110,1001,1110,1111
511;lick;-;MEDIUM UP;John Coltrane;-;-;-;-;-;-;6;3;3,1,6;111,1,010001
512;lick;-;UP;John Coltrane;-;-;-;-;-;-;6;3;1,2,3;1,11,111
513;lick;-;MEDIUM;Joshua Redman;-;-;-;-;-;-;28;13;3,3,1,3,2,2,2,4,4,2,2,3,3;111,110,1,111,11,11,11,1001,1101,11,11,011,110
514;line;-;UP;Dexter Gordon;-;-;-;-;-;-;27;13;2,2,2,2,2,3,1,4,2,2,2,2,6;11,11,01,11,11,111,1,0110,11,11,11,11,010111
515;lick;-;UP;David Liebman;-;-;-;-;-;-;27;14;2,4,3,3,2,1,2,4,1,1,2,4,3,6;01,1100,111,011,11,1,11,0001,1,1,11,0001,111,111101
516;line;-;UP;Joe Lovano;-;-;-;-;-;-;33;16;4,2,2,2,2,3,3,4,5,4,2,2,2,2,2,2;1011,11,11,01,01,011,111,1101,00111,0011,11,01,11,11,11,11
517;lick;-;UP;Art Pepper;-;-;-;-;-;-;8;4;1,2,2,4;1,11,11,0111
518;lick;-;UP;Miles Davis;-;-;-;-;-;-;4;4;1,1,2,1;1,1,01,1
519;lick;-;UP;John Coltrane;-;-;-;-;-;-;14;8;2,3,1,1,2,2,2,2;11,110,1,1,11,11,11,11
520;lick;-;MEDIUM UP;Charlie Parker;-;-;-;-;-;-;15;8;2,2,4,2,6,1,4,2;11,11,1001,11,000011,1,1101,01
521;line;-;UP;Woody Shaw;-;-;-;-;-;-;33;19;2,2,2,2,2,2,2,2,2,1,2,2,2,2,2,4,2,4,2;11,01,11,11,01,01,11,11,11,1,11,11,11,01,01,1001,11,1101,11
522;lick;-;MEDIUM;Miles Davis;-;-;-;-;-;-;8;5;2,2,6,2,1;11,11,000001,11,1
523;lick;-;MEDIUM SLOW;John Coltrane;-;-;-;-;-;-;18;6;4,4,4,2,3,6;0011,1111,1011,11,111,100111
524;lick;-;UP;John Coltrane;-;-;-;-;-;-;14;10;1,2,1,4,2,2,2,2,2,1;1,01,1,0011,11,11,11,01,01,1
525;lick;-;MEDIUM UP;Woody Shaw;-;-;-;-;-;-;37;17;2,2,2,2,2,2,3,2,1,4,4,2,2,4,2,3,1;11,11,11,11,11,11,111,11,1,0111,1111,11,11,0011,11,111,1
526;line;-;MEDIUM SLOW;Joe Lovano;-;-;-;-;-;-;22;7;4,4,4,4,4,4,1;0111,1111,1111,0111,1111,0111,1
527;line;-;UP;Joshua Redman;-;-;-;-;-;-;17;11;2,2,1,1,1,1,1,1,4,3,2;01,11,1,1,1,1,1,1,1111,011,11
528;line;-;UP;David Liebman;-;-;-;-;-;-;61;36;2,1,4,2,2,4,3,1,1,2,2,1,1,2,4,2,2,3,2,2,2,2,2,2,2,2,2,1,2,3,1,2,2,2,4,2;11,1,1001,11,11,1101,111,1,1,11,11,1,1,11,1101,11,01,011,01,11,01,11,01,11,01,11,11,1,11,011,1,11,11,01,0001,11
529;lick;-;UP;Joe Lovano;-;-;-;-;-;-;34;20;4,2,2,2,3,2,1,2,2,1,4,1,2,2,4,2,2,2,2,2;0011,11,11,01,111,11,1,01,11,1,1001,1,11,01,1100,11,11,11,11,01
530;lick;-;MEDIUM;Miles Davis;-;-;-;-;-;-;11;8;2,1,1,1,8,1,1,1;11,1,1,1,11000001,1,1,1
531;lick;-;MEDIUM;Pepper Adams;-;-;-;-;-;-;32;11;4,4,4,1,2,4,3,6,4,4,3;0001,0011,1111,1,01,1111,111,011111,1111,1111,111
532;lick;-;MEDIUM SLOW;Hank Mobley;-;-;-;-;-;-;11;6;2,6,3,6,1,2;11,000101,011,000101,1,11
533;line;-;MEDIUM;Miles Davis;-;-;-;-;-;-;8;5;2,2,2,2,1;11,11,11,01,1
534;lick;-;MEDIUM UP;David Liebman;-;-;-;-;-;-;9;2;8,5;11010001,11111
535;lick;-;UP;Clifford Brown;-;-;-;-;-;-;16;7;5,4,4,1,2,2,2;01111,1001,1111,1,11,01,11
536;line;-;MEDIUM UP;Kenny Dorham;-;-;-;-;-;-;18;8;2,2,2,2,2,2,5,2;11,11,11,11,11,11,10111,11
537;lick;-;UP;Miles Davis;-;-;-;-;-;-;11;7;2,2,2,1,3,3,1;11,11,01,1,011,011,1
538;lick;-;UP;John Coltrane;-;-;-;-;-;-;13;7;2,2,2,2,2,2,2;11,11,11,01,11,11,11
539;lick;-;UP;Paul Desmond;-;-;-;-;-;-;4;2;2,2;11,11
540;line;-;UP;Miles Davis;-;-;-;-;-;-;26;15;2,1,3,2,2,2,2,2,2,2,2,4,2,2,3;11,1,011,11,11,11,01,11,11,11,11,0001,11,01,011
541;lick;-;UP;John Coltrane;-;-;-;-;-;-;3;2;2,2;11,01
542;lick;-;MEDIUM;Charlie Parker;-;-;-;-;-;-;4;3;1,1,2;1,1,11
543;lick;-;UP;Joshua Redman;-;-;-;-;-;-;10;5;4,2,2,4,1;1011,01,11,1011,1
544;lick;-;UP;Herbie Hancock;-;-;-;-;-;-;7;4;3,4,3,2;111,0001,011,01
545;line;-;UP;J.J. Johnson;-;-;-;-;-;-;10;6;2,2,2,2,2,6;01,11,01,11,11,000011
546;lick;-;MEDIUM UP;John Coltrane;-;-;-;-;-;-;16;5;4,6,2,4,5;1111,111111,01,0001,01111
547;lick;-;MEDIUM UP;Miles Davis;-;-;-;-;-;-;8;4;4,2,2,4;1001,11,11,0110
548;line;-;MEDIUM;Lee Konitz;-;-;-;-;-;-;7;3;2,2,3;11,11,111
549;line;-;MEDIUM UP;John Coltrane;-;-;-;-;-;-;18;7;1,4,4,4,3,4,1;1,1111,0111,1100,111,1111,1
550;line;-;MEDIUM UP;David Liebman;-;-;-;-;-;-;7;3;2,2,4;11,01,1111
551;line;-;UP;Steve Lacy;-;-;-;-;-;-;25;13;2,2,2,2,2,2,2,2,2,2,2,2,1;11,11,11,11,11,11,11,11,11,11,11,11,1
552;line;-;UP;Stan Getz;-;-;-;-;-;-;41;21;2,2,2,2,2,2,2,2,4,2,2,2,2,2,4,3,2,2,2,2,2;11,11,11,11,11,11,11,01,1011,11,11,11,11,11,0001,110,11,11,11,11,11
553;lick;-;UP;Steve Coleman;-;-;-;-;-;-;11;7;2,4,2,2,4,2,2;11,0001,11,11,0001,11,01
554;line;-;MEDIUM UP;David Liebman;-;-;-;-;-;-;5;2;2,4;01,1111
555;lick;-;UP;Don Ellis;-;-;-;-;-;-;8;6;1,2,1,2,2,2;1,11,1,01,11,01
556;line;-;MEDIUM;Steve Turre;-;-;-;-;-;-;43;19;2,4,2,5,4,6,4,1,2,3,2,2,8,6,1,2,1,2,5;11,1111,11,10111,1111,000011,0111,1,11,011,11,01,00010001,011001,1,11,1,01,10111
557;lick;-;MEDIUM;Dexter Gordon;-;-;-;-;-;-;5;2;3,2;111,11
558;line;-;UP;Miles Davis;-;-;-;-;-;-;45;26;4,2,2,4,1,1,2,2,2,2,2,2,2,1,2,3,2,2,2,2,1,1,2,3,2,2;1011,11,11,0001,1,1,11,11,11,01,11,11,11,1,11,111,11,01,11,11,1,1,01,111,11,01
559;lick;-;UP;Chet Baker;-;-;-;-;-;-;35;25;2,1,1,1,1,4,2,2,2,1,4,2,4,2,1,1,2,2,1,1,2,2,3,2,2;01,1,1,1,1,1001,01,01,01,1,1001,11,0001,11,1,1,11,11,1,1,01,11,110,11,11
560;line;-;UP;Miles Davis;-;-;-;-;-;-;16;7;1,4,4,2,2,2,2;1,1011,1111,11,11,11,11
561;lick;-;UP;J.J. Johnson;-;-;-;-;-;-;5;4;1,1,2,2;1,1,11,01
562;line;-;UP;John Coltrane;-;-;-;-;-;-;15;7;4,3,3,2,2,2,2;1011,111,011,11,11,01,11
563;lick;-;UP;Phil Woods;-;-;-;-;-;-;15;8;2,2,2,1,1,4,2,1;11,11,11,1,1,1111,11,1
564;line;-;MEDIUM UP;Joe Henderson;-;-;-;-;-;-;41;16;3,6,1,6,7,3,1,1,1,1,6,3,2,2,5,6;011,001111,1,111100,1010111,110,1,1,1,1,011101,111,11,11,01011,101111
565;line;-;UP;Sonny Rollins;-;-;-;-;-;-;22;11;2,2,2,2,4,2,3,2,2,2,2;11,11,11,01,1101,11,111,11,11,01,11
566;lick;-;MEDIUM UP;Lee Morgan;-;-;-;-;-;-;12;8;2,2,3,2,2,6,3,2;11,01,110,01,01,000011,110,01
567;lick;-;UP;Art Pepper;-;-;-;-;-;-;3;3;1,4,2;1,0001,01
568;line;-;MEDIUM UP;Lee Konitz;-;-;-;-;-;-;26;12;3,4,1,1,1,1,2,2,3,4,2,2;111,1111,1,1,1,1,11,11,111,1111,11,11
569;lick;-;UP;Joe Lovano;-;-;-;-;-;-;5;3;4,2,1;0110,11,1
570;lick;-;UP;Bob Berg;-;-;-;-;-;-;3;3;2,1,1;01,1,1
571;line;-;MEDIUM;Sonny Rollins;-;-;-;-;-;-;33;10;4,6,4,4,4,4,4,2,4,3;1111,001011,1111,1111,1111,1011,1011,01,1111,111
572;line;-;UP;Joe Henderson;-;-;-;-;-;-;11;6;2,2,4,2,1,2;11,11,1101,11,1,01
573;line;-;UP;Pepper Adams;-;-;-;-;-;-;14;7;2,4,3,2,2,3,2;11,1001,011,11,11,011,11
574;line;-;UP;John Coltrane;-;-;-;-;-;-;10;5;1,6,2,2,3;1,001111,01,11,110
575;line;-;UP;David Liebman;-;-;-;-;-;-;35;18;2,2,2,2,2,3,3,3,2,3,2,3,2,2,1,2,2,2;01,11,11,11,01,111,111,011,11,111,11,011,11,11,1,01,11,11
576;lick;-;MEDIUM;Dexter Gordon;-;-;-;-;-;-;5;3;6,2,3;000001,11,011
577;lick;-;MEDIUM UP;Miles Davis;-;-;-;-;-;-;3;2;1,6;1,010001
578;lick;-;MEDIUM UP;Hank Mobley;-;-;-;-;-;-;17;9;5,2,3,4,2,4,6,2,2;01111,01,011,1001,01,1001,100011,01,01
579;line;-;MEDIUM;Pat Martino;-;-;-;-;-;-;54;14;4,4,4,4,4,4,4,4,4,4,4,4,4,4;1111,1101,1101,1111,1111,1111,1111,1111,1111,1111,1111,1111,1111,1111
580;line;-;MEDIUM;Bob Berg;-;-;-;-;-;-;34;16;3,4,2,2,4,2,4,3,1,2,4,2,2,2,2,4;011,1110,11,11,1111,11,1100,110,1,01,1011,11,01,11,11,0111
581;line;-;UP;Charlie Parker;-;-;-;-;-;-;35;20;2,4,2,2,4,2,2,2,2,2,4,2,4,4,2,2,3,2,2,1;11,0110,01,01,0110,01,11,11,11,11,1001,01,0001,0111,11,11,011,11,11,1
582;lick;-;UP;J.J. Johnson;-;-;-;-;-;-;19;11;2,2,3,1,1,3,3,2,2,4,3;11,11,011,1,1,011,011,01,01,0011,111
583;lick;-;MEDIUM UP;Wayne Shorter;-;-;-;-;-;-;4;3;1,2,4;1,01,0011
584;line;-;UP;Joe Henderson;-;-;-;-;-;-;34;17;4,2,2,2,2,2,2,2,2,2,2,2,4,2,1,2,4;1101,11,11,11,11,11,01,11,11,11,11,11,1100,11,1,11,1011
585;line;-;UP;John Coltrane;-;-;-;-;-;-;20;11;2,2,2,3,1,2,3,2,1,2,2;01,11,11,111,1,11,011,11,1,11,11
586;line;-;UP;Wynton Marsalis;-;-;-;-;-;-;26;15;2,1,2,2,2,3,2,2,2,2,2,2,2,3,1;01,1,11,11,11,110,11,11,01,11,11,11,11,011,1
587;lick;-;UP;Chet Baker;-;-;-;-;-;-;5;3;2,2,2;11,11,01
588;lick;-;UP;John Coltrane;-;-;-;-;-;-;7;5;2,2,2,2,4;11,01,01,11,0001
589;lick;-;UP;John Coltrane;-;-;-;-;-;-;30;15;2,1,2,2,2,2,3,4,4,1,2,3,3,2,1;01,1,11,11,11,11,111,1111,1011,1,11,011,011,11,1
590;lick;-;UP;John Coltrane;-;-;-;-;-;-;3;2;2,1;11,1
591;line;-;UP;Phil Woods;-;-;-;-;-;-;27;14;2,3,2,2,2,3,1,4,2,3,2,2,2,2;01,111,11,11,01,011,1,1100,11,111,11,11,11,11
592;lick;-;UP;Charlie Parker;-;-;-;-;-;-;21;13;4,1,1,2,2,2,2,2,2,2,2,2,2;1100,1,1,01,11,11,11,11,01,11,01,11,11
593;line;-;MEDIUM UP;David Liebman;-;-;-;-;-;-;38;12;2,2,4,5,3,2,3,4,4,8,6,3;11,11,1011,10111,011,01,111,1111,1111,11010011,101111,111
594;lick;-;UP;Branford Marsalis;-;-;-;-;-;-;9;6;2,2,2,2,2,2;11,01,01,11,11,01
595;lick;-;UP;John Coltrane;-;-;-;-;-;-;3;2;2,1;11,1
596;lick;-;MEDIUM UP;John Coltrane;-;-;-;-;-;-;11;4;6,6,4,2;101111,010001,1011,01
597;line;-;MEDIUM UP;Kenny Dorham;-;-;-;-;-;-;31;14;6,4,2,2,6,4,1,2,2,2,2,2,3,2;111001,0001,11,11,101111,1001,1,11,11,11,01,11,111,11
598;lick;-;MEDIUM UP;Kenny Dorham;-;-;-;-;-;-;13;7;2,2,2,2,2,2,2;11,11,11,11,11,11,01
599;lick;-;MEDIUM UP;Woody Shaw;-;-;-;-;-;-;34;15;4,4,4,2,1,2,2,2,2,2,2,4,4,3,6;1101,1111,1111,01,1,11,11,01,01,01,11,1101,0011,110,011111
600;lick;-;MEDIUM UP;Sonny Rollins;-;-;-;-;-;-;6;4;2,2,2,2;01,11,11,01
601;line;-;MEDIUM;Pat Martino;-;-;-;-;-;-;43;12;4,6,4,4,4,4,4,4,4,4,4,3;1011,010111,1111,1111,1111,1111,1111,1111,1111,1100,1101,111
602;line;-;UP;Sonny Rollins;-;-;-;-;-;-;48;26;2,2,2,3,2,2,1,2,2,2,4,2,2,2,2,1,2,2,2,2,2,2,2,2,2,2;11,11,11,011,11,11,1,01,11,11,0011,11,11,11,11,1,11,11,11,01,11,11,11,11,11,11
603;lick;-;MEDIUM;Freddie Hubbard;-;-;-;-;-;-;48;21;4,2,6,1,4,8,6,2,3,2,4,4,4,3,3,3,3,4,2,1,2;1111,01,001101,1,0111,00001111,011011,11,011,01,0001,0011,0001,110,111,111,111,1111,01,1,11
604;lick;-;UP;John Coltrane;-;-;-;-;-;-;6;4;2,2,1,2;11,01,1,11
605;line;-;MEDIUM;John Coltrane;-;-;-;-;-;-;14;4;6,4,3,5;111111,0011,110,01111
606;lick;-;UP;Michael Brecker;-;-;-;-;-;-;78;44;2,2,2,2,4,2,1,1,2,2,2,2,2,2,2,2,1,2,2,2,2,2,4,2,2,1,2,4,2,2,2,2,2,2,2,1,2,2,2,2,1,6,4,2;11,01,01,11,0001,11,1,1,01,11,11,11,01,11,11,01,1,11,01,11,11,11,0111,11,11,1,01,1111,01,01,11,11,11,11,11,1,01,11,11,11,1,101011,1111,11
607;lick;-;MEDIUM UP;Clifford Brown;-;-;-;-;-;-;14;8;3,1,1,3,2,2,2,2;111,1,1,011,11,01,11,11
608;line;-;UP;Dexter Gordon;-;-;-;-;-;-;10;6;2,2,2,1,2,2;01,11,11,1,11,11
609;line;-;UP;Cannonball Adderley;-;-;-;-;-;-;39;20;6,3,3,1,2,2,4,3,1,2,2,4,4,3,2,1,2,2,3,3;000001,111,111,1,11,11,1001,111,1,11,11,1001,1001,011,11,1,01,01,111,111
610;line;-;MEDIUM UP;Kenny Dorham;-;-;-;-;-;-;22;9;2,2,2,2,2,2,5,6,2;11,01,11,11,11,11,00111,111111,11
611;line;-;UP;John Coltrane;-;-;-;-;-;-;12;7;2,2,1,2,2,2,2;01,11,1,11,11,11,11
612;line;-;MEDIUM;Steve Turre;-;-;-;-;-;-;21;8;6,3,4,2,3,4,6,3;011011,110,0001,11,011,0111,011011,111
613;line;-;UP;Chris Potter;-;-;-;-;-;-;57;31;2,1,3,2,2,3,2,2,2,1,2,4,1,2,2,2,3,2,3,2,2,2,4,2,2,2,1,2,2,1,3;11,1,011,11,01,011,11,11,11,1,11,1001,1,11,11,11,011,11,111,11,11,11,0110,11,11,11,1,11,11,1,011
614;lick;-;MEDIUM UP;Zoot Sims;-;-;-;-;-;-;6;4;1,2,4,2;1,11,0001,11
615;lick;-;MEDIUM;Hank Mobley;-;-;-;-;-;-;8;3;4,4,4;0110,0111,0111
616;lick;-;UP;John Coltrane;-;-;-;-;-;-;8;5;3,4,2,2,3;110,0001,01,11,011
617;lick;-;MEDIUM;Bob Berg;-;-;-;-;-;-;7;4;4,4,4,2;0001,0001,1110,11
618;line;-;UP;John Coltrane;-;-;-;-;-;-;22;14;2,2,1,2,2,2,2,2,1,2,2,2,2,2;11,01,1,11,11,01,11,01,1,11,01,11,11,11
619;line;-;MEDIUM UP;Kenny Dorham;-;-;-;-;-;-;16;8;4,2,2,2,4,2,2,2;0110,11,11,11,0011,11,11,11
620;lick;-;MEDIUM SLOW;Hank Mobley;-;-;-;-;-;-;11;5;4,2,1,4,3;1101,11,1,0111,011
621;lick;-;MEDIUM;Branford Marsalis;-;-;-;-;-;-;29;22;2,2,1,1,1,2,1,1,1,1,1,1,1,1,6,3,4,1,1,2,2,2;11,11,1,1,1,11,1,1,1,1,1,1,1,1,000001,111,0001,1,1,11,11,01
622;lick;-;UP;Art Pepper;-;-;-;-;-;-;27;13;5,2,2,2,2,4,6,2,2,4,4,2,2;00011,11,11,01,01,1001,100101,11,11,0111,1011,11,11
623;line;-;MEDIUM UP;Curtis Fuller;-;-;-;-;-;-;9;9;4,4,1,1,1,1,4,1,1;1001,1001,1,0,1,0,1001,0,1
624;line;-;MEDIUM;Pepper Adams;-;-;-;-;-;-;24;6;6,4,4,5,4,4;111110,1111,1111,11101,1111,0111
625;lick;-;MEDIUM SLOW;Joe Lovano;-;-;-;-;-;-;6;2;4,2;1111,11
626;lick;-;UP;Clifford Brown;-;-;-;-;-;-;5;3;4,1,2;0011,1,11
627;lick;-;MEDIUM UP;Sonny Stitt;-;-;-;-;-;-;6;4;4,3,1,4;1001,110,0,1001
628;line;-;UP;Michael Brecker;-;-;-;-;-;-;68;30;3,2,2,2,4,3,2,4,3,3,2,2,2,2,2,2,2,2,2,4,4,4,2,2,2,3,5,4,2,2;011,11,11,11,1111,011,11,1011,111,011,11,01,11,11,11,11,11,11,11,1101,1011,1001,11,01,11,111,01111,1101,11,11
629;lick;-;UP;J.J. Johnson;-;-;-;-;-;-;11;7;2,2,2,1,3,1,2;01,11,01,1,111,1,11
630;line;-;MEDIUM UP;David Liebman;-;-;-;-;-;-;10;3;6,4,2;010111,1111,11
631;lick;-;UP;Wayne Shorter;-;-;-;-;-;-;6;4;2,2,2,1;11,01,11,1
632;line;-;MEDIUM UP;Curtis Fuller;-;-;-;-;-;-;2;2;2,1;01,1
633;line;-;UP;Joe Lovano;-;-;-;-;-;-;17;9;1,4,4,2,2,2,2,2,2;1,0111,0110,11,11,11,01,11,11
634;line;-;MEDIUM UP;Joe Henderson;-;-;-;-;-;-;11;4;6,4,6,3;001011,0001,011011,111
635;lick;-;MEDIUM;Eric Dolphy;-;-;-;-;-;-;32;12;4,4,2,2,2,3,8,4,5,4,4,1;1011,1111,01,11,11,111,11101001,1100,01111,0110,1011,1
636;line;-;UP;Joe Henderson;-;-;-;-;-;-;18;12;4,1,2,3,2,2,1,2,2,4,2,1;0001,1,01,011,01,11,1,11,11,1100,11,1
637;line;-;MEDIUM;Joe Henderson;-;-;-;-;-;-;26;8;5,6,4,4,4,4,4,1;11111,011011,1111,0111,1111,0111,1001,1
638;lick;-;UP;Miles Davis;-;-;-;-;-;-;10;8;4,2,2,2,2,1,2,4;0011,01,01,01,11,1,01,0001
639;lick;-;UP;Stan Getz;-;-;-;-;-;-;10;8;2,3,2,2,2,2,2,2;01,011,01,01,11,01,01,01
640;lick;-;UP;John Coltrane;-;-;-;-;-;-;2;2;2,2;01,01
641;line;-;UP;Lee Konitz;-;-;-;-;-;-;32;18;2,2,2,2,2,2,2,2,2,1,1,1,4,2,2,2,2,1;11,11,11,11,11,11,11,11,11,1,1,1,1001,11,11,11,11,1
642;lick;-;UP;Art Pepper;-;-;-;-;-;-;3;3;2,4,4;01,0001,0001
643;lick;-;MEDIUM UP;Paul Desmond;-;-;-;-;-;-;8;6;1,2,4,2,1,1;1,01,0011,11,1,1
644;lick;-;MEDIUM;Sonny Rollins;-;-;-;-;-;-;14;6;1,4,4,4,2,1;1,0111,1111,1011,11,1
645;line;-;UP;Joe Lovano;-;-;-;-;-;-;30;15;1,2,2,2,2,4,2,2,2,3,4,1,1,2,2;1,11,11,11,11,1001,11,11,11,111,1111,1,1,11,11
646;line;-;MEDIUM;Steve Lacy;-;-;-;-;-;-;10;6;2,2,2,2,5,1;11,01,11,11,01001,1
647;lick;-;UP;Herbie Hancock;-;-;-;-;-;-;11;8;1,2,2,2,2,2,1,2;1,11,11,01,01,01,1,11
648;line;-;MEDIUM UP;David Liebman;-;-;-;-;-;-;16;3;10,6,4;1010101011,111111,1111
649;line;-;UP;Don Byas;-;-;-;-;-;-;68;33;1,4,2,2,2,2,2,2,4,2,2,2,1,4,2,2,2,2,2,2,2,2,2,4,2,2,2,2,2,4,2,2,3;1,0111,11,11,11,11,11,11,0111,11,11,11,1,1001,11,11,11,11,11,11,11,01,11,0111,11,11,11,11,11,1101,11,11,111
650;lick;-;MEDIUM UP;Paul Desmond;-;-;-;-;-;-;9;7;2,2,1,2,2,2,2;11,01,1,01,11,01,01
651;line;-;UP;Wynton Marsalis;-;-;-;-;-;-;43;24;2,2,1,4,2,3,1,4,4,3,4,2,2,2,2,2,2,3,2,2,1,1,2,2;11,11,1,0001,01,111,1,1101,1001,011,0001,11,11,11,11,11,01,111,11,11,1,1,11,11
652;lick;-;MEDIUM;Wayne Shorter;-;-;-;-;-;-;23;15;6,7,1,4,1,1,1,4,1,6,1,4,1,4,1,4;010001,0100011,0,1111,0,1,0,0011,0,000101,0,0011,0,1101,0,1111
653;lick;-;UP;Chris Potter;-;-;-;-;-;-;20;14;2,4,2,2,2,2,1,1,1,1,1,2,4,4;11,1011,01,11,01,11,1,1,1,1,1,01,0001,1100
654;line;-;MEDIUM UP;John Coltrane;-;-;-;-;-;-;29;11;4,4,6,4,2,6,6,1,4,3,1;1110,0011,111110,0110,11,011011,101110,1,0110,111,1
655;lick;-;UP;Herbie Hancock;-;-;-;-;-;-;14;9;1,1,3,1,2,2,4,4,4;1,1,011,1,01,11,1100,0001,1101
656;lick;-;MEDIUM UP;Charlie Parker;-;-;-;-;-;-;32;16;2,2,6,2,2,4,4,2,5,1,2,2,2,2,6,4;01,01,010011,01,01,1101,1011,11,01111,1,11,01,11,01,010011,1011
657;line;-;MEDIUM;Bob Berg;-;-;-;-;-;-;15;7;4,4,2,2,2,2,3;0001,1111,11,11,11,01,111
658;lick;-;UP;Miles Davis;-;-;-;-;-;-;2;2;2,2;01,01
659;lick;-;MEDIUM SLOW;Steve Coleman;-;-;-;-;-;-;5;2;4,4;0001,1111
660;lick;-;UP;David Liebman;-;-;-;-;-;-;4;2;2,2;11,11
661;lick;-;MEDIUM;Curtis Fuller;-;-;-;-;-;-;9;4;4,2,2,2;1111,11,01,11
662;lick;-;MEDIUM;Curtis Fuller;-;-;-;-;-;-;23;12;9,1,1,1,1,4,4,2,4,6,3,6;010001111,1,1,1,1,1001,0001,11,1001,100001,011,010101
663;lick;-;MEDIUM UP;David Liebman;-;-;-;-;-;-;4;2;3,1;111,1
664;line;-;UP;Michael Brecker;-;-;-;-;-;-;43;19;2,2,2,2,3,2,4,3,3,3,1,2,2,2,1,2,3,4,2;11,11,11,11,111,11,1111,111,011,111,1,11,11,11,1,11,110,1111,11
665;lick;-;MEDIUM UP;Cannonball Adderley;-;-;-;-;-;-;31;13;3,6,1,1,4,2,4,4,2,2,2,8,4;111,000001,1,1,1001,11,0001,0111,11,11,11,11111111,1101
666;lick;-;UP;Joshua Redman;-;-;-;-;-;-;35;20;2,2,1,2,4,1,1,4,1,2,2,1,3,4,2,2,2,2,1,2;01,11,1,11,1001,1,1,1011,1,01,11,1,111,1111,11,11,11,11,1,01
667;lick;-;MEDIUM;Steve Turre;-;-;-;-;-;-;10;4;5,4,1,4;00011,0111,1,1111
668;line;-;UP;Art Pepper;-;-;-;-;-;-;25;12;2,2,2,4,4,4,5,4,2,2,2,3;01,01,11,0111,0001,1011,10111,1101,11,11,01,110
669;lick;-;UP;Michael Brecker;-;-;-;-;-;-;9;5;1,1,4,4,2;1,1,0011,1111,01
670;line;-;MEDIUM;Bob Berg;-;-;-;-;-;-;33;13;2,3,4,3,5,5,3,4,2,2,2,2,2;01,110,0111,111,11111,11111,111,1100,11,01,11,11,11
671;lick;-;MEDIUM UP;Don Ellis;-;-;-;-;-;-;15;8;3,2,5,3,4,2,2,2;110,11,01001,011,0001,11,11,11
672;line;-;UP;Don Ellis;-;-;-;-;-;-;17;9;2,3,2,1,2,2,1,4,2;11,110,11,1,11,11,1,0111,11
673;lick;-;MEDIUM SLOW;Dexter Gordon;-;-;-;-;-;-;7;3;3,4,3;011,1110,110
674;line;-;MEDIUM;Dexter Gordon;-;-;-;-;-;-;62;22;4,4,3,4,3,2,2,2,2,4,4,4,8,4,5,2,4,10,4,3,4,4;1111,0111,011,1100,110,01,11,11,11,1011,0011,1111,01000101,0111,00011,11,1111,1000100111,1111,011,1111,1111
675;lick;-;UP;Charlie Parker;-;-;-;-;-;-;10;7;2,1,1,2,2,2,2;11,1,1,01,11,01,11
676;line;-;MEDIUM SLOW;Steve Lacy;-;-;-;-;-;-;15;6;3,1,2,3,3,4;111,1,11,111,111,0111
677;line;-;MEDIUM UP;Milt Jackson;-;-;-;-;-;-;21;12;2,1,2,2,1,6,2,2,2,2,2,2;11,1,01,11,1,100011,11,11,01,11,11,11
678;lick;-;UP;Don Ellis;-;-;-;-;-;-;7;5;2,1,2,4,2;11,1,01,0001,11
679;line;-;UP;John Coltrane;-;-;-;-;-;-;15;9;1,1,2,2,2,2,1,2,2;1,1,11,11,11,11,1,11,11
680;line;-;UP;Phil Woods;-;-;-;-;-;-;29;13;2,2,2,2,2,3,2,2,2,2,2,2,4;11,11,11,11,11,111,11,11,11,11,11,11,1111
681;line;-;UP;Joshua Redman;-;-;-;-;-;-;34;15;2,2,2,4,2,3,6,2,2,2,6,4,3,2,1;11,11,11,0111,11,011,101110,11,11,11,101110,0011,011,11,1
682;lick;-;MEDIUM UP;Lee Morgan;-;-;-;-;-;-;19;9;3,3,3,2,4,6,2,4,1;111,011,111,11,0001,100101,01,1011,1
683;lick;-;MEDIUM;Steve Lacy;-;-;-;-;-;-;14;8;2,4,4,2,2,4,1,1;01,0001,1101,11,11,0111,1,1
684;line;-;UP;David Liebman;-;-;-;-;-;-;28;13;2,1,4,3,2,4,3,3,4,2,2,1,2;11,1,1011,111,01,1011,011,111,1111,11,01,1,11
685;lick;-;UP;Kai Winding;-;-;-;-;-;-;3;3;4,1,4;0001,1,0001
686;lick;-;UP;John Coltrane;-;-;-;-;-;-;9;5;2,2,3,4,2;11,11,011,0001,11
687;lick;-;MEDIUM SLOW;Hank Mobley;-;-;-;-;-;-;21;10;2,1,2,2,1,2,6,6,4,4;11,1,11,01,1,11,011001,010001,1111,1011
688;lick;-;UP;Art Pepper;-;-;-;-;-;-;10;6;1,4,3,1,4,2;1,0011,110,1,0111,01
689;line;-;UP;John Coltrane;-;-;-;-;-;-;9;4;1,4,3,3;1,1011,011,111
690;line;-;UP;Warne Marsh;-;-;-;-;-;-;12;7;2,1,1,2,3,2,4;11,1,1,11,111,11,0001
691;line;-;MEDIUM UP;Joe Henderson;-;-;-;-;-;-;36;10;4,6,4,2,6,6,4,6,6,6;1111,110101,1111,01,011111,010111,0011,100001,110111,111101
692;line;-;UP;John Coltrane;-;-;-;-;-;-;6;4;2,2,1,1;11,11,1,1
693;lick;-;MEDIUM UP;Cannonball Adderley;-;-;-;-;-;-;8;4;2,4,2,1;11,1110,11,1
694;line;-;MEDIUM UP;Steve Lacy;-;-;-;-;-;-;34;16;4,5,6,2,2,2,2,2,2,4,2,2,4,4,1,4;0111,00101,001001,01,01,11,11,11,01,0111,11,11,1101,1111,1,1101
695;lick;-;UP;John Coltrane;-;-;-;-;-;-;9;5;2,2,2,2,2;11,01,11,11,11
696;line;-;UP;John Coltrane;-;-;-;-;-;-;19;8;4,3,2,2,3,2,3,2;1101,011,11,11,111,11,111,11
697;lick;-;UP;Paul Desmond;-;-;-;-;-;-;13;9;1,2,2,2,2,2,2,1,1;1,11,01,11,11,01,11,1,1
698;line;-;MEDIUM UP;Joe Henderson;-;-;-;-;-;-;29;10;1,1,6,4,4,6,1,1,6,6;1,1,111111,1111,0111,001111,1,1,010111,010111
699;lick;-;MEDIUM UP;Charlie Parker;-;-;-;-;-;-;44;20;4,6,1,4,4,2,4,2,2,2,2,2,2,3,1,4,4,6,4,2;1011,010011,1,1101,0001,11,1011,11,11,11,01,01,11,110,1,1100,0111,110111,1101,11
700;line;-;UP;Sonny Stitt;-;-;-;-;-;-;41;20;3,2,2,2,4,4,1,4,3,2,2,4,2,2,1,2,2,2,2,2;111,11,11,11,1011,0001,1,1001,111,11,11,0111,11,11,1,11,11,11,11,11
701;line;-;MEDIUM;Pepper Adams;-;-;-;-;-;-;12;4;3,4,4,6;011,1110,0111,010111
702;line;-;MEDIUM UP;Miles Davis;-;-;-;-;-;-;14;7;2,2,2,2,2,2,2;11,11,11,11,11,11,11
703;lick;-;UP;Wayne Shorter;-;-;-;-;-;-;3;2;2,2;01,11
704;lick;-;UP;Don Byas;-;-;-;-;-;-;29;17;2,2,4,2,1,2,2,2,2,2,2,1,2,2,2,2,2;01,11,1011,01,1,11,11,11,11,11,11,1,01,11,01,11,11
705;line;-;UP;Miles Davis;-;-;-;-;-;-;13;8;2,3,2,2,2,1,1,2;01,111,01,11,11,1,1,11
706;line;-;UP;John Coltrane;-;-;-;-;-;-;18;10;2,2,4,2,2,2,2,2,4,4;01,01,0001,11,01,11,01,11,1110,1111
707;line;-;MEDIUM;Pat Metheny;-;-;-;-;-;-;40;12;6,1,4,6,4,6,3,4,4,4,3,3;011101,1,1111,101001,1101,101011,111,1111,1111,1111,111,111
708;line;-;MEDIUM UP;John Coltrane;-;-;-;-;-;-;22;11;3,3,3,3,2,2,2,1,1,7,4;110,110,111,111,01,01,01,1,1,1101111,0001
709;line;-;UP;Chris Potter;-;-;-;-;-;-;62;31;2,2,2,2,2,2,1,3,4,2,2,4,4,2,2,2,2,2,2,2,2,1,3,2,2,2,2,1,2,2,2;11,11,11,11,11,11,1,111,1101,11,11,1101,1110,11,11,11,11,11,11,11,01,1,011,11,11,11,11,1,11,11,11
710;line;-;MEDIUM SLOW;John Coltrane;-;-;-;-;-;-;24;6;4,8,8,4,6,3;0111,10101011,11111100,0111,111100,111
711;line;-;UP;J.J. Johnson;-;-;-;-;-;-;11;6;2,2,2,2,2,2;11,11,11,01,11,11
712;lick;-;MEDIUM UP;Woody Shaw;-;-;-;-;-;-;1;1;1;1
713;line;-;MEDIUM UP;John Coltrane;-;-;-;-;-;-;40;13;2,2,4,6,3,1,4,3,4,4,4,4,4;11,11,1111,101111,111,1,1111,111,1110,0111,0111,1111,0111
714;lick;-;UP;J.J. Johnson;-;-;-;-;-;-;8;5;2,2,2,2,1;11,11,11,01,1
715;lick;-;MEDIUM;Wayne Shorter;-;-;-;-;-;-;7;3;3,6,4;110,100111,0001
716;lick;-;MEDIUM UP;Art Pepper;-;-;-;-;-;-;6;2;4,4;1111,1001
717;lick;-;MEDIUM;Paul Desmond;-;-;-;-;-;-;14;6;6,2,2,3,4,6;111100,01,01,111,0110,010101
718;line;-;UP;Woody Shaw;-;-;-;-;-;-;66;30;2,2,3,2,2,2,2,3,3,2,2,2,3,3,2,2,2,2,1,4,3,3,2,2,3,3,2,4,4,2;11,01,011,01,11,11,11,111,011,11,11,11,111,111,11,11,11,11,1,1110,111,110,11,11,111,111,11,1111,1011,01
719;line;-;UP;Michael Brecker;-;-;-;-;-;-;96;45;2,3,2,1,2,2,1,1,4,2,4,4,2,2,2,2,2,2,2,4,6,5,4,2,2,3,2,3,4,2,2,2,2,2,2,2,2,2,2,2,2,2,3,2,2;11,111,11,1,11,11,1,1,0011,11,1101,1011,11,11,11,11,11,11,11,1111,000111,10111,1111,11,01,111,11,111,1001,11,11,01,11,01,11,11,11,11,11,11,11,11,011,11,11
720;line;-;MEDIUM;Bob Berg;-;-;-;-;-;-;20;8;2,1,2,4,4,4,4,2;11,1,11,0111,1111,0111,1111,01
721;lick;-;UP;Joe Lovano;-;-;-;-;-;-;11;7;1,2,2,2,4,3,1;1,11,11,11,0001,110,1
722;line;-;UP;Kenny Dorham;-;-;-;-;-;-;33;20;2,2,2,3,2,2,2,2,2,2,1,2,2,2,2,2,1,2,2,2;01,11,11,011,11,01,11,11,11,01,1,11,11,01,11,11,1,01,11,11
723;line;-;MEDIUM UP;John Coltrane;-;-;-;-;-;-;40;15;4,4,4,6,5,4,3,2,4,4,4,4,4,1,2;1111,1001,0111,110111,11111,0011,111,11,0011,0111,1110,1100,0001,1,11
724;line;-;UP;David Liebman;-;-;-;-;-;-;99;54;3,2,4,3,2,4,2,4,2,4,2,1,1,4,4,2,2,1,2,2,2,2,1,4,1,4,2,2,2,2,4,3,2,2,2,2,4,1,1,3,3,3,3,2,2,2,1,2,2,2,1,4,2,1;111,01,1011,011,01,1001,11,0001,11,1111,01,1,1,1011,1011,01,11,1,01,01,11,11,1,1111,1,0001,11,11,11,11,1011,111,11,01,11,11,1011,1,1,011,111,110,111,11,01,01,1,01,11,11,1,0011,11,1
725;line;-;UP;Steve Coleman;-;-;-;-;-;-;36;14;2,2,2,4,4,2,5,4,3,2,2,3,4,2;11,11,01,1011,1101,11,11111,0111,111,11,11,111,1101,11
726;line;-;UP;Kenny Dorham;-;-;-;-;-;-;24;12;4,2,2,2,4,3,4,2,2,2,2,2;1101,11,01,11,1110,011,1011,11,11,11,01,01
727;lick;-;UP;Michael Brecker;-;-;-;-;-;-;25;13;2,2,4,2,2,1,1,2,4,2,2,1,4;01,01,1111,11,11,1,1,11,1001,11,11,1,1111
728;line;-;UP;John Coltrane;-;-;-;-;-;-;16;7;2,4,2,4,2,3,4;11,0111,11,1011,11,011,1001
729;line;-;UP;Lee Konitz;-;-;-;-;-;-;25;16;2,1,2,2,1,1,2,2,2,2,3,2,2,2,1,2;01,1,11,11,1,1,01,01,01,11,111,11,11,11,1,11
730;lick;-;MEDIUM;Dexter Gordon;-;-;-;-;-;-;8;2;8,4;01010101,1111
731;lick;-;UP;John Coltrane;-;-;-;-;-;-;10;4;4,2,2,2;1111,11,11,11
732;lick;-;MEDIUM;Sonny Rollins;-;-;-;-;-;-;2;2;1,1;1,1
733;lick;-;UP;Woody Shaw;-;-;-;-;-;-;22;15;2,1,1,4,4,4,4,2,1,1,2,2,2,2,3;01,1,1,0001,0001,0001,1001,11,1,1,11,11,11,11,011
734;lick;-;UP;Stan Getz;-;-;-;-;-;-;5;3;2,2,2;11,11,01
735;line;-;UP;John Coltrane;-;-;-;-;-;-;59;35;2,2,2,4,2,2,2,1,4,2,2,1,2,2,2,2,2,3,2,1,1,4,1,2,2,2,1,2,2,2,2,2,2,2,2;11,11,11,1101,01,11,11,1,0001,01,11,1,11,11,11,11,11,110,11,1,1,1101,1,11,11,01,1,01,01,01,11,11,11,11,11
736;lick;-;MEDIUM;J.J. Johnson;-;-;-;-;-;-;26;12;1,2,4,4,2,3,8,2,2,2,1,2;1,01,0111,1011,11,110,10101011,11,11,11,1,11
737;line;-;MEDIUM UP;Eric Dolphy;-;-;-;-;-;-;10;5;4,4,2,2,2;1100,1011,01,11,11
738;line;-;MEDIUM;Freddie Hubbard;-;-;-;-;-;-;13;8;1,1,1,1,1,6,3,3;1,1,1,1,1,000101,111,111
739;lick;-;UP;John Coltrane;-;-;-;-;-;-;3;2;1,2;1,11
740;line;-;UP;David Liebman;-;-;-;-;-;-;83;45;2,2,2,2,2,1,2,2,3,2,2,2,1,1,2,1,4,2,2,2,2,2,1,1,2,2,2,2,2,2,2,2,1,3,3,3,3,3,2,2,2,2,4,3,4;11,11,11,01,11,1,11,11,111,11,11,11,1,1,11,1,0001,01,11,11,11,11,1,1,11,11,11,11,01,11,11,11,1,011,011,111,011,110,11,11,11,01,0111,111,1011
741;lick;-;UP;John Coltrane;-;-;-;-;-;-;8;5;2,3,2,2,2;01,011,01,11,11
742;lick;-;MEDIUM;Dexter Gordon;-;-;-;-;-;-;5;3;3,3,1;011,011,1
743;lick;-;UP;Wynton Marsalis;-;-;-;-;-;-;18;13;4,1,1,1,1,1,2,4,1,2,2,2,4;0110,1,1,1,1,1,01,1101,1,01,11,11,0001
744;lick;-;MEDIUM UP;Wayne Shorter;-;-;-;-;-;-;8;6;1,1,2,4,2,1;1,1,01,0011,11,1
745;lick;-;MEDIUM;David Liebman;-;-;-;-;-;-;8;5;4,2,1,2,1;1100,11,1,11,1
746;lick;-;MEDIUM UP;John Coltrane;-;-;-;-;-;-;32;16;4,2,2,4,2,2,2,2,2,1,1,2,2,6,6,4;1100,11,11,0110,01,01,01,11,01,1,1,11,11,111110,101111,0011
747;line;-;UP;Pat Metheny;-;-;-;-;-;-;60;35;2,3,2,1,3,2,2,2,2,2,2,2,1,2,2,2,2,2,1,4,2,2,2,2,1,2,2,2,2,2,2,2,2,2,2;11,011,01,1,110,01,11,11,01,11,11,11,1,11,01,01,11,11,1,1011,11,11,11,11,1,01,11,01,11,11,11,11,11,11,11
748;lick;-;UP;Dexter Gordon;-;-;-;-;-;-;3;2;2,1;11,1
749;line;-;MEDIUM UP;Eric Dolphy;-;-;-;-;-;-;9;3;4,4,4;1011,1111,1100
750;line;-;MEDIUM SLOW;Hank Mobley;-;-;-;-;-;-;28;10;6,4,5,4,6,4,8,2,1,3;111000,1111,01111,1111,000011,1011,01000011,11,1,011
751;lick;-;UP;David Liebman;-;-;-;-;-;-;1;1;2;01
752;lick;-;UP;Herbie Hancock;-;-;-;-;-;-;4;4;1,2,2,2;1,01,01,01
753;line;-;UP;Charlie Parker;-;-;-;-;-;-;13;6;3,2,4,2,4,4;011,11,1011,01,0011,0111
754;line;-;UP;Michael Brecker;-;-;-;-;-;-;25;13;2,1,2,2,1,1,4,4,3,2,2,2,4;11,1,01,11,1,1,1101,1111,111,01,11,11,1001
755;lick;-;UP;J.J. Johnson;-;-;-;-;-;-;18;9;4,2,2,2,3,1,3,1,6;1101,11,01,01,011,1,111,1,010111
756;lick;-;MEDIUM;Hank Mobley;-;-;-;-;-;-;6;3;8,3,8;00000011,011,00000011
757;lick;-;MEDIUM UP;Miles Davis;-;-;-;-;-;-;4;2;2,2;11,11
758;line;-;MEDIUM;Pepper Adams;-;-;-;-;-;-;18;4;6,4,6,6;010111,1111,101111,111110
759;lick;-;MEDIUM UP;Art Pepper;-;-;-;-;-;-;7;3;2,6,3;11,010011,011
760;lick;-;MEDIUM SLOW;Steve Coleman;-;-;-;-;-;-;24;7;4,5,4,4,4,4,4;1110,11111,1011,1111,1111,1110,1001
761;lick;-;UP;Chris Potter;-;-;-;-;-;-;11;4;3,2,4,4;011,11,0111,1111
762;lick;-;UP;Gerry Mulligan;-;-;-;-;-;-;26;17;2,2,2,2,4,1,1,4,2,4,1,2,1,2,2,2,2;11,11,11,01,1011,1,1,1001,01,0001,1,11,1,11,11,01,01
763;line;-;MEDIUM UP;Wayne Shorter;-;-;-;-;-;-;16;9;4,2,2,2,2,2,2,2,2;0011,01,11,11,11,11,11,01,11
764;line;-;UP;Nat Adderley;-;-;-;-;-;-;10;8;4,1,1,1,1,1,1,2;0110,1,1,1,1,1,1,11
765;line;-;UP;John Coltrane;-;-;-;-;-;-;43;27;2,2,3,2,2,1,2,1,2,2,2,2,2,2,1,2,2,4,2,2,2,2,2,2,2,2,1;11,11,011,11,11,1,11,1,11,11,01,11,11,01,1,01,01,0110,11,11,01,11,01,11,11,01,1
766;lick;-;UP;Art Pepper;-;-;-;-;-;-;3;2;2,4;11,0001
767;lick;-;MEDIUM UP;Cannonball Adderley;-;-;-;-;-;-;9;5;2,3,2,4,2;11,111,11,0001,01
768;lick;-;UP;John Coltrane;-;-;-;-;-;-;10;6;2,4,4,1,4,1;11,0110,0011,1,0011,1
769;line;-;MEDIUM;Lee Konitz;-;-;-;-;-;-;21;12;1,2,1,2,1,2,2,2,2,2,2,2;1,11,1,11,1,11,11,11,11,11,11,11
770;lick;-;UP;Lee Konitz;-;-;-;-;-;-;4;2;2,2;11,11
771;lick;-;UP;Herbie Hancock;-;-;-;-;-;-;6;5;2,1,2,1,2;11,1,01,1,01
772;lick;-;UP;Branford Marsalis;-;-;-;-;-;-;35;23;2,2,1,1,1,2,2,2,2,1,2,2,2,2,2,2,4,4,2,2,2,1,1;01,01,1,1,1,11,11,11,11,1,11,01,11,11,11,01,1001,1101,01,11,01,1,1
773;lick;-;UP;Dexter Gordon;-;-;-;-;-;-;4;2;2,2;11,11
774;line;-;UP;David Liebman;-;-;-;-;-;-;33;17;4,6,2,2,2,2,2,4,3,6,4,2,2,2,1,1,1;1001,010001,11,11,11,01,01,1111,111,010011,1110,11,11,01,1,1,1
775;line;-;MEDIUM SLOW;Joe Lovano;-;-;-;-;-;-;8;6;1,1,1,4,1,4;1,1,1,0110,1,1100
776;lick;-;UP;Miles Davis;-;-;-;-;-;-;10;6;2,2,2,2,2,2;11,11,01,11,11,01
777;line;-;MEDIUM;Michael Brecker;-;-;-;-;-;-;30;12;8,4,3,2,2,1,2,8,2,2,2,4;10010001,1111,110,11,11,1,11,10010111,11,11,11,0111
778;line;-;UP;John Coltrane;-;-;-;-;-;-;38;20;2,2,2,3,3,2,3,3,2,1,2,3,6,1,2,2,1,4,3,4;11,01,11,011,011,11,110,011,11,1,11,110,101011,1,11,11,1,1101,110,0001
779;lick;-;UP;Woody Shaw;-;-;-;-;-;-;5;3;2,2,2;01,11,11
780;lick;-;UP;Gerry Mulligan;-;-;-;-;-;-;29;17;4,4,1,2,2,2,2,2,2,2,2,1,1,1,2,4,2;1001,1001,1,11,01,11,11,11,11,11,11,1,1,1,01,1011,11
781;line;-;MEDIUM SLOW;Joe Lovano;-;-;-;-;-;-;6;2;4,2;1111,11
782;lick;-;UP;Gerry Mulligan;-;-;-;-;-;-;25;17;2,2,2,2,1,2,2,2,2,1,1,1,1,2,2,2,1;01,11,11,11,1,11,11,11,01,1,1,1,1,11,11,01,1
783;lick;-;UP;Wynton Marsalis;-;-;-;-;-;-;13;9;5,1,3,4,1,1,1,2,1;01111,1,011,0001,1,1,1,01,1
784;line;-;UP;J.J. Johnson;-;-;-;-;-;-;13;9;1,1,1,2,4,2,2,1,1;1,1,1,11,1001,11,11,1,1
785;line;-;UP;Bob Berg;-;-;-;-;-;-;11;6;2,2,2,2,2,2;11,01,11,11,11,11
786;line;-;MEDIUM;Wayne Shorter;-;-;-;-;-;-;20;8;2,2,1,4,4,7,4,4;11,11,1,0111,1100,1010111,1100,0111
787;lick;-;UP;Steve Coleman;-;-;-;-;-;-;24;14;2,4,2,2,1,1,2,2,2,2,2,2,2,2;11,0001,11,01,1,1,11,11,11,11,11,11,11,11
788;lick;-;MEDIUM;Bob Berg;-;-;-;-;-;-;9;4;1,6,6,2;1,101001,010111,01
789;line;-;UP;David Liebman;-;-;-;-;-;-;80;38;2,2,4,4,3,1,4,4,2,4,4,4,3,2,2,1,1,4,2,2,4,4,3,4,3,2,2,1,2,2,1,4,3,4,4,1,2,2;11,11,1111,1011,011,1,1110,1111,11,1111,1001,0110,011,11,01,1,1,1111,11,11,1011,1110,011,1100,111,11,11,1,01,11,1,1011,011,0001,1001,1,01,11
790;lick;-;UP;Joe Henderson;-;-;-;-;-;-;12;8;2,2,1,2,2,2,1,2;11,01,1,11,11,11,1,01
791;lick;-;UP;John Coltrane;-;-;-;-;-;-;13;7;3,2,4,2,2,1,2;111,11,0001,11,11,1,11
792;line;-;UP;Milt Jackson;-;-;-;-;-;-;18;9;2,2,2,2,2,2,2,2,2;11,11,11,11,11,11,11,11,11
793;lick;-;MEDIUM UP;Freddie Hubbard;-;-;-;-;-;-;6;3;4,2,2;1001,11,11
794;lick;-;UP;Dexter Gordon;-;-;-;-;-;-;26;15;4,3,2,2,2,2,1,2,2,2,1,6,3,2,1;0001,011,11,11,11,01,1,11,11,11,1,010011,011,11,1
795;lick;-;UP;Charlie Parker;-;-;-;-;-;-;9;5;1,2,2,4,8;1,11,01,1011,00000011
796;line;-;UP;Pepper Adams;-;-;-;-;-;-;10;5;4,3,2,2,2;1101,011,11,11,01
797;line;-;UP;Lee Konitz;-;-;-;-;-;-;32;17;2,2,2,1,2,2,2,4,3,3,2,1,1,2,2,2,2;11,01,11,1,11,11,11,1111,011,110,11,1,1,11,11,11,11
798;lick;-;MEDIUM;Sonny Rollins;-;-;-;-;-;-;6;4;4,4,2,1;0110,1100,01,1
799;line;-;UP;Steve Coleman;-;-;-;-;-;-;49;23;2,2,2,2,2,3,3,2,2,2,2,2,3,2,4,2,3,3,4,4,2,2,4;11,11,11,11,01,111,011,11,11,01,11,11,111,11,0011,11,110,111,1101,1111,11,11,0001
800;line;-;UP;Lee Konitz;-;-;-;-;-;-;30;15;2,2,2,4,3,4,2,2,2,2,2,2,1,4,2;11,11,11,1101,110,1011,01,11,11,11,11,11,1,1011,01
801;lick;-;UP;Lee Konitz;-;-;-;-;-;-;19;10;2,2,2,2,2,2,2,4,2,2;11,11,11,11,11,11,11,0001,11,11
802;line;-;MEDIUM UP;John Coltrane;-;-;-;-;-;-;46;22;1,3,3,1,2,1,2,2,4,7,5,4,1,4,2,1,2,2,1,5,4,2;1,111,011,1,11,1,01,01,1001,1011111,00101,1111,1,0111,01,1,11,11,1,11111,1011,01
803;lick;-;UP;Miles Davis;-;-;-;-;-;-;4;2;4,2;1101,01
804;line;-;UP;David Liebman;-;-;-;-;-;-;34;18;2,2,2,2,2,3,2,2,2,1,2,2,2,2,2,2,2,3;11,11,11,01,11,011,01,11,11,1,11,11,11,11,11,11,11,111
805;lick;-;MEDIUM UP;Cannonball Adderley;-;-;-;-;-;-;4;2;3,1;111,1
806;lick;-;UP;Lee Konitz;-;-;-;-;-;-;23;16;2,2,2,1,1,1,3,2,1,3,1,1,2,1,1,2;11,11,11,1,1,1,011,11,1,011,1,1,01,1,1,11
807;line;-;MEDIUM;Woody Shaw;-;-;-;-;-;-;18;7;3,6,1,1,1,4,4;111,111101,1,1,1,1110,1111
808;lick;-;UP;Sonny Rollins;-;-;-;-;-;-;24;14;1,2,2,4,2,3,2,2,2,1,2,2,2,1;1,11,11,1001,11,110,11,11,01,1,11,11,11,1
809;lick;-;MEDIUM;Curtis Fuller;-;-;-;-;-;-;10;5;3,4,1,4,3;111,0001,1,1110,011
810;lick;-;UP;Dexter Gordon;-;-;-;-;-;-;6;5;2,6,2,1,1;01,010001,01,1,1
811;lick;-;MEDIUM;Freddie Hubbard;-;-;-;-;-;-;10;4;2,4,2,3;01,1111,11,111
812;lick;-;UP;David Liebman;-;-;-;-;-;-;53;37;2,2,1,4,4,4,2,2,4,1,1,2,2,4,1,1,1,2,2,2,2,2,2,2,1,1,2,2,4,4,1,1,1,4,2,2,2;11,11,1,0001,0001,0001,11,11,1011,1,1,11,01,1100,1,1,1,11,01,01,11,11,01,11,1,1,11,11,1001,1001,1,1,1,0001,01,01,01
813;line;-;UP;John Coltrane;-;-;-;-;-;-;8;5;4,1,1,2,3;0011,1,1,11,011
814;lick;-;UP;Stan Getz;-;-;-;-;-;-;9;6;2,1,1,2,2,2;11,1,1,11,01,11
815;lick;-;UP;John Coltrane;-;-;-;-;-;-;8;5;2,2,2,2,2;11,01,11,11,01
816;lick;-;UP;Paul Desmond;-;-;-;-;-;-;20;14;2,6,2,2,1,2,3,3,4,4,2,1,1,2;01,100001,01,11,1,01,011,011,1001,0001,11,1,1,01
817;lick;-;UP;Pat Metheny;-;-;-;-;-;-;8;7;2,1,1,1,2,2,2;01,1,1,1,01,11,01
818;lick;-;MEDIUM;Stan Getz;-;-;-;-;-;-;15;8;1,2,4,6,2,2,2,2;1,01,0111,101101,11,01,11,01
819;lick;-;MEDIUM SLOW;Michael Brecker;-;-;-;-;-;-;10;3;4,8,3;1100,11010011,111
820;line;-;UP;Joe Lovano;-;-;-;-;-;-;33;16;4,2,2,3,3,2,2,2,2,3,4,2,4,3,3,2;1001,11,01,111,110,11,11,11,11,011,0011,01,1101,111,011,11
821;lick;-;UP;Steve Lacy;-;-;-;-;-;-;8;7;2,1,1,1,4,1,1;11,1,1,1,0001,1,1
822;lick;-;UP;John Coltrane;-;-;-;-;-;-;6;4;1,4,2,1;1,1001,11,1
823;lick;-;MEDIUM SLOW;John Coltrane;-;-;-;-;-;-;19;11;6,2,4,4,1,1,4,1,5,1,2;100111,01,0001,1111,1,0,1011,0,00111,0,11
824;line;-;MEDIUM;Eric Dolphy;-;-;-;-;-;-;38;9;8,6,1,8,4,8,7,4,6;10100111,111110,1,01111100,0110,10100111,1111111,1111,011011
825;line;-;UP;Joe Lovano;-;-;-;-;-;-;27;14;1,2,4,2,2,3,3,2,4,4,1,2,2,3;1,01,1111,01,11,110,011,11,0011,1011,1,11,11,011
826;lick;-;UP;Paul Desmond;-;-;-;-;-;-;5;3;2,2,1;11,11,1
827;lick;-;MEDIUM UP;Curtis Fuller;-;-;-;-;-;-;3;2;2,2;01,11
828;lick;-;MEDIUM UP;John Coltrane;-;-;-;-;-;-;18;8;2,1,1,4,4,6,5,4;11,1,1,0001,0001,111111,10111,0110
829;line;-;MEDIUM SLOW;Steve Coleman;-;-;-;-;-;-;16;5;4,4,3,4,4;1101,1111,011,1111,0111
830;lick;-;UP;John Coltrane;-;-;-;-;-;-;4;3;2,1,1;11,1,1
831;line;-;MEDIUM UP;Hank Mobley;-;-;-;-;-;-;17;10;2,2,2,2,4,1,4,2,2,3;11,01,11,11,0001,1,0001,11,11,111
832;lick;-;UP;John Coltrane;-;-;-;-;-;-;7;6;2,1,2,1,4,1;01,1,01,1,0011,1
833;line;-;UP;Kenny Dorham;-;-;-;-;-;-;73;37;2,1,1,3,2,2,2,2,2,2,2,2,2,3,4,3,2,2,6,4,2,2,2,2,4,6,2,2,2,2,2,2,2,2,2,2,2;11,1,1,011,11,11,11,11,11,01,01,11,01,111,0001,111,11,11,010111,0110,11,11,11,11,1011,010111,11,01,11,11,11,11,01,11,11,11,11
834;lick;-;UP;John Coltrane;-;-;-;-;-;-;7;5;2,2,1,1,2;01,11,1,1,11
835;lick;-;MEDIUM UP;Art Pepper;-;-;-;-;-;-;26;16;2,2,1,1,2,1,4,2,2,1,1,4,4,1,4,2;11,11,1,1,11,1,0111,11,01,1,1,0001,1101,1,0011,11
836;lick;-;UP;Wynton Marsalis;-;-;-;-;-;-;47;33;2,4,4,1,2,2,4,2,2,1,3,2,1,4,1,2,1,2,2,1,5,1,1,1,1,2,1,1,2,1,1,2,2;01,1001,0001,1,01,11,0001,01,01,1,111,01,1,1100,1,11,1,11,11,1,01111,1,1,1,1,11,1,1,01,1,1,11,11
837;lick;-;UP;John Coltrane;-;-;-;-;-;-;10;6;2,2,2,3,2,2;11,11,01,011,01,11
838;lick;-;UP;Kenny Dorham;-;-;-;-;-;-;10;5;4,2,2,2,2;1101,01,11,11,11
839;lick;-;UP;David Liebman;-;-;-;-;-;-;3;2;2,2;11,01
840;line;-;UP;Miles Davis;-;-;-;-;-;-;9;6;2,2,1,1,4,2;11,11,1,1,0001,11
841;lick;-;MEDIUM;Miles Davis;-;-;-;-;-;-;11;8;3,2,1,1,1,1,4,1;011,11,1,1,1,1,1001,1
842;lick;-;MEDIUM UP;Charlie Parker;-;-;-;-;-;-;5;2;3,6;011,010011
843;lick;-;MEDIUM UP;Chet Baker;-;-;-;-;-;-;46;29;1,1,2,4,2,2,2,2,1,2,1,2,2,1,2,2,2,1,4,2,2,1,4,1,2,2,2,1,1;1,1,11,1001,11,11,01,11,1,11,1,01,11,1,11,11,01,1,1101,11,11,1,0011,1,11,11,11,1,1
844;line;-;UP;Wayne Shorter;-;-;-;-;-;-;6;4;1,2,2,2;1,11,01,11
845;line;-;MEDIUM;J.J. Johnson;-;-;-;-;-;-;26;11;4,4,4,2,2,1,6,6,1,1,3;1011,1011,1111,01,11,1,111100,001011,1,1,111
846;lick;-;UP;Michael Brecker;-;-;-;-;-;-;4;2;2,2;11,11
847;line;-;MEDIUM;Joe Lovano;-;-;-;-;-;-;14;6;1,1,4,1,4,1,8;1,0,1110,0,1111,0,01111110
848;line;-;UP;Woody Shaw;-;-;-;-;-;-;11;6;4,1,2,4,2,1;1001,1,11,1011,11,1
849;line;-;UP;J.J. Johnson;-;-;-;-;-;-;8;5;2,2,1,2,2;11,01,1,11,11
850;line;-;UP;Miles Davis;-;-;-;-;-;-;49;26;2,2,2,2,4,2,2,4,1,1,4,2,2,4,2,4,2,2,2,2,2,2,3,2,4,2;01,01,01,01,1011,11,11,0110,1,1,0110,11,11,1011,11,1001,11,11,11,11,11,11,110,11,1011,11
851;line;-;UP;Steve Lacy;-;-;-;-;-;-;20;9;4,3,2,2,2,2,2,1,3;1011,111,11,11,11,11,11,1,111
852;lick;-;MEDIUM;Gerry Mulligan;-;-;-;-;-;-;15;9;8,6,2,1,1,1,2,2,6;10000101,010001,11,1,1,1,11,01,000011
853;line;-;MEDIUM UP;Cannonball Adderley;-;-;-;-;-;-;33;16;2,1,4,2,4,4,1,2,4,1,4,2,2,6,1,4;11,1,1011,11,0111,0111,1,11,1001,1,1111,01,11,000011,1,1101
854;lick;-;UP;Don Byas;-;-;-;-;-;-;12;7;1,3,2,2,1,2,2;1,110,11,11,1,11,11
855;line;-;MEDIUM UP;Curtis Fuller;-;-;-;-;-;-;2;2;1,1,1;1,0,1
856;lick;-;UP;Art Pepper;-;-;-;-;-;-;3;2;4,4;0001,1001
857;lick;-;UP;David Liebman;-;-;-;-;-;-;47;27;3,3,2,2,2,2,2,1,1,2,1,2,4,2,1,4,2,2,2,2,4,2,1,2,4,2,2;111,111,11,11,11,01,11,1,1,11,1,11,1001,11,1,0011,11,11,11,01,0001,11,1,01,1100,11,11
858;lick;-;MEDIUM UP;John Coltrane;-;-;-;-;-;-;12;6;3,5,6,1,2,2;011,01111,000011,1,11,01
859;lick;-;MEDIUM;Joshua Redman;-;-;-;-;-;-;16;7;2,4,3,1,3,3,3;11,0011,111,1,111,111,011
860;line;-;UP;David Liebman;-;-;-;-;-;-;38;19;4,2,2,1,2,2,4,2,1,2,2,2,2,4,2,2,2,4,2;1111,01,11,1,01,01,1001,11,1,11,11,11,11,1011,11,11,11,1111,11
861;line;-;MEDIUM UP;Clifford Brown;-;-;-;-;-;-;52;26;2,2,1,2,2,2,2,2,2,2,2,2,2,3,2,2,4,2,2,2,2,6,6,1,4,3;11,11,1,11,11,01,11,01,11,11,11,11,11,011,11,11,1111,11,11,11,11,011110,001001,1,0110,011
862;lick;-;UP;John Coltrane;-;-;-;-;-;-;5;3;4,2,1;1011,01,1
863;lick;-;MEDIUM UP;Cannonball Adderley;-;-;-;-;-;-;7;4;3,1,1,2;111,1,1,11
864;lick;-;UP;Art Pepper;-;-;-;-;-;-;4;2;4,2;0111,01
865;line;-;MEDIUM UP;Art Pepper;-;-;-;-;-;-;7;3;5,2,1;10111,11,1
866;lick;-;MEDIUM;Dizzy Gillespie;-;-;-;-;-;-;10;4;1,1,4,8;1,1,1001,11011011
867;lick;-;UP;Herbie Hancock;-;-;-;-;-;-;6;4;2,2,2,2;01,01,11,11
868;line;-;UP;J.J. Johnson;-;-;-;-;-;-;9;6;2,3,2,6,1,1;01,011,11,000011,1,1
869;lick;-;MEDIUM UP;Wayne Shorter;-;-;-;-;-;-;12;6;2,2,2,4,6,2;11,01,01,1101,100011,11
870;lick;-;UP;Herbie Hancock;-;-;-;-;-;-;4;2;3,2;011,11
871;line;-;UP;David Liebman;-;-;-;-;-;-;19;7;3,2,2,2,4,6,5;011,11,11,01,0011,111110,11111
872;line;-;MEDIUM UP;Charlie Parker;-;-;-;-;-;-;37;16;2,4,2,2,4,2,1,4,4,1,2,2,2,1,4,6;01,1111,11,01,1111,11,1,1111,0111,1,11,11,11,1,1111,010011
873;line;-;MEDIUM UP;Art Pepper;-;-;-;-;-;-;42;20;2,2,1,1,4,5,4,1,1,2,5,2,1,6,4,4,2,1,6,4;11,11,1,1,0001,00011,1011,1,1,01,10111,11,1,101011,1001,0011,11,1,110111,1111
874;lick;-;MEDIUM UP;Joe Henderson;-;-;-;-;-;-;29;15;1,2,1,2,2,3,1,4,6,4,4,4,4,2,2;1,11,1,11,01,110,1,0111,101101,0001,1110,1001,0011,11,11
875;line;-;MEDIUM;Curtis Fuller;-;-;-;-;-;-;17;10;2,2,4,6,2,1,1,4,4,1;11,11,0001,010001,11,1,1,0011,1101,1
876;lick;-;UP;Chris Potter;-;-;-;-;-;-;53;27;2,2,1,1,2,2,1,1,2,4,2,1,2,2,2,3,2,2,2,2,3,2,2,2,3,2,3;11,11,1,1,11,11,1,1,11,1111,11,1,11,11,11,111,11,11,01,11,110,11,11,11,111,11,111
877;lick;-;MEDIUM;Dexter Gordon;-;-;-;-;-;-;8;3;2,4,2;11,1111,11
878;lick;-;UP;Sonny Rollins;-;-;-;-;-;-;38;22;2,4,2,3,4,1,1,2,1,2,1,2,3,1,1,1,4,2,2,4,2,2;01,1101,01,111,1011,1,1,11,1,11,1,11,011,1,1,1,1011,11,01,1011,01,11
879;lick;-;UP;Clifford Brown;-;-;-;-;-;-;11;7;2,2,2,1,2,1,2;11,11,11,1,11,1,01
880;lick;-;MEDIUM SLOW;Steve Lacy;-;-;-;-;-;-;6;2;6,3;101011,011
881;line;-;MEDIUM UP;Fats Navarro;-;-;-;-;-;-;27;9;6,4,6,6,3,4,2,2,2;100111,1101,011110,011011,111,1101,11,11,11
882;lick;-;UP;Joe Lovano;-;-;-;-;-;-;28;18;2,1,4,1,1,4,2,2,3,6,4,1,1,2,4,2,2,2;11,1,0110,1,1,0011,11,11,011,010001,1001,1,1,01,0001,11,01,11
883;line;-;MEDIUM;Lee Konitz;-;-;-;-;-;-;26;12;4,2,2,2,2,2,2,2,2,2,6,8;0011,11,11,11,11,11,11,11,11,11,010001,01010101
884;line;-;UP;John Coltrane;-;-;-;-;-;-;19;10;2,2,4,2,2,1,4,3,6,2;11,11,1101,11,01,1,0001,111,001001,11
885;line;-;UP;John Coltrane;-;-;-;-;-;-;33;15;1,4,2,4,4,2,4,2,2,2,2,2,3,2,4;1,0001,11,1111,1111,11,1111,11,11,11,11,11,011,11,0001
886;line;-;UP;Michael Brecker;-;-;-;-;-;-;77;30;2,2,2,4,4,4,4,2,1,2,2,3,5,4,3,3,3,1,6,5,3,6,4,3,6,3,3,2,4,1;01,11,11,1111,1001,1111,0011,11,1,11,11,011,10011,1111,011,111,111,1,011101,10111,011,011011,0111,111,111011,110,111,01,0111,1
887;lick;-;UP;Pat Metheny;-;-;-;-;-;-;11;8;2,2,2,1,1,1,2,2;11,11,01,1,1,1,11,01
888;line;-;UP;Lee Konitz;-;-;-;-;-;-;44;23;2,4,2,2,3,1,2,4,4,2,2,1,2,2,2,2,2,2,2,2,2,3,4;11,1101,11,11,111,1,11,1001,0110,11,01,1,01,11,11,11,11,11,11,01,11,110,1101
889;lick;-;MEDIUM UP;Cannonball Adderley;-;-;-;-;-;-;8;5;1,2,1,2,4;1,11,1,11,1001
890;lick;-;UP;Chris Potter;-;-;-;-;-;-;34;22;2,1,1,1,1,2,4,1,4,3,2,2,1,4,4,2,2,2,2,2,1,1;11,1,1,1,1,11,0001,1,1011,011,11,11,1,1110,0001,11,01,11,11,01,1,1
891;line;-;MEDIUM UP;Milt Jackson;-;-;-;-;-;-;35;18;2,2,2,3,4,6,2,4,2,2,2,2,1,2,4,2,2,4;11,11,11,111,0001,100001,11,1001,01,11,11,01,1,11,0111,11,11,1011
892;lick;-;MEDIUM;Steve Coleman;-;-;-;-;-;-;9;4;1,1,4,1,4;1,0,1111,0,1111
893;lick;-;MEDIUM;Joshua Redman;-;-;-;-;-;-;24;10;4,8,3,4,3,1,3,2,2,2;1001,10010101,111,0011,111,1,111,11,11,11
894;line;-;UP;John Coltrane;-;-;-;-;-;-;11;7;4,3,1,2,2,2,2;0001,011,1,01,11,11,11
895;line;-;MEDIUM;Pepper Adams;-;-;-;-;-;-;18;4;6,8,4,4;101111,10101011,1111,1111
896;line;-;UP;John Coltrane;-;-;-;-;-;-;27;14;2,2,2,2,1,2,2,3,4,2,2,2,2,2;11,11,01,11,1,11,11,111,1001,11,11,11,11,11
897;line;-;UP;Miles Davis;-;-;-;-;-;-;20;10;2,4,2,3,2,2,2,2,2,2;11,1101,01,111,11,01,11,11,11,11
898;lick;-;UP;Wynton Marsalis;-;-;-;-;-;-;67;45;1,2,2,2,2,2,2,2,2,2,2,4,1,2,2,2,4,4,4,1,1,1,1,3,1,1,2,2,2,1,2,1,2,4,2,4,2,1,2,1,1,1,2,2,1;1,11,11,11,11,11,11,11,01,01,11,0001,1,01,11,11,1001,0001,1001,1,1,1,1,111,1,1,01,11,11,1,11,1,01,1100,01,1001,11,1,01,1,1,1,11,11,1
899;line;-;UP;Kenny Dorham;-;-;-;-;-;-;20;11;4,2,1,2,2,4,2,2,2,2,2;1101,11,1,01,11,1101,01,11,11,11,01
900;lick;-;MEDIUM UP;Curtis Fuller;-;-;-;-;-;-;4;2;2,2;11,11
901;lick;-;UP;Branford Marsalis;-;-;-;-;-;-;49;36;2,2,2,3,1,1,1,4,4,1,2,2,2,2,1,4,2,2,2,2,2,1,1,2,2,2,2,2,2,1,1,1,1,1,1,1;01,11,01,111,1,1,1,0001,1001,1,11,01,01,11,1,1001,11,01,11,11,01,1,1,01,11,11,01,01,11,1,1,1,1,1,1,1
902;lick;-;UP;David Liebman;-;-;-;-;-;-;4;2;4,4;0001,1011
903;lick;-;UP;Gerry Mulligan;-;-;-;-;-;-;8;5;4,2,2,1,1;1001,11,11,1,1
904;line;-;UP;Wayne Shorter;-;-;-;-;-;-;51;27;2,2,1,2,2,3,2,3,2,2,2,4,1,2,2,4,2,4,4,2,2,2,2,2,2,2,2;11,11,1,11,11,011,11,011,11,01,01,1101,1,11,11,1011,11,0111,0001,01,11,11,11,11,11,11,11
905;lick;-;MEDIUM UP;Wayne Shorter;-;-;-;-;-;-;26;20;6,2,2,1,1,2,1,2,2,2,2,1,1,2,2,2,1,1,2,1;000001,11,01,1,1,11,1,01,11,11,01,1,1,11,11,01,1,1,01,1
906;line;-;UP;Herbie Hancock;-;-;-;-;-;-;19;10;2,4,3,2,4,2,2,2,2,3;11,1011,110,01,1001,01,11,11,11,011
907;lick;-;MEDIUM UP;Miles Davis;-;-;-;-;-;-;5;4;1,2,1,1;1,11,1,1
908;lick;-;MEDIUM;Branford Marsalis;-;-;-;-;-;-;18;9;4,4,2,1,3,2,1,2,2;1011,1110,11,1,111,11,1,11,01
909;lick;-;MEDIUM UP;Art Pepper;-;-;-;-;-;-;18;9;2,2,6,2,2,4,1,2,4;11,11,100011,11,11,1011,1,11,0001
910;lick;-;UP;Woody Shaw;-;-;-;-;-;-;3;2;4,2;0011,01
911;lick;-;UP;J.J. Johnson;-;-;-;-;-;-;10;8;2,1,1,2,2,1,1,2;11,1,1,01,01,1,1,11
912;lick;-;MEDIUM UP;John Coltrane;-;-;-;-;-;-;4;2;4,3;0011,011
913;lick;-;UP;Dexter Gordon;-;-;-;-;-;-;15;7;2,4,1,2,2,4,2;11,1111,1,11,01,1011,11
914;lick;-;UP;John Coltrane;-;-;-;-;-;-;4;3;2,2,1;11,01,1
915;line;-;UP;David Liebman;-;-;-;-;-;-;66;33;2,2,2,2,2,2,2,2,2,2,1,1,4,3,3,3,4,5,4,4,2,2,2,3,2,2,2,2,1,2,2,2,3;11,01,11,01,01,01,11,11,01,11,1,1,1101,111,011,011,1111,10111,1011,1111,11,11,01,111,11,11,11,01,1,11,11,11,011
916;lick;-;UP;Michael Brecker;-;-;-;-;-;-;6;4;2,2,3,2;01,11,011,01
917;line;-;UP;Joe Lovano;-;-;-;-;-;-;12;7;2,2,2,2,2,2,2;11,11,11,11,11,01,01
918;lick;-;MEDIUM;Freddie Hubbard;-;-;-;-;-;-;32;8;4,3,8,8,6,6,6,6;1011,111,11100011,11100011,001101,111101,011111,001101
919;lick;-;MEDIUM;Wayne Shorter;-;-;-;-;-;-;6;3;4,4,3;1100,0001,111
920;lick;-;UP;Wayne Shorter;-;-;-;-;-;-;4;2;4,2;1011,01
921;line;-;MEDIUM UP;Milt Jackson;-;-;-;-;-;-;24;14;2,1,2,2,2,2,4,2,2,2,1,4,2,1;11,1,11,11,11,11,0011,11,11,01,1,1001,11,1
922;lick;-;UP;Joe Lovano;-;-;-;-;-;-;5;3;1,2,2;1,11,11
923;line;-;UP;Michael Brecker;-;-;-;-;-;-;69;29;2,2,3,1,2,1,2,2,2,3,2,2,2,3,4,2,3,3,3,6,4,2,4,4,2,2,2,2,2;11,11,111,1,11,1,11,11,11,111,11,11,01,011,1111,11,111,111,111,111011,1111,11,1111,0011,11,11,11,11,11
924;lick;-;MEDIUM UP;David Liebman;-;-;-;-;-;-;7;2;4,6;1111,001011
925;line;-;MEDIUM UP;Joe Henderson;-;-;-;-;-;-;14;5;4,6,4,6,2;0111,001011,1111,000011,11
926;lick;-;MEDIUM UP;Sonny Rollins;-;-;-;-;-;-;6;3;2,2,2;11,11,11
927;lick;-;UP;Lee Morgan;-;-;-;-;-;-;15;11;2,1,2,2,4,1,1,1,1,2,2;11,1,01,11,1001,1,1,1,1,11,01
928;lick;-;MEDIUM UP;Wynton Marsalis;-;-;-;-;-;-;104;49;1,6,1,1,3,3,3,4,6,2,6,4,2,1,6,1,2,1,1,6,3,3,1,2,1,6,4,6,5,4,6,3,4,2,1,6,4,4,4,4,6,4,4,6,1,1,1,4,1;1,001001,1,1,111,111,111,1110,101011,11,010001,1111,11,1,001001,1,11,1,1,001101,111,111,1,11,1,010001,1101,000001,01001,1111,010001,111,1011,01,1,001001,1111,1101,1100,1100,000011,1011,1101,100011,1,1,1,1100,1
929;line;-;MEDIUM;Sonny Rollins;-;-;-;-;-;-;43;14;5,4,6,1,6,4,3,4,3,3,6,3,2,4;10111,1100,100111,1,101101,1111,110,1111,011,111,101011,111,11,1111
930;lick;-;MEDIUM;Wynton Marsalis;-;-;-;-;-;-;8;4;2,2,2,2;11,11,11,11
931;lick;-;MEDIUM UP;Wayne Shorter;-;-;-;-;-;-;10;9;1,2,2,2,1,6,1,1,1;1,01,01,01,1,000011,1,1,1
932;line;-;MEDIUM UP;Kenny Dorham;-;-;-;-;-;-;42;15;1,8,6,4,4,2,4,2,2,2,5,5,2,5,5;1,01001111,111101,1100,1001,11,0001,11,11,11,10111,10111,11,01111,10111
933;line;-;UP;Clifford Brown;-;-;-;-;-;-;30;15;1,3,4,1,2,2,4,3,4,2,2,2,2,2,2;1,111,0001,1,11,11,1011,110,1101,11,11,11,11,11,11
934;lick;-;MEDIUM SLOW;Dexter Gordon;-;-;-;-;-;-;15;4;4,8,4,4;1111,01010111,1011,1110
935;line;-;UP;Michael Brecker;-;-;-;-;-;-;4;3;2,2,1;01,11,1
936;line;-;MEDIUM UP;David Liebman;-;-;-;-;-;-;26;8;2,3,4,3,4,4,6,4;11,111,1111,111,1111,0111,011011,1110
937;lick;-;UP;Pat Metheny;-;-;-;-;-;-;24;15;3,3,2,2,1,1,1,1,2,2,2,1,2,2,2;011,111,11,11,1,1,1,1,11,11,01,1,11,11,01
938;lick;-;MEDIUM;Kenny Dorham;-;-;-;-;-;-;6;3;3,4,1;111,1001,1
939;lick;-;MEDIUM;Curtis Fuller;-;-;-;-;-;-;3;2;2,4;11,0001
940;line;-;UP;Charlie Parker;-;-;-;-;-;-;11;5;4,2,4,2,2;0110,11,1011,11,11
941;line;-;UP;John Coltrane;-;-;-;-;-;-;26;13;2,3,1,2,2,2,2,2,4,4,2,3,2;11,111,1,01,11,11,11,01,1011,0111,11,011,11
942;lick;-;UP;Sonny Rollins;-;-;-;-;-;-;7;5;4,2,2,2,2;0001,01,11,11,01
943;lick;-;UP;Steve Turre;-;-;-;-;-;-;19;12;4,2,2,2,2,2,2,2,2,2,2,2;0011,11,01,01,11,11,11,01,11,11,01,01
944;line;-;UP;Art Pepper;-;-;-;-;-;-;20;11;4,4,2,2,2,2,2,1,1,2,2;1011,1101,01,11,11,11,11,1,1,11,01
945;line;-;MEDIUM UP;Bob Berg;-;-;-;-;-;-;53;15;1,2,6,3,6,4,4,4,4,4,5,6,6,4,4;1,11,101011,111,101111,1111,1111,1111,0111,1111,11111,011011,010111,0011,1111
946;line;-;UP;Dexter Gordon;-;-;-;-;-;-;27;15;2,2,1,2,2,2,2,2,3,2,1,2,2,1,2;11,11,1,11,11,11,01,11,111,11,1,11,11,1,11
947;lick;-;UP;Don Ellis;-;-;-;-;-;-;9;6;4,6,1,2,2,1;0011,010001,1,01,11,1
948;lick;-;UP;Phil Woods;-;-;-;-;-;-;29;18;2,4,3,2,2,1,1,1,2,2,1,2,2,2,1,2,2,2;11,1100,111,11,11,1,1,1,11,01,1,11,01,11,1,11,11,01
949;lick;-;MEDIUM UP;John Coltrane;-;-;-;-;-;-;8;2;8,4;11011011,0011
950;lick;-;UP;Woody Shaw;-;-;-;-;-;-;6;6;1,1,1,4,1,2;1,1,1,0001,1,01
951;lick;-;UP;John Coltrane;-;-;-;-;-;-;3;2;2,4;11,0001
952;lick;-;UP;Miles Davis;-;-;-;-;-;-;11;8;2,2,3,2,2,2,2,1;11,01,110,01,01,01,11,1
953;line;-;MEDIUM UP;Eric Dolphy;-;-;-;-;-;-;31;8;4,6,8,4,2,6,6,2;1001,111110,10101111,1111,11,111110,101111,11
954;lick;-;MEDIUM;J.J. Johnson;-;-;-;-;-;-;25;9;4,3,8,2,6,6,2,3,2;1110,011,10101011,11,101101,101101,01,011,11
955;lick;-;MEDIUM UP;Kenny Dorham;-;-;-;-;-;-;15;8;3,2,2,2,2,2,2,2;111,11,11,01,11,01,11,11
956;lick;-;MEDIUM;Dexter Gordon;-;-;-;-;-;-;11;5;3,4,4,6,1;011,0011,1100,101011,1
957;line;-;UP;David Liebman;-;-;-;-;-;-;94;51;2,1,2,2,1,2,2,2,2,2,2,2,2,2,2,4,3,4,2,4,6,1,1,2,2,2,2,2,5,5,2,2,2,2,1,1,2,2,2,3,2,1,2,3,3,2,2,4,2,1,4;11,1,11,11,1,11,11,11,11,01,11,11,01,01,11,1001,111,1011,11,0001,011101,1,1,11,01,11,11,11,00111,11111,11,11,11,11,1,1,01,01,11,011,11,1,11,011,111,01,11,1001,01,1,1001
958;lick;-;UP;Art Pepper;-;-;-;-;-;-;10;8;4,1,2,2,4,4,4,5;0001,1,01,01,0001,1001,0001,00011
959;line;-;MEDIUM;John Coltrane;-;-;-;-;-;-;36;8;4,6,4,6,6,5,5,3;1111,011111,1111,111111,111101,11111,01111,111
960;lick;-;MEDIUM UP;Steve Lacy;-;-;-;-;-;-;7;5;2,4,2,1,2;01,0001,11,1,11
961;line;-;UP;Joe Henderson;-;-;-;-;-;-;26;15;2,2,2,2,2,2,2,2,2,2,2,1,1,3,3;11,11,11,11,11,01,11,11,11,11,01,1,1,011,011
962;lick;-;MEDIUM UP;Clifford Brown;-;-;-;-;-;-;7;3;3,2,2;111,11,11
963;line;-;UP;Steve Turre;-;-;-;-;-;-;12;8;2,2,3,1,1,1,3,2;01,01,011,1,1,1,111,11
964;lick;-;UP;Steve Lacy;-;-;-;-;-;-;7;6;1,1,2,1,1,1;1,1,11,1,1,1
965;lick;-;UP;Lee Konitz;-;-;-;-;-;-;22;16;1,1,2,2,2,2,1,4,1,1,1,1,1,2,1,2;1,1,11,01,01,11,1,1101,1,1,1,1,1,11,1,11
966;lick;-;UP;Stan Getz;-;-;-;-;-;-;7;4;2,2,4,4;11,11,0011,0001
967;lick;-;UP;Joe Henderson;-;-;-;-;-;-;19;10;2,4,2,2,4,2,2,3,1,4;01,1001,11,11,1111,11,11,011,1,0001
968;lick;-;MEDIUM UP;John Coltrane;-;-;-;-;-;-;6;5;1,2,6,4,2;1,01,000011,0001,01
969;lick;-;UP;Pat Metheny;-;-;-;-;-;-;12;8;2,2,2,4,1,2,2,2;01,01,11,1001,1,01,11,11
970;line;-;UP;Pepper Adams;-;-;-;-;-;-;13;6;2,2,3,3,3,2;11,11,110,011,111,11
971;lick;-;MEDIUM UP;Clifford Brown;-;-;-;-;-;-;26;13;3,2,2,2,2,2,2,2,4,4,2,2,2;110,01,01,11,11,11,11,11,1101,1101,11,11,11
972;line;-;MEDIUM;Lee Morgan;-;-;-;-;-;-;79;22;4,4,6,12,4,2,2,6,8,4,2,2,1,8,7,4,5,4,5,4,2,3;1111,0111,010111,100101001011,1111,11,11,000101,10111101,1111,11,11,1,01010111,1011111,1111,11111,1111,11111,1111,11,110
973;line;-;MEDIUM UP;David Liebman;-;-;-;-;-;-;11;3;4,4,5;1011,1111,01111
974;lick;-;MEDIUM;Dexter Gordon;-;-;-;-;-;-;13;7;8,2,2,2,2,1,8;00000011,01,11,01,11,1,01010101
975;line;-;MEDIUM;Bob Berg;-;-;-;-;-;-;26;9;4,4,4,4,3,1,6,3,4;0111,1101,0111,0111,111,1,000111,111,1111
976;lick;-;MEDIUM UP;Steve Lacy;-;-;-;-;-;-;2;2;2,1;01,1
977;lick;-;UP;John Coltrane;-;-;-;-;-;-;3;2;1,2;1,11
978;lick;-;MEDIUM UP;Kenny Dorham;-;-;-;-;-;-;26;13;6,6,4,3,2,2,2,2,1,4,4,2,2;010001,101001,1001,111,11,11,01,11,1,0111,1001,11,01
979;lick;-;UP;Herbie Hancock;-;-;-;-;-;-;39;25;1,2,2,2,2,1,2,2,1,4,4,4,4,2,2,2,2,2,2,2,2,2,2,1,2;1,01,01,11,01,1,01,11,1,1011,0110,0111,1101,01,01,01,01,11,11,01,11,11,11,1,01
980;line;-;UP;Joe Lovano;-;-;-;-;-;-;19;9;2,1,1,2,3,3,4,2,2;11,1,1,11,111,111,1101,11,11
981;line;-;MEDIUM SLOW;Dexter Gordon;-;-;-;-;-;-;23;6;5,4,6,6,6,10;10111,1111,011101,101101,010011,0100101001
982;lick;-;MEDIUM UP;Paul Desmond;-;-;-;-;-;-;17;14;1,1,2,1,1,4,1,1,2,1,1,6,6,1;1,1,01,1,1,1001,1,1,11,1,1,100001,000001,1
983;lick;-;MEDIUM UP;Don Ellis;-;-;-;-;-;-;12;6;6,1,4,2,1,4;101001,1,1101,11,1,1001
984;lick;-;MEDIUM;Sonny Rollins;-;-;-;-;-;-;3;2;2,3;01,011
985;line;-;MEDIUM;Kenny Wheeler;-;-;-;-;-;-;20;6;3,8,6,4,4,6;111,10010101,011011,1110,0111,001011
986;lick;-;UP;Herbie Hancock;-;-;-;-;-;-;8;4;3,3,3,2;011,011,011,11
987;lick;-;UP;John Coltrane;-;-;-;-;-;-;1;1;1;1
988;lick;-;UP;John Coltrane;-;-;-;-;-;-;6;4;2,2,1,2;01,11,1,11
989;lick;-;UP;Joe Henderson;-;-;-;-;-;-;7;5;1,4,4,2,1;1,1001,0001,11,1
990;lick;-;MEDIUM UP;Wayne Shorter;-;-;-;-;-;-;12;8;2,2,1,1,4,4,2,2;11,11,1,1,1100,1100,01,01
991;line;-;MEDIUM;Steve Turre;-;-;-;-;-;-;16;8;1,4,1,2,3,4,5,3;1,1011,1,01,111,0110,01011,011
992;line;-;UP;Branford Marsalis;-;-;-;-;-;-;46;26;2,3,2,2,2,4,2,2,4,2,2,2,2,2,2,2,2,1,2,4,3,3,2,2,2,2;11,011,11,11,11,0011,11,11,1100,01,01,01,11,11,01,11,11,1,01,1011,111,111,01,01,01,11
993;line;-;UP;John Coltrane;-;-;-;-;-;-;2;1;3;011
994;line;-;UP;Michael Brecker;-;-;-;-;-;-;16;9;2,2,2,3,2,2,2,3,2;01,11,11,011,01,11,01,111,11
995;lick;-;MEDIUM UP;Wayne Shorter;-;-;-;-;-;-;5;4;1,2,2,2;1,11,01,01
996;lick;-;UP;Pat Metheny;-;-;-;-;-;-;15;12;1,1,1,1,1,1,1,2,2,2,3,3;1,1,1,1,1,1,1,01,01,11,011,110
997;lick;-;MEDIUM;Wayne Shorter;-;-;-;-;-;-;14;7;6,2,1,8,2,1,3;000011,11,1,00011011,01,1,111
998;lick;-;UP;Kenny Dorham;-;-;-;-;-;-;33;16;2,2,2,2,2,2,6,2,2,2,2,2,6,2,2,2;11,11,11,11,11,11,011001,11,01,11,11,11,011100,11,11,11
999;lick;-;UP;David Liebman;-;-;-;-;-;-;11;7;2,3,2,2,2,4,2;01,011,11,11,01,0001,11
1000;lick;-;MEDIUM UP;Fats Navarro;-;-;-;-;-;-;10;5;4,1,2,2,4;0111,1,11,11,1001
1001;lick;-;UP;Dizzy Gillespie;-;-;-;-;-;-;24;12;2,4,2,3,2,4,2,2,1,2,2,2;11,0011,01,111,11,1111,01,11,1,11,11,11
1002;lick;-;MEDIUM SLOW;Steve Coleman;-;-;-;-;-;-;20;7;4,4,6,4,6,4,4;0111,1101,000011,1111,000011,1110,1110
1003;lick;-;MEDIUM SLOW;Hank Mobley;-;-;-;-;-;-;8;4;1,2,3,3;1,11,111,011
1004;lick;-;UP;David Liebman;-;-;-;-;-;-;18;11;4,2,4,2,2,1,1,1,1,2,4;1100,11,1011,11,11,1,1,1,1,11,0001
1005;lick;-;MEDIUM;Miles Davis;-;-;-;-;-;-;2;2;1,4;1,0001
1006;lick;-;MEDIUM;David Liebman;-;-;-;-;-;-;8;4;6,4,1,2;101001,0011,1,11
1007;line;-;UP;J.J. Johnson;-;-;-;-;-;-;17;12;4,1,1,1,1,1,2,2,2,2,2,2;1001,1,1,1,1,1,11,01,11,11,01,11
1008;lick;-;UP;Pat Metheny;-;-;-;-;-;-;8;6;2,4,2,2,1,1;11,1001,01,01,1,1
1009;line;-;MEDIUM;Bob Berg;-;-;-;-;-;-;14;5;4,4,6,2,1;1111,0011,101111,11,1
1010;lick;-;MEDIUM UP;Cannonball Adderley;-;-;-;-;-;-;10;5;2,2,4,2,4;11,11,1001,11,1001
1011;lick;-;MEDIUM;Stan Getz;-;-;-;-;-;-;12;6;4,2,2,2,4,2;0011,01,01,11,1111,11
1012;line;-;MEDIUM;Hank Mobley;-;-;-;-;-;-;25;10;4,6,4,2,8,4,4,2,2,4;1111,001001,1111,11,00001001,1011,0111,11,01,0011
1013;lick;-;UP;Stan Getz;-;-;-;-;-;-;6;4;2,1,2,2;01,1,11,11
1014;line;-;UP;Steve Coleman;-;-;-;-;-;-;16;10;1,2,2,1,4,2,2,2,4,2;1,11,11,1,0011,11,11,11,0001,01
1015;lick;-;MEDIUM;Dexter Gordon;-;-;-;-;-;-;1;1;4;0001
1016;line;-;MEDIUM;Hank Mobley;-;-;-;-;-;-;19;11;6,2,2,2,2,3,1,4,4,6,4;111010,01,01,01,11,111,1,0001,0001,010101,0001
1017;line;-;UP;Michael Brecker;-;-;-;-;-;-;21;9;2,1,2,3,5,4,4,3,4;11,1,11,111,10011,1001,1011,110,1011
1018;line;-;MEDIUM;Wayne Shorter;-;-;-;-;-;-;20;8;4,3,2,2,5,3,4,2;0111,111,11,01,00111,111,0111,11
1019;line;-;MEDIUM UP;John Coltrane;-;-;-;-;-;-;26;14;2,2,3,1,4,1,4,2,3,2,2,2,2,2;11,11,111,1,1111,1,1111,01,110,01,01,01,11,01
1020;lick;-;UP;Joe Henderson;-;-;-;-;-;-;1;1;1;1
1021;line;-;MEDIUM;Joshua Redman;-;-;-;-;-;-;28;10;5,4,4,4,3,3,3,1,1,1;11111,1111,0111,1111,111,111,111,1,1,1
1022;lick;-;UP;Branford Marsalis;-;-;-;-;-;-;31;22;2,2,2,1,2,2,2,2,4,2,2,2,2,1,1,1,1,4,4,2,2,2;11,11,11,1,11,11,01,01,1001,01,01,11,01,1,1,1,1,0001,1001,01,01,11
1023;line;-;UP;John Coltrane;-;-;-;-;-;-;49;25;2,4,2,2,4,1,3,3,2,2,2,2,2,2,2,1,2,2,2,2,2,2,2,4,2;11,1110,11,11,0001,1,111,011,11,11,11,11,11,11,11,1,11,11,11,11,01,11,11,1101,11
1024;lick;-;MEDIUM UP;Wayne Shorter;-;-;-;-;-;-;8;6;2,2,2,1,1,1;11,11,01,1,1,1
1025;line;-;MEDIUM;Charlie Parker;-;-;-;-;-;-;16;8;2,2,4,4,2,2,2,2;11,11,1111,1100,11,01,11,01
1026;line;-;UP;Joe Henderson;-;-;-;-;-;-;14;8;3,2,2,2,1,4,2,2;111,11,01,11,1,1101,01,01
1027;line;-;UP;Miles Davis;-;-;-;-;-;-;12;7;4,2,2,2,2,2,2;0001,11,11,11,11,01,11
1028;line;-;UP;Herbie Hancock;-;-;-;-;-;-;20;12;2,2,2,2,2,2,2,4,2,2,2,2;01,11,11,11,11,01,11,0001,11,11,01,11
1029;lick;-;UP;Kai Winding;-;-;-;-;-;-;8;5;1,2,1,2,3;1,11,1,01,111
1030;line;-;MEDIUM UP;John Coltrane;-;-;-;-;-;-;47;15;6,2,2,4,5,1,4,4,6,6,4,3,4,4,2;111111,11,11,1101,11111,1,1111,0001,111011,111100,0111,111,1111,0111,01
1031;line;-;MEDIUM;Milt Jackson;-;-;-;-;-;-;10;5;4,2,2,2,2;0111,11,01,11,11
1032;lick;-;UP;Dexter Gordon;-;-;-;-;-;-;14;9;2,1,4,1,2,2,2,1,1;01,1,0111,1,11,11,11,1,1
1033;line;-;UP;Paul Desmond;-;-;-;-;-;-;18;13;1,2,1,1,2,4,2,2,2,1,1,2,2;1,11,1,1,01,0001,11,11,01,1,1,11,11
1034;line;-;MEDIUM UP;David Liebman;-;-;-;-;-;-;22;7;6,4,4,1,5,3,4;111011,1101,0111,1,11111,011,1011
1035;lick;-;MEDIUM SLOW;Steve Lacy;-;-;-;-;-;-;12;6;3,3,1,4,6,3;011,011,1,1001,010011,011
1036;lick;-;UP;Lee Konitz;-;-;-;-;-;-;40;22;4,2,2,2,2,1,2,4,2,2,3,2,1,1,2,2,2,2,2,2,4,4;1101,11,01,11,11,1,11,1011,11,11,011,11,1,1,11,11,11,01,01,11,0001,1011
1037;lick;-;MEDIUM UP;Art Pepper;-;-;-;-;-;-;6;4;2,2,1,1;11,11,1,1
1038;line;-;MEDIUM UP;Milt Jackson;-;-;-;-;-;-;20;11;1,4,2,1,4,2,3,2,2,2,1;1,0011,11,1,1110,01,111,11,11,11,1
1039;line;-;MEDIUM;Cannonball Adderley;-;-;-;-;-;-;6;3;2,2,2;11,11,11
1040;lick;-;MEDIUM UP;John Coltrane;-;-;-;-;-;-;5;3;2,2,1;11,11,1
1041;line;-;UP;Charlie Parker;-;-;-;-;-;-;39;20;2,1,3,4,2,2,2,5,3,2,2,1,2,2,4,2,2,2,1,3;11,1,011,1011,11,11,11,01011,111,01,01,1,11,11,1101,11,11,11,1,011
1042;lick;-;UP;John Coltrane;-;-;-;-;-;-;6;3;3,3,1;110,111,1
1043;lick;-;UP;Dexter Gordon;-;-;-;-;-;-;21;14;1,2,2,4,2,2,2,1,2,2,2,6,2,2;1,01,01,1100,11,11,11,1,01,11,01,000001,11,11
1044;lick;-;MEDIUM;Charlie Parker;-;-;-;-;-;-;12;6;2,5,5,5,2,1;11,00111,01001,00111,01,1
1045;line;-;UP;Miles Davis;-;-;-;-;-;-;9;5;3,2,2,2,2;111,01,01,11,11
1046;lick;-;UP;Sonny Rollins;-;-;-;-;-;-;30;20;2,1,4,2,2,1,2,1,1,2,2,2,3,1,2,2,4,2,2,2;01,1,0001,11,01,1,11,1,1,11,01,11,111,1,11,11,1001,01,11,01
1047;lick;-;MEDIUM UP;Freddie Hubbard;-;-;-;-;-;-;5;4;2,1,1,4;01,1,1,1001
1048;line;-;MEDIUM;Bob Berg;-;-;-;-;-;-;10;4;2,4,3,3;11,0111,011,111
1049;lick;-;MEDIUM UP;Kenny Dorham;-;-;-;-;-;-;4;3;2,2,1;01,11,1
1050;line;-;UP;Dexter Gordon;-;-;-;-;-;-;10;6;2,2,2,1,2,4;11,01,11,1,01,1101
1051;lick;-;UP;Clifford Brown;-;-;-;-;-;-;10;7;1,2,2,2,2,1,1;1,11,11,11,01,1,1
1052;lick;-;UP;Joe Henderson;-;-;-;-;-;-;8;4;2,2,2,2;11,11,11,11
1053;lick;-;MEDIUM;Miles Davis;-;-;-;-;-;-;8;5;2,1,3,4,1;11,1,011,1001,1
1054;line;-;UP;Art Pepper;-;-;-;-;-;-;17;8;1,4,5,3,2,4,2,2;1,0111,01011,111,01,0111,11,01
1055;lick;-;UP;John Coltrane;-;-;-;-;-;-;9;4;4,2,2,4;0011,11,11,1011
1056;lick;-;UP;Art Pepper;-;-;-;-;-;-;13;6;2,1,3,2,4,4;11,1,111,11,1001,0111
1057;line;-;MEDIUM UP;Bob Berg;-;-;-;-;-;-;24;8;6,5,2,2,4,4,3,2;011011,01111,01,11,1111,1111,111,11
1058;lick;-;MEDIUM UP;Milt Jackson;-;-;-;-;-;-;115;61;1,2,3,1,4,1,2,1,2,1,2,2,2,3,2,2,2,2,2,2,2,2,2,2,3,2,2,2,2,2,3,2,2,3,2,1,1,1,4,3,2,2,1,2,2,4,2,1,2,2,3,4,2,2,2,2,2,2,3,1,1;1,11,111,1,0111,1,11,1,11,1,11,11,11,111,11,11,01,01,11,01,11,11,11,11,111,11,01,01,11,11,111,11,11,111,11,1,1,1,1011,111,11,11,1,11,01,1110,11,1,11,11,111,1011,11,11,11,11,01,11,111,1,1
1059;line;-;UP;Michael Brecker;-;-;-;-;-;-;52;24;2,2,2,2,2,6,4,2,2,2,2,2,3,2,2,4,1,2,2,4,1,2,2,2;11,11,11,11,11,111011,1011,11,11,01,11,01,011,11,11,1111,1,11,11,1111,1,11,11,11
1060;lick;-;UP;Stan Getz;-;-;-;-;-;-;4;4;1,1,1,1;1,1,1,1
1061;lick;-;MEDIUM;Steve Lacy;-;-;-;-;-;-;16;10;2,1,4,5,2,2,1,1,1,1;11,1,1111,01001,11,01,1,1,1,1
1062;line;-;MEDIUM;Milt Jackson;-;-;-;-;-;-;15;5;4,4,8,3,4;1011,0111,01000011,111,0111
1063;lick;-;MEDIUM UP;Freddie Hubbard;-;-;-;-;-;-;4;2;4,3;1001,110
1064;line;-;UP;Joe Lovano;-;-;-;-;-;-;17;8;3,3,3,4,3,1,2,1;011,011,111,1111,011,1,11,1
1065;lick;-;UP;Steve Coleman;-;-;-;-;-;-;11;6;2,2,2,2,2,2;11,11,11,11,11,01
1066;lick;-;UP;Paul Desmond;-;-;-;-;-;-;6;5;1,2,2,1,1;1,11,01,1,1
1067;line;-;MEDIUM;Steve Coleman;-;-;-;-;-;-;38;12;2,5,3,6,2,5,2,8,2,8,2,8;11,00011,111,011011,11,11111,11,10101011,11,01010101,11,10101011
1068;line;-;MEDIUM UP;Bob Berg;-;-;-;-;-;-;17;8;4,4,1,2,1,2,1,3;1111,1111,1,01,1,11,1,111
1069;line;-;UP;Dexter Gordon;-;-;-;-;-;-;27;15;2,2,1,2,2,2,2,2,4,3,4,2,2,2,1;11,01,1,11,11,11,11,11,1110,110,0001,11,11,11,1
1070;lick;-;UP;Pat Metheny;-;-;-;-;-;-;2;2;1,2;1,01
1071;lick;-;MEDIUM UP;Milt Jackson;-;-;-;-;-;-;35;17;2,4,3,1,1,2,2,2,3,1,1,2,3,4,4,3,2;11,1011,111,1,1,11,11,11,111,1,1,11,111,0001,1111,111,01
1072;line;-;UP;Michael Brecker;-;-;-;-;-;-;38;17;2,2,2,2,4,2,2,2,2,4,3,4,2,2,2,2,2;11,11,11,11,1011,11,11,11,11,1011,111,1101,11,11,11,11,11
1073;lick;-;MEDIUM UP;John Coltrane;-;-;-;-;-;-;31;9;4,4,5,6,4,6,5,8,4;0111,0110,01011,000001,0111,111111,11111,11011011,0011
1074;line;-;UP;John Coltrane;-;-;-;-;-;-;34;14;2,2,2,2,3,4,4,2,3,2,2,6,4,2;01,11,01,11,011,1111,1101,11,111,11,11,101011,1111,11
1075;lick;-;UP;Michael Brecker;-;-;-;-;-;-;6;5;4,2,2,2,2;0001,01,01,01,11
1076;line;-;MEDIUM;Don Ellis;-;-;-;-;-;-;35;20;2,6,2,5,2,1,2,6,2,2,1,2,6,2,6,2,2,6,2,2;11,100001,11,01011,11,1,11,000001,11,01,1,11,010111,11,010001,01,01,000001,01,11
1077;lick;-;UP;Joe Lovano;-;-;-;-;-;-;20;13;1,2,1,1,1,4,2,2,2,1,4,2,1;1,11,1,1,1,1001,11,11,11,1,0111,01,1
1078;lick;-;UP;John Coltrane;-;-;-;-;-;-;10;5;3,6,2,2,2;011,010001,11,11,11
1079;lick;-;MEDIUM;John Coltrane;-;-;-;-;-;-;35;8;4,6,8,6,6,4,5,6;1011,110111,11111110,000011,010111,1111,11111,111110
1080;line;-;MEDIUM;Milt Jackson;-;-;-;-;-;-;30;10;2,4,4,6,4,2,4,4,6,4;11,1111,1011,110111,1101,11,1001,1111,000011,1011
1081;line;-;UP;John Coltrane;-;-;-;-;-;-;36;18;2,2,4,2,2,2,3,2,2,2,1,4,4,2,2,4,2,2;11,11,0001,11,11,11,011,11,01,11,1,1001,1011,11,11,1111,11,11
1082;line;-;UP;Miles Davis;-;-;-;-;-;-;17;10;3,2,2,2,3,2,2,2,2,3;011,01,11,01,011,11,11,01,11,011
1083;line;-;UP;Joe Lovano;-;-;-;-;-;-;13;7;2,2,2,2,3,2,2;11,11,01,11,110,11,11
1084;lick;-;MEDIUM SLOW;Hank Mobley;-;-;-;-;-;-;9;3;2,3,4;11,111,1111
1085;line;-;UP;John Coltrane;-;-;-;-;-;-;46;23;2,2,1,2,4,3,3,2,2,3,3,6,6,3,4,2,3,2,1,2,1,2,4;11,01,1,11,1001,011,011,01,11,011,111,000011,101011,011,1101,11,111,11,1,11,1,11,1001
1086;lick;-;MEDIUM UP;Nat Adderley;-;-;-;-;-;-;6;4;1,1,6,2;1,1,010001,11
1087;line;-;UP;Pat Metheny;-;-;-;-;-;-;26;16;2,2,2,2,1,2,2,2,2,2,2,2,1,2,2,4;11,11,11,01,1,11,11,11,01,01,01,11,1,11,11,0110
1088;lick;-;MEDIUM;Steve Lacy;-;-;-;-;-;-;8;7;1,1,2,1,1,2,1;1,1,01,1,1,11,1
1089;lick;-;MEDIUM UP;Clifford Brown;-;-;-;-;-;-;7;3;2,2,4;11,11,1110
1090;lick;-;MEDIUM;Cannonball Adderley;-;-;-;-;-;-;8;4;2,3,1,2;11,111,1,11
1091;line;-;MEDIUM UP;Paul Desmond;-;-;-;-;-;-;36;20;2,2,2,2,2,2,2,2,2,2,2,2,2,2,2,2,1,4,2,2;11,01,11,11,11,11,11,11,11,11,01,01,11,11,11,01,1,1101,11,11
1092;lick;-;MEDIUM;Kenny Wheeler;-;-;-;-;-;-;17;8;3,4,3,1,4,4,4,1;111,0111,111,1,0001,1111,0001,1
1093;lick;-;MEDIUM;Miles Davis;-;-;-;-;-;-;2;2;1,2;1,01
1094;lick;-;UP;John Coltrane;-;-;-;-;-;-;11;6;1,1,4,2,2,6;1,1,0111,01,01,010111
1095;line;-;UP;John Coltrane;-;-;-;-;-;-;21;12;2,2,2,2,2,3,2,1,2,2,4,4;11,11,01,01,11,011,01,1,11,11,0001,1111
1096;lick;-;UP;Joe Henderson;-;-;-;-;-;-;1;1;2;01
1097;line;-;MEDIUM;Bob Berg;-;-;-;-;-;-;12;5;4,3,3,2,3;1011,111,110,11,011
1098;lick;-;UP;Zoot Sims;-;-;-;-;-;-;2;2;1,1;1,1
1099;lick;-;MEDIUM UP;Kenny Dorham;-;-;-;-;-;-;23;12;6,4,2,2,2,2,2,1,4,2,4,2;010111,1100,11,11,01,11,11,1,0001,01,1110,11
1100;line;-;MEDIUM;John Coltrane;-;-;-;-;-;-;31;9;4,4,4,4,7,4,4,4,4;0011,1111,0111,1100,0111111,0011,1111,1111,1111
1101;lick;-;UP;John Coltrane;-;-;-;-;-;-;7;3;3,2,3;111,11,011
1102;lick;-;MEDIUM UP;Clifford Brown;-;-;-;-;-;-;9;5;6,2,3,2,2;010001,11,011,01,11
1103;lick;-;MEDIUM UP;Wayne Shorter;-;-;-;-;-;-;8;6;6,2,4,1,1,2;001001,01,0001,1,1,11
1104;lick;-;MEDIUM UP;Curtis Fuller;-;-;-;-;-;-;12;6;2,2,2,1,3,2;11,11,11,1,111,11
1105;lick;-;MEDIUM;Milt Jackson;-;-;-;-;-;-;6;4;4,1,2,2;0111,1,01,01
1106;line;-;MEDIUM UP;Charlie Parker;-;-;-;-;-;-;11;5;5,1,2,4,1;11111,1,11,1100,1
1107;lick;-;UP;Joe Lovano;-;-;-;-;-;-;11;6;4,2,2,2,2,2;1001,11,11,11,01,11
1108;lick;-;UP;Sonny Rollins;-;-;-;-;-;-;21;13;1,2,2,2,4,3,3,2,2,4,2,2,2;1,11,11,11,0001,110,110,01,01,1100,11,11,01
1109;line;-;UP;Dizzy Gillespie;-;-;-;-;-;-;21;11;4,2,2,1,1,2,2,4,3,4,2;1011,01,11,1,1,11,01,0111,111,1011,01
1110;line;-;MEDIUM UP;Cannonball Adderley;-;-;-;-;-;-;22;10;4,2,2,4,6,1,2,2,1,4;1001,11,11,1111,011011,1,11,11,1,1001
1111;lick;-;MEDIUM UP;Miles Davis;-;-;-;-;-;-;3;3;1,1,1;1,1,1
1112;lick;-;UP;Steve Coleman;-;-;-;-;-;-;8;5;2,1,2,2,2;11,1,11,01,11
1113;lick;-;MEDIUM;Steve Lacy;-;-;-;-;-;-;16;10;2,2,7,2,2,1,1,4,3,3;11,01,0001001,01,01,1,1,1001,111,011
1114;line;-;UP;Wynton Marsalis;-;-;-;-;-;-;76;47;2,2,4,1,1,4,2,2,1,1,2,1,1,1,2,2,2,2,1,1,3,2,2,2,1,1,2,3,3,2,2,2,2,3,2,1,1,1,2,1,2,2,1,1,4,2,4;11,11,1101,1,1,1001,11,11,1,1,11,1,1,1,11,11,11,11,1,1,110,11,01,01,1,1,11,111,011,01,11,11,11,110,11,1,1,1,11,1,11,11,1,1,1001,11,1001
1115;line;-;UP;Art Pepper;-;-;-;-;-;-;34;18;4,2,4,6,4,2,2,2,4,2,2,2,2,2,1,1,2,2;0001,11,0111,111011,1001,11,01,11,0011,01,11,11,01,11,1,1,11,11
1116;lick;-;UP;John Coltrane;-;-;-;-;-;-;18;10;2,3,2,1,2,2,2,2,4,2;11,011,01,1,11,01,11,11,1101,11
1117;lick;-;UP;Dizzy Gillespie;-;-;-;-;-;-;17;4;6,4,3,6;111101,1111,111,111011
1118;line;-;UP;John Coltrane;-;-;-;-;-;-;47;22;2,1,1,3,3,2,2,2,3,2,4,4,4,4,6,2,2,4,4,2,2,2;01,1,1,110,011,01,11,11,111,11,1111,0111,1011,1101,001011,11,11,1111,0001,11,01,11
1119;lick;-;MEDIUM;Steve Turre;-;-;-;-;-;-;9;4;2,6,1,2;01,011111,1,11
1120;lick;-;MEDIUM UP;John Coltrane;-;-;-;-;-;-;28;15;4,1,2,2,1,3,4,2,4,1,1,4,4,6,4;1111,1,01,01,1,111,1001,11,0001,1,1,0001,1111,010111,0001
1121;lick;-;MEDIUM;Sonny Rollins;-;-;-;-;-;-;4;3;4,2,1;0001,11,1
1122;lick;-;MEDIUM;Woody Shaw;-;-;-;-;-;-;4;2;4,1;0111,1
1123;lick;-;UP;Steve Turre;-;-;-;-;-;-;25;14;2,2,1,3,3,3,1,1,2,2,2,2,2,2;11,11,1,110,110,111,1,1,11,11,11,11,11,01
1124;lick;-;UP;Kenny Dorham;-;-;-;-;-;-;26;16;1,1,1,1,4,2,6,4,6,2,4,2,2,3,2,2;1,1,1,1,0001,01,011100,0001,000101,01,1111,01,11,011,11,11
1125;lick;-;MEDIUM UP;Gerry Mulligan;-;-;-;-;-;-;21;15;2,2,2,1,4,4,1,2,2,1,2,2,2,2,2;11,01,01,1,0001,1100,1,11,11,1,01,01,11,11,01
1126;lick;-;MEDIUM SLOW;Hank Mobley;-;-;-;-;-;-;6;3;8,3,1;00001011,011,1
1127;line;-;UP;Eric Dolphy;-;-;-;-;-;-;55;25;4,4,4,2,4,2,1,2,2,2,6,3,2,2,2,3,2,4,4,2,4,3,1,1,4;0011,1001,0011,11,0111,01,1,11,01,11,111111,111,11,11,11,011,11,1001,0011,11,1111,111,1,1,1011
1128;lick;-;MEDIUM;Miles Davis;-;-;-;-;-;-;3;2;2,4;11,0001
1129;lick;-;UP;Miles Davis;-;-;-;-;-;-;6;4;1,1,2,2;1,1,11,11
1130;lick;-;MEDIUM UP;Art Pepper;-;-;-;-;-;-;6;4;1,4,2,1;1,1001,11,1
1131;line;-;MEDIUM;Dexter Gordon;-;-;-;-;-;-;10;4;6,2,2,2;011110,11,11,11
1132;line;-;UP;Wayne Shorter;-;-;-;-;-;-;21;11;1,2,2,2,2,2,2,2,3,3,2;1,11,11,11,01,11,11,11,011,111,11
1133;line;-;UP;Miles Davis;-;-;-;-;-;-;10;6;4,3,1,2,3,2;0001,011,1,11,011,11
1134;lick;-;UP;J.J. Johnson;-;-;-;-;-;-;25;13;4,3,2,2,2,4,4,4,2,4,2,2,2;0011,111,01,11,11,1011,0001,1100,11,0011,11,11,01
1135;lick;-;UP;Clifford Brown;-;-;-;-;-;-;16;8;1,3,4,2,2,4,5,4;1,011,1100,11,11,1011,00111,0001
1136;lick;-;MEDIUM;Steve Coleman;-;-;-;-;-;-;9;4;1,1,6,1,4;1,0,011011,0,1111
1137;lick;-;UP;Michael Brecker;-;-;-;-;-;-;48;25;1,1,2,2,4,1,2,2,2,2,2,2,1,1,4,2,2,2,4,5,4,4,5,2,2;1,1,01,01,1011,1,11,11,11,11,11,11,1,1,1100,01,11,11,1011,11111,0001,1111,11101,01,01
1138;line;-;UP;Sonny Rollins;-;-;-;-;-;-;51;30;1,1,2,2,2,2,2,2,1,1,4,4,2,2,2,2,3,2,1,1,2,2,1,1,2,2,2,2,2,2;1,1,11,11,11,11,11,11,1,1,1011,1101,11,11,11,11,111,11,1,1,01,01,1,1,01,11,11,11,11,01
1139;line;-;UP;John Coltrane;-;-;-;-;-;-;57;31;2,1,4,2,3,2,2,2,2,3,2,3,4,4,2,2,2,2,2,2,2,2,2,2,1,2,2,2,1,2,3;01,1,1011,11,011,01,11,01,11,011,11,110,1001,0111,11,11,11,11,11,11,01,11,11,11,1,11,11,11,1,11,011
1140;line;-;UP;Phil Woods;-;-;-;-;-;-;25;15;2,1,1,2,2,2,2,2,2,2,2,2,1,2,2;11,1,1,11,11,11,01,11,11,11,11,11,1,11,01
1141;lick;-;UP;Pat Metheny;-;-;-;-;-;-;14;9;1,2,2,2,2,3,2,1,2;1,11,01,11,11,011,01,1,11
1142;lick;-;UP;Miles Davis;-;-;-;-;-;-;5;2;3,2;111,11
1143;line;-;MEDIUM UP;Charlie Parker;-;-;-;-;-;-;34;11;4,4,2,2,4,4,4,2,4,6,2;1111,0111,11,11,1111,1111,0111,11,0111,101111,11
1144;line;-;UP;Cannonball Adderley;-;-;-;-;-;-;20;11;2,1,2,2,2,2,2,2,2,2,2;11,1,11,11,11,11,11,11,11,11,01
1145;lick;-;UP;Charlie Parker;-;-;-;-;-;-;9;5;1,1,2,3,2;1,1,11,111,11
1146;line;-;MEDIUM UP;Milt Jackson;-;-;-;-;-;-;16;9;2,1,6,2,2,2,2,2,2;11,1,100011,01,11,11,11,11,01
1147;lick;-;UP;Miles Davis;-;-;-;-;-;-;6;3;2,2,2;11,11,11
1148;line;-;UP;Steve Turre;-;-;-;-;-;-;46;25;6,1,1,2,2,2,2,2,2,1,2,2,1,2,2,2,2,2,2,2,3,6,2,1,1;010101,1,1,11,11,11,11,11,11,1,01,11,1,01,11,11,11,01,11,11,111,111111,01,1,1
1149;lick;-;UP;Steve Coleman;-;-;-;-;-;-;12;6;2,2,2,3,4,2;01,11,11,011,1011,11
1150;line;-;UP;Michael Brecker;-;-;-;-;-;-;24;14;2,2,2,4,2,2,2,2,2,3,2,4,4,2;11,11,01,0001,01,01,11,11,11,110,01,0001,1111,11
1151;lick;-;UP;Pat Metheny;-;-;-;-;-;-;8;6;2,2,2,2,2,2;01,11,01,01,01,11
1152;line;-;UP;John Coltrane;-;-;-;-;-;-;15;8;2,2,2,2,1,2,1,4;11,11,11,11,1,11,1,1101
1153;lick;-;UP;John Coltrane;-;-;-;-;-;-;8;4;2,1,4,2;11,1,1011,11
1154;lick;-;MEDIUM;Sonny Rollins;-;-;-;-;-;-;6;3;2,4,1;11,1101,1
1155;line;-;MEDIUM;Joe Henderson;-;-;-;-;-;-;32;8;6,6,4,8,5,6,4,4;011011,001011,0011,11011111,11111,001011,1111,1111
1156;lick;-;MEDIUM;J.J. Johnson;-;-;-;-;-;-;8;6;4,6,6,6,6,2;0001,000001,000011,000001,010001,01
1157;line;-;MEDIUM UP;Joe Henderson;-;-;-;-;-;-;41;18;2,2,2,2,5,3,2,2,6,4,2,3,3,4,4,1,6,4;11,11,01,01,00101,111,01,11,000001,1100,11,111,111,1111,1111,1,100111,0111
1158;lick;-;UP;Lee Konitz;-;-;-;-;-;-;40;22;1,2,2,2,2,1,2,2,2,2,2,2,4,2,2,2,4,3,2,2,2,2;1,01,11,11,01,1,11,11,11,11,01,11,0001,11,11,11,1011,111,11,11,11,11
1159;lick;-;UP;Pat Metheny;-;-;-;-;-;-;11;8;2,2,2,4,1,1,2,1;11,01,01,1001,1,1,11,1
1160;line;-;UP;Miles Davis;-;-;-;-;-;-;24;14;1,1,1,2,2,2,2,2,3,2,2,2,1,4;1,1,1,11,11,11,01,11,111,11,11,11,1,1001
1161;lick;-;MEDIUM;Milt Jackson;-;-;-;-;-;-;23;9;4,3,4,6,2,3,2,4,2;1011,111,0111,000011,11,111,11,0111,11
1162;lick;-;UP;Sonny Rollins;-;-;-;-;-;-;59;38;2,2,2,1,2,2,2,2,4,4,2,2,4,2,2,2,2,1,3,1,2,2,4,2,2,2,3,3,1,2,2,1,2,2,2,1,1,2;01,01,11,1,11,11,11,11,0001,0001,11,11,1110,11,01,11,01,1,011,1,11,01,1110,01,01,01,111,111,1,01,01,1,11,01,11,1,1,01
1163;lick;-;MEDIUM UP;Milt Jackson;-;-;-;-;-;-;19;14;2,2,1,1,2,1,1,2,2,2,1,1,2,2;01,01,1,1,11,1,1,01,11,11,1,1,11,11
1164;lick;-;MEDIUM SLOW;Michael Brecker;-;-;-;-;-;-;22;7;4,4,4,4,4,3,5;0011,1100,1110,1111,0111,111,11111
1165;lick;-;MEDIUM;Woody Shaw;-;-;-;-;-;-;4;2;2,4;11,1001
1166;lick;-;UP;Pat Metheny;-;-;-;-;-;-;71;47;1,2,2,2,3,2,2,2,3,2,2,2,3,2,2,1,1,4,2,2,2,2,1,1,1,1,2,2,2,2,4,4,2,2,3,2,3,3,1,4,2,2,2,4,2,2,2;1,11,11,01,111,11,11,11,011,11,11,11,111,01,01,1,1,0001,01,11,01,01,1,1,1,1,11,01,01,01,0001,1001,01,01,011,01,011,111,1,0001,01,11,11,0001,01,11,11
1167;lick;-;UP;Miles Davis;-;-;-;-;-;-;8;6;2,1,1,2,2,2;11,1,1,11,01,01
1168;line;-;UP;Michael Brecker;-;-;-;-;-;-;51;25;4,3,6,4,1,2,2,2,2,2,2,2,2,2,3,2,3,2,2,2,2,2,2,2,2;0111,111,011011,0011,1,11,11,11,11,11,11,11,01,11,011,11,111,11,11,11,01,01,11,11,11
1169;line;-;UP;Red Garland;-;-;-;-;-;-;18;10;2,2,2,2,2,2,2,1,2,2;11,01,11,11,11,11,11,1,11,11
1170;lick;-;MEDIUM SLOW;Joe Lovano;-;-;-;-;-;-;3;3;1,2,1;1,01,1
1171;lick;-;UP;Branford Marsalis;-;-;-;-;-;-;8;5;2,2,2,1,1;11,11,11,1,1
1172;line;-;MEDIUM SLOW;Pepper Adams;-;-;-;-;-;-;18;8;4,8,6,1,4,4,1,4;1001,10100101,100001,1,1001,1111,1,1001
1173;lick;-;UP;Miles Davis;-;-;-;-;-;-;8;5;2,2,2,2,2;11,01,11,11,01
1174;line;-;UP;Herbie Hancock;-;-;-;-;-;-;74;43;2,2,2,4,2,2,2,2,2,2,2,2,2,2,2,2,2,1,2,3,2,2,4,2,2,3,2,2,2,2,1,2,2,2,2,2,2,2,2,2,1,2,2;11,11,11,1001,11,11,11,11,01,01,11,11,01,11,11,11,11,1,11,011,11,11,0001,11,11,011,11,11,11,11,1,01,11,11,01,11,11,01,01,01,1,11,11
1175;lick;-;UP;Herbie Hancock;-;-;-;-;-;-;48;31;4,2,2,2,2,3,1,1,2,2,1,1,2,2,1,2,2,2,2,2,1,1,1,2,2,2,2,2,1,1,2;0001,11,11,11,01,111,1,1,11,11,1,1,11,11,1,11,11,11,01,01,1,1,1,01,11,11,11,11,1,1,11
1176;lick;-;UP;Pepper Adams;-;-;-;-;-;-;15;8;1,2,4,2,2,2,3,2;1,11,0111,01,11,01,111,11
1177;lick;-;MEDIUM;Pepper Adams;-;-;-;-;-;-;26;8;3,4,4,6,4,4,4,4;111,1001,1100,111101,1111,0111,1111,0111
1178;line;-;MEDIUM;Milt Jackson;-;-;-;-;-;-;27;12;4,4,3,2,3,2,2,8,4,2,2,2;1111,0011,111,11,011,11,11,01000101,0011,01,11,11
1179;line;-;UP;Kenny Dorham;-;-;-;-;-;-;29;18;4,2,1,1,1,2,2,4,2,2,2,2,2,2,2,1,3,2;0011,11,1,1,1,11,01,0110,11,11,11,01,11,11,11,1,011,01
1180;lick;-;MEDIUM SLOW;John Coltrane;-;-;-;-;-;-;16;6;2,4,4,2,6,2;01,1110,1111,11,100111,11
1181;lick;-;MEDIUM UP;Bob Berg;-;-;-;-;-;-;50;19;4,2,1,2,2,2,4,4,4,4,2,3,4,4,6,4,4,4,3;0110,11,1,01,11,11,0110,1111,1111,1111,11,111,0011,1101,001101,1111,0110,1111,111
1182;lick;-;UP;Chris Potter;-;-;-;-;-;-;17;11;1,2,4,3,2,2,2,2,2,2,2;1,01,1001,011,11,11,01,01,11,01,11
1183;lick;-;MEDIUM UP;Woody Shaw;-;-;-;-;-;-;16;7;2,2,2,2,6,5,2;11,11,11,01,011100,01111,11
1184;lick;-;UP;John Coltrane;-;-;-;-;-;-;4;3;1,2,1;1,11,1
1185;lick;-;UP;Art Pepper;-;-;-;-;-;-;2;2;2,1;01,1
1186;lick;-;MEDIUM;Woody Shaw;-;-;-;-;-;-;22;13;4,4,1,4,4,1,1,4,6,6,4,3,1;0001,0111,1,0001,0001,1,1,1001,011110,000011,1001,011,1
1187;lick;-;MEDIUM UP;John Coltrane;-;-;-;-;-;-;16;11;2,2,3,2,2,1,2,1,1,3,3;11,01,110,11,01,1,01,1,1,011,011
1188;line;-;MEDIUM UP;Wayne Shorter;-;-;-;-;-;-;22;7;5,6,6,6,2,2,3;11011,110111,000011,110111,11,11,011
1189;lick;-;UP;Wynton Marsalis;-;-;-;-;-;-;16;12;1,2,4,2,2,1,1,1,2,1,2,1;1,11,0001,11,01,1,1,1,11,1,11,1
1190;line;-;UP;David Liebman;-;-;-;-;-;-;51;27;2,4,2,1,2,4,2,2,4,1,4,2,3,3,3,4,3,1,2,2,1,1,2,2,2,2,4;11,0001,11,1,11,1110,11,11,0001,1,0011,11,111,011,011,1111,011,1,01,01,1,1,11,11,11,11,1111
1191;line;-;UP;Lee Morgan;-;-;-;-;-;-;27;18;2,2,2,3,4,2,1,2,2,3,2,2,1,2,2,3,4,2;01,11,01,011,0001,01,1,11,11,011,01,11,1,01,01,111,0001,11
1192;lick;-;UP;Dexter Gordon;-;-;-;-;-;-;10;7;1,2,4,1,2,2,1;1,01,0011,1,11,11,1
1193;lick;-;MEDIUM UP;Steve Lacy;-;-;-;-;-;-;22;14;2,2,2,2,2,2,2,2,1,2,1,4,1,2;11,11,11,11,01,01,01,11,1,11,1,1101,1,01
1194;line;-;MEDIUM UP;Sonny Stitt;-;-;-;-;-;-;10;4;4,2,2,2;1111,11,11,11
1195;lick;-;MEDIUM SLOW;Hank Mobley;-;-;-;-;-;-;13;4;8,6,4,2;10010011,110011,1111,01
1196;line;-;MEDIUM;David Liebman;-;-;-;-;-;-;26;8;6,3,4,6,4,3,4,6;101011,111,0001,111011,0001,111,1110,111111
1197;line;-;UP;Art Pepper;-;-;-;-;-;-;6;3;2,2,2;11,11,11
1198;lick;-;MEDIUM UP;Milt Jackson;-;-;-;-;-;-;7;3;2,3,2;11,111,11
1199;line;-;UP;Phil Woods;-;-;-;-;-;-;34;16;3,2,2,2,2,3,2,2,3,2,3,2,2,2,2,3;011,11,11,11,11,110,11,11,111,11,011,11,11,11,11,111
1200;lick;-;MEDIUM SLOW;Michael Brecker;-;-;-;-;-;-;26;7;6,8,3,5,1,6,6;111011,01011001,111,11111,1,110111,011100
1201;line;-;UP;John Coltrane;-;-;-;-;-;-;5;3;4,2,2;0001,11,11
1202;lick;-;UP;Stan Getz;-;-;-;-;-;-;24;13;2,2,4,2,2,1,2,4,2,2,2,2,2;11,11,1011,11,11,1,11,0001,01,11,11,11,11
1203;line;-;MEDIUM UP;Don Ellis;-;-;-;-;-;-;20;12;2,4,2,2,2,2,2,3,2,2,2,2;01,0001,01,11,11,11,11,011,01,11,11,11
1204;lick;-;UP;John Coltrane;-;-;-;-;-;-;2;1;4;1001
1205;line;-;UP;Joe Lovano;-;-;-;-;-;-;29;17;2,2,3,4,2,1,2,2,2,2,1,1,2,2,2,1,2;11,11,011,0001,11,1,11,11,11,11,1,1,11,11,11,1,11
1206;line;-;UP;Don Ellis;-;-;-;-;-;-;18;10;2,2,2,2,2,4,2,4,1,1;11,11,11,01,11,1100,11,1101,1,1
1207;line;-;UP;Joshua Redman;-;-;-;-;-;-;23;14;2,2,4,2,2,2,2,2,2,1,1,2,2,2;11,01,1001,01,11,11,01,11,11,1,1,11,11,11
1208;lick;-;MEDIUM UP;John Coltrane;-;-;-;-;-;-;3;3;4,1,1;0001,1,1
1209;lick;-;UP;Don Ellis;-;-;-;-;-;-;8;3;3,3,4;110,111,0111
1210;lick;-;MEDIUM UP;Joe Henderson;-;-;-;-;-;-;5;3;6,4,4;100101,0001,0001
1211;line;-;MEDIUM;Michael Brecker;-;-;-;-;-;-;61;22;2,6,2,3,6,4,4,4,4,4,4,8,4,4,3,6,2,2,2,6,2,2;01,001001,11,110,010111,0111,0111,1111,0111,1111,1111,10010001,0011,0111,011,111101,11,11,11,010111,11,11
1212;lick;-;UP;Herbie Hancock;-;-;-;-;-;-;40;29;2,2,2,2,2,2,2,2,2,2,1,2,4,2,2,1,1,1,2,3,3,1,2,1,2,2,2,1,1;01,11,01,01,11,01,01,01,11,11,1,11,1001,11,01,1,1,1,01,011,011,1,01,1,11,01,11,1,1
1213;line;-;MEDIUM;Branford Marsalis;-;-;-;-;-;-;65;23;1,1,1,4,2,4,6,8,6,8,8,6,8,6,1,1,2,8,6,4,8,5,1;1,1,1,1111,11,1001,010001,00000011,010011,10000101,00000011,111101,10000101,111110,1,1,11,11110111,010111,1110,10101011,11111,1
1214;lick;-;MEDIUM;Pepper Adams;-;-;-;-;-;-;11;3;4,4,6;1111,0111,001111
1215;lick;-;MEDIUM;Joshua Redman;-;-;-;-;-;-;40;17;6,2,3,1,2,2,2,2,2,4,2,2,2,2,3,3,4;101011,11,111,1,11,11,11,11,11,0111,11,11,11,11,111,111,1101
1216;lick;-;UP;John Coltrane;-;-;-;-;-;-;3;2;2,1;11,1
1217;lick;-;MEDIUM UP;Bob Berg;-;-;-;-;-;-;8;4;1,4,2,2;1,1111,11,01
1218;lick;-;MEDIUM;Dexter Gordon;-;-;-;-;-;-;22;10;2,2,2,2,2,2,4,1,8,4;01,11,11,11,11,11,1001,1,10010111,0111
1219;line;-;MEDIUM UP;Gerry Mulligan;-;-;-;-;-;-;26;14;3,2,4,2,1,2,4,2,2,4,2,2,2,1;111,11,1001,11,1,11,0001,11,11,1001,11,11,11,1
1220;line;-;UP;John Coltrane;-;-;-;-;-;-;37;21;1,2,2,2,1,3,4,4,2,1,3,2,1,2,3,2,2,2,2,1,2;1,11,11,11,1,111,0001,0011,11,1,011,11,1,11,111,11,11,11,11,1,01
1221;lick;-;UP;Charlie Parker;-;-;-;-;-;-;12;7;2,2,1,3,2,2,2;01,11,1,111,11,11,01
1222;lick;-;MEDIUM UP;Eric Dolphy;-;-;-;-;-;-;10;5;2,1,2,3,4;11,1,11,111,0011
1223;lick;-;UP;David Liebman;-;-;-;-;-;-;6;6;2,2,1,1,1,1;01,01,1,1,1,1
1224;line;-;UP;Clifford Brown;-;-;-;-;-;-;12;5;3,4,2,2,2;111,1110,11,11,11
1225;lick;-;UP;John Coltrane;-;-;-;-;-;-;8;4;2,2,2,3;11,01,11,111
1226;lick;-;UP;Zoot Sims;-;-;-;-;-;-;34;24;2,1,2,2,2,2,4,2,1,2,1,1,4,2,2,1,2,2,1,2,2,2,2,3;11,1,01,01,11,01,0001,11,1,01,1,1,1101,11,01,1,11,01,1,01,11,01,11,011
1227;lick;-;UP;David Liebman;-;-;-;-;-;-;19;10;2,2,2,2,2,4,2,2,4,1;01,01,11,11,11,1110,01,11,1111,1
1228;lick;-;UP;John Coltrane;-;-;-;-;-;-;7;3;2,2,4;11,11,1011
1229;line;-;UP;Woody Shaw;-;-;-;-;-;-;38;18;2,2,5,2,1,1,4,2,2,2,2,4,4,2,2,2,2,2;11,01,01111,11,1,1,1111,11,01,11,11,1101,1011,11,11,11,11,11
1230;line;-;UP;Sonny Rollins;-;-;-;-;-;-;78;42;2,4,2,2,1,2,2,2,3,2,2,2,2,2,2,1,1,3,2,2,3,2,1,2,2,2,4,2,2,2,2,2,2,2,2,2,1,1,1,3,2,3;01,1011,11,11,1,11,11,01,110,11,11,11,11,11,11,1,1,111,01,11,111,11,1,11,11,11,1111,11,11,11,01,11,11,11,11,01,1,1,1,111,11,011
1231;lick;-;UP;John Coltrane;-;-;-;-;-;-;10;5;3,2,2,3,2;111,11,11,011,01
1232;line;-;MEDIUM UP;John Coltrane;-;-;-;-;-;-;21;8;4,4,4,4,4,2,2,2;1111,1011,1111,1110,0011,01,11,11
1233;lick;-;MEDIUM UP;Sonny Rollins;-;-;-;-;-;-;9;6;1,1,2,2,2,2;1,1,11,11,11,01
1234;line;-;MEDIUM UP;Lee Konitz;-;-;-;-;-;-;28;7;4,4,5,4,5,4,2;1111,1111,11111,1111,11111,1111,11
1235;lick;-;UP;Phil Woods;-;-;-;-;-;-;34;20;3,2,2,2,2,1,2,1,1,1,2,2,2,2,4,1,2,2,2,3;110,11,11,11,11,1,11,1,1,1,01,11,11,11,0110,1,11,11,11,110
1236;lick;-;UP;Clifford Brown;-;-;-;-;-;-;6;4;4,2,2,1;1001,01,11,1
1237;line;-;MEDIUM;J.J. Johnson;-;-;-;-;-;-;14;9;2,4,2,1,2,2,2,2,1;11,0001,11,1,11,11,01,11,1
1238;lick;-;MEDIUM;Miles Davis;-;-;-;-;-;-;2;2;1,4;1,0001
1239;lick;-;UP;Branford Marsalis;-;-;-;-;-;-;41;27;2,2,2,2,2,2,2,2,2,2,2,2,2,2,2,2,2,2,1,1,2,2,1,1,1,1,2;11,01,11,11,11,01,11,11,11,11,11,11,11,01,01,01,11,11,1,1,11,01,1,1,1,1,01
1240;lick;-;MEDIUM UP;Gerry Mulligan;-;-;-;-;-;-;19;11;2,4,1,2,1,2,4,2,4,1,4;11,1001,1,11,1,11,0011,11,1100,1,1100
1241;line;-;MEDIUM;Michael Brecker;-;-;-;-;-;-;39;16;6,2,2,2,7,6,2,2,6,2,3,4,4,4,4,8;101001,11,11,11,1000101,000011,11,11,000011,01,011,0111,0111,0111,0110,10010111
1242;line;-;UP;Sonny Rollins;-;-;-;-;-;-;25;12;2,2,2,4,2,2,2,2,2,2,2,2;11,11,11,1101,11,11,11,11,11,11,11,11
1243;lick;-;UP;John Coltrane;-;-;-;-;-;-;30;16;1,2,2,2,3,4,2,2,1,2,4,4,4,3,3,3;1,11,11,11,111,1100,01,11,1,01,1001,1001,1100,111,011,011
1244;line;-;UP;Miles Davis;-;-;-;-;-;-;9;5;2,2,2,4,2;11,11,11,0001,11
1245;lick;-;UP;Joe Henderson;-;-;-;-;-;-;8;4;4,4,1,2;1101,0011,1,11
1246;lick;-;UP;David Liebman;-;-;-;-;-;-;6;4;4,6,1,1;1001,010001,1,1
1247;line;-;UP;Charlie Parker;-;-;-;-;-;-;25;14;2,4,2,4,2,4,2,1,2,2,2,2,2,2;01,1001,11,1011,01,1011,11,1,11,01,11,01,11,11
1248;lick;-;UP;Art Pepper;-;-;-;-;-;-;3;2;4,2;1001,01
1249;line;-;UP;Phil Woods;-;-;-;-;-;-;14;8;2,2,2,2,2,2,2,2;11,01,11,11,11,11,11,01
1250;line;-;MEDIUM UP;David Liebman;-;-;-;-;-;-;45;18;5,4,4,1,4,6,4,4,4,2,2,2,1,2,2,2,3,4;01111,1111,0011,1,1111,101101,0011,0111,1100,11,11,11,1,11,01,11,111,1111
1251;line;-;UP;David Liebman;-;-;-;-;-;-;83;45;2,2,2,2,1,2,2,4,4,3,3,2,2,4,2,4,1,1,4,2,2,2,2,2,4,2,4,2,1,1,1,2,2,2,2,2,2,1,2,4,4,4,4,4,2;11,11,01,01,1,11,11,1011,0001,011,011,11,11,1011,11,1111,1,1,1011,11,01,11,01,11,1001,11,1001,11,1,1,1,01,11,11,11,11,11,1,01,1111,1001,0001,0111,1001,11
1252;lick;-;MEDIUM UP;Cannonball Adderley;-;-;-;-;-;-;15;6;2,3,2,8,6,4;11,111,11,00000011,010111,1001
1253;lick;-;MEDIUM;J.J. Johnson;-;-;-;-;-;-;24;10;2,3,2,2,6,7,4,2,2,2;11,111,11,11,101101,1010001,0011,11,11,11
1254;line;-;MEDIUM UP;John Coltrane;-;-;-;-;-;-;21;7;6,5,6,4,1,2,2;111111,00111,101111,0011,1,11,11
1255;line;-;UP;Charlie Parker;-;-;-;-;-;-;9;6;4,2,1,2,2,1;0110,11,1,11,01,1
1256;line;-;UP;Fats Navarro;-;-;-;-;-;-;55;31;2,4,3,1,3,2,2,2,2,2,2,2,1,1,1,1,2,2,1,4,2,2,2,2,4,2,2,4,2,2,2;01,1011,111,1,111,11,11,11,11,11,11,11,1,1,1,1,01,01,1,0111,01,11,11,11,0011,01,01,1110,11,11,11
1257;line;-;UP;Miles Davis;-;-;-;-;-;-;11;6;2,2,2,2,2,2;01,11,11,11,11,11
1258;line;-;UP;David Liebman;-;-;-;-;-;-;39;17;6,4,6,4,2,2,1,2,4,1,4,2,3,3,1,2,1;011111,1011,110011,1001,11,11,1,11,0111,1,1111,11,011,011,1,11,1
1259;line;-;UP;Pepper Adams;-;-;-;-;-;-;22;11;2,2,4,3,2,2,2,2,2,3,2;11,11,1101,111,01,11,11,11,01,110,11
1260;line;-;MEDIUM;Dexter Gordon;-;-;-;-;-;-;16;7;10,6,4,1,1,4,4;1000100111,000011,1111,1,1,1001,0001
1261;line;-;UP;Lee Konitz;-;-;-;-;-;-;18;9;2,4,4,1,2,2,2,2,2;11,1101,1011,1,01,11,11,11,11
1262;line;-;MEDIUM;George Coleman;-;-;-;-;-;-;38;9;8,4,6,4,6,3,4,4,6;11111011,1111,101011,1111,101011,111,1111,1111,101011
1263;lick;-;MEDIUM UP;Woody Shaw;-;-;-;-;-;-;2;1;4;0110
1264;lick;-;MEDIUM;Sonny Rollins;-;-;-;-;-;-;8;4;4,5,2,1;0111,01011,01,1
1265;lick;-;MEDIUM;Freddie Hubbard;-;-;-;-;-;-;24;8;8,6,1,1,4,6,7,4;00100001,011011,1,1,0110,011111,1111111,0011
1266;lick;-;UP;David Liebman;-;-;-;-;-;-;56;37;1,2,2,1,2,4,4,2,2,4,1,2,2,2,2,2,3,2,2,1,2,2,2,2,1,2,1,3,1,1,2,2,2,4,3,4,1;1,01,01,1,11,0001,1011,01,11,1001,1,01,01,01,11,11,111,01,11,1,01,01,11,11,1,11,1,011,1,1,01,01,01,1110,111,1100,1
1267;line;-;UP;Bob Berg;-;-;-;-;-;-;23;10;4,2,2,2,4,4,2,3,2,2;1011,11,11,11,1011,1011,11,110,11,11
1268;lick;-;UP;David Liebman;-;-;-;-;-;-;48;26;1,2,4,2,2,4,2,2,3,2,2,4,1,2,2,4,4,2,2,2,2,2,2,2,2,1;1,01,1001,11,11,1011,11,11,011,11,11,0011,1,01,11,1100,1111,11,01,11,11,11,01,11,11,1
1269;lick;-;UP;Warne Marsh;-;-;-;-;-;-;33;18;2,2,3,2,1,6,2,2,2,2,2,2,2,2,2,2,3,2;11,11,011,11,1,010001,11,11,11,01,11,11,11,11,01,11,011,11
1270;lick;-;MEDIUM SLOW;Steve Lacy;-;-;-;-;-;-;3;2;2,1;11,1
1271;lick;-;UP;Sonny Rollins;-;-;-;-;-;-;12;7;2,2,2,2,2,1,2;11,11,01,11,11,1,11
1272;lick;-;UP;John Coltrane;-;-;-;-;-;-;8;5;4,3,3,1,1;0001,011,111,1,1
1273;line;-;MEDIUM;Curtis Fuller;-;-;-;-;-;-;9;5;6,1,1,1,3;010111,1,1,1,110
1274;lick;-;UP;John Abercrombie;-;-;-;-;-;-;3;3;1,2,2;1,01,01
1275;lick;-;MEDIUM;Charlie Parker;-;-;-;-;-;-;8;3;2,4,6;11,1110,100011
1276;line;-;UP;Woody Shaw;-;-;-;-;-;-;59;27;2,4,2,2,2,2,2,2,2,4,2,3,2,2,2,2,4,2,2,2,2,2,2,2,4,3,4;11,1011,01,11,11,11,11,11,11,1001,11,011,11,11,11,11,1111,11,11,11,11,11,11,11,1011,011,1111
1277;lick;-;MEDIUM UP;John Coltrane;-;-;-;-;-;-;4;4;4,1,1,2;0001,1,1,01
1278;lick;-;UP;John Coltrane;-;-;-;-;-;-;12;6;3,2,2,4,2,2;111,01,11,0111,11,01
1279;line;-;UP;Chet Baker;-;-;-;-;-;-;33;18;2,2,4,2,2,2,1,1,2,2,3,2,2,2,2,2,2,4;01,11,0001,11,11,11,1,1,11,11,011,11,11,11,11,01,11,1111
1280;lick;-;UP;John Coltrane;-;-;-;-;-;-;2;2;2,2;01,01
1281;lick;-;MEDIUM UP;Sonny Rollins;-;-;-;-;-;-;7;5;2,2,2,2,2;01,01,11,01,11
1282;line;-;UP;J.J. Johnson;-;-;-;-;-;-;22;14;1,2,2,1,2,2,2,2,2,2,2,2,2,4;1,11,11,1,01,11,01,11,01,11,11,01,11,1001
1283;lick;-;MEDIUM;Zoot Sims;-;-;-;-;-;-;15;9;2,1,6,1,1,6,4,2,6;01,1,010111,1,1,001001,0001,11,010001
1284;lick;-;UP;Miles Davis;-;-;-;-;-;-;6;5;2,2,1,1,1;11,01,1,1,1
1285;lick;-;UP;Steve Turre;-;-;-;-;-;-;10;6;4,2,4,2,4,4;1001,01,0110,11,0001,0110
1286;lick;-;MEDIUM SLOW;Hank Mobley;-;-;-;-;-;-;9;7;2,3,1,4,2,6,1;11,110,1,0001,01,000001,1
1287;lick;-;MEDIUM;Freddie Hubbard;-;-;-;-;-;-;14;5;2,2,1,6,8;01,11,1,111111,00001111
1288;line;-;UP;Pepper Adams;-;-;-;-;-;-;23;13;4,2,3,2,2,1,2,4,2,2,3,2,2;0001,11,111,01,01,1,11,1011,01,11,011,11,11
1289;lick;-;UP;Kai Winding;-;-;-;-;-;-;5;3;2,2,1;11,11,1
1290;lick;-;MEDIUM UP;Joe Henderson;-;-;-;-;-;-;11;5;2,6,4,4,4;11,011101,0011,0011,0001
1291;lick;-;UP;John Coltrane;-;-;-;-;-;-;12;5;2,4,2,3,2;11,1011,11,111,11
1292;lick;-;MEDIUM;Wayne Shorter;-;-;-;-;-;-;20;8;2,1,3,5,2,4,4,6;11,1,111,11111,01,0011,0001,101111
1293;line;-;UP;Warne Marsh;-;-;-;-;-;-;13;7;2,2,1,2,2,2,2;11,11,1,11,11,11,11
1294;lick;-;MEDIUM UP;Art Pepper;-;-;-;-;-;-;6;4;4,2,2,2;0001,11,01,11
1295;line;-;UP;Phil Woods;-;-;-;-;-;-;26;14;2,2,2,2,4,2,2,1,2,1,2,4,1,4;11,11,11,11,1101,11,11,1,01,1,11,1001,1,1011
1296;line;-;UP;Wynton Marsalis;-;-;-;-;-;-;127;74;2,2,1,5,3,2,2,2,2,1,1,1,2,2,2,4,4,2,2,2,2,2,2,2,1,1,2,3,2,1,1,4,2,1,3,3,2,1,2,4,4,4,4,1,2,2,2,2,2,2,2,3,2,2,1,1,1,2,1,1,1,1,2,2,4,1,4,2,3,2,3,2,2,2;11,11,1,01111,111,11,11,11,01,1,1,1,11,11,01,1001,1011,11,11,01,01,11,01,01,1,1,01,011,11,1,1,1111,11,1,011,111,11,1,11,1100,0001,0001,0001,1,11,11,11,11,11,11,11,110,11,11,1,1,1,11,1,1,1,1,11,11,1011,1,1101,01,011,11,111,01,11,11
1297;line;-;UP;Chris Potter;-;-;-;-;-;-;70;35;2,2,3,2,2,1,1,2,2,1,4,4,3,3,4,3,2,2,1,4,2,2,2,2,2,2,2,2,1,1,2,2,2,2,2;11,11,111,11,11,1,1,11,11,1,1101,1011,111,111,1110,111,11,11,1,0011,11,11,11,11,11,11,11,01,1,1,11,11,11,11,11
1298;line;-;UP;John Coltrane;-;-;-;-;-;-;27;15;2,3,2,2,2,2,1,3,2,2,2,4,2,2,1;11,011,01,11,11,11,1,110,11,11,11,1001,11,11,1
1299;lick;-;UP;Branford Marsalis;-;-;-;-;-;-;27;17;2,2,1,2,4,2,2,2,4,2,2,4,1,2,2,2,2;01,01,1,01,0001,01,11,01,1011,11,11,1011,1,11,01,11,11
1300;line;-;UP;Joe Lovano;-;-;-;-;-;-;30;14;4,4,3,4,2,4,4,2,2,1,1,2,2,4;1001,1111,011,0011,01,1001,1110,11,11,1,1,11,11,1111
1301;line;-;UP;Clifford Brown;-;-;-;-;-;-;22;10;2,3,3,3,2,2,2,2,2,2;11,111,011,111,11,11,11,11,11,11
1302;line;-;MEDIUM;John Coltrane;-;-;-;-;-;-;64;17;4,6,6,4,6,8,4,8,7,6,6,4,4,8,1,6,5;1100,101111,000011,0110,000011,10110111,1111,00011011,1111111,111011,011011,1111,0111,10100011,1,111111,00111
1303;lick;-;MEDIUM UP;John Coltrane;-;-;-;-;-;-;20;9;4,2,3,3,4,6,4,2,3;1100,11,011,110,0111,000011,0011,11,111
1304;lick;-;MEDIUM SLOW;John Coltrane;-;-;-;-;-;-;7;3;6,2,3;100111,01,011
1305;line;-;UP;Sonny Rollins;-;-;-;-;-;-;23;14;2,2,1,1,1,2,2,2,2,2,2,2,4,2;01,11,1,1,1,11,01,11,11,11,11,11,0111,01
1306;line;-;UP;Joe Henderson;-;-;-;-;-;-;2;2;4,1;0001,1
1307;lick;-;UP;Michael Brecker;-;-;-;-;-;-;2;2;1,2;1,01
1308;lick;-;MEDIUM;Curtis Fuller;-;-;-;-;-;-;2;1;4;1001
1309;line;-;UP;Steve Coleman;-;-;-;-;-;-;25;13;4,4,2,2,2,1,2,1,2,2,2,2,2;1001,1011,11,11,11,1,11,1,11,11,11,11,11
1310;line;-;MEDIUM;Steve Turre;-;-;-;-;-;-;6;2;4,6;0111,111000
1311;lick;-;UP;Steve Coleman;-;-;-;-;-;-;17;8;2,2,4,2,2,4,3,2;11,11,1011,11,11,0001,111,11
1312;lick;-;UP;Gerry Mulligan;-;-;-;-;-;-;52;35;2,2,2,2,2,2,1,1,1,2,2,2,2,1,1,2,2,4,2,3,1,1,4,2,2,2,2,2,2,2,2,1,1,1,1;01,11,01,11,11,01,1,1,1,11,11,01,11,1,1,11,11,0011,11,011,1,1,1001,11,11,01,11,01,11,11,01,1,1,1,1
1313;lick;-;MEDIUM;Dexter Gordon;-;-;-;-;-;-;18;8;3,3,2,2,2,6,2,4;011,111,01,11,11,010101,11,0111
1314;line;-;MEDIUM;John Coltrane;-;-;-;-;-;-;25;7;1,6,7,4,4,4,4;1,111111,0111111,1111,0111,0111,0110
1315;lick;-;UP;David Liebman;-;-;-;-;-;-;63;38;2,1,2,4,1,1,4,4,1,1,4,4,1,1,1,2,2,2,2,2,1,1,2,2,2,4,2,1,1,4,3,2,4,1,2,4,2,2;11,1,11,1011,1,1,1001,1101,1,1,1001,0001,1,1,1,11,11,11,11,11,1,1,11,11,01,1001,11,1,1,1011,011,11,0011,1,11,0011,01,11
1316;line;-;UP;Michael Brecker;-;-;-;-;-;-;53;29;2,1,4,1,2,2,1,1,2,1,1,2,1,5,3,2,2,2,2,1,1,2,2,1,1,2,2,4,4;11,1,1111,1,11,11,1,1,01,1,1,11,1,11111,111,11,11,11,11,1,1,11,11,1,1,11,11,0011,1011
1317;lick;-;UP;Miles Davis;-;-;-;-;-;-;9;5;2,2,2,2,2;11,11,11,01,11
1318;line;-;UP;Wynton Marsalis;-;-;-;-;-;-;173;102;1,4,4,4,4,4,2,2,2,4,1,2,2,2,2,2,2,2,1,1,1,1,2,2,2,1,1,1,1,1,1,2,2,2,2,2,2,4,2,4,4,1,4,4,3,3,3,2,2,2,2,2,2,3,2,2,2,2,2,2,4,2,2,4,2,2,2,1,2,2,2,2,2,2,2,2,2,3,2,2,2,2,1,1,3,2,2,2,1,1,1,1,1,1,1,4,1,1,2,2,1,1;1,1011,0001,1011,0001,1111,01,11,11,1011,1,11,11,11,11,01,11,11,1,1,1,1,01,11,11,1,1,1,1,1,1,11,11,11,11,11,01,1101,11,1001,0110,1,1100,1001,011,111,110,11,11,11,11,11,11,111,11,11,11,11,11,11,1101,11,11,1100,11,01,11,1,11,11,11,01,11,11,01,01,11,011,11,01,11,11,1,1,110,01,11,11,1,1,1,1,1,1,1,1001,1,1,01,11,1,1
1319;line;-;UP;Lee Konitz;-;-;-;-;-;-;37;22;1,2,1,2,2,2,2,2,2,3,2,2,4,2,2,4,2,2,1,1,4,2;1,11,1,11,11,11,01,11,11,011,01,11,0001,11,11,1001,11,11,1,1,1001,11
1320;lick;-;MEDIUM;Woody Shaw;-;-;-;-;-;-;23;13;2,1,6,4,1,1,2,5,4,1,1,1,6;11,1,000011,1001,1,1,11,11111,1001,1,1,1,000011
1321;lick;-;MEDIUM;David Murray;-;-;-;-;-;-;21;9;2,2,2,2,2,4,8,2,2;11,11,11,11,11,1111,01001001,11,11
1322;lick;-;UP;Zoot Sims;-;-;-;-;-;-;4;2;4,2;1001,11
1323;lick;-;MEDIUM;Stan Getz;-;-;-;-;-;-;6;4;1,2,4,1;1,11,1001,1
1324;lick;-;UP;John Coltrane;-;-;-;-;-;-;3;2;2,2;11,01
1325;lick;-;UP;Miles Davis;-;-;-;-;-;-;9;7;1,1,1,1,2,2,2;1,1,1,1,11,11,01
1326;lick;-;MEDIUM UP;Hank Mobley;-;-;-;-;-;-;10;7;2,2,1,1,2,6,1;11,11,1,1,01,001001,1
1327;lick;-;UP;Gerry Mulligan;-;-;-;-;-;-;13;7;2,2,2,1,3,2,4;01,11,01,1,111,11,1011
1328;lick;-;UP;Dexter Gordon;-;-;-;-;-;-;18;12;4,1,2,4,1,4,2,2,2,4,2,2;1011,1,01,0011,1,0001,11,01,01,1100,11,01
1329;line;-;UP;Dexter Gordon;-;-;-;-;-;-;21;9;6,2,2,2,2,2,2,2,6;101011,11,11,11,01,11,11,11,011011
1330;lick;-;MEDIUM;Sonny Rollins;-;-;-;-;-;-;5;5;1,1,1,1,1;1,1,1,1,1
1331;line;-;UP;Phil Woods;-;-;-;-;-;-;20;11;2,2,2,2,2,2,2,4,2,1,4;11,11,11,11,11,11,11,1001,11,1,0001
1332;line;-;UP;Joshua Redman;-;-;-;-;-;-;22;11;2,2,2,2,2,4,2,1,2,4,3;11,11,01,11,11,1111,01,1,11,1001,111
1333;lick;-;UP;Paul Desmond;-;-;-;-;-;-;10;8;1,1,1,2,2,2,4,2;1,1,1,01,01,11,1001,01
1334;lick;-;MEDIUM UP;Don Ellis;-;-;-;-;-;-;11;6;4,1,4,4,3,1;1011,1,1001,1001,110,1
1335;line;-;UP;Herbie Hancock;-;-;-;-;-;-;100;56;2,1,2,2,4,2,2,1,2,2,1,1,4,2,2,2,2,2,4,2,3,2,2,2,2,1,2,3,2,2,2,2,4,3,3,2,2,2,2,2,2,2,2,2,2,2,2,1,2,2,2,2,2,2,1,1;11,1,11,01,1101,01,01,1,11,11,1,1,1011,11,11,11,11,11,0110,11,110,11,11,11,11,1,11,011,01,11,11,11,0110,011,110,11,11,01,11,11,11,11,11,11,11,11,11,1,11,01,11,11,11,11,1,1
1336;line;-;MEDIUM UP;Cannonball Adderley;-;-;-;-;-;-;24;8;2,6,4,4,2,2,2,4;11,111111,1111,1101,11,11,01,1111
1337;line;-;MEDIUM;Pepper Adams;-;-;-;-;-;-;9;5;1,1,4,1,8;1,0,1111,0,00110101
1338;lick;-;UP;David Liebman;-;-;-;-;-;-;60;37;2,2,2,2,2,2,2,2,1,2,1,2,2,3,2,2,3,2,3,2,2,1,1,4,2,2,2,1,2,2,2,3,4,1,1,1,2;11,11,11,01,11,01,11,11,1,11,1,11,11,111,01,01,011,11,110,01,01,1,1,1111,11,01,01,1,11,11,11,011,0001,1,1,1,11
1339;lick;-;UP;David Liebman;-;-;-;-;-;-;22;12;2,4,2,2,3,3,1,2,2,2,1,2;01,1100,11,11,011,111,1,11,11,11,1,11
1340;line;-;MEDIUM UP;Clifford Brown;-;-;-;-;-;-;14;5;1,4,6,5,1;1,1111,011110,01111,1
1341;lick;-;UP;Sonny Rollins;-;-;-;-;-;-;19;10;4,4,2,2,2,2,1,3,4,2;1011,0001,11,11,11,11,1,110,1001,11
1342;line;-;UP;Joe Lovano;-;-;-;-;-;-;8;4;2,4,2,2;11,1001,11,11
1343;lick;-;UP;Wynton Marsalis;-;-;-;-;-;-;9;5;3,1,4,2,1;111,1,1101,01,1
1344;lick;-;MEDIUM SLOW;Joe Lovano;-;-;-;-;-;-;8;5;3,4,2,3,1;011,0110,01,110,1
1345;line;-;MEDIUM;Pat Metheny;-;-;-;-;-;-;48;16;4,4,4,4,4,2,4,4,6,3,4,4,6,4,4,4;0111,0110,1001,0111,1011,01,0111,1111,010011,111,0110,1111,101011,1011,1111,1111
1346;lick;-;UP;Kai Winding;-;-;-;-;-;-;6;4;2,1,3,1;01,1,111,1
1347;line;-;UP;Joe Lovano;-;-;-;-;-;-;14;7;2,2,2,2,2,2,2;11,11,11,11,11,11,11
1348;lick;-;UP;Pat Metheny;-;-;-;-;-;-;23;13;2,2,2,4,2,2,2,2,2,2,2,2,4;11,11,11,1001,11,11,11,01,11,11,01,01,1001
1349;lick;-;MEDIUM;Michael Brecker;-;-;-;-;-;-;13;4;6,4,4,1;100111,1111,1111,1
1350;line;-;MEDIUM SLOW;Dexter Gordon;-;-;-;-;-;-;20;6;4,4,4,3,6,1;1111,1111,1111,111,011101,1
1351;lick;-;UP;Pat Metheny;-;-;-;-;-;-;9;7;1,1,2,3,1,1,1;1,1,01,111,1,1,1
1352;line;-;UP;Steve Lacy;-;-;-;-;-;-;41;22;1,3,4,2,2,3,1,1,3,1,1,2,4,2,3,1,3,1,3,2,2,2;1,111,0001,01,11,111,1,1,111,1,1,11,1011,11,110,1,111,1,111,11,11,11
1353;lick;-;UP;Branford Marsalis;-;-;-;-;-;-;14;9;4,4,4,4,2,6,2,1,1;0001,0001,0001,0001,11,110111,01,1,1
1354;lick;-;MEDIUM UP;Art Pepper;-;-;-;-;-;-;13;6;2,2,2,3,4,2;11,11,11,111,1001,11
1355;line;-;UP;Dexter Gordon;-;-;-;-;-;-;34;15;2,3,4,2,3,3,2,2,2,4,3,4,2,2,2;11,111,1101,11,111,011,11,11,11,1001,011,0111,11,11,11
1356;lick;-;MEDIUM SLOW;Dexter Gordon;-;-;-;-;-;-;8;3;3,4,4;110,1110,1110
1357;lick;-;MEDIUM UP;John Coltrane;-;-;-;-;-;-;7;5;2,2,2,4,1;01,01,01,0111,1
1358;lick;-;MEDIUM;George Coleman;-;-;-;-;-;-;4;2;4,6;0001,000111
1359;lick;-;UP;Chet Baker;-;-;-;-;-;-;4;3;4,2,2;0011,01,01
1360;line;-;MEDIUM UP;David Liebman;-;-;-;-;-;-;78;23;6,3,4,3,4,5,6,5,6,4,6,3,4,3,4,6,4,4,6,4,3,2,1;011111,110,1011,111,1101,11111,111111,01111,011011,1111,101111,011,1011,111,0111,010111,1111,1111,111110,0001,111,01,1
1361;lick;-;UP;David Liebman;-;-;-;-;-;-;35;23;2,2,1,2,4,3,3,1,1,2,2,2,4,1,2,2,2,2,2,2,2,2,1;01,01,1,11,0001,011,011,1,1,01,11,11,1001,1,11,11,11,11,01,01,11,11,1
1362;lick;-;MEDIUM;Miles Davis;-;-;-;-;-;-;9;4;2,6,6,2;11,101001,010001,11
1363;lick;-;UP;John Coltrane;-;-;-;-;-;-;4;3;4,2,2;0001,11,01
1364;line;-;UP;Warne Marsh;-;-;-;-;-;-;45;26;2,3,2,2,1,1,2,4,2,2,2,3,2,2,4,4,2,2,1,1,2,2,2,2,3,4;01,011,11,11,1,1,11,0110,11,11,01,011,11,11,0001,0110,11,11,1,1,01,11,11,11,011,1011
1365;lick;-;UP;Michael Brecker;-;-;-;-;-;-;9;5;4,2,1,1,4;0011,01,1,1,1111
1366;line;-;UP;Dizzy Gillespie;-;-;-;-;-;-;34;19;2,2,1,1,2,2,2,2,2,1,2,2,5,1,2,2,2,2,4;11,11,1,1,11,01,11,11,01,1,11,01,01111,1,11,11,11,11,1101
1367;lick;-;UP;Paul Desmond;-;-;-;-;-;-;32;23;1,1,1,2,1,1,1,2,1,2,6,4,4,2,2,2,2,2,2,1,2,2,2;1,1,1,01,1,1,1,01,1,01,010001,0001,0011,11,01,11,11,11,11,1,01,11,11
1368;line;-;MEDIUM;Steve Coleman;-;-;-;-;-;-;19;6;6,4,6,4,4,2;011011,0110,100011,1111,1111,11
1369;lick;-;UP;John Coltrane;-;-;-;-;-;-;8;4;2,6,4,1;01,000111,1011,1
1370;line;-;UP;Miles Davis;-;-;-;-;-;-;16;10;2,2,2,2,2,2,1,4,2,3;01,11,11,01,01,11,1,1011,01,011
1371;line;-;MEDIUM UP;David Liebman;-;-;-;-;-;-;101;34;10,6,4,2,2,6,3,4,8,6,4,8,6,6,1,4,6,4,2,1,1,1,1,1,4,4,4,4,4,3,3,4,2,2;1010101011,010111,0111,11,11,101111,011,1110,11010011,010111,0111,10101011,011011,111111,1,1111,111000,1111,11,1,1,1,1,1,0011,0011,1111,1111,1111,111,011,1111,01,11
1372;lick;-;MEDIUM SLOW;Steve Coleman;-;-;-;-;-;-;12;4;2,4,3,4;11,0111,111,1111
1373;lick;-;MEDIUM;Phil Woods;-;-;-;-;-;-;10;5;2,1,4,2,2;01,1,1111,11,11
1374;line;-;MEDIUM SLOW;Steve Coleman;-;-;-;-;-;-;34;11;1,4,4,4,6,2,4,4,4,4,4;1,0111,1111,1111,111101,11,0111,1111,0110,0110,1111
1375;lick;-;MEDIUM;Miles Davis;-;-;-;-;-;-;8;5;2,2,4,4,1;11,11,0001,1001,1
1376;lick;-;MEDIUM;Steve Coleman;-;-;-;-;-;-;5;2;1,1,4;1,0,1111
1377;lick;-;UP;David Liebman;-;-;-;-;-;-;6;4;1,2,2,4;1,01,11,0011
1378;lick;-;UP;Michael Brecker;-;-;-;-;-;-;27;19;1,4,2,1,2,4,2,4,4,2,2,1,1,4,2,1,1,1,1;1,0001,11,1,11,1001,11,0001,1001,11,01,1,1,1011,01,1,1,1,1
1379;line;-;UP;John Coltrane;-;-;-;-;-;-;58;29;3,2,2,2,2,2,2,2,2,2,2,2,2,1,2,1,2,4,1,3,3,2,2,4,2,4,2,2,2;110,11,11,11,11,11,11,11,11,11,11,11,11,1,11,1,11,1101,1,111,111,11,11,0001,11,1011,11,11,11
1380;line;-;UP;Wayne Shorter;-;-;-;-;-;-;14;7;2,2,4,3,2,3,2;11,11,1001,011,11,011,11
1381;lick;-;MEDIUM SLOW;Steve Coleman;-;-;-;-;-;-;13;3;4,4,6;1111,1111,111011
1382;line;-;UP;Sonny Rollins;-;-;-;-;-;-;10;8;2,1,1,2,2,2,2,2;11,1,1,11,01,01,01,01
1383;lick;-;MEDIUM UP;Steve Lacy;-;-;-;-;-;-;14;6;2,5,2,2,2,2;11,01111,11,11,11,11
1384;line;-;UP;Joe Lovano;-;-;-;-;-;-;30;14;1,4,4,4,4,3,2,3,4,4,2,4,2,2;1,0001,0011,1111,1011,011,11,011,1011,1001,11,1101,11,01
1385;line;-;MEDIUM;John Coltrane;-;-;-;-;-;-;7;2;4,6;0111,010111
1386;lick;-;MEDIUM;Gerry Mulligan;-;-;-;-;-;-;12;7;1,2,1,2,3,2,2;1,11,1,11,011,11,11
1387;line;-;MEDIUM UP;Freddie Hubbard;-;-;-;-;-;-;14;8;6,2,1,2,3,2,2,2;010001,11,1,11,110,11,11,01
1388;lick;-;MEDIUM UP;John Coltrane;-;-;-;-;-;-;6;4;2,2,4,1;11,11,0001,1
1389;lick;-;MEDIUM;Curtis Fuller;-;-;-;-;-;-;7;5;1,4,1,1,4;1,0001,1,1,0111
1390;lick;-;UP;Michael Brecker;-;-;-;-;-;-;10;7;2,2,2,2,2,2,3;11,01,01,01,01,01,111
1391;lick;-;MEDIUM UP;Clifford Brown;-;-;-;-;-;-;9;6;2,2,4,4,2,4;01,11,0001,0011,11,0001
1392;lick;-;MEDIUM UP;Don Ellis;-;-;-;-;-;-;18;8;5,3,3,3,3,4,1,4;01111,110,111,110,110,1100,1,1001
1393;line;-;UP;Clifford Brown;-;-;-;-;-;-;9;6;2,2,2,2,1,1;11,11,01,11,1,1
1394;line;-;UP;Stan Getz;-;-;-;-;-;-;26;16;2,2,2,2,2,2,2,2,2,2,1,1,1,1,2,2;11,11,11,11,11,11,11,01,11,11,1,1,1,1,11,01
1395;lick;-;UP;Chris Potter;-;-;-;-;-;-;14;9;1,4,4,1,1,2,2,3,2;1,1100,1001,1,1,11,01,011,11
1396;line;-;UP;John Coltrane;-;-;-;-;-;-;22;12;1,2,3,2,1,4,2,1,4,2,4,2;1,11,111,01,1,0110,01,1,1011,11,1101,11
1397;line;-;UP;J.J. Johnson;-;-;-;-;-;-;22;14;1,2,1,2,2,2,1,2,4,5,2,2,2,4;1,11,1,11,01,11,1,11,0001,01101,01,01,11,0011
1398;lick;-;UP;Michael Brecker;-;-;-;-;-;-;25;15;2,2,2,4,4,2,2,1,4,3,3,3,3,2,1;11,11,11,0011,0001,11,01,1,0001,011,111,011,011,01,1
1399;lick;-;UP;Michael Brecker;-;-;-;-;-;-;24;13;2,4,2,2,2,2,1,4,2,2,2,1,4;11,0001,01,11,11,11,1,0111,11,11,11,1,1101
1400;lick;-;MEDIUM;Pat Metheny;-;-;-;-;-;-;10;3;6,4,6;100111,0111,010011
1401;lick;-;MEDIUM UP;Milt Jackson;-;-;-;-;-;-;117;61;2,2,2,2,2,2,4,4,2,2,2,2,2,2,3,2,1,1,2,2,3,4,4,2,2,1,1,2,2,2,2,2,3,2,1,2,2,2,2,2,2,1,2,3,1,2,1,2,2,2,2,3,2,2,2,2,2,2,2,1,4;11,11,11,11,11,11,1011,0111,11,11,11,11,01,11,111,11,1,1,11,11,111,1111,0011,01,11,1,1,11,11,11,11,11,111,01,1,11,11,11,11,11,11,1,11,111,1,11,1,11,11,11,01,111,11,11,11,11,11,01,11,1,1001
1402;lick;-;UP;Don Byas;-;-;-;-;-;-;11;7;2,1,4,1,3,2,2;11,1,1011,1,011,01,01
1403;line;-;MEDIUM UP;Art Pepper;-;-;-;-;-;-;9;3;1,4,4;1,1111,1111
1404;line;-;UP;David Liebman;-;-;-;-;-;-;89;45;2,1,2,2,2,1,4,3,2,2,1,2,2,4,4,2,2,2,2,2,2,4,2,4,3,2,2,2,2,2,2,1,5,5,3,4,3,3,4,2,2,2,4,1,1;01,1,11,11,11,1,1011,011,01,11,1,01,11,1001,1110,11,11,11,11,11,11,0001,01,1111,111,11,11,01,11,11,01,1,10111,01111,011,1011,011,111,0001,11,11,11,1111,1,1
1405;line;-;UP;Steve Lacy;-;-;-;-;-;-;11;5;2,3,1,2,4;11,111,1,11,1011
1406;lick;-;UP;Paul Desmond;-;-;-;-;-;-;13;8;3,2,2,4,2,1,3,2;011,01,01,0001,11,1,111,11
1407;line;-;MEDIUM UP;Wayne Shorter;-;-;-;-;-;-;19;6;5,10,4,4,2,2;10111,0101001011,1100,1111,11,11
1408;lick;-;UP;John Coltrane;-;-;-;-;-;-;3;2;3,1;011,1
1409;lick;-;MEDIUM;George Coleman;-;-;-;-;-;-;20;6;6,1,7,1,7,1;000111,1,1111111,1,1111111,1
1410;lick;-;UP;Charlie Parker;-;-;-;-;-;-;12;5;2,4,4,2,2;11,1011,1110,11,11
1411;line;-;UP;Sonny Rollins;-;-;-;-;-;-;25;15;2,2,2,2,2,1,2,2,2,2,2,1,1,2,2;11,11,11,11,11,1,11,01,11,01,11,1,1,11,11
1412;lick;-;UP;Kai Winding;-;-;-;-;-;-;7;5;2,2,2,1,1;11,01,11,1,1
1413;line;-;UP;Sonny Stitt;-;-;-;-;-;-;20;11;2,2,6,4,2,2,4,2,2,1,4;11,11,000011,1001,11,11,0001,11,11,1,1100
1414;lick;-;MEDIUM UP;Miles Davis;-;-;-;-;-;-;4;2;2,2;11,11
1415;line;-;UP;John Coltrane;-;-;-;-;-;-;59;28;5,2,2,3,2,2,2,2,2,2,1,3,2,2,1,6,1,6,3,3,3,3,4,1,4,4,2,2;10111,11,11,111,11,11,11,11,11,11,1,111,01,01,1,101011,1,100001,011,011,111,011,1111,1,1011,0011,01,11
1416;lick;-;MEDIUM;Joe Henderson;-;-;-;-;-;-;11;5;6,3,6,6,2;011101,011,000001,001101,01
1417;lick;-;MEDIUM UP;Art Pepper;-;-;-;-;-;-;8;4;1,4,2,2;1,1110,11,11
1418;line;-;UP;Herbie Hancock;-;-;-;-;-;-;10;6;2,2,2,2,2,2;11,11,01,11,11,01
1419;lick;-;UP;John Coltrane;-;-;-;-;-;-;8;6;4,2,1,4,3,4;0001,01,1,0001,011,0110
1420;line;-;MEDIUM;Dexter Gordon;-;-;-;-;-;-;16;6;6,6,4,2,2,2;010011,011011,1011,11,11,11
1421;lick;-;MEDIUM;Branford Marsalis;-;-;-;-;-;-;18;11;4,4,2,2,2,1,1,1,1,2,2;1101,1001,11,11,11,1,1,1,1,01,11
1422;line;-;MEDIUM UP;Milt Jackson;-;-;-;-;-;-;36;18;1,3,2,2,2,3,2,2,1,2,2,4,2,3,2,2,2,2;1,111,11,11,11,111,11,01,1,01,11,1110,11,111,11,11,11,11
1423;line;-;UP;J.J. Johnson;-;-;-;-;-;-;17;12;2,2,1,1,2,2,2,2,1,4,5,2;01,01,1,1,11,11,01,11,1,0001,01101,01
1424;lick;-;UP;John Coltrane;-;-;-;-;-;-;7;5;1,2,2,4,4;1,11,11,0001,0001
1425;lick;-;MEDIUM UP;Bob Berg;-;-;-;-;-;-;10;3;2,4,6;11,1111,001111
1426;lick;-;MEDIUM;Branford Marsalis;-;-;-;-;-;-;6;3;4,4,4;0111,1001,0001
1427;lick;-;MEDIUM UP;Don Ellis;-;-;-;-;-;-;21;13;4,2,2,1,2,2,2,2,2,1,4,4,3;0001,11,11,1,01,11,11,01,11,1,1100,0001,111
1428;line;-;UP;Steve Coleman;-;-;-;-;-;-;12;6;3,2,2,1,2,2;111,11,11,1,11,11
1429;lick;-;MEDIUM;Clifford Brown;-;-;-;-;-;-;20;8;2,2,2,3,4,4,3,4;11,11,01,111,1111,1111,111,0001
1430;lick;-;MEDIUM;Dexter Gordon;-;-;-;-;-;-;18;10;4,1,2,1,4,1,2,2,4,3;0111,1,11,1,1011,1,01,01,1100,111
1431;line;-;UP;Branford Marsalis;-;-;-;-;-;-;28;17;2,2,2,4,2,2,2,1,1,2,1,4,2,4,2,2,2;01,01,11,1001,11,11,01,1,1,01,1,1011,11,1001,11,11,11
1432;lick;-;MEDIUM;Freddie Hubbard;-;-;-;-;-;-;25;13;4,4,2,2,8,6,1,4,2,1,4,1,1;0001,1001,11,01,01010101,011111,1,0001,11,1,0111,1,1
1433;lick;-;MEDIUM UP;Freddie Hubbard;-;-;-;-;-;-;3;3;2,1,1;01,1,1
1434;lick;-;MEDIUM UP;Paul Desmond;-;-;-;-;-;-;7;5;2,2,1,2,1;11,01,1,11,1
1435;line;-;MEDIUM UP;Miles Davis;-;-;-;-;-;-;9;6;4,2,5,1,1,1;0001,11,01011,1,1,1
1436;line;-;UP;David Liebman;-;-;-;-;-;-;27;12;2,2,2,3,4,5,2,2,2,4,3,6;01,11,11,111,1101,10111,01,01,01,1101,011,101011
1437;lick;-;MEDIUM;Lee Konitz;-;-;-;-;-;-;10;4;4,4,2,2;1011,1011,11,11
1438;lick;-;MEDIUM UP;Cannonball Adderley;-;-;-;-;-;-;5;3;3,1,2;110,1,11
1439;line;-;UP;David Liebman;-;-;-;-;-;-;16;9;2,1,4,2,2,2,2,2,2;11,1,1011,11,01,01,11,11,11
1440;lick;-;MEDIUM UP;Clifford Brown;-;-;-;-;-;-;7;4;2,2,4,2;11,01,0011,11
1441;line;-;UP;Lee Konitz;-;-;-;-;-;-;30;16;2,2,4,1,2,2,2,1,2,2,2,2,2,2,2,4;11,11,1011,1,01,11,11,1,11,11,11,11,11,11,01,1101
1442;line;-;UP;Michael Brecker;-;-;-;-;-;-;53;27;3,5,4,4,2,1,2,1,1,2,2,2,1,2,1,1,4,2,1,2,2,2,2,4,4,4,6;111,10111,0011,1101,11,1,11,1,1,01,11,01,1,11,1,1,0011,11,1,11,01,01,11,1111,0111,1100,111101
1443;line;-;UP;John Coltrane;-;-;-;-;-;-;18;11;1,2,3,2,1,1,2,2,1,2,2;1,11,111,01,1,1,11,11,1,11,11
1444;line;-;MEDIUM SLOW;Michael Brecker;-;-;-;-;-;-;29;8;7,8,6,1,4,6,1,4;1111111,10101011,011100,1,1110,110111,1,1111
1445;line;-;UP;Michael Brecker;-;-;-;-;-;-;44;23;1,2,4,4,2,2,4,4,2,2,2,2,2,2,4,4,2,2,1,2,2,2,2;1,11,1100,0001,11,11,0111,0001,11,11,01,11,11,11,1111,1111,11,11,1,01,11,01,11
1446;line;-;MEDIUM SLOW;Joe Lovano;-;-;-;-;-;-;11;2;6,10;111111,0010011011
1447;line;-;UP;John Coltrane;-;-;-;-;-;-;5;3;2,2,1;11,11,1
1448;lick;-;MEDIUM UP;Art Pepper;-;-;-;-;-;-;3;2;4,2;0001,11
1449;line;-;UP;Miles Davis;-;-;-;-;-;-;21;12;2,3,2,4,3,1,2,2,2,1,1,2;11,011,11,1011,111,1,01,11,01,1,1,11
1450;lick;-;MEDIUM UP;Paul Desmond;-;-;-;-;-;-;17;12;2,1,2,2,1,1,4,6,2,2,1,1;11,1,11,01,1,1,0001,010001,11,11,1,1
1451;line;-;UP;Wayne Shorter;-;-;-;-;-;-;40;22;2,3,2,2,2,2,2,1,2,2,2,2,2,2,1,4,2,2,1,1,2,4;11,011,11,11,11,11,11,1,11,11,11,11,11,01,1,1011,01,11,1,1,11,1011
1452;lick;-;MEDIUM UP;Wayne Shorter;-;-;-;-;-;-;4;2;6,2;100011,01
1453;lick;-;MEDIUM;Steve Lacy;-;-;-;-;-;-;6;4;6,2,2,1;001001,01,11,1
1454;lick;-;UP;Joe Lovano;-;-;-;-;-;-;17;12;2,2,2,2,1,1,1,1,1,1,2,3;01,11,11,11,1,1,1,1,1,1,11,011
1455;line;-;UP;Chris Potter;-;-;-;-;-;-;42;20;2,5,2,3,2,2,2,2,2,2,1,1,2,2,4,3,3,2,2,2;11,01111,11,111,11,11,11,11,11,11,1,1,11,01,1110,111,011,11,11,11
1456;lick;-;MEDIUM;Wayne Shorter;-;-;-;-;-;-;10;6;2,4,1,2,1,2;01,0111,1,11,1,11
1457;line;-;UP;Herbie Hancock;-;-;-;-;-;-;16;8;2,2,2,2,2,2,2,2;11,11,11,11,11,11,11,11
1458;lick;-;UP;Steve Turre;-;-;-;-;-;-;7;5;2,2,1,2,2;01,11,1,01,11
1459;line;-;MEDIUM SLOW;Dexter Gordon;-;-;-;-;-;-;33;9;3,6,6,6,6,4,6,1,1,4;111,101101,010011,010111,111111,1111,011101,1,0,1111
1460;lick;-;MEDIUM UP;Joe Henderson;-;-;-;-;-;-;2;2;2,1;01,1
1461;lick;-;MEDIUM;Dexter Gordon;-;-;-;-;-;-;8;5;2,2,1,2,4;01,11,1,11,1001
1462;lick;-;UP;John Coltrane;-;-;-;-;-;-;14;9;2,1,2,6,2,2,4,2,1;11,1,01,100011,01,11,0001,11,1
1463;line;-;MEDIUM;Bob Berg;-;-;-;-;-;-;32;9;7,6,10,1,2,4,4,4,6;1001011,101111,1010011011,1,01,1111,1111,1111,000111
1464;lick;-;MEDIUM;Clifford Brown;-;-;-;-;-;-;6;2;3,4;111,1011
1465;line;-;MEDIUM;John Coltrane;-;-;-;-;-;-;13;3;4,5,4;1111,11111,1111
1466;line;-;MEDIUM SLOW;Hank Mobley;-;-;-;-;-;-;33;10;5,4,6,4,6,5,4,3,4,1;10111,1111,000011,1111,110111,10111,1111,011,1110,1
1467;lick;-;UP;Steve Coleman;-;-;-;-;-;-;19;9;2,6,4,4,2,2,2,2,2;11,001001,1110,1111,01,11,11,01,11
1468;line;-;MEDIUM;Milt Jackson;-;-;-;-;-;-;27;12;2,2,3,1,4,2,2,2,2,2,4,4;11,11,111,1,1111,11,11,11,11,01,0111,1110
1469;line;-;UP;Joe Henderson;-;-;-;-;-;-;24;12;4,4,4,2,2,2,2,2,2,2,2,2;1001,1001,1011,11,11,11,11,11,11,11,01,11
1470;line;-;UP;Herbie Hancock;-;-;-;-;-;-;15;7;2,4,2,2,2,2,2;11,1011,11,11,11,11,11
1471;line;-;UP;Steve Turre;-;-;-;-;-;-;9;7;2,2,2,2,2,2,2;01,11,01,01,01,11,01
1472;lick;-;MEDIUM UP;Wayne Shorter;-;-;-;-;-;-;5;3;1,2,3;1,11,011
1473;lick;-;UP;Gerry Mulligan;-;-;-;-;-;-;19;11;2,2,2,1,2,2,1,2,2,4,1;11,11,11,1,11,11,1,11,11,1001,1
1474;lick;-;UP;John Coltrane;-;-;-;-;-;-;4;3;4,2,2;0001,11,01
1475;lick;-;MEDIUM UP;Woody Shaw;-;-;-;-;-;-;26;8;2,6,4,4,4,4,4,2;11,111101,1111,1100,1111,0111,1111,11
1476;line;-;UP;Phil Woods;-;-;-;-;-;-;22;13;2,2,2,2,2,1,2,2,2,1,2,2,2;11,11,11,01,11,1,11,11,11,1,11,11,01
1477;line;-;UP;Art Pepper;-;-;-;-;-;-;10;8;1,1,1,1,2,2,4,2;1,1,1,1,11,01,0001,11
1478;lick;-;MEDIUM SLOW;Hank Mobley;-;-;-;-;-;-;13;5;4,2,3,3,4;0111,11,011,011,1111
1479;lick;-;MEDIUM;Branford Marsalis;-;-;-;-;-;-;12;8;2,1,1,2,4,4,1,4;11,1,1,11,0001,1110,1,0001
1480;line;-;UP;Joe Henderson;-;-;-;-;-;-;28;13;4,2,4,2,2,3,4,3,2,2,2,2,2;0111,11,1011,01,01,011,1101,111,11,11,11,11,11
1481;line;-;MEDIUM UP;Miles Davis;-;-;-;-;-;-;12;7;1,1,4,2,2,2,1;1,1,1101,11,11,11,1
1482;line;-;MEDIUM;Lee Konitz;-;-;-;-;-;-;48;22;2,2,2,2,4,2,2,2,2,2,2,2,2,6,6,8,4,6,8,1,2,6;11,11,01,01,0111,11,11,11,11,11,11,11,11,010011,010011,01010101,0111,010001,01000011,1,11,001001
1483;lick;-;MEDIUM UP;Eric Dolphy;-;-;-;-;-;-;19;11;4,2,2,2,1,1,2,4,2,2,6;0110,11,01,11,1,1,01,1001,11,01,101011
1484;lick;-;MEDIUM;Branford Marsalis;-;-;-;-;-;-;42;27;2,4,4,1,1,2,2,4,2,2,2,3,2,2,3,2,2,2,1,2,2,1,2,1,1,1,4;11,0001,1100,1,1,01,11,1001,11,11,01,011,01,11,111,11,11,11,1,11,11,1,01,1,1,1,0001
1485;line;-;UP;Joe Henderson;-;-;-;-;-;-;12;7;3,2,2,2,1,2,2;111,11,11,01,1,01,11
1486;lick;-;MEDIUM;Woody Shaw;-;-;-;-;-;-;9;5;2,1,4,4,4;11,1,0111,0011,0001
1487;lick;-;UP;Stan Getz;-;-;-;-;-;-;12;8;2,2,2,2,2,2,2,2;11,01,01,01,11,01,11,11
1488;line;-;MEDIUM;Pepper Adams;-;-;-;-;-;-;34;10;6,6,6,6,4,4,1,1,6,1,8;111011,000111,101111,010111,1111,1011,1,0,101111,0,01010101
1489;lick;-;UP;Michael Brecker;-;-;-;-;-;-;2;2;1,1;1,1
1490;lick;-;UP;Joe Henderson;-;-;-;-;-;-;6;4;1,4,2,4;1,0001,01,0111
1491;lick;-;UP;Miles Davis;-;-;-;-;-;-;6;4;1,1,2,2;1,1,11,11
1492;lick;-;UP;Chet Baker;-;-;-;-;-;-;19;14;2,2,2,4,2,4,2,2,1,1,2,2,2,2;01,11,11,0001,01,1001,11,01,1,1,01,01,01,11
1493;line;-;UP;Sonny Rollins;-;-;-;-;-;-;24;11;2,2,2,2,2,5,4,1,2,2,2;01,11,11,11,11,11111,1110,1,11,11,11
1494;line;-;MEDIUM UP;David Liebman;-;-;-;-;-;-;25;8;4,6,6,3,4,4,6,2;0011,011011,111111,011,1111,1111,100001,01
1495;lick;-;UP;Fats Navarro;-;-;-;-;-;-;6;4;2,2,1,1;11,11,1,1
1496;lick;-;UP;Charlie Parker;-;-;-;-;-;-;6;4;1,2,2,2;1,11,11,01
1497;lick;-;MEDIUM UP;Miles Davis;-;-;-;-;-;-;3;2;1,4;1,1001
1498;line;-;MEDIUM UP;Paul Desmond;-;-;-;-;-;-;9;6;1,1,1,2,2,3;1,1,1,11,11,011
1499;line;-;UP;Herbie Hancock;-;-;-;-;-;-;11;6;3,1,3,3,2,2;111,1,110,011,11,01
1500;lick;-;UP;John Coltrane;-;-;-;-;-;-;17;11;2,2,4,2,1,2,2,1,1,2,3;11,01,1011,01,1,11,11,1,1,01,110
1501;line;-;UP;Red Garland;-;-;-;-;-;-;41;23;2,2,2,1,4,2,2,2,2,2,2,2,2,3,1,2,2,1,2,2,3,1,2;11,11,11,1,1001,11,11,01,11,11,11,11,01,011,1,11,11,1,11,11,111,1,11
1502;line;-;MEDIUM UP;Kenny Wheeler;-;-;-;-;-;-;18;8;3,3,3,3,3,6,2,4;011,011,111,111,111,010101,01,0001
1503;line;-;UP;John Coltrane;-;-;-;-;-;-;11;5;3,2,2,2,2;111,11,11,11,11
1504;line;-;UP;Don Byas;-;-;-;-;-;-;60;33;2,2,1,2,1,2,4,2,2,2,2,2,2,2,1,1,2,2,2,4,2,2,3,2,4,2,2,2,2,2,1,1,2;11,11,1,11,1,11,0111,11,11,11,11,11,11,11,1,1,01,01,11,1011,11,11,110,11,0111,11,01,11,11,11,1,1,11
1505;lick;-;UP;Phil Woods;-;-;-;-;-;-;10;7;2,1,2,1,4,1,1;11,1,11,1,0011,1,1
1506;lick;-;MEDIUM UP;Cannonball Adderley;-;-;-;-;-;-;6;4;1,4,3,2;1,0001,110,11
1507;lick;-;MEDIUM UP;Sonny Rollins;-;-;-;-;-;-;10;8;1,4,1,1,1,1,1,1;1,1110,1,1,1,1,1,1
1508;line;-;MEDIUM UP;David Liebman;-;-;-;-;-;-;21;7;8,6,4,4,4,4,6;11111111,100101,1100,0011,1011,0001,010001
1509;lick;-;UP;Lee Konitz;-;-;-;-;-;-;13;9;1,1,1,1,4,2,2,4,2;1,1,1,1,1011,01,11,0001,11
1510;lick;-;MEDIUM;Dexter Gordon;-;-;-;-;-;-;5;3;1,1,3;1,1,111
1511;lick;-;UP;Pepper Adams;-;-;-;-;-;-;6;4;2,4,4,2;11,0001,0001,11
1512;line;-;UP;John Coltrane;-;-;-;-;-;-;13;7;2,2,1,6,2,2,2;11,11,1,001011,11,01,11
1513;line;-;UP;Steve Lacy;-;-;-;-;-;-;56;32;1,2,2,2,2,2,2,2,2,1,3,1,4,2,2,3,1,1,1,4,2,2,2,4,2,1,3,1,1,2,2,2;1,11,11,11,11,11,11,01,11,1,011,1,1011,11,11,111,1,1,1,1001,11,11,11,1001,11,1,011,1,1,11,11,11
1514;line;-;UP;John Coltrane;-;-;-;-;-;-;22;12;1,2,2,2,2,2,2,2,2,2,2,2;1,01,11,11,11,11,11,11,11,11,11,11
1515;lick;-;UP;Herbie Hancock;-;-;-;-;-;-;16;9;2,2,2,1,2,3,2,2,2;11,11,11,1,11,011,01,11,11
1516;lick;-;MEDIUM UP;Don Ellis;-;-;-;-;-;-;5;3;2,1,3;11,1,011
1517;lick;-;UP;J.J. Johnson;-;-;-;-;-;-;4;4;1,2,1,2;1,01,1,01
1518;line;-;UP;Sonny Rollins;-;-;-;-;-;-;48;25;1,2,2,2,4,2,2,3,2,2,2,2,2,4,2,2,1,2,2,4,2,2,2,2,2;1,01,11,11,1011,11,11,111,11,11,11,01,11,1011,11,01,1,11,11,1011,11,01,11,11,11
1519;lick;-;MEDIUM SLOW;Steve Lacy;-;-;-;-;-;-;4;3;4,2,1;1001,01,1
1520;line;-;UP;David Liebman;-;-;-;-;-;-;26;14;2,2,2,4,2,2,2,2,1,4,2,2,2,1;11,11,11,1111,11,11,11,11,1,0001,11,11,01,1
1521;lick;-;MEDIUM UP;Cannonball Adderley;-;-;-;-;-;-;10;4;4,6,6,4;1001,010111,010001,1001
1522;line;-;MEDIUM UP;Kenny Dorham;-;-;-;-;-;-;49;20;3,2,2,2,2,4,5,2,4,6,6,3,2,2,2,4,2,6,6,6;011,11,11,01,11,0001,10111,11,0001,011110,010011,011,11,11,11,1111,11,001001,110111,111100
1523;lick;-;UP;Branford Marsalis;-;-;-;-;-;-;19;13;1,1,1,1,3,4,4,1,2,2,4,2,2;1,1,1,1,011,0001,0001,1,11,11,1101,11,01
1524;line;-;UP;Michael Brecker;-;-;-;-;-;-;40;16;2,2,1,3,3,2,3,3,4,4,2,3,5,4,2,2;11,11,1,110,111,11,111,011,1011,1011,11,111,11111,1011,11,11
1525;lick;-;MEDIUM UP;Woody Shaw;-;-;-;-;-;-;9;6;2,2,2,2,2,2;01,11,11,01,01,11
1526;line;-;UP;Branford Marsalis;-;-;-;-;-;-;22;11;2,2,3,2,3,2,2,2,3,2,2;11,11,111,01,011,11,01,11,111,11,11
1527;lick;-;UP;David Liebman;-;-;-;-;-;-;48;31;2,2,4,4,2,2,4,4,2,2,4,2,1,2,1,4,4,1,2,2,1,1,1,2,2,3,2,2,3,2,2;01,11,0001,1101,11,11,1110,0001,11,11,1001,11,1,01,1,0001,1100,1,11,01,1,1,1,01,01,011,01,11,110,01,11
1528;lick;-;UP;John Coltrane;-;-;-;-;-;-;9;4;2,2,2,3;11,11,11,111
1529;lick;-;MEDIUM;Wayne Shorter;-;-;-;-;-;-;2;1;3;110
1530;lick;-;UP;Hank Mobley;-;-;-;-;-;-;8;6;4,6,2,1,4,2;0011,000001,11,1,0001,01
1531;lick;-;UP;Joe Lovano;-;-;-;-;-;-;10;8;1,1,2,1,4,1,2,4;1,1,01,1,0001,1,11,1100
1532;lick;-;MEDIUM SLOW;Michael Brecker;-;-;-;-;-;-;34;9;3,8,4,4,4,8,4,6,8;111,11010011,1100,1111,0111,11010011,0111,011001,00111111
1533;lick;-;MEDIUM UP;Joe Henderson;-;-;-;-;-;-;12;6;4,4,4,4,4,2;0011,0011,1101,0011,0001,11
1534;lick;-;MEDIUM;David Murray;-;-;-;-;-;-;6;3;2,2,2;11,11,11
1535;line;-;UP;Art Pepper;-;-;-;-;-;-;11;5;2,2,2,4,6;01,11,11,0001,110111
1536;line;-;UP;John Coltrane;-;-;-;-;-;-;31;15;2,2,3,4,4,2,4,2,2,2,1,4,3,3,2;01,11,011,1101,1001,11,0111,11,11,11,1,0110,011,111,11
1537;lick;-;UP;John Coltrane;-;-;-;-;-;-;4;2;2,2;11,11
1538;lick;-;MEDIUM;Dexter Gordon;-;-;-;-;-;-;32;10;2,4,2,4,4,2,6,10,8,4;11,1111,11,1111,1011,11,010111,0000101001,01000111,1111
1539;line;-;UP;Charlie Parker;-;-;-;-;-;-;27;12;2,2,4,4,1,2,4,2,2,4,3,2;11,11,1110,1101,1,11,0110,11,11,1110,111,11
1540;lick;-;MEDIUM;Zoot Sims;-;-;-;-;-;-;10;6;2,1,1,6,2,1;11,1,1,010111,01,1
1541;lick;-;UP;Phil Woods;-;-;-;-;-;-;20;13;2,4,2,2,2,1,3,1,1,1,2,4,2;11,1100,11,11,01,1,110,1,1,1,11,0001,11
1542;lick;-;UP;David Liebman;-;-;-;-;-;-;5;3;2,2,4;01,01,1101
1543;line;-;UP;John Coltrane;-;-;-;-;-;-;30;17;2,2,3,4,3,2,2,3,2,1,2,2,2,2,2,3,4;11,11,011,0001,011,11,11,011,11,1,01,11,01,11,01,011,1011
1544;line;-;UP;Kenny Dorham;-;-;-;-;-;-;31;18;2,1,1,1,3,2,2,2,2,2,2,2,2,2,4,1,1,2;01,1,1,1,011,11,11,11,11,11,11,11,11,11,0111,1,1,11
1545;line;-;MEDIUM UP;Wynton Marsalis;-;-;-;-;-;-;40;18;4,2,5,2,4,8,6,2,6,4,2,2,2,2,2,2,4,2;1011,11,01001,01,0001,11100111,001001,11,111111,1011,01,11,11,11,01,11,0001,01
1546;lick;-;MEDIUM UP;Fats Navarro;-;-;-;-;-;-;11;6;2,2,2,2,2,1;11,11,11,11,11,1
1547;lick;-;UP;Gerry Mulligan;-;-;-;-;-;-;11;9;1,1,1,1,2,2,1,1,2;1,1,1,1,01,11,1,1,11
1548;lick;-;UP;Kenny Dorham;-;-;-;-;-;-;5;3;2,4,1;01,1110,1
1549;lick;-;UP;Zoot Sims;-;-;-;-;-;-;27;19;2,2,1,2,2,3,2,2,2,1,1,1,1,2,1,1,2,2,1;11,11,1,01,11,011,11,01,01,1,1,1,1,11,1,1,11,11,1
1550;line;-;UP;Lee Konitz;-;-;-;-;-;-;46;25;2,2,2,2,2,2,2,2,2,2,2,2,2,2,2,3,4,2,1,2,2,4,6,2,2;01,11,11,11,11,11,11,01,01,11,11,11,11,11,11,110,1100,01,1,11,11,1101,010001,11,11
1551;lick;-;MEDIUM;Freddie Hubbard;-;-;-;-;-;-;40;21;1,4,2,4,4,4,1,6,2,1,4,1,2,3,3,4,3,4,2,4,4;1,0110,01,1001,0011,1111,1,000011,11,1,0001,1,11,111,111,0001,111,1111,11,0001,0001
1552;line;-;UP;Wayne Shorter;-;-;-;-;-;-;7;5;2,2,2,2,1;11,01,11,01,1
1553;line;-;MEDIUM UP;Charlie Parker;-;-;-;-;-;-;39;17;4,2,6,6,6,1,4,1,2,2,4,2,4,2,2,2,2;1101,11,101111,101111,000001,1,1001,1,11,01,1111,11,1100,11,11,11,11
1554;lick;-;UP;Gerry Mulligan;-;-;-;-;-;-;6;6;1,1,2,4,1,1;1,1,01,0001,1,1
1555;lick;-;MEDIUM;Kenny Dorham;-;-;-;-;-;-;10;6;1,4,2,2,2,2;1,0110,01,11,11,11
1556;lick;-;MEDIUM UP;Clifford Brown;-;-;-;-;-;-;8;5;4,4,4,4,2;0110,1001,0001,0001,11
1557;lick;-;UP;Joe Lovano;-;-;-;-;-;-;12;7;1,2,2,2,1,2,3;1,11,11,11,1,11,011
1558;lick;-;UP;Kai Winding;-;-;-;-;-;-;6;5;2,1,1,4,1;11,1,1,0001,1
1559;line;-;UP;John Coltrane;-;-;-;-;-;-;32;14;4,3,1,2,3,2,2,1,2,4,2,3,4,3;1111,011,1,11,111,11,11,1,11,1011,01,111,1011,111
1560;line;-;UP;Joshua Redman;-;-;-;-;-;-;32;14;4,4,2,3,3,2,2,2,2,2,2,2,3,4;1011,1001,11,111,011,11,11,11,11,11,11,11,111,0111
1561;line;-;MEDIUM SLOW;Steve Coleman;-;-;-;-;-;-;3;2;2,4;01,1100
1562;lick;-;MEDIUM UP;Sonny Rollins;-;-;-;-;-;-;6;5;2,2,1,1,1;11,01,1,1,1
1563;line;-;MEDIUM UP;Kenny Dorham;-;-;-;-;-;-;13;6;2,4,6,2,2,2;11,0001,111100,11,11,11
1564;lick;-;MEDIUM UP;Milt Jackson;-;-;-;-;-;-;36;18;2,2,2,2,1,2,2,3,2,2,3,1,2,2,2,2,2,2;11,11,11,11,1,11,11,111,11,11,111,1,11,11,11,11,11,11
1565;lick;-;UP;Lee Konitz;-;-;-;-;-;-;20;11;4,2,2,2,2,2,2,4,1,2,1;1100,11,11,11,01,11,11,1011,1,11,1
1566;lick;-;UP;Dexter Gordon;-;-;-;-;-;-;8;4;2,4,2,4;11,1011,11,0001
1567;lick;-;UP;J.J. Johnson;-;-;-;-;-;-;12;7;4,2,2,2,6,1,2;1001,01,01,11,010111,1,01
1568;lick;-;MEDIUM;Wayne Shorter;-;-;-;-;-;-;22;10;6,4,2,1,3,2,3,2,3,3;000001,1011,11,1,111,11,110,11,111,111
1569;lick;-;MEDIUM;Bob Berg;-;-;-;-;-;-;33;14;2,4,1,1,4,4,2,4,2,4,4,5,2,5;11,1110,1,1,0011,0111,11,1100,01,1110,0111,01111,11,01111
1570;lick;-;UP;Joe Henderson;-;-;-;-;-;-;2;1;2;11
1571;lick;-;UP;Branford Marsalis;-;-;-;-;-;-;57;40;2,4,2,2,2,2,1,2,2,1,1,2,1,1,1,1,2,4,2,1,1,2,2,1,1,2,2,2,3,2,1,1,1,1,1,2,2,2,2,2;01,1001,01,11,11,11,1,11,11,1,1,01,1,1,1,1,01,1001,01,1,1,11,11,1,1,11,11,01,011,11,1,1,1,1,1,11,11,11,01,11
1572;lick;-;UP;Stan Getz;-;-;-;-;-;-;9;6;2,1,1,1,2,2;11,1,1,1,11,11
1573;lick;-;MEDIUM UP;John Coltrane;-;-;-;-;-;-;7;5;2,4,2,2,1;11,0001,11,01,1
1574;line;-;UP;Michael Brecker;-;-;-;-;-;-;25;13;2,1,1,4,6,4,1,2,2,2,2,2,2;11,1,1,0001,010011,1111,1,11,11,11,11,11,11
1575;line;-;MEDIUM UP;Woody Shaw;-;-;-;-;-;-;24;7;4,4,3,4,3,4,5;1110,0111,111,1111,011,1111,11111
1576;lick;-;UP;Steve Coleman;-;-;-;-;-;-;18;10;4,2,4,2,2,2,2,1,2,2;1101,01,1011,01,11,11,01,1,11,11
1577;line;-;MEDIUM UP;Art Pepper;-;-;-;-;-;-;10;4;4,2,2,2;1111,11,11,11
1578;line;-;MEDIUM;Charlie Parker;-;-;-;-;-;-;19;8;5,2,2,2,2,2,4,2;01111,01,11,11,11,11,1111,11
1579;line;-;MEDIUM UP;David Liebman;-;-;-;-;-;-;16;7;4,4,4,4,4,3,3;1001,1101,0001,0001,1111,111,011
1580;lick;-;UP;Wayne Shorter;-;-;-;-;-;-;4;2;2,2;11,11
1581;lick;-;UP;J.J. Johnson;-;-;-;-;-;-;18;13;2,1,2,2,3,2,1,2,1,1,1,3,2;01,1,01,11,011,11,1,01,1,1,1,111,01
1582;lick;-;MEDIUM;Cannonball Adderley;-;-;-;-;-;-;19;8;4,1,1,2,6,2,3,3;1001,1,1,11,111110,11,111,111
1583;lick;-;UP;Dizzy Gillespie;-;-;-;-;-;-;21;12;2,2,2,2,2,4,3,1,2,1,1,1;11,11,11,01,01,1111,111,1,11,1,1,1
1584;lick;-;UP;Herbie Hancock;-;-;-;-;-;-;5;4;2,1,4,2;01,1,0011,01
1585;line;-;UP;Joe Lovano;-;-;-;-;-;-;26;12;2,2,2,4,2,1,1,3,4,4,4,3;11,01,01,0111,11,1,1,111,1101,1110,1111,011
1586;lick;-;UP;Herbie Hancock;-;-;-;-;-;-;25;18;2,1,2,2,1,4,1,2,2,2,1,2,1,2,2,1,2,2;11,1,11,11,1,1101,1,01,11,01,1,11,1,01,01,1,01,01
1587;line;-;UP;John Coltrane;-;-;-;-;-;-;41;19;2,3,3,2,2,3,2,2,3,6,6,3,4,2,2,2,2,2,1;11,011,011,01,01,111,11,11,011,111011,101011,111,0011,11,11,11,01,11,1
1588;line;-;UP;Sonny Rollins;-;-;-;-;-;-;13;8;2,2,2,2,1,2,2,2;11,11,01,11,1,01,11,11
1589;line;-;MEDIUM UP;Freddie Hubbard;-;-;-;-;-;-;30;14;4,4,3,2,2,2,2,2,2,2,2,2,2,5;0011,1110,011,01,11,11,11,11,11,11,11,11,11,01111
1590;line;-;UP;David Liebman;-;-;-;-;-;-;55;31;2,4,2,2,4,2,2,2,1,2,2,1,1,4,1,2,2,4,4,3,2,2,2,1,2,2,2,1,2,1,2;01,1011,11,11,1100,11,11,11,1,11,11,1,1,1001,1,11,01,1111,0011,011,01,11,11,1,11,11,11,1,11,1,11
1591;line;-;UP;Miles Davis;-;-;-;-;-;-;29;16;2,2,2,2,2,2,2,2,2,2,2,2,2,2,2,1;01,11,11,11,11,11,11,01,11,11,11,11,11,11,11,1
1592;line;-;UP;Paul Desmond;-;-;-;-;-;-;8;6;1,1,2,2,2,2;1,1,11,01,01,11
1593;lick;-;UP;Stan Getz;-;-;-;-;-;-;30;17;2,2,2,2,2,2,2,2,2,4,4,4,2,2,2,2,2;11,11,01,01,01,11,11,01,11,0001,1011,1001,11,11,11,11,11
1594;lick;-;UP;John Coltrane;-;-;-;-;-;-;8;5;1,4,2,1,2;1,0011,11,1,11
1595;line;-;UP;Miles Davis;-;-;-;-;-;-;22;12;4,3,2,2,2,1,1,2,2,2,2,1;1011,011,11,11,11,1,1,11,11,11,11,1
1596;lick;-;MEDIUM UP;Woody Shaw;-;-;-;-;-;-;33;15;2,3,4,2,2,2,4,3,2,2,4,4,4,4,6;01,011,1101,01,01,11,0001,111,11,11,1100,1111,0011,1111,000111
1597;lick;-;MEDIUM UP;Hank Mobley;-;-;-;-;-;-;12;5;2,4,3,3,4;11,1001,111,111,1001
1598;line;-;UP;Wayne Shorter;-;-;-;-;-;-;24;14;2,2,2,2,2,2,4,2,1,1,2,2,2,3;01,11,11,11,11,01,1011,01,1,1,11,11,11,110
1599;line;-;MEDIUM;Milt Jackson;-;-;-;-;-;-;21;9;1,1,2,2,3,2,4,4,4;1,1,11,11,111,11,1101,1111,1011
1600;lick;-;MEDIUM;Miles Davis;-;-;-;-;-;-;7;4;1,2,4,2;1,11,0111,01
1601;lick;-;MEDIUM SLOW;Joe Lovano;-;-;-;-;-;-;23;13;4,3,2,1,4,1,2,2,1,2,4,2,2;1101,011,11,1,0011,1,11,01,1,01,0111,11,11
1602;lick;-;UP;Woody Shaw;-;-;-;-;-;-;11;7;2,2,1,1,2,2,1;11,11,1,1,11,11,1
1603;line;-;MEDIUM;Bob Berg;-;-;-;-;-;-;42;12;4,3,5,6,6,4,4,4,4,5,6,4;1110,111,01111,110111,010001,1111,1110,1111,0111,00111,010111,1111
1604;lick;-;UP;John Coltrane;-;-;-;-;-;-;25;15;1,1,4,2,2,2,4,2,1,2,2,2,6,2,3;1,1,1110,11,01,11,1001,01,1,11,11,11,000001,11,110
1605;lick;-;MEDIUM UP;John Coltrane;-;-;-;-;-;-;16;7;4,3,3,1,6,8,4;0110,110,011,1,010101,00110001,0111
1606;line;-;MEDIUM;J.J. Johnson;-;-;-;-;-;-;38;13;4,4,2,4,4,4,5,6,4,1,1,3,3;1110,1011,11,1111,1011,1011,01111,111011,0111,1,1,111,111
1607;lick;-;MEDIUM UP;David Liebman;-;-;-;-;-;-;32;11;3,4,4,3,4,6,2,2,4,5,6;111,0111,0110,111,1111,111100,11,01,0110,01111,110101
1608;lick;-;MEDIUM UP;John Coltrane;-;-;-;-;-;-;12;6;1,1,2,1,3,5;1,1,01,1,111,11111
1609;line;-;MEDIUM;Pepper Adams;-;-;-;-;-;-;30;9;4,4,5,5,4,5,1,1,6;1111,1111,11111,11111,1100,11101,1,0,111101
1610;line;-;MEDIUM UP;David Liebman;-;-;-;-;-;-;10;3;4,4,4;0011,1111,1111
1611;lick;-;MEDIUM;Pepper Adams;-;-;-;-;-;-;9;3;4,4,6;1100,1111,010101
1612;lick;-;UP;Woody Shaw;-;-;-;-;-;-;20;11;4,3,2,1,2,2,2,3,4,3,2;1101,011,11,1,11,01,01,011,0011,011,11
1613;line;-;UP;John Coltrane;-;-;-;-;-;-;6;3;1,4,2;1,0111,11
1614;line;-;UP;John Coltrane;-;-;-;-;-;-;39;22;3,2,1,2,2,2,2,3,4,4,3,3,2,2,2,1,2,2,2,4,2,2;011,11,1,11,11,11,11,111,0001,1011,110,011,11,11,01,1,01,11,11,0001,01,11
1615;lick;-;UP;John Coltrane;-;-;-;-;-;-;9;4;4,2,2,2;1011,11,11,11
1616;lick;-;MEDIUM UP;Wayne Shorter;-;-;-;-;-;-;11;9;1,1,2,2,2,1,2,1,4;1,1,11,11,01,1,01,1,0001
1617;lick;-;UP;John Coltrane;-;-;-;-;-;-;15;8;6,1,4,2,2,4,6,4;010011,1,1110,11,01,1101,000001,0001
1618;lick;-;UP;Wynton Marsalis;-;-;-;-;-;-;52;35;1,3,1,5,1,1,1,2,2,1,2,2,2,1,2,1,2,1,2,2,1,4,4,2,2,2,1,1,1,4,1,2,2,1,1;1,110,1,01111,1,1,1,11,11,1,11,11,11,1,01,1,11,1,11,11,1,1001,0001,11,11,11,1,1,1,1100,1,01,01,1,1
1619;lick;-;UP;Miles Davis;-;-;-;-;-;-;4;3;1,1,2;1,1,11
1620;lick;-;UP;Miles Davis;-;-;-;-;-;-;6;4;2,2,1,1;11,11,1,1
1621;lick;-;MEDIUM UP;Kenny Dorham;-;-;-;-;-;-;13;8;4,2,2,1,2,2,2,2;1001,01,11,1,01,11,11,11
1622;lick;-;MEDIUM UP;John Coltrane;-;-;-;-;-;-;12;8;4,3,2,2,1,4,2,2;1100,110,01,11,1,0001,01,11
1623;line;-;MEDIUM SLOW;Joe Lovano;-;-;-;-;-;-;31;9;7,5,6,6,2,2,2,6,6;0111111,01111,011100,001011,01,11,11,111101,111101
1624;line;-;MEDIUM;Charlie Parker;-;-;-;-;-;-;25;8;6,3,6,4,2,2,4,6;110111,111,010111,0001,11,11,1111,010111
1625;line;-;UP;Stan Getz;-;-;-;-;-;-;43;26;2,2,2,2,1,3,2,2,2,2,1,2,2,2,2,2,2,2,2,2,2,3,2,2,1,2;11,11,11,01,1,111,11,11,11,11,1,01,01,01,01,01,01,11,11,11,11,111,11,01,1,11
1626;line;-;MEDIUM;Sonny Rollins;-;-;-;-;-;-;13;5;6,4,6,4,2;000111,1111,010001,0011,11
1627;line;-;UP;Chris Potter;-;-;-;-;-;-;24;12;2,2,2,2,2,3,3,2,2,2,2,2;11,11,11,11,11,011,110,11,11,11,11,11
1628;lick;-;UP;John Coltrane;-;-;-;-;-;-;5;3;1,1,4;1,1,1011
1629;lick;-;UP;John Coltrane;-;-;-;-;-;-;8;5;2,1,2,2,2;01,1,11,11,11
1630;lick;-;UP;Michael Brecker;-;-;-;-;-;-;58;30;2,2,2,2,3,4,4,2,2,3,2,2,1,2,6,4,2,1,4,5,2,1,3,4,2,2,2,2,2,3;01,11,01,01,011,1011,1001,01,11,011,11,11,1,11,111101,0001,11,1,0011,11111,11,1,111,0001,01,11,11,11,11,011
1631;lick;-;UP;Don Ellis;-;-;-;-;-;-;28;16;3,3,4,1,1,4,2,3,3,2,4,4,1,4,4,2;110,011,0011,1,1,1001,11,110,110,11,1100,1001,1,1001,0001,11
1632;line;-;UP;Fats Navarro;-;-;-;-;-;-;26;11;6,2,2,2,2,2,2,3,4,3,2;101111,11,11,11,11,11,11,011,1101,011,11
1633;lick;-;UP;Wynton Marsalis;-;-;-;-;-;-;20;15;2,1,2,2,1,2,1,1,1,1,2,1,3,1,2;01,1,01,11,1,11,1,1,1,1,11,1,011,1,11
1634;line;-;UP;Phil Woods;-;-;-;-;-;-;72;37;2,2,2,2,2,2,2,2,2,4,2,2,4,2,2,2,2,2,2,4,2,4,2,2,1,6,2,2,2,2,2,2,2,2,2,2,2;11,11,11,11,11,11,11,11,11,1001,11,11,0001,11,11,11,11,11,11,0001,11,1101,11,11,1,010001,11,11,11,11,11,11,11,11,11,11,11
1635;line;-;UP;Stan Getz;-;-;-;-;-;-;40;21;2,2,2,2,2,2,4,2,2,2,4,3,2,2,2,2,2,2,2,2,2;01,11,11,11,11,11,1011,11,11,01,1110,111,11,11,11,01,11,01,01,11,11
1636;line;-;UP;Joe Lovano;-;-;-;-;-;-;36;17;2,2,2,2,2,2,4,1,4,4,2,2,4,2,4,4,3;01,11,11,11,11,11,1101,1,1001,1111,11,01,1001,11,1001,1110,111
1637;line;-;MEDIUM;Woody Shaw;-;-;-;-;-;-;9;4;6,2,1,1;111101,11,1,1
1638;lick;-;MEDIUM;Michael Brecker;-;-;-;-;-;-;17;11;1,2,4,4,4,3,2,1,2,2,2;1,11,0001,0001,0111,011,11,1,01,01,11
1639;line;-;MEDIUM;Paul Desmond;-;-;-;-;-;-;14;4;5,4,4,6;01111,1111,0011,011011
1640;lick;-;MEDIUM UP;Wayne Shorter;-;-;-;-;-;-;8;7;2,1,1,1,1,2,4;01,1,1,1,1,01,1100
1641;line;-;UP;John Coltrane;-;-;-;-;-;-;39;17;4,3,3,3,2,2,3,3,2,2,2,4,4,4,3,3,3;0111,111,110,111,11,11,111,110,11,11,01,1011,0001,1100,111,110,111
1642;lick;-;UP;David Liebman;-;-;-;-;-;-;39;26;1,1,2,2,2,1,2,2,2,1,1,1,1,2,2,1,1,1,1,3,2,1,2,1,2,4;1,1,11,01,11,1,01,11,11,1,1,1,1,11,11,1,1,1,1,111,11,1,11,1,11,1101
1643;lick;-;MEDIUM UP;Cannonball Adderley;-;-;-;-;-;-;11;5;2,3,1,4,2;11,111,1,0111,11
1644;lick;-;MEDIUM UP;Art Pepper;-;-;-;-;-;-;7;4;2,4,2,1;11,1001,11,1
1645;line;-;UP;Michael Brecker;-;-;-;-;-;-;60;27;1,2,2,4,2,3,3,4,4,3,4,4,4,3,2,2,2,2,2,6,6,3,2,2,2,3,2;1,11,11,0111,01,111,111,1111,1111,011,1011,1001,1011,111,11,11,01,11,11,010001,001001,111,01,11,11,011,01
1646;lick;-;MEDIUM UP;Art Pepper;-;-;-;-;-;-;5;3;2,1,6;01,1,010011
1647;line;-;UP;Stan Getz;-;-;-;-;-;-;26;15;3,2,2,2,2,2,2,2,2,2,2,2,2,2,2;111,11,01,11,11,01,01,01,11,11,11,11,11,01,11
1648;lick;-;UP;Pat Metheny;-;-;-;-;-;-;16;10;4,2,2,2,1,2,3,3,2,2;1001,01,01,11,1,11,111,011,01,01
1649;lick;-;MEDIUM UP;John Coltrane;-;-;-;-;-;-;24;9;4,2,3,2,2,1,6,8,4;0111,01,111,01,11,1,111111,11011101,0001
1650;lick;-;MEDIUM;Curtis Fuller;-;-;-;-;-;-;8;6;1,1,4,1,2,4;1,1,1001,1,11,0001
1651;line;-;UP;Michael Brecker;-;-;-;-;-;-;21;9;6,6,6,4,4,2,4,2,1;001011,001001,010001,1101,1011,11,1011,11,1
1652;line;-;MEDIUM;Clifford Brown;-;-;-;-;-;-;63;24;1,6,4,4,6,4,4,4,2,2,3,2,2,2,6,4,2,2,4,4,4,4,2,2;1,011011,1111,1111,000111,0111,0011,1111,01,11,111,11,01,11,101011,1110,11,11,1101,1111,1101,0011,11,11
1653;lick;-;MEDIUM;Hank Mobley;-;-;-;-;-;-;5;3;2,2,6;01,11,010001
1654;line;-;MEDIUM SLOW;Steve Coleman;-;-;-;-;-;-;17;5;4,4,10,2,5;0011,1111,1000010011,11,11111
1655;lick;-;UP;Hank Mobley;-;-;-;-;-;-;21;14;2,2,1,2,4,2,1,4,2,2,2,2,3,2;01,11,1,11,1001,01,1,0011,11,01,11,01,011,01
1656;lick;-;UP;John Coltrane;-;-;-;-;-;-;9;6;3,1,4,1,2,2;011,1,0001,1,11,11
1657;line;-;UP;Phil Woods;-;-;-;-;-;-;56;26;4,3,2,2,2,2,2,5,2,2,4,4,3,2,2,2,4,3,1,4,2,4,2,2,2,2;1011,111,11,11,11,11,11,10111,11,11,1001,0001,011,11,11,11,1011,111,1,0001,11,1011,11,11,11,11
1658;line;-;UP;Michael Brecker;-;-;-;-;-;-;69;29;2,2,2,2,2,2,2,2,3,4,4,2,2,2,4,4,3,6,4,4,6,4,4,4,2,2,2,2,3;11,11,01,11,01,11,11,11,111,0111,1001,11,01,11,1111,1001,011,010101,1011,0111,111110,1111,1001,1111,11,11,11,11,011
1659;lick;-;UP;Stan Getz;-;-;-;-;-;-;15;8;2,2,3,2,4,2,2,2;11,01,011,11,1001,11,11,11
1660;lick;-;UP;Kenny Dorham;-;-;-;-;-;-;4;3;2,1,1;11,1,1
1661;lick;-;UP;Branford Marsalis;-;-;-;-;-;-;10;8;1,1,2,1,2,2,2,1;1,1,01,1,11,01,11,1
1662;line;-;UP;John Coltrane;-;-;-;-;-;-;57;28;3,2,2,1,4,2,2,2,2,2,3,6,4,6,2,2,2,4,2,2,4,4,2,2,2,2,2,2;011,11,11,1,1011,11,11,11,11,01,110,001011,1011,101011,11,11,11,0001,11,11,0001,1001,11,11,11,11,11,11
1663;lick;-;UP;David Liebman;-;-;-;-;-;-;65;37;2,2,1,1,4,2,2,2,2,4,1,4,2,1,3,3,6,1,2,2,2,1,2,2,2,2,4,2,2,1,1,2,2,2,1,2,3;11,11,1,1,1100,11,11,01,11,1100,1,1011,11,1,111,011,111101,1,11,01,01,1,11,11,11,01,1011,11,01,1,1,01,11,11,1,11,110
1664;line;-;UP;Miles Davis;-;-;-;-;-;-;19;12;2,2,2,2,2,1,1,2,1,4,3,2;01,11,01,11,11,1,1,11,1,0110,011,11
1665;lick;-;MEDIUM UP;David Liebman;-;-;-;-;-;-;3;2;2,4;01,0011
1666;lick;-;UP;David Liebman;-;-;-;-;-;-;6;6;1,1,1,1,2,2;1,1,1,1,01,01
1667;line;-;UP;Woody Shaw;-;-;-;-;-;-;43;24;2,4,1,2,2,2,2,2,2,4,1,2,2,2,2,2,1,2,3,2,2,4,2,2;01,1111,1,11,01,11,01,11,11,0001,1,11,01,11,11,11,1,11,111,11,01,1101,11,11
1668;lick;-;UP;Chris Potter;-;-;-;-;-;-;16;12;2,1,2,1,2,2,1,2,4,2,2,2;01,1,11,1,01,01,1,01,1011,01,11,01
1669;line;-;UP;Miles Davis;-;-;-;-;-;-;18;11;3,2,4,1,3,2,4,2,2,2,2;011,01,1011,1,011,11,0001,11,01,11,01
1670;lick;-;MEDIUM UP;Joe Henderson;-;-;-;-;-;-;15;5;4,5,4,2,2;0111,11111,1011,11,11
1671;lick;-;MEDIUM UP;Lee Morgan;-;-;-;-;-;-;19;10;2,1,6,2,1,6,2,2,2,4;11,1,111100,11,1,011001,01,11,01,0011
1672;lick;-;UP;Steve Coleman;-;-;-;-;-;-;5;3;2,2,2;11,01,11
1673;lick;-;MEDIUM UP;Wayne Shorter;-;-;-;-;-;-;8;5;1,4,1,1,4;1,0111,1,1,0011
1674;lick;-;UP;David Liebman;-;-;-;-;-;-;26;17;4,2,2,2,2,2,2,2,1,1,1,2,2,1,2,4,4;0001,11,11,11,11,01,11,11,1,1,1,01,11,1,01,1001,1001
1675;lick;-;MEDIUM SLOW;Steve Coleman;-;-;-;-;-;-;10;3;5,4,4;10111,1110,1110
1676;lick;-;UP;John Coltrane;-;-;-;-;-;-;5;3;1,3,2;1,111,01
1677;lick;-;UP;Michael Brecker;-;-;-;-;-;-;1;1;1;1
1678;line;-;UP;Miles Davis;-;-;-;-;-;-;29;15;4,2,4,2,1,1,2,2,2,2,3,2,2,2,2;1011,11,1101,11,1,1,11,11,11,11,011,01,11,11,11
1679;lick;-;MEDIUM UP;Dizzy Gillespie;-;-;-;-;-;-;4;3;2,1,1;11,1,1
1680;line;-;UP;John Coltrane;-;-;-;-;-;-;33;17;2,3,3,2,2,2,2,2,2,2,1,2,2,2,2,2,3;11,011,111,11,11,11,11,11,01,11,1,11,11,11,11,11,011
1681;line;-;UP;David Liebman;-;-;-;-;-;-;13;7;4,2,4,4,4,2,2;1111,11,0011,1100,0001,01,01
1682;lick;-;MEDIUM;Woody Shaw;-;-;-;-;-;-;18;10;4,2,2,4,8,2,4,3,1,4;0001,01,01,0111,00001111,11,1001,110,1,0001
1683;line;-;MEDIUM;Cannonball Adderley;-;-;-;-;-;-;4;3;1,1,2;1,1,11
1684;lick;-;MEDIUM UP;Fats Navarro;-;-;-;-;-;-;6;3;2,4,1;11,0111,1
1685;lick;-;MEDIUM UP;Don Ellis;-;-;-;-;-;-;21;14;6,2,2,2,2,1,4,2,1,1,3,5,3,4;000101,01,11,01,11,1,1100,01,1,1,011,01001,110,0001
1686;lick;-;MEDIUM;Dexter Gordon;-;-;-;-;-;-;4;3;2,1,2;11,1,01
1687;lick;-;UP;Woody Shaw;-;-;-;-;-;-;3;2;3,4;011,0001
1688;lick;-;UP;Bob Berg;-;-;-;-;-;-;4;2;3,1;111,1
1689;line;-;UP;David Liebman;-;-;-;-;-;-;14;6;2,3,4,4,4,4;01,111,0011,0111,1001,0111
1690;lick;-;UP;Chet Baker;-;-;-;-;-;-;5;4;4,2,1,2;1001,01,1,01
1691;line;-;MEDIUM UP;Paul Desmond;-;-;-;-;-;-;24;13;2,2,2,1,2,2,2,2,2,2,2,2,1;11,11,11,1,11,11,11,11,11,11,11,11,1
1692;lick;-;UP;Pepper Adams;-;-;-;-;-;-;10;6;1,3,2,2,2,2;1,110,01,11,11,11
1693;lick;-;MEDIUM;Steve Lacy;-;-;-;-;-;-;6;5;2,2,4,1,1;11,01,0001,1,1
1694;line;-;MEDIUM;John Coltrane;-;-;-;-;-;-;63;15;6,6,3,5,5,6,5,6,4,8,6,1,6,6,6;110111,101111,111,10111,00111,011111,10111,101101,0111,11010101,011011,1,111111,101111,111111
1695;lick;-;UP;John Coltrane;-;-;-;-;-;-;8;5;4,2,2,1,2;0111,01,11,1,01
1696;lick;-;MEDIUM UP;Joe Henderson;-;-;-;-;-;-;5;3;2,2,4;01,01,1011
1697;line;-;MEDIUM UP;Wynton Marsalis;-;-;-;-;-;-;99;50;4,6,3,3,3,3,3,3,2,2,2,4,2,1,2,2,2,2,4,3,3,2,1,4,4,2,2,4,4,2,3,4,4,4,4,3,4,2,4,4,2,2,2,1,2,4,3,3,6,2;0111,100001,011,011,111,011,011,111,11,01,01,1011,11,1,01,01,11,11,1011,111,111,11,1,0011,0110,11,01,0001,1111,01,111,0110,0001,1100,0011,111,1100,11,0110,0110,01,11,01,1,11,0110,111,011,010001,11
1698;lick;-;MEDIUM;Sonny Rollins;-;-;-;-;-;-;8;3;6,4,2;101011,0111,01
1699;lick;-;MEDIUM UP;Milt Jackson;-;-;-;-;-;-;5;3;2,4,2;01,0110,11
1700;lick;-;MEDIUM;Paul Desmond;-;-;-;-;-;-;26;11;4,3,4,3,4,6,4,1,1,4,2;0001,111,1101,111,0111,111010,0111,1,1,0011,11
1701;lick;-;UP;Miles Davis;-;-;-;-;-;-;15;8;2,4,2,3,4,2,1,3;11,1100,01,111,0001,11,1,111
1702;lick;-;UP;Joshua Redman;-;-;-;-;-;-;2;2;4,1;0001,1
1703;lick;-;MEDIUM UP;Fats Navarro;-;-;-;-;-;-;16;6;3,4,4,2,4,2;111,1111,1101,11,1101,01
1704;line;-;MEDIUM;Dexter Gordon;-;-;-;-;-;-;74;23;4,4,4,6,8,2,2,4,8,4,3,3,4,7,4,6,6,6,4,8,3,8,1;0011,0001,1111,110101,01001001,11,01,1111,01000111,1111,111,011,1111,1101011,1111,101101,101011,011011,1111,01100101,111,01001001,1
1705;lick;-;UP;David Liebman;-;-;-;-;-;-;14;10;4,2,2,4,1,2,4,1,4,2;0001,01,01,1001,1,11,1011,1,0001,01
1706;lick;-;MEDIUM UP;Fats Navarro;-;-;-;-;-;-;11;6;1,4,2,2,2,2;1,1110,11,11,01,11
1707;lick;-;UP;Branford Marsalis;-;-;-;-;-;-;17;10;4,2,1,2,2,4,1,4,1,1;0001,11,1,11,11,1011,1,1011,1,1
1708;lick;-;UP;John Coltrane;-;-;-;-;-;-;5;3;3,2,1;110,11,1
1709;line;-;UP;Bob Berg;-;-;-;-;-;-;26;16;2,1,2,2,2,4,2,2,2,1,1,2,2,1,1,1;11,1,11,01,11,1011,11,11,11,1,1,11,11,1,1,1
1710;lick;-;MEDIUM;Dexter Gordon;-;-;-;-;-;-;5;3;2,2,2;11,11,01
1711;lick;-;MEDIUM UP;Hank Mobley;-;-;-;-;-;-;6;4;4,2,2,1;0110,11,01,1
1712;lick;-;MEDIUM UP;Don Ellis;-;-;-;-;-;-;8;5;4,2,2,2,2;0001,01,11,11,11
1713;lick;-;UP;Miles Davis;-;-;-;-;-;-;11;7;2,2,2,1,2,4,2;11,01,11,1,11,1001,01
1714;lick;-;UP;Joe Henderson;-;-;-;-;-;-;15;9;2,2,4,4,3,1,2,2,2;11,11,0001,0001,011,1,11,11,11
1715;line;-;UP;Charlie Parker;-;-;-;-;-;-;26;14;2,2,2,4,2,2,2,4,2,2,2,1,2,2;11,11,11,1101,11,01,11,0001,11,11,11,1,11,11
1716;lick;-;UP;Miles Davis;-;-;-;-;-;-;14;10;2,1,1,1,1,2,2,2,4,2;11,1,1,1,1,01,01,11,1001,11
1717;lick;-;MEDIUM UP;Wayne Shorter;-;-;-;-;-;-;7;3;2,2,6;11,11,010101
1718;lick;-;MEDIUM UP;Charlie Parker;-;-;-;-;-;-;26;13;4,2,2,6,2,2,4,2,2,2,2,2,2;0111,11,11,000011,11,11,1101,01,11,01,11,11,11
1719;line;-;MEDIUM;John Coltrane;-;-;-;-;-;-;30;6;8,3,4,4,7,8;11011111,111,1111,1111,1111111,00011111
1720;line;-;MEDIUM;J.J. Johnson;-;-;-;-;-;-;18;9;6,6,2,1,1,4,1,2,2;101101,001011,11,1,1,1001,1,11,11
1721;lick;-;UP;Paul Desmond;-;-;-;-;-;-;23;14;1,1,2,2,4,4,4,1,2,2,2,2,2,1;1,1,11,11,1110,0011,1001,1,11,01,01,11,11,1
1722;line;-;UP;Phil Woods;-;-;-;-;-;-;58;29;2,3,1,6,2,3,4,2,2,2,2,2,2,2,2,2,2,2,2,2,2,2,2,4,2,4,2,2,3;11,011,1,010011,11,011,1111,11,11,11,11,11,01,11,01,11,01,01,11,11,11,11,11,0111,11,1001,11,11,111
1723;line;-;MEDIUM UP;Wayne Shorter;-;-;-;-;-;-;14;7;2,3,2,2,1,2,2;11,111,11,11,1,11,11
1724;line;-;UP;Miles Davis;-;-;-;-;-;-;8;6;3,1,2,2,2,2;011,1,11,01,01,01
1725;lick;-;MEDIUM;Bob Berg;-;-;-;-;-;-;10;4;4,2,5,1;1101,11,01111,1
1726;line;-;MEDIUM;Stan Getz;-;-;-;-;-;-;15;6;4,2,3,3,2,3;1111,01,111,111,01,111
1727;line;-;MEDIUM UP;Milt Jackson;-;-;-;-;-;-;23;11;2,2,3,1,2,2,2,2,4,2,3;11,01,111,1,11,11,11,11,1011,11,111
1728;line;-;UP;Michael Brecker;-;-;-;-;-;-;57;27;4,4,3,3,2,2,2,2,2,2,2,4,2,2,2,2,1,2,2,4,2,2,2,3,2,4,3;1011,1001,111,011,11,11,01,01,11,01,11,1111,11,11,01,11,1,11,11,1111,11,11,01,110,11,1111,111
1729;lick;-;MEDIUM UP;Nat Adderley;-;-;-;-;-;-;9;6;1,2,2,2,6,4;1,11,11,01,001001,0001
1730;line;-;UP;Michael Brecker;-;-;-;-;-;-;51;25;1,1,2,2,4,4,4,2,2,2,2,2,2,4,2,2,2,2,2,5,3,2,2,2,2;1,1,11,11,0001,1111,0111,01,01,11,01,11,01,1111,11,11,11,11,11,11111,111,11,01,11,11
1731;lick;-;UP;John Coltrane;-;-;-;-;-;-;13;9;4,2,2,1,2,2,1,2,4;1001,11,01,1,11,11,1,01,0001
1732;lick;-;UP;John Coltrane;-;-;-;-;-;-;6;3;2,2,2;11,11,11
1733;line;-;UP;Stan Getz;-;-;-;-;-;-;20;10;2,4,4,2,2,2,2,2,2,2;11,0011,1011,01,11,11,11,11,11,11
1734;line;-;MEDIUM UP;Charlie Parker;-;-;-;-;-;-;22;11;1,4,4,2,4,6,2,4,2,2,6;1,0111,0011,01,0011,000001,11,0001,11,11,101111
1735;line;-;UP;Woody Shaw;-;-;-;-;-;-;47;24;2,2,2,2,2,2,4,2,2,2,2,3,2,2,2,2,2,2,4,4,2,2,2,2;11,11,11,11,11,11,0111,01,11,11,11,011,11,01,11,11,11,11,0001,1101,11,11,11,11
1736;line;-;MEDIUM UP;Wayne Shorter;-;-;-;-;-;-;11;3;4,4,5;1111,1100,11111
1737;lick;-;UP;Branford Marsalis;-;-;-;-;-;-;9;5;2,2,3,1,1;11,11,111,1,1
1738;line;-;UP;Hank Mobley;-;-;-;-;-;-;40;22;4,2,2,1,2,3,2,4,2,2,4,2,2,4,2,2,4,2,2,2,2,2;1011,11,01,1,11,111,11,1111,11,01,0001,11,01,0001,11,11,0001,11,11,11,11,01
1739;line;-;UP;Joe Lovano;-;-;-;-;-;-;19;11;2,2,2,1,2,2,2,4,2,2,4;11,11,11,1,11,11,01,0001,11,11,0011
1740;lick;-;UP;Pat Metheny;-;-;-;-;-;-;16;12;2,2,2,2,3,2,1,4,2,1,1,2;01,01,01,01,111,11,1,1001,01,1,1,01
1741;lick;-;UP;Clifford Brown;-;-;-;-;-;-;11;8;4,2,1,2,2,2,2,1;0001,01,1,11,11,01,11,1
1742;lick;-;MEDIUM;Pepper Adams;-;-;-;-;-;-;8;3;1,3,4;1,111,1111
1743;line;-;UP;Red Garland;-;-;-;-;-;-;71;38;2,2,2,4,2,2,2,2,3,1,2,2,2,2,2,4,2,2,2,2,2,4,2,2,2,4,2,2,2,1,1,2,2,2,2,2,3,1;01,11,11,1011,11,11,11,11,111,1,11,11,11,11,11,1011,11,01,11,11,01,1001,01,11,11,1001,11,11,11,1,1,11,11,11,11,11,011,1
1744;line;-;UP;John Coltrane;-;-;-;-;-;-;9;5;2,2,2,2,4;11,11,01,11,1100
1745;lick;-;MEDIUM UP;Zoot Sims;-;-;-;-;-;-;5;4;4,1,6,1;0001,1,000011,1
1746;line;-;MEDIUM UP;Clifford Brown;-;-;-;-;-;-;27;13;4,1,2,2,2,2,2,2,2,2,2,2,4;1111,1,11,01,11,11,11,11,11,11,11,11,1101
1747;line;-;UP;Eric Dolphy;-;-;-;-;-;-;24;11;4,2,2,1,4,3,2,4,2,2,2;1110,11,11,1,0011,111,11,1111,11,11,01
1748;lick;-;UP;John Coltrane;-;-;-;-;-;-;18;9;2,3,4,2,2,2,2,2,6;11,011,0001,11,11,01,11,11,011110
1749;line;-;MEDIUM;Michael Brecker;-;-;-;-;-;-;23;12;3,3,6,4,1,1,2,1,4,4,4,1;011,011,000011,0110,1,1,11,1,1111,1001,0111,1
1750;line;-;UP;John Coltrane;-;-;-;-;-;-;29;14;2,2,2,2,2,3,2,3,1,3,2,2,2,4;11,11,11,11,01,111,11,011,1,111,11,11,11,0111
1751;lick;-;MEDIUM;Bob Berg;-;-;-;-;-;-;16;5;4,4,6,6,2;1111,1111,011011,001011,01
1752;line;-;UP;Lee Konitz;-;-;-;-;-;-;29;16;3,2,2,2,2,1,4,2,2,1,3,2,2,4,3,1;110,01,11,01,11,1,1110,11,11,1,011,11,11,1001,111,1
1753;line;-;UP;John Coltrane;-;-;-;-;-;-;22;10;3,4,2,2,2,3,3,4,2,2;110,1111,11,11,01,011,011,1111,11,01
1754;line;-;UP;Michael Brecker;-;-;-;-;-;-;48;24;2,2,3,2,3,2,2,2,2,2,2,2,2,2,2,2,2,2,2,2,2,2,3,3;11,01,111,11,111,11,11,11,11,11,11,11,01,11,11,11,11,11,11,11,01,01,111,111
1755;line;-;UP;Pepper Adams;-;-;-;-;-;-;15;8;2,2,1,3,2,2,1,2;11,11,1,111,11,11,1,11
1756;line;-;MEDIUM SLOW;Steve Coleman;-;-;-;-;-;-;57;16;4,6,6,2,4,4,4,4,6,6,4,4,4,4,2,4;1111,010111,010111,11,1110,1111,1111,0011,111111,101101,1111,1111,1111,1111,11,0110
1757;line;-;UP;Stan Getz;-;-;-;-;-;-;42;22;2,4,2,2,2,2,2,2,2,2,2,2,2,2,1,2,4,2,2,2,2,2;11,1011,11,11,11,11,11,11,11,11,01,11,01,11,1,11,1011,01,11,11,11,11
1758;lick;-;MEDIUM;Dexter Gordon;-;-;-;-;-;-;19;7;2,4,2,7,4,6,3;01,0111,01,0101011,1111,111100,011
1759;lick;-;UP;Sonny Stitt;-;-;-;-;-;-;6;4;2,4,2,4;01,1101,01,0001
1760;lick;-;MEDIUM;Phil Woods;-;-;-;-;-;-;21;10;4,2,2,4,2,2,2,2,2,4;0111,11,11,0011,11,11,11,11,11,0011
1761;lick;-;UP;John Coltrane;-;-;-;-;-;-;23;11;2,1,2,4,6,6,2,4,2,2,4;11,1,11,1001,110101,100111,01,1011,01,11,0001
1762;lick;-;MEDIUM;Sonny Rollins;-;-;-;-;-;-;8;3;6,6,4;011001,111100,0001
1763;lick;-;MEDIUM UP;John Coltrane;-;-;-;-;-;-;21;8;3,3,6,4,5,2,4,4;111,111,010011,1100,01111,01,0011,0111
1764;lick;-;UP;Stan Getz;-;-;-;-;-;-;6;4;2,2,2,2;01,11,01,11
1765;line;-;UP;Michael Brecker;-;-;-;-;-;-;57;30;2,2,2,2,4,4,3,3,1,4,3,2,2,2,2,2,2,2,1,1,2,2,2,2,2,2,2,2,1,2;11,01,01,11,1111,1110,111,111,1,1111,110,11,11,01,11,11,11,01,1,1,11,11,11,11,01,01,11,11,1,11
1766;line;-;UP;John Coltrane;-;-;-;-;-;-;17;9;1,2,1,4,3,3,2,2,2;1,11,1,0011,011,111,11,11,11
1767;lick;-;MEDIUM SLOW;Dexter Gordon;-;-;-;-;-;-;10;3;4,4,4;1110,1110,1111
1768;lick;-;UP;Branford Marsalis;-;-;-;-;-;-;17;11;4,4,1,2,2,2,2,2,2,1,1;1001,0001,1,11,11,11,11,11,01,1,1
1769;lick;-;MEDIUM;Pepper Adams;-;-;-;-;-;-;24;11;4,6,4,4,1,3,4,6,5,1,2;1100,010101,1111,1111,1,110,1100,000101,01001,1,01
1770;line;-;UP;Wynton Marsalis;-;-;-;-;-;-;78;42;3,2,2,2,4,2,6,4,2,1,4,2,4,2,2,2,2,6,2,2,1,2,2,4,1,1,1,4,2,2,2,1,3,3,2,2,2,2,2,2,4,1;111,11,11,11,0110,01,100011,1101,01,1,1101,11,0001,11,11,11,11,011100,01,01,1,11,11,1001,1,1,1,1011,11,11,11,1,111,011,01,11,11,11,11,01,1011,1
1771;line;-;UP;John Coltrane;-;-;-;-;-;-;21;11;3,2,2,3,1,2,3,2,2,2,2;111,01,11,111,1,11,110,11,01,11,11
1772;line;-;UP;John Coltrane;-;-;-;-;-;-;24;14;2,2,2,2,2,3,2,4,2,1,4,1,4,2;11,01,11,11,11,111,11,0001,01,1,0001,1,1101,11
1773;lick;-;UP;Zoot Sims;-;-;-;-;-;-;8;6;2,2,4,2,2,1;01,01,0001,11,11,1
1774;lick;-;UP;J.J. Johnson;-;-;-;-;-;-;12;7;1,2,2,2,2,4,3;1,01,11,11,11,0001,111
1775;lick;-;UP;J.J. Johnson;-;-;-;-;-;-;24;15;2,2,2,1,1,2,1,1,2,3,2,2,2,2,2;11,11,11,1,1,11,1,1,01,110,11,11,01,11,11
1776;line;-;UP;Clifford Brown;-;-;-;-;-;-;17;10;2,2,4,2,1,2,2,2,4,2;11,11,0110,11,1,01,11,11,0011,01
1777;line;-;UP;Stan Getz;-;-;-;-;-;-;18;10;2,2,1,1,2,2,2,4,2,2;11,01,1,1,11,11,11,1011,11,11
1778;lick;-;UP;Wayne Shorter;-;-;-;-;-;-;5;4;1,1,2,2;1,1,01,11
1779;lick;-;UP;Miles Davis;-;-;-;-;-;-;11;7;1,1,1,4,4,2,3;1,1,1,0001,1011,01,111
1780;line;-;MEDIUM;Steve Lacy;-;-;-;-;-;-;8;6;1,2,2,2,2,1;1,11,01,11,01,1
1781;lick;-;MEDIUM UP;Bob Berg;-;-;-;-;-;-;4;2;2,2;11,11
1782;line;-;UP;John Coltrane;-;-;-;-;-;-;5;3;2,1,2;11,1,11
1783;line;-;UP;John Coltrane;-;-;-;-;-;-;25;12;2,2,2,2,1,6,1,3,4,2,2,2;11,11,11,01,1,101011,1,111,1111,11,01,11
1784;line;-;UP;Lee Konitz;-;-;-;-;-;-;23;12;2,1,2,3,2,2,2,2,4,2,4,2;11,1,11,011,11,11,01,11,0011,11,1101,11
1785;lick;-;UP;John Coltrane;-;-;-;-;-;-;16;7;6,2,2,2,4,3,3;111000,01,11,11,0111,111,011
1786;line;-;UP;Joe Henderson;-;-;-;-;-;-;13;7;2,2,2,2,2,2,2;01,11,11,11,11,11,11
1787;lick;-;UP;John Coltrane;-;-;-;-;-;-;7;4;3,2,2,2;011,11,11,01
1788;lick;-;MEDIUM UP;Wayne Shorter;-;-;-;-;-;-;11;6;2,3,2,4,1,2;11,111,01,1011,1,01
1789;lick;-;UP;Michael Brecker;-;-;-;-;-;-;47;30;2,2,2,2,4,2,2,1,4,3,4,3,2,2,2,1,4,2,2,1,1,2,2,1,2,2,2,1,1,2;11,01,11,11,0011,11,01,1,0001,011,1101,011,01,01,11,1,1011,11,11,1,1,01,01,1,01,11,11,1,1,11
1790;line;-;MEDIUM;Dexter Gordon;-;-;-;-;-;-;13;6;4,4,2,2,2,2;1100,1111,01,11,11,11
1791;lick;-;MEDIUM;Michael Brecker;-;-;-;-;-;-;42;18;4,2,2,4,4,4,4,4,5,3,4,3,6,1,1,2,1,1;1011,01,01,1111,1011,0111,0111,0111,00011,111,0111,111,010111,1,1,11,1,1
1792;lick;-;UP;Art Pepper;-;-;-;-;-;-;3;3;4,1,1;0001,1,1
1793;lick;-;UP;David Liebman;-;-;-;-;-;-;3;2;1,4;1,0011
1794;line;-;UP;Dexter Gordon;-;-;-;-;-;-;30;15;2,2,2,2,2,2,2,2,2,2,2,4,2,2,2;11,11,11,11,11,11,11,11,11,11,11,0110,11,11,11
1795;line;-;UP;John Coltrane;-;-;-;-;-;-;15;6;2,4,4,3,2,3;11,0011,1111,011,11,111
1796;lick;-;MEDIUM UP;John Coltrane;-;-;-;-;-;-;10;5;6,4,3,1,1;100101,1110,011,1,1
1797;line;-;MEDIUM;Cannonball Adderley;-;-;-;-;-;-;11;4;2,2,6,6;11,11,110111,100001
1798;lick;-;MEDIUM;Eric Dolphy;-;-;-;-;-;-;6;3;2,2,3;01,11,111
1799;lick;-;UP;Miles Davis;-;-;-;-;-;-;14;10;2,1,1,2,2,2,1,2,2,2;11,1,1,11,01,01,1,11,11,01
1800;line;-;MEDIUM;Dexter Gordon;-;-;-;-;-;-;11;4;6,3,1,4;110111,111,1,0011
1801;lick;-;MEDIUM;Dexter Gordon;-;-;-;-;-;-;16;8;7,4,2,1,2,4,4,1;0010001,1111,01,1,01,0111,0111,1
1802;line;-;UP;Phil Woods;-;-;-;-;-;-;23;11;2,2,2,2,4,3,4,2,2,2,2;11,01,01,11,1101,111,0111,11,11,11,11
1803;line;-;UP;Miles Davis;-;-;-;-;-;-;35;19;1,2,3,1,2,2,2,3,2,2,1,2,4,4,4,2,2,3,1;1,11,111,1,01,11,11,111,11,11,1,11,1001,1101,1001,01,11,110,1
1804;lick;-;UP;J.J. Johnson;-;-;-;-;-;-;33;23;2,1,3,1,1,3,2,2,2,2,2,2,2,1,2,2,6,2,1,2,1,1,1;01,1,011,1,1,111,11,11,11,11,11,01,01,1,01,11,000011,01,1,01,1,1,1
1805;line;-;MEDIUM UP;Don Ellis;-;-;-;-;-;-;26;12;2,3,2,4,4,2,4,2,2,4,4,2;11,111,01,0001,1101,11,1101,11,11,1101,1001,11
1806;lick;-;MEDIUM UP;Clifford Brown;-;-;-;-;-;-;13;7;1,2,6,2,3,4,2;1,11,101101,01,011,0001,11
1807;lick;-;MEDIUM;Paul Desmond;-;-;-;-;-;-;14;5;4,4,3,4,6;1100,1111,111,0001,010111
1808;lick;-;MEDIUM;Joshua Redman;-;-;-;-;-;-;29;13;1,1,3,1,3,3,3,3,3,3,3,1,2;1,1,111,1,111,111,111,111,111,110,111,1,11
1809;line;-;UP;Dizzy Gillespie;-;-;-;-;-;-;22;12;4,2,1,3,3,4,2,2,1,2,1,1;1011,11,1,011,111,1011,01,11,1,11,1,1
1810;line;-;MEDIUM UP;Kenny Dorham;-;-;-;-;-;-;19;9;2,3,2,2,2,4,2,2,2;11,111,11,11,11,1001,11,11,11
1811;line;-;MEDIUM;Michael Brecker;-;-;-;-;-;-;21;10;2,2,2,1,2,6,4,4,4,4;11,11,11,1,11,001001,0111,0111,0011,0011
1812;line;-;MEDIUM UP;John Coltrane;-;-;-;-;-;-;17;7;2,4,4,3,3,2,1;11,0111,0111,111,111,11,1
1813;lick;-;MEDIUM;Miles Davis;-;-;-;-;-;-;19;13;1,1,1,4,3,1,4,1,2,2,2,2,2;1,1,1,0001,011,1,0110,1,01,11,11,11,11
1814;lick;-;UP;Steve Coleman;-;-;-;-;-;-;31;17;4,2,2,2,2,2,2,2,2,2,2,2,1,1,2,4,2;1101,11,11,11,11,11,11,01,11,11,11,11,1,1,01,1001,11
1815;lick;-;MEDIUM SLOW;Joe Lovano;-;-;-;-;-;-;11;4;6,2,6,3;100111,01,000111,111
1816;line;-;UP;David Liebman;-;-;-;-;-;-;14;8;2,2,4,2,2,2,2,4;01,11,0001,11,11,01,11,1011
1817;lick;-;MEDIUM UP;Cannonball Adderley;-;-;-;-;-;-;19;12;1,4,2,2,4,1,4,2,2,1,1,2;1,1001,11,11,0001,1,1001,11,11,1,1,11
1818;lick;-;UP;David Liebman;-;-;-;-;-;-;12;10;1,1,4,1,2,4,2,1,1,1;1,1,1001,1,01,1001,01,1,1,1
1819;lick;-;UP;John Coltrane;-;-;-;-;-;-;7;6;1,1,2,1,1,2;1,1,11,1,1,01
1820;lick;-;UP;Stan Getz;-;-;-;-;-;-;29;18;4,4,2,3,1,1,2,2,2,2,4,2,1,1,1,1,1,1;0011,1001,11,111,1,1,01,11,11,11,1011,11,1,1,1,1,1,1
1821;lick;-;MEDIUM UP;John Coltrane;-;-;-;-;-;-;12;6;4,1,2,4,4,4;0110,1,01,0111,1100,0111
1822;lick;-;UP;Wayne Shorter;-;-;-;-;-;-;6;4;2,2,1,2;01,11,1,11
1823;line;-;MEDIUM;Pepper Adams;-;-;-;-;-;-;9;4;3,4,1,1,4;110,1111,1,0,0011
1824;lick;-;UP;Steve Coleman;-;-;-;-;-;-;17;8;2,2,2,4,3,2,2,2;11,11,11,1011,111,11,01,11
1825;lick;-;MEDIUM UP;Joe Henderson;-;-;-;-;-;-;10;5;2,2,3,2,5;11,11,011,01,01011
1826;lick;-;MEDIUM;Stan Getz;-;-;-;-;-;-;12;6;3,3,3,2,4,1;011,111,111,01,0011,1
1827;line;-;UP;Pat Metheny;-;-;-;-;-;-;36;21;1,1,2,2,1,2,2,2,2,2,2,2,1,2,2,2,2,2,2,3,1;1,1,11,11,1,11,11,11,11,11,11,11,1,11,11,11,11,11,01,110,1
1828;line;-;MEDIUM SLOW;Steve Coleman;-;-;-;-;-;-;51;16;4,4,4,6,3,4,4,4,8,2,6,4,2,4,8,4;0111,1110,1111,001001,111,1111,1111,1110,00101011,11,001001,1111,11,1111,01010101,1101
1829;line;-;UP;Branford Marsalis;-;-;-;-;-;-;50;27;2,3,2,2,2,2,2,1,4,2,2,2,2,3,2,2,3,3,2,2,2,2,2,2,4,3,2;11,111,11,11,01,11,01,1,0110,01,11,01,11,111,01,11,011,011,11,11,11,11,11,11,0011,011,11
1830;lick;-;UP;John Coltrane;-;-;-;-;-;-;11;7;3,1,2,2,2,2,2;011,1,01,11,11,01,11
1831;line;-;UP;Chris Potter;-;-;-;-;-;-;54;31;2,1,4,2,2,2,2,2,2,2,1,2,2,1,3,2,1,2,2,2,2,4,2,3,2,1,1,1,2,2,2;11,1,1001,11,11,11,11,01,11,11,1,11,11,1,111,11,1,11,11,01,11,0111,11,111,01,1,1,1,01,11,11
1832;lick;-;MEDIUM UP;Sonny Rollins;-;-;-;-;-;-;25;17;2,2,2,1,1,1,1,6,2,2,1,1,2,2,2,1,1;11,11,11,1,1,1,1,010101,01,01,1,1,11,11,11,1,1
1833;lick;-;UP;Charlie Parker;-;-;-;-;-;-;45;24;2,4,2,2,2,2,2,1,3,2,2,4,2,2,3,4,2,4,8,2,2,3,3,2;01,0001,11,01,11,11,11,1,111,11,11,1001,01,01,111,0011,11,1101,00000011,11,01,111,110,11
1834;lick;-;UP;Bob Berg;-;-;-;-;-;-;4;2;3,1;111,1
1835;lick;-;MEDIUM;J.J. Johnson;-;-;-;-;-;-;10;5;2,2,2,3,1;11,11,11,111,1
1836;line;-;MEDIUM UP;John Coltrane;-;-;-;-;-;-;22;8;4,4,4,4,3,5,4,6;1011,0001,0111,1111,011,00111,0111,000111
1837;lick;-;UP;Joe Henderson;-;-;-;-;-;-;28;16;1,2,2,2,2,4,3,2,2,4,2,4,2,2,2,4;1,11,11,11,01,0001,011,11,01,1001,11,1100,11,11,11,1100
1838;lick;-;UP;Clifford Brown;-;-;-;-;-;-;20;11;4,3,2,1,1,2,4,2,1,1,2;1101,110,11,1,1,11,1101,11,1,1,11
1839;lick;-;MEDIUM;Hank Mobley;-;-;-;-;-;-;8;2;6,7;101111,0100101
1840;lick;-;UP;Pat Metheny;-;-;-;-;-;-;17;14;1,4,4,1,1,2,2,2,1,2,2,1,1,4;1,1001,1001,1,1,11,01,01,1,01,01,1,1,0001
1841;lick;-;UP;Dexter Gordon;-;-;-;-;-;-;34;20;1,6,4,2,2,2,2,1,4,5,2,2,1,2,1,4,5,2,6,3;1,000011,1001,11,11,01,01,1,0111,00101,01,11,1,01,1,1001,10011,01,000011,111
1842;line;-;UP;Lee Konitz;-;-;-;-;-;-;29;14;2,2,2,2,2,2,4,2,4,1,4,2,2,2;11,11,11,11,11,11,0111,11,1001,1,1101,11,11,11
1843;line;-;UP;John Coltrane;-;-;-;-;-;-;10;5;2,2,3,4,4;11,11,011,0111,0001
1844;line;-;MEDIUM;Dexter Gordon;-;-;-;-;-;-;11;4;1,4,4,6;1,1111,0111,010011
1845;lick;-;UP;John Coltrane;-;-;-;-;-;-;8;4;3,3,4,4;011,011,1001,0011
1846;lick;-;MEDIUM SLOW;Steve Lacy;-;-;-;-;-;-;13;6;3,1,3,6,4,4;011,1,011,000001,1111,1110
1847;lick;-;UP;Joe Henderson;-;-;-;-;-;-;11;5;4,2,2,2,2;1111,11,01,11,11
1848;lick;-;UP;John Coltrane;-;-;-;-;-;-;6;3;2,2,2;11,11,11
1849;lick;-;UP;Steve Coleman;-;-;-;-;-;-;2;2;1,1;1,1
1850;lick;-;UP;Chris Potter;-;-;-;-;-;-;7;6;2,1,1,1,1,1;11,1,1,1,1,1
1851;lick;-;MEDIUM UP;David Liebman;-;-;-;-;-;-;4;1;4;1111
1852;lick;-;UP;Miles Davis;-;-;-;-;-;-;14;8;4,4,1,1,2,1,2,2;1001,1111,1,1,01,1,11,11
1853;lick;-;MEDIUM;Sonny Rollins;-;-;-;-;-;-;8;5;2,2,4,1,1;11,11,0110,1,1
1854;line;-;UP;John Coltrane;-;-;-;-;-;-;18;9;2,1,3,2,2,2,2,4,2;11,1,011,11,01,11,11,1111,11
1855;lick;-;MEDIUM;Wayne Shorter;-;-;-;-;-;-;6;3;2,2,2;11,11,11
1856;lick;-;MEDIUM UP;David Liebman;-;-;-;-;-;-;4;2;4,2;0111,01
1857;line;-;UP;Michael Brecker;-;-;-;-;-;-;23;7;6,6,4,2,4,4,3;111011,010011,1111,11,1100,1111,111
1858;line;-;UP;Dizzy Gillespie;-;-;-;-;-;-;44;23;2,3,2,2,1,2,2,6,2,2,2,2,2,2,2,1,2,2,5,1,2,2,1;11,111,11,11,1,11,11,100011,11,11,01,11,11,01,11,1,11,11,01111,1,11,11,1
1859;lick;-;UP;Sonny Rollins;-;-;-;-;-;-;22;16;2,2,2,2,1,2,2,2,2,1,2,3,2,2,2,2;11,01,01,01,1,11,01,01,01,1,11,011,01,11,01,11
1860;lick;-;MEDIUM UP;Miles Davis;-;-;-;-;-;-;3;2;2,2;11,01
1861;lick;-;MEDIUM UP;John Coltrane;-;-;-;-;-;-;11;4;2,6,4,4;01,101011,0111,0111
1862;lick;-;UP;John Coltrane;-;-;-;-;-;-;4;4;4,4,2,4;0001,0001,01,0001
1863;lick;-;MEDIUM;Stan Getz;-;-;-;-;-;-;13;8;1,2,2,2,2,2,2,2;1,11,11,11,11,11,01,01
1864;lick;-;UP;Wayne Shorter;-;-;-;-;-;-;33;22;2,2,2,2,2,2,1,4,4,2,1,2,2,2,1,2,2,2,1,1,3,2;11,11,11,11,01,01,1,0001,1011,11,1,01,01,11,1,01,11,01,1,1,011,11
1865;lick;-;MEDIUM;John Coltrane;-;-;-;-;-;-;26;7;1,4,7,6,6,4,6;1,1111,1101111,011111,011011,0011,101011
1866;line;-;MEDIUM;Bob Berg;-;-;-;-;-;-;42;15;4,6,2,2,4,4,6,6,4,6,6,4,1,2,2;1111,010111,11,11,1111,1111,010011,000111,0111,000001,111011,0111,1,11,01
1867;line;-;UP;Herbie Hancock;-;-;-;-;-;-;29;16;2,2,2,2,1,1,4,2,2,4,3,2,3,2,2,2;11,11,01,11,1,1,1011,01,01,1011,111,01,111,11,01,11
1868;line;-;UP;Miles Davis;-;-;-;-;-;-;10;5;2,2,6,1,2;11,11,100011,1,11
1869;line;-;MEDIUM UP;John Coltrane;-;-;-;-;-;-;27;9;4,5,4,6,5,3,3,3,3;1111,01111,0001,010001,11111,111,011,111,111
1870;lick;-;MEDIUM;Dexter Gordon;-;-;-;-;-;-;10;4;3,4,1,4;111,1001,1,1111
1871;line;-;MEDIUM SLOW;Steve Lacy;-;-;-;-;-;-;15;6;3,4,4,4,4,2;011,0111,0111,0111,1001,11
1872;lick;-;UP;Pat Metheny;-;-;-;-;-;-;45;32;1,1,4,4,2,4,1,1,2,2,1,2,2,2,2,2,1,1,1,4,1,1,1,2,2,1,1,1,2,2,2,2;1,1,1001,1001,11,1001,1,1,11,11,1,11,11,11,11,01,1,1,1,1001,1,1,1,01,01,1,1,1,01,01,11,11
1873;lick;-;MEDIUM UP;Cannonball Adderley;-;-;-;-;-;-;7;5;2,1,1,1,2;11,1,1,1,11
1874;line;-;UP;Art Pepper;-;-;-;-;-;-;35;18;2,2,2,2,2,4,2,4,2,4,2,4,2,1,4,2,2,2;11,11,11,11,11,0001,11,0001,11,1101,11,1001,11,1,1011,11,11,11
1875;line;-;MEDIUM UP;Cannonball Adderley;-;-;-;-;-;-;37;20;2,4,1,1,2,2,1,1,4,4,4,4,2,1,4,2,1,1,2,3;11,0001,1,1,11,11,1,1,1101,1111,1101,0011,11,1,1100,11,1,1,11,111
1876;lick;-;UP;John Coltrane;-;-;-;-;-;-;7;4;6,2,2,2;100011,01,01,11
1877;line;-;UP;Bob Berg;-;-;-;-;-;-;4;2;2,2;11,11
1878;lick;-;UP;Pat Metheny;-;-;-;-;-;-;41;24;1,1,1,1,2,2,2,2,2,2,2,2,4,2,4,3,3,2,2,2,2,1,2,2;1,1,1,1,11,01,11,11,11,11,11,01,1001,11,0011,011,011,11,11,11,11,1,11,11
1879;line;-;UP;John Coltrane;-;-;-;-;-;-;2;1;2;11
1880;line;-;UP;Pat Metheny;-;-;-;-;-;-;45;28;2,2,1,1,1,2,3,2,1,2,2,2,2,2,2,2,2,2,2,2,2,2,2,2,2,1,2,2;01,11,1,1,1,11,110,11,1,01,11,11,01,11,01,11,11,01,11,11,11,11,11,11,01,1,11,11
1881;line;-;MEDIUM UP;Eric Dolphy;-;-;-;-;-;-;30;9;4,4,6,2,4,4,6,6,1;0111,1111,111110,11,1101,1111,100111,101011,1
1882;line;-;MEDIUM UP;Kenny Dorham;-;-;-;-;-;-;47;15;2,2,2,2,4,4,4,2,2,6,6,4,1,8,6;11,11,11,11,1110,1101,1101,11,11,111111,001111,0111,1,11011111,110111
1883;line;-;MEDIUM;Lee Konitz;-;-;-;-;-;-;43;22;1,2,2,3,6,2,2,4,3,4,2,2,6,6,1,2,2,2,2,3,4,4;1,11,11,110,010001,11,11,0001,111,0111,11,11,010001,010001,1,11,11,01,01,111,1111,0001
1884;lick;-;UP;John Coltrane;-;-;-;-;-;-;8;5;2,1,1,3,2;11,1,1,011,11
1885;lick;-;UP;John Abercrombie;-;-;-;-;-;-;23;19;2,2,1,1,1,2,1,1,1,2,1,1,1,1,2,6,2,1,2;01,01,1,1,1,11,1,1,1,01,1,1,1,1,11,000001,11,1,11
1886;line;-;UP;Sonny Rollins;-;-;-;-;-;-;58;31;2,2,2,2,1,2,4,2,1,2,4,2,3,2,2,1,2,2,2,2,2,2,2,2,2,2,2,2,2,2,2;11,11,11,11,1,11,1001,11,1,11,1110,11,111,11,01,1,11,11,11,11,11,01,11,11,01,11,11,11,11,11,11
1887;line;-;MEDIUM;Branford Marsalis;-;-;-;-;-;-;11;5;2,2,3,3,1;11,11,111,111,1
1888;lick;-;MEDIUM;Stan Getz;-;-;-;-;-;-;9;5;2,2,4,4,2;01,11,0111,0110,01
1889;lick;-;UP;Pepper Adams;-;-;-;-;-;-;6;4;2,1,1,2;11,1,1,11
1890;lick;-;UP;Miles Davis;-;-;-;-;-;-;9;8;2,1,2,1,2,2,2,1;01,1,11,1,01,01,01,1
1891;lick;-;UP;Wynton Marsalis;-;-;-;-;-;-;9;8;1,1,1,1,2,1,4,4;1,1,1,1,11,1,0001,0001
1892;lick;-;MEDIUM UP;Freddie Hubbard;-;-;-;-;-;-;3;2;2,1;11,1
1893;line;-;UP;Sonny Rollins;-;-;-;-;-;-;36;21;1,1,3,2,2,1,2,2,2,6,2,2,1,2,2,2,2,1,2,2,2;1,1,111,11,11,1,11,11,01,001001,11,11,1,11,11,11,11,1,11,01,11
1894;lick;-;UP;Joe Henderson;-;-;-;-;-;-;3;2;4,2;0001,11
1895;line;-;MEDIUM UP;John Coltrane;-;-;-;-;-;-;45;15;6,2,2,1,4,3,3,4,4,4,6,4,4,4,3;111011,11,01,1,1101,111,110,0111,1111,1111,101111,0001,1111,1111,111
1896;lick;-;UP;John Coltrane;-;-;-;-;-;-;17;8;3,2,4,4,2,2,4,2;111,11,0110,1011,11,11,0001,11
1897;lick;-;MEDIUM SLOW;Joe Lovano;-;-;-;-;-;-;13;7;4,6,6,8,3,2,1;1001,001011,000011,00000001,011,11,1
1898;lick;-;MEDIUM;J.J. Johnson;-;-;-;-;-;-;7;5;1,1,1,2,2;1,1,1,11,11
1899;line;-;UP;Chris Potter;-;-;-;-;-;-;40;24;2,3,2,2,2,2,4,1,2,2,2,2,2,1,4,2,1,2,2,2,1,1,2,2;11,011,01,01,11,11,0001,1,11,11,11,11,11,1,1001,11,1,11,11,11,1,1,11,11
1900;line;-;UP;Pepper Adams;-;-;-;-;-;-;6;4;3,1,1,2;011,1,1,11
1901;lick;-;UP;Gerry Mulligan;-;-;-;-;-;-;38;25;2,1,2,1,1,2,2,2,2,1,4,1,2,2,2,2,2,2,1,1,1,1,2,2,2;11,1,11,1,1,11,11,11,01,1,1001,1,11,11,01,01,11,11,1,1,1,1,11,11,11
1902;line;-;MEDIUM;Lee Konitz;-;-;-;-;-;-;56;28;2,2,2,2,2,2,2,2,2,2,2,2,2,2,2,2,2,2,2,6,2,2,2,2,2,2,2,2;11,11,11,11,11,11,11,11,11,11,11,11,11,11,11,11,11,11,11,010001,11,11,11,11,11,11,11,11
1903;lick;-;UP;Dexter Gordon;-;-;-;-;-;-;15;10;1,2,1,2,2,2,2,2,4,1;1,01,1,01,11,11,11,01,0111,1
1904;lick;-;UP;John Coltrane;-;-;-;-;-;-;36;19;2,3,2,4,4,2,2,2,1,2,1,4,2,2,2,2,2,2,2;11,011,11,1011,1011,11,01,11,1,11,1,1001,11,11,11,11,11,01,11
1905;lick;-;UP;Pat Metheny;-;-;-;-;-;-;5;5;1,1,2,2,1;1,1,01,01,1
1906;line;-;UP;John Coltrane;-;-;-;-;-;-;41;22;2,2,2,3,2,2,2,2,2,1,1,2,1,2,4,2,2,1,4,4,3,1;11,11,11,110,11,11,11,01,11,1,1,11,1,11,0110,11,11,1,0011,1111,111,1
1907;line;-;MEDIUM UP;Cannonball Adderley;-;-;-;-;-;-;32;14;1,1,4,6,4,2,1,6,4,4,4,6,4,4;1,1,1001,110011,1101,11,1,000011,1001,0011,1100,101111,1001,1101
1908;lick;-;MEDIUM;Gerry Mulligan;-;-;-;-;-;-;7;3;2,3,2;11,111,11
1909;lick;-;UP;John Coltrane;-;-;-;-;-;-;7;3;3,3,1;111,111,1
1910;lick;-;MEDIUM;Paul Desmond;-;-;-;-;-;-;15;6;1,4,6,4,1,1;1,1111,011101,1111,1,1
1911;line;-;MEDIUM UP;Joe Henderson;-;-;-;-;-;-;26;10;6,4,6,4,4,1,4,2,4,5;101011,0001,000001,1100,1111,1,0011,11,1111,11111
1912;lick;-;UP;Pepper Adams;-;-;-;-;-;-;7;5;2,4,1,2,2;11,0011,1,01,01
1913;lick;-;MEDIUM UP;Chet Baker;-;-;-;-;-;-;22;13;4,2,2,2,1,1,2,2,4,4,4,2,2;0001,11,01,11,1,1,11,11,1101,1001,0001,11,11
1914;lick;-;MEDIUM;Sonny Rollins;-;-;-;-;-;-;7;4;4,6,2,2;1101,010001,01,01
1915;line;-;MEDIUM;Bob Berg;-;-;-;-;-;-;20;8;3,2,4,4,2,2,4,3;111,11,1111,1101,01,11,1101,011
1916;lick;-;MEDIUM;Miles Davis;-;-;-;-;-;-;7;5;2,4,2,2,2;11,0001,01,11,01
1917;lick;-;UP;John Coltrane;-;-;-;-;-;-;20;9;3,4,3,3,2,2,2,2,2;111,1101,111,011,01,11,11,11,11
1918;line;-;UP;Kenny Dorham;-;-;-;-;-;-;54;30;4,2,1,2,2,2,4,3,5,6,2,2,2,2,2,2,2,2,2,1,1,2,1,2,2,2,2,2,3,4;1001,11,1,11,01,01,1011,011,10111,100011,01,01,11,11,01,01,11,11,01,1,1,01,1,11,11,11,11,11,111,1011
1919;line;-;MEDIUM;David Murray;-;-;-;-;-;-;25;9;4,5,4,3,6,3,4,3,2;1111,11111,0011,011,001111,011,0110,011,11
1920;line;-;UP;John Coltrane;-;-;-;-;-;-;48;24;2,4,2,2,2,2,2,4,4,4,3,3,2,1,2,2,3,2,2,2,4,2,2,4;11,1111,11,01,01,11,01,1001,1001,1101,011,111,11,1,11,01,111,11,11,11,1001,11,11,0011
1921;lick;-;UP;Steve Coleman;-;-;-;-;-;-;8;6;1,2,2,2,2,2;1,11,01,11,01,01
1922;lick;-;UP;John Coltrane;-;-;-;-;-;-;5;3;1,2,3;1,11,011
1923;lick;-;UP;Dexter Gordon;-;-;-;-;-;-;11;10;1,2,2,1,1,4,1,1,2,1;1,01,01,1,1,0001,1,1,11,1
1924;line;-;UP;Pepper Adams;-;-;-;-;-;-;9;5;4,1,2,2,2;1001,1,11,11,11
1925;lick;-;UP;John Coltrane;-;-;-;-;-;-;3;1;3;111
1926;lick;-;UP;John Coltrane;-;-;-;-;-;-;6;5;1,1,2,1,1;1,1,11,1,1
1927;lick;-;UP;Wayne Shorter;-;-;-;-;-;-;15;10;2,2,2,1,2,2,2,1,2,1;01,01,11,1,11,11,11,1,11,1
1928;lick;-;UP;Zoot Sims;-;-;-;-;-;-;5;4;2,2,2,1;01,01,11,1
1929;lick;-;MEDIUM UP;Kenny Dorham;-;-;-;-;-;-;14;7;2,4,3,4,2,4,2;11,1101,110,1101,01,0001,11
1930;line;-;UP;John Coltrane;-;-;-;-;-;-;16;9;2,2,2,1,2,4,2,3,3;11,11,11,1,11,0001,11,011,011
1931;line;-;MEDIUM;Miles Davis;-;-;-;-;-;-;21;12;2,2,3,4,6,2,2,2,2,2,2,1;11,11,111,0001,010001,11,01,11,11,01,11,1
1932;line;-;MEDIUM SLOW;Steve Coleman;-;-;-;-;-;-;21;7;5,6,4,4,4,4,4;11111,011001,0110,1111,0001,0111,1110
1933;lick;-;MEDIUM;Wayne Shorter;-;-;-;-;-;-;14;6;5,2,4,4,2,1;01111,01,1111,0111,01,1
1934;lick;-;UP;David Liebman;-;-;-;-;-;-;11;6;2,4,1,3,4,3;11,1001,1,111,0001,011
1935;line;-;UP;John Coltrane;-;-;-;-;-;-;30;17;3,3,3,3,2,2,2,2,2,4,1,2,3,2,2,2,2;011,011,110,011,01,11,11,01,11,0110,1,01,011,11,11,11,11
1936;line;-;UP;John Coltrane;-;-;-;-;-;-;31;12;2,3,2,2,4,3,3,4,1,4,4,2;11,011,11,11,1101,111,111,1101,1,1111,1111,11
1937;line;-;UP;Joe Lovano;-;-;-;-;-;-;27;13;2,4,4,3,4,4,2,2,2,2,4,6,2;11,1110,0110,111,1001,1100,11,01,11,11,1001,010001,11
1938;line;-;MEDIUM UP;Bob Berg;-;-;-;-;-;-;8;4;4,1,1,2;1111,1,1,11
1939;lick;-;UP;Fats Navarro;-;-;-;-;-;-;40;25;2,4,1,2,3,2,4,2,2,2,1,2,1,2,2,2,2,2,2,2,2,2,4,2,4;11,1111,1,11,111,01,1110,01,01,01,1,01,1,11,01,01,01,01,11,11,11,01,0011,11,0001
1940;lick;-;UP;Miles Davis;-;-;-;-;-;-;6;5;2,2,1,1,2;11,01,1,1,01
1941;line;-;UP;Kenny Dorham;-;-;-;-;-;-;58;30;2,2,3,3,2,4,2,2,3,2,4,1,2,2,2,2,2,2,2,2,2,2,2,2,1,2,2,2,2,4;11,11,111,111,01,0111,11,11,110,11,1011,1,11,01,11,11,01,11,11,11,11,11,11,11,1,01,11,01,11,1011
1942;line;-;UP;Dexter Gordon;-;-;-;-;-;-;8;4;2,2,2,2;11,11,11,11
1943;lick;-;UP;Wynton Marsalis;-;-;-;-;-;-;5;4;1,2,2,1;1,11,01,1
1944;line;-;MEDIUM UP;Art Pepper;-;-;-;-;-;-;12;5;4,2,4,4,1;1001,11,1011,1111,1
1945;lick;-;MEDIUM UP;Bob Berg;-;-;-;-;-;-;9;6;2,4,2,1,2,1;11,0001,11,1,11,1
1946;lick;-;MEDIUM UP;Don Ellis;-;-;-;-;-;-;12;6;4,2,2,4,4,2;0001,11,11,1011,1001,11
1947;lick;-;MEDIUM;Steve Coleman;-;-;-;-;-;-;8;2;4,4;1111,1111
1948;line;-;MEDIUM SLOW;Pepper Adams;-;-;-;-;-;-;18;8;3,1,4,1,4,3,1,4;011,1,1111,1,1111,111,1,0110
1949;lick;-;MEDIUM;John Coltrane;-;-;-;-;-;-;14;5;6,5,4,1,4;111001,00011,1111,1,1110
1950;lick;-;UP;Paul Desmond;-;-;-;-;-;-;27;19;4,2,2,2,4,2,2,2,1,2,2,2,4,2,2,1,2,2,1;1011,11,01,11,0001,11,01,11,1,01,01,11,0001,01,11,1,01,01,1
1951;lick;-;MEDIUM;Zoot Sims;-;-;-;-;-;-;11;6;4,2,1,1,6,4;0011,11,1,1,010111,0001
1952;lick;-;MEDIUM;Stan Getz;-;-;-;-;-;-;4;3;2,4,2;01,1001,01
1953;line;-;UP;Joe Lovano;-;-;-;-;-;-;38;18;2,1,4,3,4,4,4,1,4,1,2,2,2,3,4,6,4,3;11,1,1001,011,1111,1001,1011,1,0111,1,11,11,11,110,0111,001001,1001,011
1954;lick;-;MEDIUM UP;Woody Shaw;-;-;-;-;-;-;21;10;2,3,2,2,1,2,4,4,2,2;01,011,11,11,1,11,1111,1111,11,01
1955;line;-;MEDIUM UP;Eric Dolphy;-;-;-;-;-;-;55;19;3,6,2,3,6,2,2,6,8,4,3,4,4,2,2,4,2,4,5;011,010111,11,110,111011,11,01,010111,00101111,1101,110,1011,1111,11,01,0111,11,1011,11111
1956;line;-;UP;Bob Berg;-;-;-;-;-;-;47;23;2,2,4,2,4,2,2,2,2,2,2,2,1,4,2,2,2,2,2,2,4,2,2;11,11,0011,11,1111,11,11,01,01,11,11,11,1,0111,11,11,11,11,11,11,1011,11,11
1957;line;-;UP;Lee Morgan;-;-;-;-;-;-;17;9;4,2,2,2,1,2,2,3,2;1011,11,11,11,1,01,11,011,11
1958;line;-;UP;Don Ellis;-;-;-;-;-;-;15;8;2,2,2,2,2,1,4,2;11,11,11,11,11,1,0011,11
1959;lick;-;UP;John Coltrane;-;-;-;-;-;-;5;4;2,4,3,2;01,0001,011,01
1960;lick;-;MEDIUM UP;Miles Davis;-;-;-;-;-;-;6;4;2,2,2,4;01,11,11,0001
1961;lick;-;UP;Gerry Mulligan;-;-;-;-;-;-;21;16;2,1,3,1,1,2,1,1,1,1,1,4,2,1,2,2;01,1,111,1,1,11,1,1,1,1,1,1001,01,1,01,11
1962;lick;-;UP;Joshua Redman;-;-;-;-;-;-;15;8;3,6,6,2,2,1,4,3;111,000001,000001,01,11,1,1011,111
1963;lick;-;MEDIUM;Michael Brecker;-;-;-;-;-;-;7;4;2,5,3,4;11,00011,011,0001
1964;line;-;UP;Chris Potter;-;-;-;-;-;-;26;15;1,1,2,2,2,2,2,2,2,3,2,2,2,2,2;1,1,11,11,01,11,11,11,11,111,11,01,01,11,11
1965;line;-;UP;Michael Brecker;-;-;-;-;-;-;25;13;2,4,3,2,2,2,2,2,2,2,2,2,2;11,1001,011,11,11,11,11,01,11,11,11,11,11
1966;lick;-;UP;Chris Potter;-;-;-;-;-;-;6;4;2,1,2,2;11,1,11,01
1967;line;-;UP;Steve Turre;-;-;-;-;-;-;20;12;3,2,1,2,2,2,2,1,2,2,2,2;110,01,1,11,01,11,11,1,11,11,11,11
1968;line;-;UP;John Coltrane;-;-;-;-;-;-;21;10;2,2,2,2,4,3,4,2,1,3;11,11,11,11,0110,011,1111,11,1,011
1969;lick;-;UP;Stan Getz;-;-;-;-;-;-;19;13;1,1,2,2,2,2,2,2,2,4,2,2,1;1,1,01,01,01,01,11,11,11,1011,01,11,1
1970;lick;-;UP;Zoot Sims;-;-;-;-;-;-;7;4;1,1,3,3;1,1,011,111
1971;line;-;MEDIUM UP;Bob Berg;-;-;-;-;-;-;32;10;1,2,4,4,4,4,4,4,6,3;1,11,1110,1111,1111,1111,1111,0111,011011,111
1972;lick;-;UP;John Coltrane;-;-;-;-;-;-;11;5;2,2,4,3,4;11,11,0111,011,1001
1973;line;-;MEDIUM;David Murray;-;-;-;-;-;-;25;8;2,4,3,4,8,3,6,3;11,1011,111,0011,00101011,011,111111,111
1974;lick;-;UP;John Coltrane;-;-;-;-;-;-;3;3;1,1,2;1,1,01
1975;lick;-;UP;David Liebman;-;-;-;-;-;-;45;31;2,4,1,2,2,2,2,4,2,1,4,4,2,2,1,2,2,1,1,1,2,2,1,2,2,4,1,1,1,2,4;11,1001,1,01,11,11,01,0011,11,1,0001,1011,01,11,1,01,11,1,1,1,11,11,1,01,11,0001,1,1,1,11,0001
1976;line;-;UP;Charlie Parker;-;-;-;-;-;-;21;10;2,2,2,2,3,2,3,2,4,2;11,11,11,01,011,11,111,11,0111,11
1977;line;-;MEDIUM UP;Art Pepper;-;-;-;-;-;-;30;16;4,2,2,2,1,6,4,6,4,1,1,1,4,2,2,2;1001,11,11,11,1,010011,0011,000001,1111,1,1,1,0011,11,11,11
1978;lick;-;MEDIUM UP;Clifford Brown;-;-;-;-;-;-;17;10;2,2,1,4,1,3,2,1,2,3;01,11,1,0001,1,111,11,1,11,111
1979;line;-;MEDIUM;Clifford Brown;-;-;-;-;-;-;37;13;4,5,6,4,4,4,1,2,2,4,4,4,4;1111,01111,000111,0111,1110,1111,1,11,11,0001,1101,1111,0111
1980;lick;-;MEDIUM;Pepper Adams;-;-;-;-;-;-;9;4;3,4,4,6;110,0001,0110,101101
1981;line;-;UP;Michael Brecker;-;-;-;-;-;-;37;21;2,1,2,2,2,1,1,1,2,2,3,2,4,4,3,2,2,2,2,2,2;11,1,11,11,11,1,1,1,11,11,111,01,1001,1100,011,11,11,11,01,11,11
1982;lick;-;MEDIUM;Clifford Brown;-;-;-;-;-;-;5;2;2,4;11,0111
1983;lick;-;UP;Herbie Hancock;-;-;-;-;-;-;35;24;4,2,2,2,2,1,2,2,2,1,2,2,1,2,1,2,2,2,1,2,1,2,1,1;1001,01,01,01,11,1,11,11,01,1,11,11,1,11,1,11,11,01,1,11,1,11,1,1
1984;lick;-;UP;Herbie Hancock;-;-;-;-;-;-;14;9;1,2,2,2,2,2,1,1,2;1,11,11,11,01,11,1,1,11
1985;line;-;UP;David Liebman;-;-;-;-;-;-;28;14;4,3,2,2,1,4,1,2,2,3,2,2,2,2;1111,110,11,11,1,1011,1,11,11,011,11,11,01,11
1986;line;-;MEDIUM;Joe Henderson;-;-;-;-;-;-;11;3;6,4,4;111101,1100,1111
1987;line;-;UP;Lee Konitz;-;-;-;-;-;-;43;23;2,2,2,3,2,2,2,2,2,2,2,1,2,2,4,2,2,2,2,2,2,2,2;11,11,11,111,11,11,11,11,11,11,01,1,11,11,1011,01,01,11,01,11,11,11,11
1988;lick;-;UP;Art Pepper;-;-;-;-;-;-;10;6;2,4,3,2,2,2;11,0001,011,11,01,11
1989;lick;-;UP;Art Pepper;-;-;-;-;-;-;3;2;3,2;011,01
1990;line;-;UP;Bob Berg;-;-;-;-;-;-;15;9;1,4,2,2,4,3,2,2,2;1,0001,11,11,0001,110,11,11,11
1991;lick;-;UP;John Coltrane;-;-;-;-;-;-;6;3;2,2,2;11,11,11
1992;line;-;UP;Art Pepper;-;-;-;-;-;-;38;18;2,1,4,3,4,2,4,2,2,2,2,2,1,4,2,3,2,2;11,1,1011,011,1101,11,1101,11,11,01,11,11,1,1011,11,111,11,11
1993;line;-;UP;Chris Potter;-;-;-;-;-;-;38;22;2,1,1,3,2,2,4,2,2,2,1,2,2,2,2,4,4,2,2,2,2,1;11,1,1,110,11,11,0011,11,01,11,1,11,01,01,11,0011,1011,11,11,11,11,1
1994;lick;-;MEDIUM SLOW;Steve Coleman;-;-;-;-;-;-;7;3;1,4,8;1,1110,00010101
1995;line;-;UP;John Coltrane;-;-;-;-;-;-;5;3;3,2,3;110,01,011
1996;lick;-;UP;Miles Davis;-;-;-;-;-;-;9;7;1,1,2,2,2,1,2;1,1,01,01,11,1,11
1997;line;-;MEDIUM UP;Freddie Hubbard;-;-;-;-;-;-;13;8;2,2,5,2,5,2,1,1;01,11,01001,11,01001,11,1,1
1998;lick;-;MEDIUM;Lee Morgan;-;-;-;-;-;-;45;21;2,2,1,2,2,3,3,3,4,3,6,4,2,2,2,2,6,6,4,3,2;11,01,1,11,01,110,011,011,1011,011,001001,1110,11,11,11,11,011111,000111,1001,011,11
1999;line;-;MEDIUM UP;Milt Jackson;-;-;-;-;-;-;37;18;2,1,4,4,2,2,6,2,3,2,3,1,2,4,2,2,1,3;11,1,0011,1110,11,11,010001,11,111,11,111,1,11,1001,11,11,1,111
2000;line;-;UP;Lee Konitz;-;-;-;-;-;-;30;17;2,2,2,2,2,2,2,2,2,4,2,2,2,2,2,2,2;01,01,11,11,11,11,11,11,11,0011,11,11,11,11,01,01,11
2001;line;-;UP;Pepper Adams;-;-;-;-;-;-;13;8;4,3,2,2,1,2,2,2;1001,110,01,11,1,11,11,01
2002;lick;-;MEDIUM SLOW;Steve Coleman;-;-;-;-;-;-;15;6;2,2,2,6,4,4;11,11,01,111101,0111,0110
2003;line;-;UP;Art Pepper;-;-;-;-;-;-;9;6;2,2,1,2,2,2;11,11,1,01,01,11
2004;lick;-;MEDIUM;Paul Desmond;-;-;-;-;-;-;14;6;6,3,1,4,4,2;010101,111,1,1011,0111,01
2005;lick;-;MEDIUM SLOW;Steve Lacy;-;-;-;-;-;-;7;3;2,4,5;01,1101,01011
2006;lick;-;MEDIUM UP;Wayne Shorter;-;-;-;-;-;-;12;7;2,2,2,3,3,1,4;01,01,11,011,111,1,1100
2007;line;-;UP;John Coltrane;-;-;-;-;-;-;55;22;2,2,3,2,1,2,2,4,4,2,4,4,4,6,6,8,8,8,4,3,2,4;11,11,111,11,1,11,11,1011,1011,11,1101,0001,1011,001001,001111,00100111,00001011,00001011,1110,110,11,1011
2008;line;-;MEDIUM UP;John Coltrane;-;-;-;-;-;-;13;6;1,2,2,6,2,2;1,11,11,101011,11,11
2009;line;-;MEDIUM UP;David Liebman;-;-;-;-;-;-;52;15;6,4,4,3,3,6,4,4,4,6,4,4,5,6,6;011011,1111,1111,011,111,000111,0111,1011,1111,111110,1111,0011,10111,001111,111000
2010;line;-;UP;Phil Woods;-;-;-;-;-;-;57;28;2,2,6,2,2,1,2,2,2,2,2,2,2,2,2,2,2,2,3,2,2,2,3,2,4,2,2,2;11,11,000101,11,11,1,11,11,11,11,11,11,11,11,11,11,11,11,111,11,11,11,111,11,1001,11,11,11
2011;line;-;UP;Clifford Brown;-;-;-;-;-;-;62;32;3,1,1,4,2,2,2,2,2,2,3,3,3,3,2,2,2,1,1,1,2,3,2,2,2,2,4,2,2,2,2,2;111,1,1,1111,11,11,11,01,11,11,111,111,011,011,11,11,11,1,1,1,01,110,11,11,11,11,1011,11,11,01,11,11
2012;lick;-;MEDIUM UP;Sonny Rollins;-;-;-;-;-;-;11;6;3,6,2,2,2,2;011,010101,01,11,11,01
2013;lick;-;UP;Branford Marsalis;-;-;-;-;-;-;11;6;2,2,2,4,1,3;01,01,11,1011,1,111
2014;lick;-;UP;Bob Berg;-;-;-;-;-;-;4;2;4,1;1110,1
2015;lick;-;UP;John Coltrane;-;-;-;-;-;-;11;4;2,2,5,2;11,11,11111,11
2016;line;-;UP;Branford Marsalis;-;-;-;-;-;-;29;17;2,2,2,2,3,2,2,2,2,2,4,4,2,2,2,2,2;01,11,11,11,011,11,11,01,11,11,0001,1011,11,01,01,01,11
2017;lick;-;MEDIUM;Pat Metheny;-;-;-;-;-;-;18;8;4,4,4,4,2,3,1,6;1100,0111,0111,0110,11,011,1,010011
2018;lick;-;UP;Clifford Brown;-;-;-;-;-;-;18;11;2,2,2,2,1,3,4,4,2,2,1;11,11,11,01,1,011,1011,0001,11,01,1
2019;line;-;UP;Gerry Mulligan;-;-;-;-;-;-;33;16;6,2,2,4,2,2,2,2,2,2,1,2,2,2,2,2;000111,11,11,1101,11,11,11,11,11,11,1,11,11,11,11,11
2020;line;-;UP;John Coltrane;-;-;-;-;-;-;12;7;2,2,1,2,2,2,2;11,11,1,11,11,01,11
2021;line;-;UP;Dexter Gordon;-;-;-;-;-;-;15;9;4,2,2,1,2,2,6,6,2;0001,11,11,1,11,11,010001,001001,01
2022;line;-;UP;Michael Brecker;-;-;-;-;-;-;24;13;2,2,2,2,2,2,2,2,2,4,2,1,1;01,11,11,11,11,11,11,11,11,1011,11,1,1
2023;lick;-;UP;Pat Metheny;-;-;-;-;-;-;49;34;2,1,2,2,2,3,2,1,2,2,2,2,2,3,2,2,2,2,3,2,1,1,1,2,4,2,2,2,2,1,1,2,4,4;11,1,01,11,01,011,01,1,01,01,01,11,11,011,01,11,11,01,011,01,1,1,1,11,1001,01,11,11,11,1,1,01,1001,0001
2024;line;-;UP;J.J. Johnson;-;-;-;-;-;-;10;9;2,2,2,2,2,1,2,1,1;11,01,01,01,01,1,01,1,1
2025;lick;-;UP;John Coltrane;-;-;-;-;-;-;15;8;2,2,2,2,2,2,1,4;01,11,11,11,11,11,1,1011
2026;lick;-;UP;John Abercrombie;-;-;-;-;-;-;34;28;4,1,2,1,1,1,1,1,2,2,1,2,1,1,1,2,1,1,2,2,1,1,1,1,1,2,2,2;1001,1,01,1,1,1,1,1,11,11,1,11,1,1,1,11,1,1,11,01,1,1,1,1,1,01,01,01
2027;lick;-;UP;Chris Potter;-;-;-;-;-;-;20;14;2,2,4,4,4,2,2,2,2,4,2,1,2,2;01,11,0110,0001,0011,01,11,01,11,0001,11,1,01,01
2028;line;-;UP;Joshua Redman;-;-;-;-;-;-;47;22;2,4,4,3,2,2,2,2,2,2,4,3,2,3,4,2,6,2,4,1,2,3;11,0111,0111,111,11,11,11,11,11,01,0111,111,11,011,0001,11,101011,01,1001,1,11,011
2029;line;-;MEDIUM UP;Art Pepper;-;-;-;-;-;-;18;6;4,1,6,4,4,1;1011,1,011111,1111,1111,1
2030;lick;-;UP;Dizzy Gillespie;-;-;-;-;-;-;55;22;4,3,6,4,4,2,4,5,5,4,2,2,2,2,2,2,2,2,2,3,2,4;1101,011,111100,1111,1101,01,0011,10111,11111,0011,11,11,11,11,11,11,11,11,01,011,11,1111
2031;line;-;MEDIUM;Lee Morgan;-;-;-;-;-;-;71;22;1,8,7,4,4,5,4,4,4,4,6,8,7,2,2,6,8,4,2,2,3,2;1,10111101,1011111,1100,0111,11111,0001,1111,1111,0111,011011,01010111,1011111,11,01,010001,10101011,1101,11,11,110,11
2032;line;-;MEDIUM UP;John Coltrane;-;-;-;-;-;-;60;21;2,4,4,4,6,3,3,4,4,6,2,2,6,5,4,7,4,1,2,5,6;11,0111,1101,0111,101011,011,111,1111,0110,000001,01,01,101011,01111,1110,1101111,1111,1,01,01111,011101
2033;line;-;UP;David Liebman;-;-;-;-;-;-;74;41;2,2,4,4,2,2,4,2,2,2,1,2,2,2,2,2,2,2,2,2,1,2,2,4,2,4,2,1,1,1,1,2,2,2,2,2,2,2,2,2,1;11,11,1011,0111,11,11,0001,11,11,01,1,11,11,11,11,01,11,11,11,01,1,11,11,1111,11,1111,01,1,1,1,1,11,01,11,11,01,11,11,11,11,1
2034;lick;-;MEDIUM SLOW;Steve Lacy;-;-;-;-;-;-;11;6;1,3,2,1,4,2;1,111,01,1,1111,01
2035;line;-;UP;Stan Getz;-;-;-;-;-;-;41;21;2,2,2,2,2,2,2,2,2,2,2,2,2,2,2,2,2,2,2,2,2;11,11,11,11,11,11,11,11,11,11,11,01,11,11,11,11,11,11,11,11,11
2036;lick;-;MEDIUM;Steve Turre;-;-;-;-;-;-;52;23;6,1,6,4,1,4,2,4,1,6,1,6,1,6,1,2,4,2,2,6,4,2,6;010011,1,011111,0111,1,1111,11,0111,1,000011,1,010101,1,010011,1,11,0111,11,01,000011,1111,11,000011
2037;lick;-;UP;J.J. Johnson;-;-;-;-;-;-;21;15;4,1,1,2,2,2,2,1,1,1,1,2,2,2,2;0011,1,1,01,11,11,11,1,1,1,1,01,01,11,11
2038;line;-;MEDIUM UP;Woody Shaw;-;-;-;-;-;-;30;9;3,6,6,4,2,3,6,4,4;111,011011,001111,1111,01,111,011011,0111,1111
2039;line;-;UP;Milt Jackson;-;-;-;-;-;-;27;13;3,2,2,2,2,2,2,2,2,2,2,2,2;111,11,11,11,11,11,11,11,11,11,11,11,11
2040;line;-;MEDIUM;John Coltrane;-;-;-;-;-;-;57;14;4,6,5,5,4,4,4,4,4,6,4,4,4,8;1111,111101,01111,01111,1111,1111,0111,1111,1111,010111,1111,0111,0111,11011111
2041;lick;-;UP;Miles Davis;-;-;-;-;-;-;9;8;1,1,1,1,2,1,1,1;1,1,1,1,11,1,1,1
2042;lick;-;MEDIUM UP;Joe Henderson;-;-;-;-;-;-;5;2;4,4;1110,0011
2043;line;-;UP;Pat Metheny;-;-;-;-;-;-;37;21;2,2,2,1,4,2,2,2,2,2,2,2,2,4,2,2,2,2,2,2,2;01,11,11,1,0001,11,11,11,11,11,11,11,11,1001,01,11,11,01,11,11,11
2044;lick;-;UP;John Coltrane;-;-;-;-;-;-;32;19;2,4,2,1,2,1,3,3,2,2,1,2,3,2,2,1,2,4,2;11,1001,11,1,01,1,110,011,11,01,1,11,011,01,11,1,11,0111,11
2045;line;-;UP;Joe Henderson;-;-;-;-;-;-;10;6;2,2,2,2,3,2;11,01,11,01,011,11
2046;lick;-;MEDIUM;Sonny Rollins;-;-;-;-;-;-;6;3;1,2,6;1,11,010101
2047;line;-;MEDIUM;Michael Brecker;-;-;-;-;-;-;26;12;6,3,6,2,6,2,1,2,6,1,2,1;000011,011,101001,11,101001,11,1,11,111101,1,11,1
2048;lick;-;MEDIUM;Bob Berg;-;-;-;-;-;-;9;5;1,2,2,2,4;1,01,11,11,0111
2049;lick;-;UP;Wynton Marsalis;-;-;-;-;-;-;49;35;2,2,2,1,1,2,2,4,4,2,2,2,2,2,2,2,2,2,1,2,1,1,2,1,1,1,2,4,2,4,1,1,4,1,1;01,11,11,1,1,11,11,1001,0001,11,01,11,11,01,11,11,01,11,1,11,1,1,11,1,1,1,01,0001,01,0001,1,1,1001,1,1
2050;line;-;UP;Michael Brecker;-;-;-;-;-;-;29;14;2,2,3,3,3,2,2,6,4,2,2,4,2,1;01,11,011,111,111,11,11,000011,1011,11,11,0011,11,1
2051;line;-;MEDIUM SLOW;Joe Lovano;-;-;-;-;-;-;21;8;1,4,4,4,6,2,1,1;1,1111,1111,1111,010111,11,1,1
2052;line;-;UP;John Coltrane;-;-;-;-;-;-;21;12;3,1,2,2,2,2,1,2,3,2,2,2;111,1,01,01,11,11,1,11,011,11,11,11
2053;line;-;UP;Chris Potter;-;-;-;-;-;-;39;22;2,2,2,2,2,2,2,2,2,2,2,2,1,4,2,2,2,2,2,2,2,2;11,01,11,11,11,11,11,11,11,11,11,01,1,0001,11,11,11,11,11,11,11,01
2054;lick;-;MEDIUM;Dexter Gordon;-;-;-;-;-;-;17;11;2,4,2,2,6,4,1,2,4,2,2;01,0001,11,01,010111,1100,1,11,0001,01,01
2055;lick;-;MEDIUM;Stan Getz;-;-;-;-;-;-;12;6;1,1,2,4,3,3;1,1,11,0111,011,111
2056;lick;-;MEDIUM;Joshua Redman;-;-;-;-;-;-;15;6;3,1,4,1,6,6;111,1,1111,1,101011,001001
2057;line;-;UP;David Liebman;-;-;-;-;-;-;10;5;3,2,2,2,2;011,11,11,11,11
2058;lick;-;UP;Pat Metheny;-;-;-;-;-;-;69;47;2,2,1,1,2,1,4,4,1,4,4,2,2,2,1,1,1,2,1,2,2,2,2,2,2,4,3,2,2,4,4,2,4,2,1,2,2,4,2,2,1,4,2,1,1,1,1;01,01,1,1,11,1,1001,1011,1,0001,1001,11,01,01,1,1,1,01,1,01,01,11,01,11,11,1001,011,11,11,1001,1001,01,1001,11,1,11,01,1001,01,11,1,1001,11,1,1,1,1
2059;line;-;MEDIUM;John Coltrane;-;-;-;-;-;-;39;9;4,4,4,6,6,8,8,3,4;1111,1111,1111,011111,101111,00000111,11011111,111,1111
2060;lick;-;MEDIUM SLOW;Steve Coleman;-;-;-;-;-;-;7;3;2,10,2;11,0000000111,11
2061;line;-;MEDIUM UP;Wayne Shorter;-;-;-;-;-;-;21;6;4,5,10,4,6,4;1110,11111,0101001011,0110,010111,0110
2062;lick;-;UP;Joe Lovano;-;-;-;-;-;-;8;5;4,2,3,2,1;0001,11,011,11,1
2063;line;-;UP;Joe Lovano;-;-;-;-;-;-;13;8;2,2,2,1,1,1,2,2;11,11,11,1,1,1,11,11
2064;lick;-;UP;John Coltrane;-;-;-;-;-;-;5;3;2,2,4;11,01,1001
2065;lick;-;UP;Don Byas;-;-;-;-;-;-;14;7;2,1,4,3,2,5,4;11,1,1011,011,01,10111,0001
2066;line;-;UP;Pepper Adams;-;-;-;-;-;-;7;4;2,1,3,3;11,1,110,011
2067;line;-;MEDIUM UP;Milt Jackson;-;-;-;-;-;-;19;11;3,2,2,2,2,4,2,2,2,2,4;011,11,11,01,11,1001,11,01,01,11,0011
2068;lick;-;MEDIUM UP;Hank Mobley;-;-;-;-;-;-;17;7;2,2,7,4,6,2,3;01,11,1001111,1001,001001,11,111
2069;lick;-;UP;Zoot Sims;-;-;-;-;-;-;6;5;1,1,2,2,1;1,1,01,11,1
2070;lick;-;UP;Kenny Dorham;-;-;-;-;-;-;25;14;5,1,2,2,2,2,2,4,2,2,2,2,2,2;00011,1,01,11,11,01,11,1101,11,01,11,11,11,11
2071;line;-;MEDIUM UP;Sonny Rollins;-;-;-;-;-;-;25;12;2,2,4,4,1,2,2,6,2,1,2,4;11,11,1111,0001,1,11,11,010011,11,1,01,1111
2072;line;-;UP;Paul Desmond;-;-;-;-;-;-;7;5;2,1,4,1,1;11,1,1001,1,1
2073;lick;-;UP;Miles Davis;-;-;-;-;-;-;5;4;2,1,2,2;11,1,01,01
2074;lick;-;UP;Phil Woods;-;-;-;-;-;-;17;13;4,1,1,2,1,1,1,1,1,2,2,2,2;1100,1,1,11,1,1,1,1,1,01,11,11,01
2075;line;-;UP;Chet Baker;-;-;-;-;-;-;31;16;2,2,2,2,2,2,2,2,2,2,2,2,4,4,2,2;11,11,11,11,11,11,11,11,11,11,11,11,0001,1001,11,11
2076;lick;-;UP;Art Pepper;-;-;-;-;-;-;20;11;1,4,4,1,2,4,2,4,3,2,6;1,0001,1011,1,01,0001,11,1111,110,11,000011
2077;lick;-;MEDIUM;Curtis Fuller;-;-;-;-;-;-;7;4;6,2,2,1;010101,11,01,1
2078;lick;-;UP;Joshua Redman;-;-;-;-;-;-;3;2;1,2;1,11
2079;lick;-;UP;John Coltrane;-;-;-;-;-;-;15;10;2,1,3,2,2,2,4,2,2,2;11,1,011,01,11,01,1110,01,01,01
2080;lick;-;UP;Joe Lovano;-;-;-;-;-;-;9;5;2,1,3,4,2;11,1,110,1001,11
2081;lick;-;UP;John Coltrane;-;-;-;-;-;-;5;4;2,1,2,1;01,1,11,1
2082;lick;-;MEDIUM;Sonny Rollins;-;-;-;-;-;-;5;4;1,1,1,2;1,1,1,11
2083;lick;-;UP;John Coltrane;-;-;-;-;-;-;18;10;2,1,2,2,3,2,2,2,2,2;01,1,11,11,111,11,01,11,11,11
2084;line;-;MEDIUM;J.J. Johnson;-;-;-;-;-;-;31;13;2,1,2,1,3,3,3,3,3,3,2,4,3;01,1,11,1,111,111,111,111,111,111,11,1110,111
2085;lick;-;UP;John Coltrane;-;-;-;-;-;-;16;9;2,2,3,4,3,2,2,2,4;11,01,111,0110,011,11,01,11,0001
2086;lick;-;MEDIUM UP;Woody Shaw;-;-;-;-;-;-;23;8;4,3,4,4,4,4,6,5;1111,011,0001,0111,1111,0011,100101,10111
2087;lick;-;MEDIUM UP;Sonny Stitt;-;-;-;-;-;-;14;6;6,4,4,6,5,2;000001,1100,0111,011001,01011,11
2088;line;-;UP;Wayne Shorter;-;-;-;-;-;-;7;4;2,2,2,2;11,11,11,01
2089;lick;-;UP;Sonny Rollins;-;-;-;-;-;-;9;6;4,4,2,1,1,1;0011,1001,11,1,1,1
2090;line;-;MEDIUM;Pat Martino;-;-;-;-;-;-;12;4;4,4,4,4;0110,1100,1111,1111
2091;line;-;UP;Chris Potter;-;-;-;-;-;-;50;24;3,2,2,2,2,2,4,2,2,2,2,2,3,3,3,2,2,2,2,2,2,2,2,2;111,11,11,11,11,11,1001,11,01,11,11,11,111,011,111,11,11,11,11,11,11,11,11,11
2092;lick;-;MEDIUM UP;Don Ellis;-;-;-;-;-;-;10;6;2,1,4,3,3,2;11,1,0001,110,011,11
2093;lick;-;UP;Gerry Mulligan;-;-;-;-;-;-;24;16;1,1,1,1,3,1,1,2,2,2,2,2,4,2,4,2;1,1,1,1,011,1,1,11,01,11,01,01,1001,11,1011,11
2094;lick;-;MEDIUM UP;Eric Dolphy;-;-;-;-;-;-;12;6;4,2,2,2,2,5;1001,01,11,11,11,10011
2095;lick;-;UP;Hank Mobley;-;-;-;-;-;-;22;17;4,2,1,2,2,1,4,2,2,2,2,4,2,2,1,4,2;0001,01,1,01,01,1,1001,01,01,01,11,0011,11,01,1,1001,01
2096;line;-;UP;Branford Marsalis;-;-;-;-;-;-;15;11;1,1,2,2,1,1,2,4,2,3,3;1,1,11,01,1,1,11,0001,01,011,011
2097;lick;-;UP;John Coltrane;-;-;-;-;-;-;5;3;3,1,2;111,1,01
2098;lick;-;UP;Kenny Dorham;-;-;-;-;-;-;9;5;2,4,2,2,2;01,0111,01,11,11
2099;lick;-;MEDIUM;Cannonball Adderley;-;-;-;-;-;-;9;3;2,6,2;11,111110,11
2100;lick;-;UP;Branford Marsalis;-;-;-;-;-;-;8;5;4,1,2,4,2;0111,1,11,0001,01
2101;line;-;UP;John Coltrane;-;-;-;-;-;-;6;4;1,2,2,2;1,11,11,01
2102;line;-;UP;Joe Henderson;-;-;-;-;-;-;18;9;2,2,3,1,2,2,2,2,4;11,11,111,1,01,11,11,11,1101
2103;lick;-;UP;Miles Davis;-;-;-;-;-;-;6;5;2,2,2,2,4;01,11,01,01,0001
2104;line;-;UP;David Liebman;-;-;-;-;-;-;27;18;3,2,2,2,1,2,2,2,1,2,2,4,2,2,2,2,2,2;111,11,11,11,1,01,01,01,1,01,01,0001,11,11,01,11,11,01
2105;lick;-;MEDIUM UP;Curtis Fuller;-;-;-;-;-;-;7;6;2,2,2,2,1,2;01,01,01,01,1,11
2106;lick;-;UP;J.J. Johnson;-;-;-;-;-;-;15;12;4,4,2,2,2,2,1,4,2,2,1,1;0001,0001,11,01,11,11,1,0001,01,01,1,1
2107;line;-;UP;John Coltrane;-;-;-;-;-;-;10;7;2,2,2,2,1,2,1;01,01,11,11,1,11,1
2108;lick;-;UP;Nat Adderley;-;-;-;-;-;-;7;6;1,1,1,1,1,3;1,1,1,1,1,110
2109;lick;-;UP;Dexter Gordon;-;-;-;-;-;-;6;4;4,1,2,2;0110,1,11,01
2110;line;-;MEDIUM UP;Kenny Dorham;-;-;-;-;-;-;25;8;3,2,4,1,5,6,4,4;011,11,0110,1,11111,111110,1111,1111
2111;lick;-;MEDIUM;Pepper Adams;-;-;-;-;-;-;3;2;2,1;11,1
2112;line;-;UP;Bob Berg;-;-;-;-;-;-;28;20;4,3,1,2,1,1,1,1,1,2,2,2,2,2,2,1,1,2,2,2;0001,011,1,01,1,1,1,1,1,11,01,11,01,11,11,1,1,11,11,11
2113;lick;-;MEDIUM;Miles Davis;-;-;-;-;-;-;7;5;2,4,2,1,1;11,0001,11,1,1
2114;line;-;UP;J.J. Johnson;-;-;-;-;-;-;10;9;1,1,1,2,1,2,2,2,1;1,1,1,01,1,11,01,01,1
2115;line;-;UP;Dizzy Gillespie;-;-;-;-;-;-;50;26;2,2,2,2,3,2,2,2,2,2,2,4,3,3,3,3,2,1,2,1,2,2,2,4,2,2;01,11,11,11,111,01,11,11,11,11,11,1011,111,011,110,011,11,1,11,1,11,11,11,1001,01,11
2116;line;-;MEDIUM UP;Wayne Shorter;-;-;-;-;-;-;18;10;2,2,1,2,2,2,2,2,2,1;11,11,1,11,11,11,11,11,11,1
2117;lick;-;UP;Joe Henderson;-;-;-;-;-;-;18;11;2,2,2,2,1,4,4,2,1,1,4;01,11,01,11,1,1100,1011,11,1,1,1001
2118;line;-;MEDIUM;Bob Berg;-;-;-;-;-;-;29;9;2,4,4,2,4,4,3,5,4;11,1101,1111,11,1111,0111,111,01111,1111
2119;lick;-;UP;Miles Davis;-;-;-;-;-;-;6;5;1,1,2,1,2;1,1,11,1,01
2120;lick;-;UP;Wynton Marsalis;-;-;-;-;-;-;52;35;1,2,2,1,1,2,1,1,2,1,1,1,1,4,1,2,2,2,4,1,1,2,2,4,4,4,2,2,2,2,2,1,1,1,1;1,11,11,1,1,01,1,1,11,1,1,1,1,1001,1,11,01,11,1001,1,1,11,11,1011,1100,0001,11,11,11,11,11,1,1,1,1
2121;line;-;MEDIUM UP;David Liebman;-;-;-;-;-;-;16;5;4,4,4,4,4;1011,1111,0011,0111,1111
2122;lick;-;UP;Nat Adderley;-;-;-;-;-;-;8;6;2,2,2,2,2,2;01,01,01,11,11,01
2123;lick;-;MEDIUM;Curtis Fuller;-;-;-;-;-;-;23;12;1,2,4,9,1,8,5,1,4,6,2,1;1,01,0011,010001111,1,00000111,10111,1,0001,000001,11,1
2124;lick;-;UP;John Coltrane;-;-;-;-;-;-;13;8;2,3,1,4,3,3,4,2;01,011,1,0001,011,011,0011,11
2125;lick;-;UP;Miles Davis;-;-;-;-;-;-;7;4;2,2,2,2;11,11,11,01
2126;line;-;MEDIUM UP;Sonny Rollins;-;-;-;-;-;-;5;3;1,2,2;1,11,11
2127;lick;-;UP;Michael Brecker;-;-;-;-;-;-;20;11;5,1,1,2,2,2,2,2,4,1,1;11111,1,1,11,11,11,11,11,0001,1,1
2128;line;-;UP;Bob Berg;-;-;-;-;-;-;12;6;2,2,4,3,2,2;01,01,1111,011,11,11
2129;lick;-;MEDIUM UP;Wayne Shorter;-;-;-;-;-;-;6;5;2,2,1,4,2;01,01,1,1100,01
2130;lick;-;MEDIUM UP;Woody Shaw;-;-;-;-;-;-;10;5;5,2,2,4,1;01111,11,01,0011,1
2131;line;-;MEDIUM UP;Kenny Dorham;-;-;-;-;-;-;27;9;2,3,2,3,5,6,4,6,6;01,111,11,111,10111,000011,1111,011110,100111
2132;lick;-;MEDIUM;Sonny Rollins;-;-;-;-;-;-;17;7;6,3,4,2,2,4,2;011101,111,1100,01,11,0111,11
2133;lick;-;UP;Hank Mobley;-;-;-;-;-;-;28;16;2,2,3,2,1,4,2,2,2,3,2,4,2,2,2,2;01,11,011,11,1,1011,01,01,11,011,01,1011,11,11,01,11
2134;lick;-;MEDIUM;Pat Martino;-;-;-;-;-;-;31;10;4,4,4,4,4,4,4,4,4,4;1111,1110,1110,0011,1101,1111,1111,0111,0111,0011
2135;lick;-;MEDIUM;Miles Davis;-;-;-;-;-;-;5;2;4,2;1101,11
2136;lick;-;MEDIUM UP;Woody Shaw;-;-;-;-;-;-;35;14;6,4,4,4,2,3,6,4,1,2,2,2,3,1;100101,1111,1101,1110,11,111,110111,0110,1,11,11,11,110,1
2137;line;-;MEDIUM UP;John Coltrane;-;-;-;-;-;-;33;14;8,6,1,1,4,2,3,3,4,2,2,1,1,4;11001011,101011,1,1,0111,11,111,111,1111,11,01,1,1,0110
2138;lick;-;UP;J.J. Johnson;-;-;-;-;-;-;4;2;4,2;0011,11
2139;lick;-;MEDIUM UP;Clifford Brown;-;-;-;-;-;-;10;5;4,4,4,2,1;0111,1001,1101,01,1
2140;lick;-;UP;Paul Desmond;-;-;-;-;-;-;27;18;1,4,2,2,2,2,2,2,2,2,2,2,1,2,2,2,2,2;1,1001,01,11,01,01,11,11,11,11,01,01,1,01,11,01,11,11
2141;line;-;MEDIUM UP;Eric Dolphy;-;-;-;-;-;-;58;18;5,1,4,2,2,3,4,5,4,6,6,6,4,6,2,2,3,3;10111,1,1111,11,11,110,1111,11111,1111,101111,011011,110111,1110,110111,11,01,110,111
2142;line;-;UP;Joe Henderson;-;-;-;-;-;-;12;7;2,1,3,2,2,4,1;01,1,111,11,11,0011,1
2143;line;-;UP;Lee Morgan;-;-;-;-;-;-;32;18;2,2,4,2,2,2,4,2,1,2,2,1,1,2,2,4,2,2;11,11,1001,11,01,01,1011,11,1,11,11,1,1,11,11,1011,01,11
2144;line;-;UP;Steve Coleman;-;-;-;-;-;-;51;25;2,2,2,3,2,2,2,1,3,4,4,2,2,2,3,3,2,4,2,4,4,2,4,2,2;11,01,11,111,01,11,11,1,111,0011,1110,11,11,11,111,011,11,0001,11,0111,1011,01,1001,11,11
2145;lick;-;MEDIUM;Dexter Gordon;-;-;-;-;-;-;4;3;2,1,2;11,1,01
2146;lick;-;MEDIUM;Gerry Mulligan;-;-;-;-;-;-;13;7;2,2,4,4,1,6,2;01,11,0111,1001,1,010001,11
2147;lick;-;MEDIUM;Branford Marsalis;-;-;-;-;-;-;7;4;2,4,6,2;11,0001,010011,01
2148;lick;-;MEDIUM UP;Cannonball Adderley;-;-;-;-;-;-;4;2;4,6;1001,100001
2149;lick;-;MEDIUM UP;Lee Morgan;-;-;-;-;-;-;14;8;1,4,1,2,2,2,4,2;1,1110,1,11,01,11,1110,01
2150;lick;-;MEDIUM;Dexter Gordon;-;-;-;-;-;-;13;6;6,10,2,2,2,2;010101,0000101001,11,11,11,01
2151;line;-;MEDIUM;Pepper Adams;-;-;-;-;-;-;19;5;6,3,6,6,6;010111,011,011101,010111,111011
2152;line;-;UP;Wynton Marsalis;-;-;-;-;-;-;131;74;4,2,2,2,1,2,4,1,1,1,1,1,1,2,2,3,2,2,2,2,2,2,1,2,2,4,2,2,2,6,2,3,2,2,2,1,1,1,4,2,3,3,2,2,1,1,1,4,2,2,2,4,2,1,1,1,2,2,4,2,2,3,2,3,2,2,4,1,2,2,2,1,2,2;1111,01,11,11,1,11,1011,1,1,1,1,1,1,11,11,011,11,11,11,11,11,01,1,11,11,1101,11,11,11,111011,01,011,11,01,11,1,1,1,1001,11,111,011,11,11,1,1,1,1001,11,01,11,1111,11,1,1,1,11,11,0001,11,11,110,11,111,11,01,1011,1,11,01,01,1,01,11
2153;lick;-;MEDIUM;Woody Shaw;-;-;-;-;-;-;4;2;3,4;011,1001
2154;lick;-;MEDIUM;Paul Desmond;-;-;-;-;-;-;8;4;2,3,1,4;11,111,1,0011
2155;lick;-;UP;Sonny Rollins;-;-;-;-;-;-;11;7;2,2,2,2,1,2,1;01,11,11,11,1,11,1
2156;lick;-;UP;Nat Adderley;-;-;-;-;-;-;6;4;1,1,4,2;1,1,0011,11
2157;line;-;MEDIUM;Clifford Brown;-;-;-;-;-;-;8;3;1,6,4;1,000111,1111
2158;lick;-;UP;John Coltrane;-;-;-;-;-;-;9;6;4,1,2,1,4,2;1001,1,11,1,0001,11
2159;line;-;MEDIUM;Wynton Marsalis;-;-;-;-;-;-;14;11;1,1,2,3,2,2,1,1,1,1,1;1,1,11,011,11,01,1,1,1,1,1
2160;line;-;UP;David Liebman;-;-;-;-;-;-;92;51;2,1,2,4,2,2,2,2,3,1,1,2,2,2,1,2,2,3,1,6,2,2,1,3,2,2,2,4,4,3,4,1,1,2,3,3,2,2,4,2,3,3,3,4,4,1,1,2,1,2,4;11,1,11,1011,11,01,11,11,011,1,1,11,11,01,1,11,01,111,1,010011,11,11,1,110,11,01,01,1100,1001,111,1001,1,1,11,011,111,11,11,0001,11,011,111,011,1011,1011,1,1,11,1,01,1001
2161;lick;-;UP;Kai Winding;-;-;-;-;-;-;11;9;2,2,1,2,1,1,1,2,1;11,01,1,11,1,1,1,01,1
2162;line;-;UP;Kenny Dorham;-;-;-;-;-;-;70;37;2,2,2,4,2,2,1,1,2,2,2,2,2,4,3,4,2,2,4,3,4,2,2,4,2,2,2,3,2,1,1,2,2,2,2,2,4;11,11,11,0111,11,11,1,1,11,11,11,01,01,1110,111,0111,11,01,1101,011,0001,11,01,1011,11,01,11,111,11,1,1,11,11,11,11,11,0001
2163;lick;-;MEDIUM UP;David Liebman;-;-;-;-;-;-;10;3;5,4,4;11111,0001,1111
2164;line;-;UP;David Liebman;-;-;-;-;-;-;79;38;4,3,6,3,1,3,2,2,2,4,2,2,2,2,2,1,2,2,2,1,2,1,1,4,4,3,2,1,2,2,2,2,2,1,1,2,5,4;1100,111,111110,111,1,111,11,11,11,1001,11,11,11,11,11,1,11,11,11,1,11,1,1,1100,1011,110,11,1,01,11,11,11,11,1,1,11,11111,1111
2165;lick;-;UP;John Coltrane;-;-;-;-;-;-;10;7;4,2,2,2,1,1,2;0001,11,01,11,1,1,11
2166;lick;-;MEDIUM;Charlie Parker;-;-;-;-;-;-;9;4;4,4,6,4;1100,0001,001111,0011
2167;line;-;MEDIUM;Woody Shaw;-;-;-;-;-;-;11;7;3,4,3,1,1,1,1;110,1011,110,1,1,1,1
2168;line;-;UP;Bob Berg;-;-;-;-;-;-;22;10;2,2,2,2,4,4,2,4,2,1;11,11,01,11,0111,1011,11,1111,11,1
2169;lick;-;MEDIUM;Steve Lacy;-;-;-;-;-;-;15;9;3,4,4,1,2,2,1,2,3;011,0001,0001,1,11,11,1,11,111
2170;line;-;UP;John Coltrane;-;-;-;-;-;-;10;6;2,2,2,2,1,2;11,01,11,11,1,11
2171;lick;-;MEDIUM UP;John Coltrane;-;-;-;-;-;-;16;5;8,4,8,4,4;11011011,0001,00110001,1011,1101
2172;lick;-;MEDIUM SLOW;Steve Lacy;-;-;-;-;-;-;3;2;3,1;011,1
2173;line;-;UP;Art Pepper;-;-;-;-;-;-;9;5;2,2,2,3,4;11,11,01,110,1001
2174;lick;-;UP;John Coltrane;-;-;-;-;-;-;6;3;2,3,2;01,111,11
2175;lick;-;UP;Wayne Shorter;-;-;-;-;-;-;9;6;2,2,1,2,3,1;11,11,1,01,011,1
2176;lick;-;UP;David Liebman;-;-;-;-;-;-;7;4;2,2,2,1;11,11,11,1
2177;lick;-;MEDIUM SLOW;Steve Coleman;-;-;-;-;-;-;30;13;4,3,4,4,4,2,2,1,2,2,4,4,4;1011,111,0110,0110,1111,01,01,1,11,01,1111,0111,1011
2178;line;-;UP;John Coltrane;-;-;-;-;-;-;8;5;1,2,2,2,2;1,11,11,11,01
2179;line;-;MEDIUM UP;John Coltrane;-;-;-;-;-;-;9;7;2,1,1,4,1,4,1;01,1,1,0001,1,0111,1
2180;lick;-;UP;Miles Davis;-;-;-;-;-;-;4;4;1,4,1,1;1,0001,1,1
2181;lick;-;UP;Miles Davis;-;-;-;-;-;-;15;10;1,2,2,2,2,2,1,2,2,2;1,01,11,11,11,01,1,11,11,01
2182;line;-;UP;Herbie Hancock;-;-;-;-;-;-;7;5;1,1,1,2,2;1,1,1,11,11
2183;lick;-;MEDIUM UP;Clifford Brown;-;-;-;-;-;-;22;10;2,2,2,3,4,4,4,6,8,1,4;11,11,11,011,0011,0001,0011,011001,01000011,0,1101
2184;lick;-;MEDIUM UP;Charlie Parker;-;-;-;-;-;-;16;7;2,4,6,2,4,2,2;11,1101,001101,11,1001,11,11
2185;lick;-;UP;Michael Brecker;-;-;-;-;-;-;12;6;2,4,2,2,4,2;11,0111,11,11,0001,11
2186;lick;-;MEDIUM;Sonny Rollins;-;-;-;-;-;-;3;2;2,1;11,1
2187;lick;-;UP;J.J. Johnson;-;-;-;-;-;-;10;4;4,4,3,3;1001,0011,111,111
2188;lick;-;UP;Fats Navarro;-;-;-;-;-;-;14;7;2,2,4,2,2,4,2;11,01,1001,11,11,1011,11
2189;lick;-;MEDIUM;Curtis Fuller;-;-;-;-;-;-;6;4;2,4,2,1;11,0001,11,1
2190;line;-;MEDIUM;Joe Lovano;-;-;-;-;-;-;31;8;6,5,6,6,5,6,3,4;011011,10111,101101,101111,10111,101111,111,1100
2191;lick;-;MEDIUM SLOW;Steve Coleman;-;-;-;-;-;-;25;8;4,4,5,4,1,4,4,8;1011,1111,10111,1110,1,1011,1111,00010101
2192;lick;-;MEDIUM;J.J. Johnson;-;-;-;-;-;-;6;3;2,2,2;11,11,11
2193;line;-;UP;J.J. Johnson;-;-;-;-;-;-;17;10;3,1,2,2,1,2,2,6,2,2;111,1,11,01,1,01,11,100101,01,11
2194;lick;-;MEDIUM SLOW;Dexter Gordon;-;-;-;-;-;-;7;4;3,4,4,1;110,1110,0001,1
2195;line;-;UP;Sonny Rollins;-;-;-;-;-;-;49;28;2,2,2,2,2,6,2,2,4,4,1,2,2,2,2,1,1,2,2,2,4,2,2,4,2,2,3,1;11,11,01,01,11,001001,11,11,1100,0001,1,11,11,01,11,1,1,11,11,11,0111,11,01,1101,11,11,110,1
2196;lick;-;UP;Branford Marsalis;-;-;-;-;-;-;14;8;3,2,2,2,2,2,2,3;111,01,01,11,01,01,11,111
2197;lick;-;MEDIUM UP;Sonny Rollins;-;-;-;-;-;-;7;4;1,3,1,6;1,111,1,010001
2198;line;-;UP;Michael Brecker;-;-;-;-;-;-;23;12;2,2,1,2,2,2,2,2,2,2,3,2;11,11,1,11,11,11,11,11,11,01,111,11
2199;lick;-;MEDIUM UP;Chet Baker;-;-;-;-;-;-;17;11;4,2,1,2,3,1,1,3,2,2,1;0001,11,1,11,110,1,1,110,11,11,1
2200;line;-;UP;Pepper Adams;-;-;-;-;-;-;7;4;2,2,2,2;11,01,11,11
2201;line;-;UP;John Coltrane;-;-;-;-;-;-;13;8;2,2,2,2,2,2,2,3;11,11,11,11,01,01,01,011
2202;lick;-;UP;John Coltrane;-;-;-;-;-;-;9;5;2,2,4,2,2;01,11,1101,11,01
2203;lick;-;UP;Pat Metheny;-;-;-;-;-;-;9;7;2,2,2,1,1,2,2;01,11,11,1,1,01,01
2204;lick;-;MEDIUM UP;Woody Shaw;-;-;-;-;-;-;15;8;4,2,1,2,1,2,2,2;1110,11,1,11,1,11,11,11
2205;line;-;MEDIUM UP;Bob Berg;-;-;-;-;-;-;32;17;4,4,2,2,2,2,2,2,1,2,2,2,2,2,2,2,2;1111,0111,11,11,11,11,11,01,1,01,11,11,01,11,11,01,11
2206;lick;-;UP;David Liebman;-;-;-;-;-;-;10;6;2,2,6,1,1,2;11,11,010001,1,1,11
2207;line;-;UP;John Coltrane;-;-;-;-;-;-;16;7;2,2,2,3,2,2,3;11,11,11,111,11,11,111
2208;lick;-;UP;John Coltrane;-;-;-;-;-;-;6;5;4,2,1,4,1;0001,01,1,0011,1
2209;lick;-;MEDIUM UP;Gerry Mulligan;-;-;-;-;-;-;12;7;2,2,4,2,4,1,4;01,11,0011,11,1001,1,1100
2210;lick;-;UP;Branford Marsalis;-;-;-;-;-;-;33;23;1,2,1,2,2,2,2,2,1,2,4,2,2,4,2,1,1,2,1,4,4,4,4;1,01,1,11,11,11,01,11,1,01,0001,11,01,1001,11,1,1,01,1,1001,0001,0001,1101
2211;line;-;UP;Joe Lovano;-;-;-;-;-;-;23;13;2,1,1,2,2,2,2,2,2,3,1,1,4;11,1,1,11,11,11,11,11,11,111,1,1,0011
2212;lick;-;UP;Gerry Mulligan;-;-;-;-;-;-;18;12;1,2,2,2,2,2,2,1,2,1,2,2;1,01,01,01,11,11,11,1,11,1,11,11
2213;lick;-;MEDIUM UP;Miles Davis;-;-;-;-;-;-;10;6;4,3,4,1,2,2;1001,110,1001,1,11,01
2214;line;-;MEDIUM UP;Milt Jackson;-;-;-;-;-;-;13;8;2,2,2,2,1,4,1,2;01,01,11,11,1,0111,1,11
2215;line;-;MEDIUM UP;John Coltrane;-;-;-;-;-;-;9;3;4,3,6;0001,111,101111
2216;lick;-;MEDIUM;Miles Davis;-;-;-;-;-;-;17;10;4,2,4,4,8,1,4,2,1,4;1001,11,0001,0001,11000001,1,1001,11,1,0110
2217;lick;-;UP;Branford Marsalis;-;-;-;-;-;-;42;27;2,1,1,4,4,4,2,4,4,1,1,2,4,6,2,2,2,2,2,1,1,2,4,2,2,2,2;11,1,1,0001,1011,1001,01,0001,1011,1,1,11,0001,100011,01,11,01,11,11,1,1,01,0001,11,01,11,11
2218;line;-;UP;David Liebman;-;-;-;-;-;-;18;6;6,3,1,2,4,6;001111,111,1,01,1111,111101
2219;lick;-;MEDIUM UP;John Coltrane;-;-;-;-;-;-;13;7;3,4,2,3,6,2,2;011,1100,01,011,000111,01,11
2220;lick;-;MEDIUM;John Coltrane;-;-;-;-;-;-;17;4;4,6,6,5;1111,111011,011111,00111
2221;lick;-;UP;John Coltrane;-;-;-;-;-;-;4;3;1,4,2;1,0001,11
2222;line;-;UP;John Coltrane;-;-;-;-;-;-;8;5;1,2,2,2,2;1,11,01,11,11
2223;line;-;MEDIUM;Bob Berg;-;-;-;-;-;-;28;8;4,5,4,4,3,4,4,6;0111,11111,0110,0111,111,0111,1111,011111
2224;lick;-;MEDIUM UP;Wayne Shorter;-;-;-;-;-;-;9;5;3,1,2,2,2;111,1,11,11,01
2225;line;-;UP;Pepper Adams;-;-;-;-;-;-;18;10;1,2,1,2,2,2,2,2,2,3;1,11,1,11,01,11,11,11,11,111
2226;lick;-;UP;John Coltrane;-;-;-;-;-;-;12;7;1,1,2,1,2,1,7;1,1,11,1,11,1,1001011
2227;lick;-;MEDIUM;Dexter Gordon;-;-;-;-;-;-;12;7;2,6,6,2,1,1,2;11,010101,010011,01,1,1,01
2228;line;-;UP;Bob Berg;-;-;-;-;-;-;30;16;2,2,3,1,3,1,4,3,2,2,2,2,2,1,1,4;11,11,011,1,110,1,0110,110,11,11,11,11,11,1,1,1111
2229;line;-;MEDIUM;Freddie Hubbard;-;-;-;-;-;-;48;18;1,6,4,4,4,6,4,5,8,1,1,1,1,1,4,6,4,2;1,110111,0111,0111,0111,101011,1111,11111,01010101,1,1,1,1,1,1111,000101,0111,11
2230;lick;-;MEDIUM UP;David Liebman;-;-;-;-;-;-;3;1;3;111
2231;lick;-;UP;Fats Navarro;-;-;-;-;-;-;14;6;2,4,2,3,2,2;11,1011,11,111,11,11
2232;lick;-;UP;Chris Potter;-;-;-;-;-;-;37;22;2,2,2,2,2,2,2,2,2,4,4,2,1,1,1,3,2,1,1,2,1,1;01,11,01,01,01,11,11,11,11,1111,1110,11,1,1,1,111,11,1,1,11,1,1
2233;line;-;UP;Joe Henderson;-;-;-;-;-;-;24;13;4,2,2,2,2,2,2,3,2,3,4,2,2;0001,01,11,11,01,11,11,011,01,011,1111,11,11
2234;line;-;MEDIUM UP;Steve Lacy;-;-;-;-;-;-;26;17;2,2,1,1,2,1,4,2,2,1,2,2,2,2,1,1,2;11,11,1,1,11,1,1100,01,11,1,11,11,01,11,1,1,11
2235;lick;-;UP;Miles Davis;-;-;-;-;-;-;10;8;1,2,2,1,1,1,1,1;1,11,11,1,1,1,1,1
2236;lick;-;MEDIUM;Phil Woods;-;-;-;-;-;-;9;5;1,4,2,6,4;1,1101,11,000001,0011
2237;lick;-;UP;Wayne Shorter;-;-;-;-;-;-;6;5;2,2,2,2,1;01,01,11,01,1
2238;lick;-;MEDIUM;Pepper Adams;-;-;-;-;-;-;28;11;3,6,6,5,1,3,4,6,2,1,2;111,000101,111111,01001,1,111,1111,111100,01,1,01
2239;lick;-;UP;John Coltrane;-;-;-;-;-;-;5;3;3,1,4;011,1,1001
2240;lick;-;MEDIUM UP;Art Pepper;-;-;-;-;-;-;14;9;1,2,1,6,2,4,4,2,1;1,11,1,010011,01,1001,0001,11,1
2241;line;-;UP;Wayne Shorter;-;-;-;-;-;-;9;5;2,2,2,2,2;11,11,11,11,01
2242;lick;-;UP;John Coltrane;-;-;-;-;-;-;11;6;3,3,2,2,2,2;111,011,01,11,01,11
2243;line;-;UP;Michael Brecker;-;-;-;-;-;-;37;18;3,2,2,3,2,2,3,2,2,2,1,2,1,4,4,3,2,2;011,11,11,111,11,11,111,11,01,11,1,11,1,1111,1001,111,11,01
2244;lick;-;MEDIUM;Sonny Rollins;-;-;-;-;-;-;8;4;6,1,2,2;011110,1,11,01
2245;line;-;UP;David Liebman;-;-;-;-;-;-;8;5;1,1,2,2,2;1,1,11,11,11
2246;lick;-;UP;Steve Coleman;-;-;-;-;-;-;31;19;2,2,1,2,1,2,3,2,3,1,4,2,2,1,1,4,3,4,2;01,11,1,01,1,11,111,11,111,1,0001,01,11,1,1,0001,111,1001,11
2247;lick;-;UP;Branford Marsalis;-;-;-;-;-;-;13;8;2,2,2,2,2,2,2,1;11,01,11,11,01,11,11,1
2248;lick;-;UP;Herbie Hancock;-;-;-;-;-;-;14;8;2,2,3,2,2,1,2,2;11,11,111,11,01,1,01,11
2249;lick;-;MEDIUM UP;Nat Adderley;-;-;-;-;-;-;6;5;1,1,2,1,1;1,1,11,1,1
2250;line;-;MEDIUM;Miles Davis;-;-;-;-;-;-;10;7;4,2,6,4,1,1,4;0001,01,010001,0111,1,1,0001
2251;line;-;UP;David Liebman;-;-;-;-;-;-;36;21;2,2,3,2,2,2,2,2,2,2,1,2,2,2,2,2,2,2,1,4,2;11,11,011,11,01,01,11,11,11,11,1,11,01,01,01,11,11,11,1,1011,11
2252;line;-;MEDIUM UP;Clifford Brown;-;-;-;-;-;-;66;29;4,6,2,2,2,4,4,2,2,6,4,4,4,6,2,4,2,2,2,2,2,2,2,2,1,2,2,2,3;1111,001001,11,11,11,1111,1111,11,11,010001,1101,1101,0111,011110,11,0001,11,01,11,11,11,11,11,01,1,11,11,11,111
2253;lick;-;UP;John Coltrane;-;-;-;-;-;-;6;4;4,2,2,1;0001,11,11,1
2254;lick;-;UP;David Liebman;-;-;-;-;-;-;6;4;1,3,2,2;1,011,01,11
2255;lick;-;UP;John Coltrane;-;-;-;-;-;-;6;3;4,4,1;1100,0111,1
2256;line;-;UP;Dexter Gordon;-;-;-;-;-;-;7;3;2,2,3;11,11,111
2257;lick;-;UP;John Coltrane;-;-;-;-;-;-;9;5;2,2,2,2,2;11,11,01,11,11
2258;lick;-;UP;Lee Konitz;-;-;-;-;-;-;12;10;2,2,1,1,2,2,1,1,1,1;11,01,1,1,01,11,1,1,1,1
2259;lick;-;MEDIUM;Steve Turre;-;-;-;-;-;-;5;4;4,2,2,1;0001,11,01,1
2260;lick;-;MEDIUM UP;Bob Berg;-;-;-;-;-;-;13;5;2,2,2,6,4;11,11,11,110111,1100
2261;line;-;MEDIUM;Bob Berg;-;-;-;-;-;-;47;19;6,8,6,6,2,1,2,2,3,3,1,2,2,4,4,4,2,2,4;101111,01000101,100111,000001,11,1,01,11,111,111,1,01,11,1111,1111,1111,01,01,1111
2262;line;-;UP;John Coltrane;-;-;-;-;-;-;7;4;2,2,2,1;11,11,11,1
2263;line;-;UP;Herbie Hancock;-;-;-;-;-;-;71;43;2,4,3,2,2,2,2,2,2,2,1,3,1,2,1,2,2,2,1,2,2,2,2,2,2,2,2,1,2,2,1,2,2,2,2,2,1,1,2,2,2,2,2;11,0011,111,11,01,01,11,01,01,11,1,111,1,11,1,11,11,11,1,01,11,11,11,11,01,11,11,1,11,01,1,01,11,11,11,11,1,1,11,11,01,11,11
2264;lick;-;MEDIUM;Milt Jackson;-;-;-;-;-;-;11;5;1,4,3,4,1;1,1011,111,1011,1
2265;lick;-;UP;Michael Brecker;-;-;-;-;-;-;16;10;4,2,2,2,2,4,1,2,1,2;1100,01,11,11,01,1001,1,11,1,11
2266;lick;-;UP;Michael Brecker;-;-;-;-;-;-;21;12;2,4,2,2,2,1,1,2,2,2,4,2;11,0001,11,11,11,1,1,11,11,01,1011,11
2267;line;-;UP;John Coltrane;-;-;-;-;-;-;12;5;3,3,2,2,2;111,111,11,11,11
2268;line;-;UP;Joe Henderson;-;-;-;-;-;-;14;9;2,1,4,1,2,4,2,2,4;01,1,0001,1,11,1001,11,11,1001
2269;lick;-;UP;David Liebman;-;-;-;-;-;-;8;6;2,2,1,2,4,1;11,11,1,01,0001,1
2270;line;-;MEDIUM;Lee Konitz;-;-;-;-;-;-;39;20;2,2,1,2,2,2,1,2,2,2,2,2,2,5,6,4,4,4,4,3;11,11,1,11,01,11,1,11,11,11,11,11,11,01011,010001,0111,0011,0001,0111,110
2271;line;-;MEDIUM UP;Joe Henderson;-;-;-;-;-;-;18;6;4,1,2,5,4,3;1111,1,01,11111,1111,111
2272;lick;-;MEDIUM;Freddie Hubbard;-;-;-;-;-;-;9;4;4,6,1,2;0001,011111,1,11
2273;lick;-;UP;Herbie Hancock;-;-;-;-;-;-;7;4;2,2,4,2;11,11,1001,01
2274;lick;-;UP;Clifford Brown;-;-;-;-;-;-;14;10;2,2,2,2,2,2,2,2,1,2;01,01,01,11,11,11,11,01,1,01
2275;lick;-;MEDIUM UP;Clifford Brown;-;-;-;-;-;-;7;4;2,2,6,4;11,11,000101,0001
2276;line;-;UP;Phil Woods;-;-;-;-;-;-;30;16;2,1,6,2,2,2,2,2,2,2,2,2,2,2,2,1;11,1,110011,11,11,11,11,11,01,11,11,11,11,01,11,1
2277;lick;-;UP;John Coltrane;-;-;-;-;-;-;4;2;4,2;1001,11
2278;line;-;UP;David Liebman;-;-;-;-;-;-;13;8;3,2,2,1,2,2,4,2;111,11,11,1,01,01,1001,01
2279;lick;-;UP;John Coltrane;-;-;-;-;-;-;13;6;2,2,1,6,4,2;01,11,1,100111,1111,01
2280;lick;-;UP;Lee Konitz;-;-;-;-;-;-;4;3;2,2,1;11,01,1
2281;line;-;MEDIUM UP;David Liebman;-;-;-;-;-;-;23;7;6,6,4,3,3,3,6;111101,010101,0011,111,111,111,011011
2282;lick;-;UP;Red Garland;-;-;-;-;-;-;39;26;1,1,1,1,2,2,2,1,1,2,2,1,1,2,2,2,2,1,2,2,2,2,2,2,2,1;1,1,1,1,01,11,01,1,1,11,11,1,1,11,11,11,11,1,11,11,11,01,11,11,11,1
2283;line;-;MEDIUM UP;David Liebman;-;-;-;-;-;-;43;16;3,4,4,8,6,4,4,6,4,2,1,2,2,2,2,3;111,1011,1111,11010011,100001,1001,1011,111011,1011,11,1,01,11,11,11,111
2284;line;-;UP;John Coltrane;-;-;-;-;-;-;10;5;2,2,2,2,2;11,11,11,11,11
2285;line;-;UP;Charlie Parker;-;-;-;-;-;-;21;11;2,2,3,2,2,2,3,2,4,2,3;11,11,011,11,11,01,011,11,0110,11,011
2286;line;-;MEDIUM;J.J. Johnson;-;-;-;-;-;-;26;11;1,4,4,4,8,5,4,4,6,1,3;1,1001,1001,0001,10001011,01111,0001,1011,011110,1,111
2287;line;-;UP;David Liebman;-;-;-;-;-;-;36;18;2,3,3,3,3,3,2,2,1,2,4,2,3,1,1,1,2,4;11,111,111,111,011,111,11,01,1,01,0011,11,011,1,1,1,11,1111
2288;lick;-;UP;John Coltrane;-;-;-;-;-;-;7;5;3,1,2,2,1;011,1,01,11,1
2289;line;-;UP;Dizzy Gillespie;-;-;-;-;-;-;17;11;1,2,2,2,2,2,2,2,2,1,2;1,11,11,11,01,11,01,11,11,1,01
2290;line;-;MEDIUM UP;Milt Jackson;-;-;-;-;-;-;21;9;2,2,3,2,2,2,3,2,3;11,11,111,11,11,11,111,11,111
2291;line;-;UP;Joe Lovano;-;-;-;-;-;-;34;13;4,4,6,6,6,2,1,2,2,4,3,2,2;1001,0111,000001,111101,111111,11,1,11,11,1111,110,11,11
2292;line;-;MEDIUM UP;David Liebman;-;-;-;-;-;-;36;17;6,4,2,4,6,1,2,2,2,2,2,2,3,2,2,1,1;110111,0001,11,1100,111101,1,11,01,11,11,11,11,111,11,11,1,1
2293;lick;-;MEDIUM UP;Steve Lacy;-;-;-;-;-;-;13;6;2,4,4,6,3,2;11,0001,1001,011110,110,11
2294;lick;-;UP;Wynton Marsalis;-;-;-;-;-;-;12;8;2,2,2,2,2,2,1,1;11,01,11,01,11,11,1,1
2295;lick;-;MEDIUM;Dexter Gordon;-;-;-;-;-;-;12;5;3,3,3,3,1;111,111,111,011,1
2296;lick;-;UP;John Coltrane;-;-;-;-;-;-;4;2;2,3;11,011
2297;lick;-;MEDIUM;Branford Marsalis;-;-;-;-;-;-;6;3;2,2,4;11,11,1001
2298;lick;-;MEDIUM UP;Joe Henderson;-;-;-;-;-;-;8;3;4,2,2;1111,11,11
2299;line;-;UP;Joe Lovano;-;-;-;-;-;-;37;19;4,4,4,4,2,2,3,2,2,2,3,1,4,2,2,1,1,1,1;0110,0110,1111,0111,11,11,111,11,11,01,110,1,0111,11,11,1,1,1,1
2300;lick;-;UP;Red Garland;-;-;-;-;-;-;27;16;2,2,3,2,2,3,1,1,1,1,2,2,2,4,2,2;01,11,111,11,11,011,1,1,1,1,01,11,11,1101,11,01
2301;line;-;UP;Chris Potter;-;-;-;-;-;-;12;7;2,2,2,2,2,2,1;11,11,11,01,11,11,1
2302;line;-;MEDIUM;John Coltrane;-;-;-;-;-;-;15;4;4,4,4,4;1111,0111,1111,1111
2303;lick;-;UP;Bob Berg;-;-;-;-;-;-;6;3;2,2,3;11,01,111
2304;line;-;UP;Fats Navarro;-;-;-;-;-;-;33;16;4,2,2,2,2,2,2,2,2,4,2,3,2,4,3,2;1110,01,11,11,11,11,11,11,11,1101,01,111,11,1011,011,01
2305;lick;-;UP;Pat Metheny;-;-;-;-;-;-;19;13;1,2,1,2,2,1,1,4,1,1,2,4,2;1,01,1,11,11,1,1,0011,1,1,11,1101,01
2306;lick;-;MEDIUM;Freddie Hubbard;-;-;-;-;-;-;13;5;3,1,2,4,3;111,1,11,1111,111
2307;lick;-;MEDIUM UP;Cannonball Adderley;-;-;-;-;-;-;34;17;4,6,2,1,4,1,4,6,1,1,2,2,3,3,2,2,2;1001,010011,11,1,1001,1,1001,011111,1,1,01,11,111,111,11,11,01
2308;lick;-;UP;Joe Henderson;-;-;-;-;-;-;7;4;2,4,2,2;01,1001,11,11
2309;lick;-;UP;John Coltrane;-;-;-;-;-;-;3;2;2,1;11,1
2310;lick;-;UP;John Coltrane;-;-;-;-;-;-;27;14;2,1,2,4,4,2,2,3,2,4,3,3,4,2;01,1,11,0001,1110,11,11,011,01,1011,011,111,0111,01
2311;line;-;MEDIUM UP;John Coltrane;-;-;-;-;-;-;8;3;2,4,6;11,0001,011111
2312;line;-;MEDIUM UP;Kenny Wheeler;-;-;-;-;-;-;27;8;2,5,6,6,6,7,4,4;11,00111,010101,010101,010101,0111111,0111,1111
2313;line;-;UP;Clifford Brown;-;-;-;-;-;-;23;10;4,3,4,1,1,3,2,2,2,2;1111,111,1101,1,1,111,11,11,11,11
2314;line;-;MEDIUM;Wayne Shorter;-;-;-;-;-;-;13;5;3,3,2,1,4;111,111,11,1,1111
2315;lick;-;MEDIUM UP;Wayne Shorter;-;-;-;-;-;-;5;5;1,1,1,1,1;1,1,1,1,1
2316;lick;-;MEDIUM;Pat Metheny;-;-;-;-;-;-;9;3;3,4,4;110,0111,1111
2317;line;-;UP;Sonny Stitt;-;-;-;-;-;-;44;21;2,5,2,4,2,2,2,2,4,1,2,4,3,2,4,2,2,2,2,2,2;11,01111,11,0001,11,11,11,11,1001,1,11,1001,111,11,0111,11,11,11,11,11,11
2318;lick;-;UP;Sonny Rollins;-;-;-;-;-;-;20;12;1,4,2,4,5,2,2,2,2,4,4,2;1,1011,11,0001,10001,11,01,01,01,0011,1011,01
2319;lick;-;UP;Miles Davis;-;-;-;-;-;-;18;10;2,2,2,1,3,2,1,2,1,4;11,11,11,1,011,11,1,11,1,1011
2320;lick;-;MEDIUM;Branford Marsalis;-;-;-;-;-;-;19;9;3,3,2,4,6,2,3,2,1;110,110,11,1101,100011,11,110,11,1
2321;lick;-;MEDIUM UP;Woody Shaw;-;-;-;-;-;-;13;6;4,6,4,2,2,2;1001,011100,1111,11,01,01
2322;lick;-;UP;Dexter Gordon;-;-;-;-;-;-;15;7;3,2,1,2,4,2,4;111,11,1,11,1011,11,1100
2323;lick;-;UP;David Liebman;-;-;-;-;-;-;54;38;1,4,3,2,2,2,4,2,2,2,2,2,4,1,1,1,2,2,1,1,1,2,2,2,1,2,4,2,2,2,2,3,2,1,2,2,2,1;1,1001,011,11,11,01,0001,11,01,01,01,11,0001,1,1,1,01,11,1,1,1,01,01,11,1,11,1101,01,11,01,11,011,01,1,11,01,11,1
2324;line;-;MEDIUM;Curtis Fuller;-;-;-;-;-;-;26;10;5,6,6,2,4,4,2,4,6,2;10111,011001,000001,01,1111,1101,11,1011,100011,11
2325;line;-;UP;Fats Navarro;-;-;-;-;-;-;21;9;2,2,3,1,4,6,2,2,2;11,11,111,1,1111,011011,11,01,11
2326;line;-;UP;Lee Konitz;-;-;-;-;-;-;25;13;2,2,2,2,3,2,2,2,2,2,2,2,2;11,11,01,11,011,11,11,11,11,11,11,11,11
2327;line;-;UP;Sonny Rollins;-;-;-;-;-;-;70;36;2,1,2,4,2,2,2,2,2,2,2,2,1,2,2,2,2,2,2,2,2,4,2,4,4,4,2,2,2,2,2,4,2,2,2,2;11,1,11,0001,11,11,11,11,01,11,11,11,1,11,11,11,11,11,11,11,01,1011,11,1101,1101,0001,11,11,11,11,01,1111,11,11,11,11
2328;lick;-;UP;Joe Henderson;-;-;-;-;-;-;3;2;4,2;0001,11
2329;lick;-;MEDIUM UP;Bob Berg;-;-;-;-;-;-;6;3;2,4,2;11,1100,11
2330;lick;-;UP;Art Pepper;-;-;-;-;-;-;6;3;2,2,4;11,11,0011
2331;lick;-;MEDIUM UP;Hank Mobley;-;-;-;-;-;-;18;7;2,4,2,7,4,2,2;01,1101,11,1001111,0111,11,11
2332;line;-;MEDIUM;Steve Coleman;-;-;-;-;-;-;31;10;4,6,4,4,4,4,6,2,1,1,6;1101,011011,1111,1111,0110,1110,011011,11,1,0,011011
2333;line;-;UP;Charlie Parker;-;-;-;-;-;-;10;4;4,3,4,3;1011,011,1001,111
2334;line;-;UP;Miles Davis;-;-;-;-;-;-;29;15;2,2,3,2,2,4,4,3,2,4,4,2,1,2,1;11,11,111,11,01,1001,0011,011,01,1011,1011,11,1,11,1
2335;lick;-;UP;John Coltrane;-;-;-;-;-;-;9;5;2,2,3,2,2;11,01,011,11,11
2336;line;-;UP;Sonny Rollins;-;-;-;-;-;-;9;5;3,2,2,2,2;011,11,01,11,11
2337;line;-;UP;John Coltrane;-;-;-;-;-;-;44;22;2,4,2,3,2,2,1,4,3,2,2,2,2,2,2,1,2,2,2,2,2,2;11,1111,11,111,11,01,1,1111,011,11,01,11,11,11,11,1,11,01,11,11,11,11
2338;lick;-;UP;Wayne Shorter;-;-;-;-;-;-;7;6;1,1,1,2,2,1;1,1,1,01,11,1
2339;lick;-;UP;Chris Potter;-;-;-;-;-;-;11;6;1,2,6,3,2,1;1,01,110011,011,11,1
2340;line;-;UP;John Coltrane;-;-;-;-;-;-;11;5;2,2,3,2,2;11,11,111,11,11
2341;line;-;UP;John Coltrane;-;-;-;-;-;-;8;4;2,3,2,2;11,111,11,01
2342;lick;-;MEDIUM UP;Woody Shaw;-;-;-;-;-;-;16;6;4,4,4,3,1,4;1110,1110,0011,111,1,1111
2343;lick;-;MEDIUM;Miles Davis;-;-;-;-;-;-;11;6;6,4,2,1,1,3;101001,1001,11,1,1,011
2344;lick;-;UP;John Coltrane;-;-;-;-;-;-;3;2;2,1;11,1
2345;line;-;MEDIUM UP;Clifford Brown;-;-;-;-;-;-;41;18;4,2,2,2,2,2,2,3,1,4,6,2,2,2,2,2,2,2;1111,11,11,11,11,11,11,011,1,1101,101111,11,11,11,11,11,11,11
2346;line;-;UP;Joe Lovano;-;-;-;-;-;-;28;15;2,2,3,4,4,2,2,2,2,2,2,3,4,1,4;11,11,011,0001,1100,11,11,11,11,11,11,011,1011,1,0001
2347;line;-;MEDIUM UP;John Coltrane;-;-;-;-;-;-;25;9;4,4,2,2,2,3,4,6,5;1101,1011,01,01,11,111,1101,101111,01111
2348;line;-;MEDIUM;Don Ellis;-;-;-;-;-;-;38;20;4,4,2,2,3,2,2,6,2,6,2,2,4,2,4,3,4,2,4,2;1011,0001,11,11,110,01,01,001001,11,000001,11,11,1001,01,1011,110,0011,11,1011,11
2349;line;-;MEDIUM UP;Steve Lacy;-;-;-;-;-;-;39;19;2,4,2,2,2,2,4,1,2,6,2,2,2,2,2,2,2,2,2;11,0111,11,11,11,11,0111,1,11,001001,11,11,11,11,11,11,11,11,11
2350;line;-;UP;Fats Navarro;-;-;-;-;-;-;42;17;1,4,2,4,2,4,2,2,4,3,2,2,4,3,2,2,2;1,1111,11,0111,11,1111,11,11,1101,111,11,11,1111,011,11,11,11
2351;lick;-;UP;Michael Brecker;-;-;-;-;-;-;57;38;2,2,3,2,2,1,3,4,3,4,2,1,1,2,4,1,1,2,2,2,2,1,4,2,1,2,1,1,3,2,4,2,3,4,1,2,1,2;11,11,011,01,01,1,111,0001,011,1001,11,1,1,11,0001,1,1,01,11,01,01,1,0111,01,1,11,1,1,011,01,1001,01,011,1001,1,11,1,11
2352;lick;-;UP;Phil Woods;-;-;-;-;-;-;27;15;2,2,1,2,2,2,1,2,3,4,4,3,4,1,4;01,11,1,11,11,11,1,11,111,1001,1011,011,0001,1,1001
2353;line;-;UP;Michael Brecker;-;-;-;-;-;-;28;14;1,2,2,2,3,4,1,6,4,3,3,3,1,2;1,01,11,11,110,0111,1,000011,1111,011,111,011,1,11
2354;lick;-;MEDIUM UP;Paul Desmond;-;-;-;-;-;-;16;12;1,1,1,1,2,2,1,1,2,2,1,1;1,1,1,1,11,11,1,1,11,11,1,1
2355;lick;-;MEDIUM UP;Art Pepper;-;-;-;-;-;-;12;7;2,1,1,2,2,2,2;11,1,1,11,11,11,11
2356;lick;-;MEDIUM;John Coltrane;-;-;-;-;-;-;20;6;4,4,6,4,4,1;1100,1111,111111,0111,1111,1
2357;lick;-;MEDIUM SLOW;Hank Mobley;-;-;-;-;-;-;16;7;6,2,1,5,1,4,4;100101,11,1,00111,1,1110,0111
2358;lick;-;MEDIUM;Woody Shaw;-;-;-;-;-;-;4;3;2,1,4;11,1,0001
2359;lick;-;MEDIUM;Eric Dolphy;-;-;-;-;-;-;27;11;2,2,2,2,2,3,4,2,3,4,6;11,01,01,11,01,011,1111,11,111,1111,111110
2360;line;-;MEDIUM UP;David Liebman;-;-;-;-;-;-;15;5;3,4,3,4,4;111,1111,111,0110,1011
2361;lick;-;UP;Steve Turre;-;-;-;-;-;-;2;2;1,1;1,1
2362;lick;-;MEDIUM;Branford Marsalis;-;-;-;-;-;-;14;9;3,2,2,4,2,2,4,1,1;110,11,11,0001,11,01,1001,1,1
2363;lick;-;MEDIUM;Kenny Wheeler;-;-;-;-;-;-;10;4;4,3,4,3;1110,111,0001,111
2364;line;-;MEDIUM UP;Charlie Parker;-;-;-;-;-;-;23;12;2,3,2,1,2,2,1,2,2,2,2,2;11,111,11,1,11,11,1,11,11,11,11,11
2365;lick;-;MEDIUM UP;John Coltrane;-;-;-;-;-;-;11;5;2,4,4,3,2;01,1101,0111,111,01
2366;line;-;UP;Herbie Hancock;-;-;-;-;-;-;13;7;2,1,2,4,2,4,2;11,1,11,1101,11,0001,11
2367;line;-;MEDIUM;Lee Konitz;-;-;-;-;-;-;26;12;6,1,2,2,2,2,4,4,2,2,2,1;001111,1,11,11,11,11,1101,0111,11,11,11,1
2368;lick;-;MEDIUM;Eric Dolphy;-;-;-;-;-;-;22;11;1,4,2,2,2,6,2,4,4,8,4;1,1011,01,01,01,000111,01,0001,1011,11101001,0011
2369;lick;-;UP;Michael Brecker;-;-;-;-;-;-;7;5;2,2,2,2,2;01,11,11,01,01
2370;lick;-;UP;John Coltrane;-;-;-;-;-;-;5;3;4,2,4;1011,01,0001
2371;lick;-;UP;John Coltrane;-;-;-;-;-;-;13;8;1,1,2,3,2,2,2,1;1,1,01,111,11,11,11,1
2372;lick;-;MEDIUM;Miles Davis;-;-;-;-;-;-;5;3;2,2,1;11,11,1
2373;lick;-;MEDIUM UP;Clifford Brown;-;-;-;-;-;-;10;5;3,1,1,4,2;111,1,1,1110,11
2374;lick;-;MEDIUM;Wayne Shorter;-;-;-;-;-;-;18;7;2,2,3,6,4,4,4;01,11,110,010111,1100,1011,1111
2375;line;-;MEDIUM UP;John Coltrane;-;-;-;-;-;-;16;6;4,6,6,4,6,4;1100,000001,100001,1111,011101,1011
2376;lick;-;UP;Wynton Marsalis;-;-;-;-;-;-;6;5;2,1,4,1,1;01,1,1001,1,1
2377;line;-;UP;Herbie Hancock;-;-;-;-;-;-;45;27;2,2,2,2,2,2,2,2,2,3,3,3,1,1,2,3,2,3,1,2,3,4,2,1,2,2,1;01,11,01,11,11,11,11,11,11,011,011,011,1,1,11,011,11,110,1,11,011,0001,11,1,01,11,1
2378;line;-;UP;Michael Brecker;-;-;-;-;-;-;26;13;4,4,3,2,2,2,1,4,2,2,2,2,2;1111,0001,011,11,11,11,1,1101,11,01,11,11,11
2379;line;-;UP;Bob Berg;-;-;-;-;-;-;21;12;3,2,2,2,2,2,2,2,1,1,2,2;110,11,11,11,01,11,11,11,1,1,11,11
2380;line;-;UP;Miles Davis;-;-;-;-;-;-;9;6;2,1,1,2,2,1;11,1,1,11,11,1
2381;lick;-;MEDIUM UP;Cannonball Adderley;-;-;-;-;-;-;3;2;4,1;1001,1
2382;line;-;MEDIUM UP;Lee Konitz;-;-;-;-;-;-;22;7;3,3,3,4,5,4,1;111,111,111,0111,11111,1111,1
2383;lick;-;MEDIUM UP;Dizzy Gillespie;-;-;-;-;-;-;30;18;1,4,2,2,1,1,4,2,2,4,2,2,2,2,2,2,1,4;1,1101,11,11,1,1,1001,11,11,0001,11,11,01,11,11,11,1,0001
2384;lick;-;UP;Gerry Mulligan;-;-;-;-;-;-;6;3;2,2,2;11,11,11
2385;lick;-;UP;Steve Turre;-;-;-;-;-;-;5;3;1,2,2;1,11,11
2386;lick;-;MEDIUM;Miles Davis;-;-;-;-;-;-;13;8;2,2,2,2,1,1,3,1;11,11,11,11,1,1,011,1
2387;lick;-;MEDIUM UP;Don Ellis;-;-;-;-;-;-;17;10;2,4,1,1,1,3,1,3,4,4;11,0001,1,1,1,111,1,110,1011,1001
2388;lick;-;UP;Gerry Mulligan;-;-;-;-;-;-;39;25;2,4,2,2,2,1,1,4,1,1,1,1,2,2,1,1,1,2,1,1,3,2,2,2,2;11,1100,11,11,11,1,1,1001,1,1,1,1,01,11,1,1,1,11,1,1,111,11,11,11,11
2389;lick;-;UP;Dexter Gordon;-;-;-;-;-;-;36;20;1,3,2,2,2,1,1,4,2,2,2,3,2,3,2,3,2,4,1,2;1,011,11,11,11,1,1,1100,01,11,11,111,11,011,11,011,11,1100,1,11
2390;lick;-;UP;Stan Getz;-;-;-;-;-;-;9;4;4,2,2,2;1011,11,11,11
2391;line;-;MEDIUM;Gerry Mulligan;-;-;-;-;-;-;19;11;4,1,2,6,2,1,4,4,2,2,2;1100,1,01,010001,11,1,1001,1100,11,11,11
2392;line;-;UP;John Coltrane;-;-;-;-;-;-;36;18;3,3,3,2,3,2,2,2,3,2,2,1,1,2,2,2,2,1;111,011,011,11,111,11,11,11,111,11,11,1,1,11,11,11,11,1
2393;line;-;UP;John Coltrane;-;-;-;-;-;-;20;11;2,3,2,3,6,4,1,2,2,4,1;11,011,11,011,100001,0001,1,11,11,1101,1
2394;line;-;UP;Joe Henderson;-;-;-;-;-;-;3;2;1,2;1,11
2395;lick;-;UP;Michael Brecker;-;-;-;-;-;-;45;27;2,2,2,4,2,3,2,2,2,2,4,3,2,2,2,2,1,2,2,2,4,4,2,2,4,2,1;01,11,01,0001,01,011,01,11,11,01,0011,110,01,01,01,11,1,11,01,01,1111,1111,11,11,0011,11,1
2396;lick;-;UP;Pat Metheny;-;-;-;-;-;-;15;12;1,1,1,2,2,2,2,1,2,2,2,1;1,1,1,01,01,01,11,1,11,11,01,1
2397;line;-;UP;Dexter Gordon;-;-;-;-;-;-;27;13;4,4,2,2,2,1,2,2,2,4,1,3,2;1111,1001,11,11,11,1,11,11,11,1001,1,111,11
2398;line;-;MEDIUM UP;Joe Henderson;-;-;-;-;-;-;31;9;3,4,4,6,4,4,6,6,4;011,1011,1111,111011,1111,0111,111101,010111,0001
2399;lick;-;UP;Steve Turre;-;-;-;-;-;-;6;6;1,1,1,1,1,1;1,1,1,1,1,1
2400;line;-;MEDIUM;John Coltrane;-;-;-;-;-;-;46;11;4,8,7,6,7,4,8,4,4,4,4;1111,10110111,1111111,000001,1101111,1111,01111100,1111,1011,1100,1111
2401;lick;-;UP;J.J. Johnson;-;-;-;-;-;-;14;7;4,2,4,4,3,4,2;0011,11,1001,1011,011,1100,01
2402;lick;-;MEDIUM;Joe Henderson;-;-;-;-;-;-;7;2;4,3;1111,111
2403;lick;-;UP;Hank Mobley;-;-;-;-;-;-;22;14;1,2,2,2,4,2,3,4,2,4,2,2,2,2;1,01,01,11,0011,01,111,0001,01,0011,11,11,11,01
2404;lick;-;UP;Clifford Brown;-;-;-;-;-;-;16;10;2,1,1,1,1,2,2,2,2,2;11,1,1,1,1,11,11,11,11,11
2405;lick;-;UP;David Liebman;-;-;-;-;-;-;6;3;1,4,2;1,1111,01
2406;line;-;MEDIUM SLOW;Michael Brecker;-;-;-;-;-;-;45;11;6,10,8,6,1,4,6,3,6,6,1;011110,1111111110,00011111,111011,1,1111,000011,111,111110,111111,1
2407;lick;-;MEDIUM UP;Clifford Brown;-;-;-;-;-;-;17;5;5,4,3,4,2;11111,1111,110,1111,11
2408;lick;-;MEDIUM UP;John Coltrane;-;-;-;-;-;-;9;5;1,3,4,2,1;1,111,0011,11,1
2409;line;-;UP;Art Pepper;-;-;-;-;-;-;9;4;2,3,2,2;11,111,11,11
2410;lick;-;UP;Michael Brecker;-;-;-;-;-;-;4;3;2,2,1;11,01,1
2411;lick;-;MEDIUM UP;Art Pepper;-;-;-;-;-;-;4;3;2,2,2;01,01,11
2412;lick;-;UP;Michael Brecker;-;-;-;-;-;-;17;12;2,2,1,3,2,2,4,2,1,1,2,2;11,01,1,011,01,01,0011,11,1,1,11,01
2413;lick;-;UP;Charlie Parker;-;-;-;-;-;-;6;6;1,1,1,1,1,1;1,1,1,1,1,1
2414;line;-;UP;David Liebman;-;-;-;-;-;-;82;41;2,1,2,2,1,1,2,2,2,2,2,2,2,4,2,2,2,2,2,2,2,2,2,4,2,2,4,3,4,4,4,2,2,2,1,4,2,2,1,2,1;11,1,01,11,1,1,11,11,11,11,11,01,11,1001,11,11,01,11,11,11,11,11,11,1111,11,11,1111,111,0111,1011,1111,11,11,01,1,0111,11,11,1,11,1
2415;line;-;UP;Bob Berg;-;-;-;-;-;-;31;16;1,3,4,4,2,2,4,2,2,2,1,1,2,2,2,2;1,111,0011,0111,11,11,1011,11,11,11,1,1,11,11,01,11
2416;lick;-;UP;Chet Baker;-;-;-;-;-;-;33;25;2,1,2,2,2,1,2,1,1,2,1,4,1,2,1,1,1,1,2,2,2,1,4,2,1;11,1,11,01,01,1,11,1,1,01,1,0011,1,11,1,1,1,1,01,11,01,1,1001,11,1
2417;lick;-;UP;John Coltrane;-;-;-;-;-;-;1;1;4;0001
2418;lick;-;UP;J.J. Johnson;-;-;-;-;-;-;17;13;1,3,2,2,1,1,2,1,2,2,4,2,2;1,011,11,01,1,1,01,1,11,01,0001,11,01
2419;line;-;MEDIUM;Lee Morgan;-;-;-;-;-;-;52;18;4,4,4,4,5,4,5,4,2,2,3,3,2,3,2,6,3,4;1111,1101,1101,0110,11111,1100,11111,0111,11,11,111,011,11,011,11,001011,111,1111
2420;lick;-;MEDIUM UP;Sonny Rollins;-;-;-;-;-;-;6;5;1,2,1,1,1;1,11,1,1,1
2421;line;-;UP;John Coltrane;-;-;-;-;-;-;2;1;3;011
2422;lick;-;UP;John Coltrane;-;-;-;-;-;-;2;1;4;1100
2423;lick;-;MEDIUM;Dizzy Gillespie;-;-;-;-;-;-;17;10;1,1,1,4,1,1,1,4,2,4;1,1,1,0111,1,1,1,1111,11,1001
2424;lick;-;MEDIUM UP;Joe Henderson;-;-;-;-;-;-;3;2;2,2;11,01
2425;line;-;MEDIUM;Don Ellis;-;-;-;-;-;-;10;6;4,4,4,3,4,2;0111,1001,0001,110,0001,01
2426;lick;-;UP;Joe Henderson;-;-;-;-;-;-;10;5;1,4,2,4,1;1,1111,11,1001,1
2427;line;-;UP;Lee Konitz;-;-;-;-;-;-;33;18;4,2,2,2,2,2,2,3,1,2,2,2,2,2,2,2,2,1;1001,11,11,11,11,11,11,111,1,11,11,01,11,11,11,01,11,1
2428;line;-;UP;John Coltrane;-;-;-;-;-;-;48;26;4,1,3,2,4,2,2,4,2,4,4,2,2,3,2,2,2,1,1,1,2,2,2,2,1,1;0011,1,011,11,1011,11,11,1101,11,0110,1001,11,11,111,11,11,11,1,1,1,11,11,01,11,1,1
2429;line;-;MEDIUM UP;Kenny Dorham;-;-;-;-;-;-;23;10;2,4,6,4,2,2,2,2,2,2;01,1111,011110,0011,11,11,11,11,11,11
2430;lick;-;MEDIUM;Bob Berg;-;-;-;-;-;-;3;1;6;001011
2431;lick;-;UP;Herbie Hancock;-;-;-;-;-;-;16;12;4,1,2,2,2,2,1,1,2,1,1,1;0001,1,11,01,11,11,1,1,11,1,1,1
2432;lick;-;MEDIUM;Miles Davis;-;-;-;-;-;-;5;3;2,2,5;01,11,01001
2433;lick;-;MEDIUM UP;Milt Jackson;-;-;-;-;-;-;10;4;4,2,3,2;1011,11,111,11
2434;lick;-;UP;John Coltrane;-;-;-;-;-;-;11;5;2,2,2,4,3;11,11,11,1011,011
2435;line;-;UP;Eric Dolphy;-;-;-;-;-;-;101;39;2,4,4,4,4,3,2,1,4,4,3,4,4,1,2,4,2,4,2,4,4,3,3,5,2,4,2,2,2,3,4,4,1,3,5,2,2,4,4;01,1011,1110,1111,0111,011,01,1,1111,0011,111,1111,1011,1,11,1001,11,1111,01,1111,1011,111,011,11111,11,1111,11,01,11,111,1110,1011,1,111,11111,11,11,0011,1011
2436;lick;-;MEDIUM SLOW;Steve Coleman;-;-;-;-;-;-;15;4;4,8,4,4;1011,01010101,1111,1111
2437;lick;-;UP;Herbie Hancock;-;-;-;-;-;-;8;7;1,2,1,2,1,2,2;1,01,1,01,1,01,11
2438;lick;-;MEDIUM SLOW;Hank Mobley;-;-;-;-;-;-;6;3;1,4,10;1,0001,0100010011
2439;line;-;UP;Fats Navarro;-;-;-;-;-;-;19;9;2,1,3,3,2,4,2,2,2;11,1,111,111,11,0111,01,11,11
2440;lick;-;MEDIUM UP;David Liebman;-;-;-;-;-;-;7;2;6,4;111100,1011
2441;line;-;UP;David Liebman;-;-;-;-;-;-;31;15;1,1,4,2,2,4,3,4,4,1,2,2,3,4,3;1,1,1001,11,11,1011,111,1111,1110,1,01,11,011,0001,111
2442;lick;-;MEDIUM;Wayne Shorter;-;-;-;-;-;-;2;2;1,2;1,01
2443;lick;-;MEDIUM SLOW;Pepper Adams;-;-;-;-;-;-;37;13;4,4,4,2,2,2,2,4,3,4,4,4,4;1100,1111,0110,11,11,11,01,1111,111,1111,1111,0111,1111
2444;lick;-;MEDIUM UP;Wayne Shorter;-;-;-;-;-;-;10;3;4,6,3;1111,100011,111
2445;lick;-;UP;Dizzy Gillespie;-;-;-;-;-;-;8;4;4,1,1,3;0111,1,1,111
2446;lick;-;MEDIUM;Freddie Hubbard;-;-;-;-;-;-;20;8;8,7,4,2,2,4,2,2;00100101,1111111,0011,11,11,0001,01,11
2447;line;-;MEDIUM UP;John Coltrane;-;-;-;-;-;-;13;4;7,4,3,4;0001111,0111,111,1011
2448;lick;-;MEDIUM UP;Art Pepper;-;-;-;-;-;-;9;4;2,6,2,4;11,010011,11,1001
2449;lick;-;MEDIUM UP;Cannonball Adderley;-;-;-;-;-;-;4;3;1,1,4;1,1,1001
2450;line;-;UP;Bob Berg;-;-;-;-;-;-;49;23;2,2,4,6,4,2,2,1,4,2,2,2,3,2,4,1,1,1,2,4,4,4,4;11,11,1011,101110,1011,11,11,1,0001,11,11,11,011,11,1101,1,1,1,11,0111,1011,1011,0110
2451;lick;-;UP;Miles Davis;-;-;-;-;-;-;9;8;1,1,2,1,1,2,4,1;1,1,01,1,1,11,0001,1
2452;line;-;UP;Art Pepper;-;-;-;-;-;-;28;17;4,4,2,1,1,2,2,1,2,2,2,1,2,2,4,2,2;1110,0111,01,1,1,11,11,1,11,01,11,1,01,01,1001,11,11
2453;line;-;UP;Art Pepper;-;-;-;-;-;-;25;14;4,2,2,3,2,2,2,2,4,2,3,4,2,2;0001,11,11,111,01,11,11,11,1001,01,111,0001,01,11
2454;lick;-;MEDIUM;Pepper Adams;-;-;-;-;-;-;7;2;4,4;0111,1111
2455;line;-;MEDIUM;Steve Coleman;-;-;-;-;-;-;9;6;2,1,1,4,1,4;11,1,0,0110,0,1111
2456;line;-;UP;Charlie Parker;-;-;-;-;-;-;21;12;2,4,2,2,2,4,2,2,4,2,2,2;11,0001,11,01,01,1001,11,11,1011,11,11,01
2457;lick;-;MEDIUM SLOW;Dexter Gordon;-;-;-;-;-;-;17;5;4,4,4,4,4;1111,1100,1111,1111,1110
2458;lick;-;MEDIUM;Paul Desmond;-;-;-;-;-;-;10;6;4,1,4,1,1,1;0011,1,1111,1,1,1
2459;line;-;MEDIUM;Dexter Gordon;-;-;-;-;-;-;24;9;2,2,2,2,4,6,4,3,8;11,11,11,01,1110,110111,1111,110,01001001
2460;lick;-;MEDIUM SLOW;Michael Brecker;-;-;-;-;-;-;8;3;3,3,3;111,011,111
2461;line;-;UP;Chris Potter;-;-;-;-;-;-;39;22;2,2,2,2,2,2,4,3,1,2,1,1,4,2,2,4,4,2,1,2,2,2;11,11,11,11,11,11,1001,011,1,01,1,1,1101,11,11,0110,0011,01,1,11,11,11
2462;line;-;MEDIUM;Bob Berg;-;-;-;-;-;-;30;9;2,4,2,4,4,4,5,4,4;11,1001,11,1111,1111,1111,11011,1111,1111
2463;lick;-;UP;Joe Henderson;-;-;-;-;-;-;29;18;2,4,1,4,1,4,2,2,1,4,1,3,1,2,4,2,2,2;11,0001,1,0011,1,1011,11,01,1,1001,1,011,1,11,0011,11,01,11
2464;line;-;MEDIUM;Pat Metheny;-;-;-;-;-;-;38;12;4,4,4,2,4,4,4,4,4,4,6,3;0111,1011,1011,01,0111,1111,1111,1011,1111,0111,010111,111
2465;lick;-;UP;David Liebman;-;-;-;-;-;-;14;7;4,4,6,1,4,2,1;1011,1011,010111,1,0001,01,1
2466;line;-;UP;Miles Davis;-;-;-;-;-;-;29;17;2,2,1,4,2,4,1,1,2,2,3,2,2,1,3,2,3;11,11,1,1110,11,0001,1,1,11,01,111,11,11,1,011,01,011
2467;line;-;UP;Art Pepper;-;-;-;-;-;-;12;4;4,6,4,3;1101,101011,1101,011
2468;lick;-;UP;Miles Davis;-;-;-;-;-;-;10;6;1,1,1,2,3,2;1,1,1,11,111,11
2469;line;-;MEDIUM;Bob Berg;-;-;-;-;-;-;39;13;6,2,4,4,2,6,1,2,4,4,4,4,6;110111,11,1111,1111,01,111110,1,11,0111,1111,0001,0111,011011
2470;line;-;UP;John Coltrane;-;-;-;-;-;-;13;5;1,4,6,4,2;1,1101,011011,0111,11
2471;line;-;UP;John Coltrane;-;-;-;-;-;-;14;7;2,2,2,2,4,4,2;11,11,01,11,1101,0111,01
2472;line;-;UP;Herbie Hancock;-;-;-;-;-;-;16;10;1,1,4,2,2,1,4,2,4,4;1,1,1001,11,01,1,0001,01,1110,1011
2473;lick;-;MEDIUM UP;Freddie Hubbard;-;-;-;-;-;-;5;4;2,1,1,1;11,1,1,1
2474;lick;-;MEDIUM;Dexter Gordon;-;-;-;-;-;-;8;5;2,1,1,3,2;11,1,1,011,11
2475;line;-;MEDIUM UP;Wayne Shorter;-;-;-;-;-;-;33;10;6,6,2,2,4,5,4,6,6,1;110111,011011,11,11,1111,11111,1101,011011,111000,1
2476;lick;-;UP;Joe Lovano;-;-;-;-;-;-;25;16;4,2,2,4,2,2,3,1,1,1,1,1,4,1,4,2;0111,01,11,0001,11,11,011,1,1,1,1,1,1001,1,0011,11
2477;lick;-;UP;John Coltrane;-;-;-;-;-;-;6;3;2,2,2;11,11,11
2478;lick;-;MEDIUM UP;Wayne Shorter;-;-;-;-;-;-;15;6;6,2,3,3,4,4;101101,01,111,111,0111,0001
2479;lick;-;MEDIUM SLOW;Steve Lacy;-;-;-;-;-;-;14;7;2,1,4,6,4,3,2;01,1,0011,101011,0011,111,01
2480;line;-;UP;Kenny Dorham;-;-;-;-;-;-;16;8;3,2,4,2,2,2,2,2;011,01,1011,11,11,11,11,11
2481;lick;-;MEDIUM UP;Clifford Brown;-;-;-;-;-;-;10;4;4,4,3,2;1011,1110,011,11
2482;line;-;MEDIUM UP;Joe Henderson;-;-;-;-;-;-;6;2;6,6;101011,000011
2483;lick;-;UP;John Coltrane;-;-;-;-;-;-;5;3;2,4,4;01,1100,1001
2484;line;-;MEDIUM UP;John Coltrane;-;-;-;-;-;-;6;3;2,2,2;11,11,11
2485;line;-;UP;Stan Getz;-;-;-;-;-;-;49;25;2,2,2,2,3,2,2,2,2,2,2,2,3,2,2,2,4,2,2,2,2,3,4,3,2;01,11,01,11,110,11,11,11,11,11,11,11,110,01,01,11,1011,11,11,11,01,111,1011,111,11
2486;line;-;MEDIUM;John Coltrane;-;-;-;-;-;-;15;3;6,6,6;010111,111101,111111
2487;lick;-;MEDIUM;Dexter Gordon;-;-;-;-;-;-;11;5;4,8,2,2,2;1100,00001111,01,11,11
2488;line;-;UP;Bob Berg;-;-;-;-;-;-;18;9;4,2,2,2,2,1,2,2,2;1110,11,11,11,11,1,11,11,11
2489;lick;-;UP;John Coltrane;-;-;-;-;-;-;8;5;2,1,2,2,2;01,1,11,11,11
2490;lick;-;MEDIUM UP;Art Pepper;-;-;-;-;-;-;7;4;2,2,2,1;11,11,11,1
2491;line;-;MEDIUM SLOW;Steve Coleman;-;-;-;-;-;-;31;10;4,2,4,4,4,1,4,6,3,4;1111,11,1111,1111,1110,1,1111,011001,110,1111
2492;line;-;UP;Joshua Redman;-;-;-;-;-;-;26;15;3,3,4,4,1,2,3,6,2,2,2,2,2,2,2;011,111,1001,1100,1,11,011,000001,01,11,01,11,01,11,11
2493;line;-;UP;Stan Getz;-;-;-;-;-;-;30;16;1,3,2,2,2,2,2,2,2,2,2,2,1,2,2,2;1,011,11,11,11,11,11,11,11,11,11,11,1,11,11,11
2494;lick;-;UP;Stan Getz;-;-;-;-;-;-;13;8;2,2,4,2,2,2,3,2;01,01,1001,01,11,11,111,01
2495;line;-;UP;Steve Lacy;-;-;-;-;-;-;10;5;3,2,2,2,2;110,11,11,11,11
2496;line;-;MEDIUM UP;Bob Berg;-;-;-;-;-;-;41;13;2,2,4,4,4,4,6,4,4,3,4,4,4;01,11,1111,1111,1111,0111,010111,0111,0001,111,1111,1111,1111
2497;lick;-;UP;Art Pepper;-;-;-;-;-;-;7;5;2,2,4,1,4;01,01,1001,1,0011
2498;line;-;UP;Kenny Dorham;-;-;-;-;-;-;52;24;2,2,4,4,2,2,2,2,6,4,2,6,2,3,4,4,2,2,2,2,2,2,2,4;01,01,1011,1011,11,11,11,11,010111,0001,01,101011,11,111,0111,0111,11,11,11,11,01,01,11,1110
2499;line;-;MEDIUM;Kenny Dorham;-;-;-;-;-;-;24;10;3,8,2,2,6,2,6,6,4,2;110,01101001,11,01,100111,11,000101,001111,1001,01
2500;lick;-;MEDIUM UP;Miles Davis;-;-;-;-;-;-;7;4;3,4,2,5;110,0001,11,01001
2501;lick;-;MEDIUM UP;Milt Jackson;-;-;-;-;-;-;23;12;2,2,2,2,2,2,2,2,2,3,2,2;11,01,11,11,11,11,11,11,11,111,01,11
2502;line;-;MEDIUM UP;John Coltrane;-;-;-;-;-;-;13;5;1,4,4,5,5;1,0111,0001,00111,11111
2503;lick;-;MEDIUM UP;Charlie Parker;-;-;-;-;-;-;16;8;2,2,4,2,2,1,4,2;11,11,1100,11,11,1,0111,11
2504;lick;-;UP;John Coltrane;-;-;-;-;-;-;13;6;2,2,4,3,2,1;11,11,0111,111,11,1
2505;line;-;MEDIUM SLOW;Joe Lovano;-;-;-;-;-;-;46;12;6,3,2,4,4,8,8,6,4,4,3,2;110111,111,11,1101,1011,01011111,11111011,111110,1111,1111,111,01
2506;line;-;UP;John Coltrane;-;-;-;-;-;-;43;20;3,2,3,2,2,4,4,4,3,1,2,4,2,2,1,1,2,2,3,4;011,11,111,11,11,1011,0011,1111,011,1,11,1011,11,11,1,1,01,11,011,1111
2507;lick;-;MEDIUM UP;Wayne Shorter;-;-;-;-;-;-;6;3;2,4,4;01,1100,0111
2508;lick;-;MEDIUM UP;Woody Shaw;-;-;-;-;-;-;8;6;2,2,2,2,2,1;01,11,01,11,01,1
2509;line;-;MEDIUM;Bob Berg;-;-;-;-;-;-;31;10;2,2,6,4,4,4,2,4,4,4;01,01,111111,1111,1111,0111,11,1111,0111,0111
2510;lick;-;MEDIUM;Woody Shaw;-;-;-;-;-;-;20;10;4,1,6,4,4,4,2,2,2,4;1100,1,100001,1111,0001,0011,11,11,11,1001
2511;lick;-;MEDIUM UP;Paul Desmond;-;-;-;-;-;-;16;10;1,2,2,2,4,6,6,2,2,2;1,01,11,01,1001,010001,000001,11,11,11
2512;lick;-;MEDIUM UP;Joe Henderson;-;-;-;-;-;-;7;3;4,4,4;1111,0001,1001
2513;line;-;UP;John Coltrane;-;-;-;-;-;-;26;10;2,2,4,2,3,3,2,3,6,2;11,01,1011,11,111,111,11,111,101111,11
2514;line;-;MEDIUM UP;Milt Jackson;-;-;-;-;-;-;41;22;1,2,2,2,4,2,2,1,4,2,2,2,2,2,2,2,2,4,2,3,1,3;1,01,11,11,1001,11,11,1,1001,11,11,11,11,11,11,11,01,0011,11,111,1,111
2515;lick;-;UP;Chris Potter;-;-;-;-;-;-;37;22;3,2,4,4,1,2,2,2,2,1,1,1,2,2,2,2,2,2,2,2,2,2;110,11,0001,1101,1,11,01,11,11,1,1,1,11,11,11,11,11,01,11,11,11,01
2516;lick;-;UP;Joe Lovano;-;-;-;-;-;-;8;4;2,2,2,3;11,11,01,111
2517;lick;-;MEDIUM;Miles Davis;-;-;-;-;-;-;10;5;2,2,2,3,6;11,11,11,011,001001
2518;lick;-;UP;Michael Brecker;-;-;-;-;-;-;12;9;2,2,2,2,2,1,2,2,2;01,01,01,01,11,1,01,11,11
2519;line;-;MEDIUM UP;John Coltrane;-;-;-;-;-;-;65;22;4,3,4,3,4,1,4,5,4,1,8,4,6,4,4,6,4,3,4,2,2,3;0001,111,1111,111,1111,1,0001,11111,1111,1,11111111,1111,010001,0111,0001,110111,0001,111,1111,11,11,111
2520;line;-;UP;Pat Metheny;-;-;-;-;-;-;29;18;2,2,2,3,1,2,1,2,2,2,2,3,1,1,2,2,2,2;11,11,11,011,1,11,1,01,01,11,11,011,1,1,11,11,01,11
2521;lick;-;MEDIUM UP;Curtis Fuller;-;-;-;-;-;-;7;4;2,2,2,2;01,11,11,11
2522;line;-;UP;Herbie Hancock;-;-;-;-;-;-;15;7;3,1,4,2,2,3,2;011,1,1101,11,11,111,11
2523;lick;-;UP;David Liebman;-;-;-;-;-;-;18;8;1,4,2,4,2,4,6,1;1,1101,11,1001,11,1001,111101,1
2524;lick;-;MEDIUM;Charlie Parker;-;-;-;-;-;-;10;4;1,3,8,4;1,111,10100101,0011
2525;line;-;MEDIUM;Dexter Gordon;-;-;-;-;-;-;12;4;4,3,8,1;1111,111,01100101,1
2526;line;-;UP;Chris Potter;-;-;-;-;-;-;52;27;1,2,1,2,2,2,2,1,2,2,2,4,2,2,2,2,3,2,2,2,2,3,2,3,2,2,4;1,11,1,11,11,11,01,1,01,11,11,1111,11,11,01,11,111,11,11,11,11,111,11,011,11,11,1001
2527;lick;-;MEDIUM UP;Cannonball Adderley;-;-;-;-;-;-;10;5;2,1,1,4,4;11,1,1,1111,1001
2528;line;-;MEDIUM;Joshua Redman;-;-;-;-;-;-;63;19;6,5,4,5,4,4,4,4,4,6,6,4,3,3,3,3,3,1,1;011011,11111,1111,10111,1101,1111,0111,1101,1111,101011,011011,1111,111,111,111,111,111,1,1
2529;lick;-;MEDIUM UP;Eric Dolphy;-;-;-;-;-;-;13;8;2,4,1,2,2,3,1,1;11,0011,1,01,11,111,1,1
2530;line;-;MEDIUM;Branford Marsalis;-;-;-;-;-;-;70;23;6,1,3,3,3,3,3,6,6,4,4,4,6,6,8,6,1,1,3,3,6,6,3;111101,1,011,111,111,011,111,011111,010011,1011,0011,1111,011011,000111,10000101,111110,1,1,011,011,010111,111111,111
2531;lick;-;UP;Steve Coleman;-;-;-;-;-;-;9;6;3,2,4,3,1,1;011,01,1100,011,1,1
2532;lick;-;MEDIUM;Steve Lacy;-;-;-;-;-;-;27;15;4,1,1,1,2,1,1,2,2,2,6,8,5,2,1;0001,1,1,1,11,1,1,01,01,11,011011,10011111,01001,11,1
2533;lick;-;MEDIUM UP;Wayne Shorter;-;-;-;-;-;-;5;5;1,2,1,1,2;1,01,1,1,01
2534;lick;-;UP;Art Pepper;-;-;-;-;-;-;8;6;2,4,2,2,2,4;01,0001,11,11,01,0001
2535;lick;-;MEDIUM;Zoot Sims;-;-;-;-;-;-;14;10;1,4,2,2,2,1,2,2,2,4;1,0001,11,01,11,1,01,11,11,0001
2536;lick;-;MEDIUM;Miles Davis;-;-;-;-;-;-;16;12;2,2,2,1,2,4,2,2,1,2,1,6;11,01,11,1,01,1001,01,01,1,01,1,001001
2537;line;-;UP;Charlie Parker;-;-;-;-;-;-;47;26;2,2,2,3,2,2,4,2,2,2,4,2,2,2,2,2,2,1,2,4,2,2,4,2,2,2;11,11,11,111,11,11,1011,01,11,11,0110,01,11,11,01,11,11,1,01,0110,01,11,0001,11,11,11
2538;lick;-;UP;John Coltrane;-;-;-;-;-;-;10;5;3,2,2,6,4;111,11,11,010001,0001
2539;line;-;MEDIUM;Pat Martino;-;-;-;-;-;-;21;6;4,4,4,4,4,8;0111,1001,1111,1111,1111,10010011
2540;lick;-;MEDIUM UP;David Liebman;-;-;-;-;-;-;49;17;6,3,4,4,2,4,4,3,6,1,4,3,2,3,3,6,6;101011,111,1111,1011,01,1111,1111,111,110101,1,0011,111,11,111,011,010011,000111
2541;lick;-;UP;Steve Turre;-;-;-;-;-;-;19;14;1,2,2,1,1,1,2,2,2,2,1,1,2,2;1,01,01,1,1,1,11,11,11,11,1,1,01,11
2542;line;-;UP;David Liebman;-;-;-;-;-;-;79;37;2,2,1,2,2,4,1,3,3,2,2,3,2,6,4,2,2,2,4,2,4,3,2,2,2,1,2,4,2,1,3,2,3,2,4,4,2;11,11,1,01,01,0011,1,111,011,11,11,111,11,111110,1001,01,11,11,1011,11,1111,011,11,11,11,1,11,1011,11,1,111,11,111,11,0011,1011,11
2543;line;-;UP;Wayne Shorter;-;-;-;-;-;-;12;7;2,2,2,2,2,2,2;11,11,01,11,11,01,11
2544;lick;-;MEDIUM UP;John Coltrane;-;-;-;-;-;-;6;4;2,2,1,6;01,11,1,000011
2545;line;-;MEDIUM;Clifford Brown;-;-;-;-;-;-;6;3;2,2,2;11,11,11
2546;line;-;UP;Lee Konitz;-;-;-;-;-;-;25;14;2,2,2,2,6,2,2,4,3,1,2,2,2,2;11,11,11,11,010001,11,11,0001,111,1,01,11,01,11
2547;line;-;MEDIUM;Pepper Adams;-;-;-;-;-;-;20;12;1,1,6,1,4,1,2,1,4,1,4,1,8;1,0,101101,0,1001,0,11,0,1111,0,1111,0,00001011
2548;line;-;MEDIUM UP;Warne Marsh;-;-;-;-;-;-;26;15;2,2,2,2,2,2,2,1,1,1,1,2,2,2,2;11,11,11,11,11,11,11,1,1,1,1,11,11,11,11
2549;lick;-;UP;Miles Davis;-;-;-;-;-;-;2;2;2,2;01,01
2550;lick;-;UP;Nat Adderley;-;-;-;-;-;-;13;8;2,2,4,1,2,2,1,1;11,11,1001,1,11,11,1,1
2551;lick;-;MEDIUM;Freddie Hubbard;-;-;-;-;-;-;31;9;2,2,8,6,7,4,2,4,1;11,01,11111111,011111,1111111,0001,11,1111,1
2552;lick;-;UP;Woody Shaw;-;-;-;-;-;-;9;6;1,1,1,2,2,2;1,1,1,11,11,11
2553;line;-;MEDIUM;Clifford Brown;-;-;-;-;-;-;9;5;4,2,3,2,1;1110,01,111,01,1
2554;lick;-;UP;Joe Henderson;-;-;-;-;-;-;10;5;2,2,2,3,2;11,11,01,111,11
2555;line;-;UP;Stan Getz;-;-;-;-;-;-;38;21;2,2,2,2,2,2,2,2,2,2,2,2,2,2,2,2,2,1,1,1,2;11,11,11,11,11,11,11,11,11,11,11,11,11,11,01,11,11,1,1,1,11
2556;lick;-;MEDIUM SLOW;Michael Brecker;-;-;-;-;-;-;11;6;3,4,2,1,4,6;110,0111,01,1,0001,000111
2557;lick;-;MEDIUM UP;John Coltrane;-;-;-;-;-;-;21;9;4,4,3,3,2,3,3,4,3;1100,0111,011,111,01,110,111,0111,011
2558;lick;-;UP;David Liebman;-;-;-;-;-;-;7;5;2,2,4,1,1;01,11,1001,1,1
2559;lick;-;MEDIUM;J.J. Johnson;-;-;-;-;-;-;31;20;1,2,2,1,1,2,2,2,2,2,1,2,4,6,6,1,1,1,2,2;1,11,11,1,1,11,01,11,11,11,1,11,0001,000011,000011,1,1,1,11,11
2560;line;-;MEDIUM;Charlie Parker;-;-;-;-;-;-;39;14;6,3,4,1,6,4,4,1,5,6,5,6,6,4;001001,111,1111,1,010111,1101,1111,1,00111,000101,01111,011101,000001,0111
2561;lick;-;UP;John Coltrane;-;-;-;-;-;-;4;2;2,2;11,11
2562;lick;-;UP;Michael Brecker;-;-;-;-;-;-;18;11;2,2,2,4,4,1,1,1,2,2,1;11,11,01,1100,1111,1,1,1,11,01,1
2563;line;-;UP;Joe Henderson;-;-;-;-;-;-;13;7;3,3,2,2,2,2,2;011,111,11,01,11,01,11
2564;line;-;MEDIUM UP;John Coltrane;-;-;-;-;-;-;28;13;3,4,3,3,2,2,4,1,4,4,2,4,2;111,0001,111,111,01,01,1100,1,1111,0001,11,1111,11
2565;lick;-;UP;Wayne Shorter;-;-;-;-;-;-;17;12;1,4,2,2,2,1,1,2,1,4,1,2;1,0001,11,11,11,1,1,01,1,1011,1,01
2566;line;-;MEDIUM;Cannonball Adderley;-;-;-;-;-;-;22;5;6,8,3,6,4;101111,10101011,111,110111,1111
2567;line;-;MEDIUM UP;Hank Mobley;-;-;-;-;-;-;38;21;2,2,4,8,1,1,1,2,8,1,1,2,2,2,2,1,1,2,2,2,2;11,11,0001,00100111,1,1,1,11,00100111,1,1,11,11,11,11,1,1,11,11,11,11
2568;lick;-;UP;Michael Brecker;-;-;-;-;-;-;20;12;2,2,2,3,2,2,2,1,1,1,2,4;01,11,11,011,11,11,11,1,1,1,11,1001
2569;lick;-;UP;Kenny Dorham;-;-;-;-;-;-;10;7;1,1,1,1,1,4,4;1,1,1,1,1,1001,1101
2570;lick;-;UP;Sonny Rollins;-;-;-;-;-;-;28;18;2,2,2,2,2,2,2,2,1,2,4,1,2,2,2,1,1,4;11,01,01,11,11,11,11,11,1,01,0001,1,11,11,01,1,1,1101
2571;lick;-;MEDIUM;Pepper Adams;-;-;-;-;-;-;11;3;6,4,4;001111,0111,1111
2572;line;-;MEDIUM UP;Wayne Shorter;-;-;-;-;-;-;10;5;1,2,3,2,2;1,11,111,11,11
2573;line;-;UP;Stan Getz;-;-;-;-;-;-;23;13;2,2,2,2,2,2,2,3,2,2,1,1,1;11,11,11,11,11,11,01,111,11,11,1,1,1
2574;lick;-;UP;Chris Potter;-;-;-;-;-;-;27;17;4,2,2,2,4,2,2,2,3,2,3,2,2,2,2,2,1;0001,01,11,01,0011,01,11,11,110,01,011,11,11,11,01,11,1
2575;lick;-;UP;John Coltrane;-;-;-;-;-;-;24;15;3,2,2,1,3,3,4,2,1,2,2,6,2,1,4;011,11,11,1,011,011,0001,01,1,11,01,000001,11,1,1011
2576;line;-;UP;David Liebman;-;-;-;-;-;-;10;3;3,6,4;111,101011,1101
2577;lick;-;UP;Herbie Hancock;-;-;-;-;-;-;12;8;2,1,2,2,3,2,2,2;01,1,01,11,011,11,01,11
2578;lick;-;MEDIUM UP;Clifford Brown;-;-;-;-;-;-;7;3;4,3,2;1011,011,11
2579;lick;-;UP;Michael Brecker;-;-;-;-;-;-;78;44;2,1,4,2,1,1,4,5,4,2,1,2,1,2,2,2,2,2,2,2,2,2,4,4,4,2,1,3,2,2,2,2,2,4,2,2,2,4,2,2,2,2,2,2;01,1,1111,01,1,1,0011,11111,0011,11,1,11,1,01,11,01,11,01,01,01,11,11,1001,0011,1111,11,1,011,11,01,11,11,01,0111,11,01,11,1100,01,11,01,11,11,11
2580;line;-;MEDIUM;Dexter Gordon;-;-;-;-;-;-;15;7;2,2,2,2,2,2,4;11,11,11,11,11,01,1111
2581;lick;-;UP;Charlie Parker;-;-;-;-;-;-;37;16;2,3,4,2,2,2,5,2,2,1,3,4,2,6,4,1;11,111,1001,11,11,11,10111,11,11,1,111,1011,11,100011,1011,1
2582;lick;-;MEDIUM;Sonny Rollins;-;-;-;-;-;-;8;4;6,1,2,1;011110,1,11,1
2583;lick;-;MEDIUM UP;Woody Shaw;-;-;-;-;-;-;8;4;2,2,4,4;11,01,1101,1001
2584;lick;-;UP;Sonny Rollins;-;-;-;-;-;-;17;11;1,4,2,2,1,1,1,1,2,4,2;1,1001,01,11,1,1,1,1,11,0111,11
2585;lick;-;MEDIUM UP;Sonny Rollins;-;-;-;-;-;-;7;5;2,1,1,2,1;11,1,1,11,1
2586;lick;-;UP;Miles Davis;-;-;-;-;-;-;9;6;2,2,1,2,1,2;11,01,1,11,1,11
2587;line;-;MEDIUM;David Murray;-;-;-;-;-;-;15;8;4,2,1,1,2,1,4,1,6;1111,11,1,0,11,0,1011,0,010101
2588;line;-;UP;Clifford Brown;-;-;-;-;-;-;54;29;2,2,2,3,2,2,2,3,2,2,2,2,2,2,2,2,3,1,2,2,2,2,2,2,2,2,4,1,1;11,11,11,111,01,11,11,011,11,11,01,01,11,11,11,11,011,1,11,11,01,11,11,11,11,11,1111,1,1
2589;line;-;UP;John Coltrane;-;-;-;-;-;-;33;17;4,1,1,2,1,3,6,6,3,2,2,2,1,3,2,2,2;0011,1,1,11,1,011,010011,010001,111,11,11,11,1,111,11,11,11
2590;line;-;UP;Lee Konitz;-;-;-;-;-;-;21;10;2,2,6,2,1,2,2,6,2,2;11,11,010011,11,1,11,01,101011,11,11
2591;lick;-;MEDIUM UP;Freddie Hubbard;-;-;-;-;-;-;14;6;1,1,2,4,6,3;1,1,11,1110,001111,111
2592;line;-;UP;Bob Berg;-;-;-;-;-;-;34;20;1,1,1,1,1,1,2,3,2,2,4,4,3,1,1,1,4,3,2,4;1,1,1,1,1,1,11,011,11,11,0011,0011,110,1,1,1,1011,011,11,1111
2593;lick;-;UP;Phil Woods;-;-;-;-;-;-;64;33;1,2,2,3,2,1,2,4,4,2,2,2,2,1,2,4,2,1,2,4,2,2,2,2,2,2,1,4,1,1,4,2,2;1,11,11,111,11,1,11,1110,1011,11,11,11,11,1,11,0011,11,1,11,1111,11,11,01,11,11,01,1,1011,1,1,0111,11,11
2594;lick;-;UP;Pat Metheny;-;-;-;-;-;-;26;15;3,2,2,2,2,2,4,3,1,2,1,4,4,2,2;011,11,01,11,11,01,1011,111,1,11,1,0001,0001,11,11
2595;lick;-;MEDIUM UP;John Coltrane;-;-;-;-;-;-;20;9;2,4,4,2,2,4,4,3,3;11,1100,1111,11,01,0001,1100,111,111
2596;lick;-;UP;Miles Davis;-;-;-;-;-;-;16;8;2,2,2,2,4,3,2,2;11,01,11,11,1101,011,11,11
2597;line;-;MEDIUM;Pepper Adams;-;-;-;-;-;-;26;6;6,6,6,6,6,6;111011,101111,010001,111101,101111,100111
2598;line;-;UP;Phil Woods;-;-;-;-;-;-;18;8;2,2,2,3,2,2,2,3;11,11,11,111,11,11,11,111
2599;lick;-;UP;Sonny Rollins;-;-;-;-;-;-;14;12;1,2,2,2,1,1,2,2,1,1,1,1;1,01,01,11,1,1,01,11,1,1,1,1
2600;lick;-;MEDIUM;Sonny Rollins;-;-;-;-;-;-;10;5;4,2,1,4,1;1110,11,1,1101,1
2601;line;-;MEDIUM UP;John Coltrane;-;-;-;-;-;-;12;5;1,4,4,4,4;1,1111,1100,1111,0001
2602;lick;-;MEDIUM SLOW;Hank Mobley;-;-;-;-;-;-;41;14;1,3,3,3,4,4,4,4,7,4,7,4,4,6;1,111,111,111,0110,0111,0001,1101,1010011,1111,1010011,1101,0111,101011
2603;line;-;UP;Woody Shaw;-;-;-;-;-;-;15;8;2,2,2,2,2,2,4,4;01,11,11,11,11,01,1011,1001
2604;line;-;UP;Branford Marsalis;-;-;-;-;-;-;34;17;2,2,2,2,2,4,2,2,4,1,1,2,2,3,2,4,2;11,11,11,11,11,1011,11,11,1001,1,1,11,01,111,11,1011,11
2605;lick;-;UP;John Coltrane;-;-;-;-;-;-;2;2;1,4;1,0001
2606;line;-;UP;John Coltrane;-;-;-;-;-;-;36;15;2,4,6,3,4,2,2,2,2,1,2,2,3,4,4;11,1111,111110,111,0111,01,01,11,11,1,11,11,111,1111,0001
2607;line;-;MEDIUM;Cannonball Adderley;-;-;-;-;-;-;16;5;3,2,1,6,6;111,11,1,101111,110111
2608;line;-;UP;Wayne Shorter;-;-;-;-;-;-;22;15;1,2,4,1,1,1,2,2,2,4,2,2,2,2,1;1,01,1001,1,1,1,11,01,01,1110,01,11,11,11,1
2609;lick;-;UP;Chris Potter;-;-;-;-;-;-;15;9;3,1,2,1,1,2,3,2,1;011,1,11,1,1,11,111,11,1
2610;line;-;UP;Miles Davis;-;-;-;-;-;-;17;8;4,2,1,2,2,4,2,4;1111,01,1,11,01,1101,11,1011
2611;lick;-;MEDIUM;Steve Coleman;-;-;-;-;-;-;17;8;3,4,1,1,2,1,4,1,4;111,1111,1,0,01,0,1111,0,1111
2612;lick;-;UP;Dexter Gordon;-;-;-;-;-;-;21;13;2,1,2,2,2,2,1,1,4,2,1,2,2;11,1,11,01,11,01,1,1,1011,11,1,11,11
2613;lick;-;MEDIUM;Miles Davis;-;-;-;-;-;-;6;5;2,2,2,1,8;01,11,01,1,00000001
2614;line;-;MEDIUM UP;Milt Jackson;-;-;-;-;-;-;55;30;2,2,1,6,2,2,3,2,2,2,2,4,1,4,6,2,2,2,4,2,2,2,4,1,4,4,1,2,2,1;01,11,1,100001,11,11,111,01,11,11,11,1110,1,0011,001001,11,11,11,0011,11,11,01,1110,1,1001,1001,1,11,11,1
2615;line;-;MEDIUM UP;Cannonball Adderley;-;-;-;-;-;-;19;8;4,1,4,6,4,1,1,2;0110,1,1001,111111,1111,1,1,11
2616;line;-;UP;Dexter Gordon;-;-;-;-;-;-;11;5;1,6,2,2,2;1,101011,11,11,11
2617;lick;-;MEDIUM;Steve Turre;-;-;-;-;-;-;6;4;1,2,2,1;1,11,11,1
2618;line;-;UP;John Coltrane;-;-;-;-;-;-;65;36;2,2,2,2,2,2,3,2,2,2,2,1,2,2,4,2,1,2,1,1,2,2,4,2,4,1,4,4,4,3,6,3,2,1,2,2;11,11,11,11,11,11,111,01,01,11,11,1,01,11,0001,11,1,11,1,1,11,11,1011,11,1001,1,0001,1011,0001,110,111011,011,01,1,11,11
2619;line;-;UP;Herbie Hancock;-;-;-;-;-;-;21;13;2,3,3,1,1,1,2,2,2,2,2,2,3;01,011,011,1,1,1,11,01,11,11,11,11,011
2620;lick;-;MEDIUM UP;Bob Berg;-;-;-;-;-;-;9;3;4,5,4;1100,00111,1111
2621;lick;-;UP;Joshua Redman;-;-;-;-;-;-;8;5;2,2,2,3,4;01,01,01,110,0111
2622;line;-;UP;Joe Henderson;-;-;-;-;-;-;13;8;2,2,2,2,2,2,2,2;11,11,01,11,01,11,11,01
2623;line;-;MEDIUM;Sonny Rollins;-;-;-;-;-;-;28;9;6,6,4,3,3,2,4,2,4;101011,010101,1111,111,111,11,1111,11,0111
2624;line;-;MEDIUM;Bob Berg;-;-;-;-;-;-;28;10;1,2,6,6,4,4,4,6,4,2;1,01,101111,000001,1111,1101,1111,010101,1111,11
2625;lick;-;UP;Pat Metheny;-;-;-;-;-;-;12;9;2,2,2,4,2,2,2,1,2;01,01,11,0001,01,01,11,1,11
2626;lick;-;MEDIUM;J.J. Johnson;-;-;-;-;-;-;10;6;4,8,2,6,1,2;0001,10000011,11,000001,1,11
2627;lick;-;UP;Miles Davis;-;-;-;-;-;-;5;4;3,2,1,2;011,01,1,01
2628;lick;-;MEDIUM;Charlie Parker;-;-;-;-;-;-;8;4;3,2,4,2;011,11,1110,01
2629;lick;-;UP;John Coltrane;-;-;-;-;-;-;11;7;2,2,2,2,4,4,4;01,01,11,11,0111,0001,0001
2630;line;-;UP;Michael Brecker;-;-;-;-;-;-;73;38;2,1,1,1,2,3,3,2,2,2,2,2,2,5,4,1,2,2,2,3,2,2,4,2,2,2,2,1,1,2,1,2,2,3,2,3,3,3;11,1,1,1,11,011,111,11,01,11,11,11,11,11111,1011,1,01,11,11,011,11,11,1111,11,11,11,01,1,1,11,1,11,11,110,11,011,011,011
2631;lick;-;MEDIUM UP;Joe Henderson;-;-;-;-;-;-;8;3;3,2,4;111,11,1110
2632;lick;-;MEDIUM;Kenny Wheeler;-;-;-;-;-;-;20;8;4,4,4,4,4,4,4,4;0111,1001,0011,0111,0111,0001,1011,0111
2633;lick;-;UP;Dizzy Gillespie;-;-;-;-;-;-;43;22;4,3,4,5,4,3,2,1,2,3,1,1,1,4,4,2,1,2,2,1,2,4;0001,110,1110,11111,0111,111,11,1,11,111,1,1,1,0001,1101,01,1,11,01,1,11,1011
2634;line;-;MEDIUM UP;Wayne Shorter;-;-;-;-;-;-;26;10;2,2,3,4,5,6,4,4,3,2;11,01,011,1111,11111,011101,0110,1110,011,01
2635;lick;-;MEDIUM;Wayne Shorter;-;-;-;-;-;-;12;7;3,2,1,3,1,8,2;110,01,1,111,1,01000001,11
2636;line;-;UP;Sonny Rollins;-;-;-;-;-;-;59;31;2,1,1,1,2,2,2,2,3,2,2,4,4,3,2,2,2,2,3,2,2,4,2,2,4,2,4,2,2,2,2;11,1,1,1,11,11,11,01,011,11,11,0111,0011,110,11,11,11,11,111,11,11,1011,01,11,1001,11,1011,01,11,11,01
2637;line;-;MEDIUM;Pepper Adams;-;-;-;-;-;-;8;5;4,4,1,1,1;0011,1111,1,0,1
2638;lick;-;UP;Gerry Mulligan;-;-;-;-;-;-;7;4;2,2,2,1;11,11,11,1
2639;lick;-;MEDIUM;Zoot Sims;-;-;-;-;-;-;13;11;2,1,2,2,2,1,2,1,1,4,2;01,1,11,01,01,1,01,1,1,0011,01
2640;lick;-;UP;J.J. Johnson;-;-;-;-;-;-;15;13;4,1,2,2,1,1,1,1,2,2,2,2,2;0001,1,11,01,1,1,1,1,11,01,01,01,01
2641;lick;-;UP;John Coltrane;-;-;-;-;-;-;8;5;1,4,3,1,2;1,1011,011,1,01
2642;lick;-;MEDIUM;Bob Berg;-;-;-;-;-;-;4;1;8;00001111
2643;lick;-;UP;Paul Desmond;-;-;-;-;-;-;8;6;2,2,2,4,1,2;11,11,01,0001,1,01
2644;line;-;UP;Fats Navarro;-;-;-;-;-;-;34;15;2,4,2,2,2,2,3,2,3,1,2,2,4,2,6;11,1101,11,11,11,11,110,11,111,1,11,11,1111,11,100101
2645;lick;-;MEDIUM UP;Hank Mobley;-;-;-;-;-;-;29;15;2,2,2,6,2,4,1,4,4,4,1,2,2,2,3;11,11,11,010001,01,1001,1,0110,0111,1110,1,11,11,11,011
2646;lick;-;UP;Gerry Mulligan;-;-;-;-;-;-;26;21;1,3,2,1,1,1,1,1,1,1,2,2,2,2,2,1,1,1,1,1,1;1,111,01,1,1,1,1,1,1,1,11,11,11,01,01,1,1,1,1,1,1
2647;lick;-;UP;John Coltrane;-;-;-;-;-;-;6;3;3,2,1;111,11,1
2648;line;-;MEDIUM;Don Ellis;-;-;-;-;-;-;21;11;2,6,2,3,2,2,2,2,2,4,4;11,001001,11,110,01,11,11,11,11,0001,1101
2649;lick;-;MEDIUM;J.J. Johnson;-;-;-;-;-;-;25;12;4,4,4,4,2,8,2,2,2,2,4,2;1111,0001,0001,1011,01,10101011,11,01,11,11,0001,11
2650;line;-;UP;John Coltrane;-;-;-;-;-;-;26;14;2,2,2,2,2,1,3,2,2,2,2,2,2,3;11,11,11,11,11,1,110,11,11,11,11,11,01,011
2651;lick;-;MEDIUM;Freddie Hubbard;-;-;-;-;-;-;11;4;6,3,3,8;000011,111,111,00100101
2652;line;-;MEDIUM;John Coltrane;-;-;-;-;-;-;22;6;5,5,8,1,6,4;11111,11111,01010001,1,011011,1111
2653;line;-;UP;Sonny Rollins;-;-;-;-;-;-;8;5;2,2,2,2,2;01,11,01,11,11
2654;lick;-;UP;Wayne Shorter;-;-;-;-;-;-;7;5;1,1,2,2,1;1,1,11,11,1
2655;line;-;MEDIUM;David Murray;-;-;-;-;-;-;23;8;3,4,6,3,4,3,3,6;011,1111,001111,011,1011,011,111,101001
2656;line;-;MEDIUM UP;David Liebman;-;-;-;-;-;-;37;18;6,4,6,4,4,2,1,1,1,4,3,2,2,1,1,1,1,1;100011,0001,111111,1111,1111,11,1,1,1,0111,111,01,11,1,1,1,1,1
2657;line;-;UP;John Coltrane;-;-;-;-;-;-;56;31;4,4,1,2,2,2,1,2,2,2,2,3,2,2,2,2,2,1,2,2,2,4,2,1,2,4,4,2,2,1,3;0110,0001,1,11,11,11,1,11,11,11,11,011,11,11,11,11,01,1,11,01,11,0001,11,1,11,0110,1111,11,11,1,111
2658;line;-;UP;Warne Marsh;-;-;-;-;-;-;25;13;2,2,3,2,3,1,4,2,3,2,2,1,1;11,11,111,11,011,1,1101,11,011,11,11,1,1
2659;lick;-;MEDIUM UP;Wayne Shorter;-;-;-;-;-;-;8;4;2,4,2,1;11,1111,01,1
2660;lick;-;UP;Pat Metheny;-;-;-;-;-;-;9;6;1,1,2,1,2,4;1,1,11,1,11,1001
2661;lick;-;UP;Hank Mobley;-;-;-;-;-;-;22;14;4,4,2,3,1,1,4,4,4,1,3,2,2,2;1001,0001,01,111,1,1,0001,1001,1001,1,011,11,11,01
2662;line;-;MEDIUM UP;Eric Dolphy;-;-;-;-;-;-;62;19;4,6,4,4,2,2,2,3,8,4,4,3,3,4,6,8,4,4,4;1011,111011,1011,0011,11,11,11,111,00101111,0111,1110,110,111,0111,011011,10101111,1011,1111,1111
2663;lick;-;MEDIUM UP;Nat Adderley;-;-;-;-;-;-;13;6;4,4,4,2,2,1;1001,1111,1001,11,11,1
2664;lick;-;UP;Sonny Rollins;-;-;-;-;-;-;4;3;2,2,1;11,01,1
2665;line;-;MEDIUM UP;John Coltrane;-;-;-;-;-;-;18;7;2,2,2,4,4,3,6;01,11,01,1110,1110,111,011111
2666;lick;-;MEDIUM;John Coltrane;-;-;-;-;-;-;21;10;5,6,1,4,4,4,4,4,1,4;00011,000011,1,1110,0111,1100,1110,1100,1,1001
2667;line;-;UP;David Liebman;-;-;-;-;-;-;74;38;2,2,1,1,1,1,2,4,4,1,1,1,2,2,2,2,3,3,4,4,4,2,4,2,2,1,2,3,6,2,2,2,2,2,4,6,2,4;11,11,1,1,1,1,11,1111,1111,1,1,1,01,11,01,11,011,111,1011,0011,0011,11,0001,11,01,1,11,111,010001,11,11,01,11,11,0001,111011,11,1111
2668;lick;-;UP;John Coltrane;-;-;-;-;-;-;5;2;4,3;0110,111
2669;line;-;UP;John Coltrane;-;-;-;-;-;-;20;11;3,2,1,2,2,2,4,2,2,2,2;110,11,1,01,11,11,1110,11,11,11,01
2670;line;-;UP;Pepper Adams;-;-;-;-;-;-;37;22;3,2,3,2,2,1,1,1,1,3,2,1,1,1,2,2,2,2,2,4,2,2;011,11,110,11,11,1,1,1,1,111,11,1,1,1,11,11,01,11,11,1100,11,11
2671;line;-;UP;Steve Turre;-;-;-;-;-;-;12;5;2,2,2,4,6;11,01,01,1001,111111
2672;line;-;UP;Warne Marsh;-;-;-;-;-;-;30;16;2,2,2,3,2,2,2,2,4,4,2,2,2,2,2,1;11,11,11,011,01,11,11,01,0001,1111,11,11,11,11,11,1
2673;line;-;MEDIUM UP;Joe Henderson;-;-;-;-;-;-;17;4;4,6,6,6;1111,111101,011011,011110
2674;lick;-;UP;J.J. Johnson;-;-;-;-;-;-;24;16;4,2,2,2,1,1,1,3,3,1,2,4,2,2,2,2;1001,11,01,11,1,1,1,011,011,1,01,0001,11,11,01,11
2675;lick;-;MEDIUM UP;Woody Shaw;-;-;-;-;-;-;4;2;4,2;1011,01
2676;lick;-;UP;J.J. Johnson;-;-;-;-;-;-;13;9;1,2,4,1,1,2,2,1,2;1,11,1001,1,1,11,11,1,01
2677;line;-;UP;John Coltrane;-;-;-;-;-;-;14;5;2,2,3,3,6;11,11,111,111,101011
2678;lick;-;UP;John Coltrane;-;-;-;-;-;-;3;2;1,2;1,11
2679;line;-;MEDIUM UP;Cannonball Adderley;-;-;-;-;-;-;12;7;2,4,1,2,2,2,2;11,0001,1,11,11,11,11
2680;lick;-;MEDIUM UP;Art Pepper;-;-;-;-;-;-;6;3;2,2,2;11,11,11
2681;line;-;UP;Red Garland;-;-;-;-;-;-;20;10;2,2,2,2,2,2,2,2,2,2;11,11,11,11,11,11,11,11,11,11
2682;line;-;UP;Joe Henderson;-;-;-;-;-;-;23;13;2,2,4,2,2,2,2,2,1,2,2,2,2;01,11,0111,11,11,11,11,11,1,11,01,11,01
2683;lick;-;UP;John Coltrane;-;-;-;-;-;-;7;4;2,2,4,4;11,11,0001,1001
2684;line;-;UP;Stan Getz;-;-;-;-;-;-;18;10;2,2,4,2,2,2,2,2,2,2;01,11,1001,11,11,11,11,11,01,11
2685;lick;-;MEDIUM UP;Joe Henderson;-;-;-;-;-;-;13;6;1,3,3,4,4,3;1,111,011,1110,0001,111
2686;lick;-;UP;John Coltrane;-;-;-;-;-;-;1;1;1;1
2687;line;-;MEDIUM UP;Kenny Dorham;-;-;-;-;-;-;62;26;2,2,2,2,2,1,4,6,6,4,4,2,2,2,2,1,1,6,6,2,2,2,2,2,2,6;11,11,11,11,11,1,1111,010001,010001,1100,0111,11,11,11,11,1,1,111111,110111,11,11,11,11,11,11,111101
2688;lick;-;UP;Joe Lovano;-;-;-;-;-;-;2;1;3;011
2689;lick;-;MEDIUM UP;John Coltrane;-;-;-;-;-;-;8;5;3,4,2,4,1;011,0111,01,0001,1
2690;lick;-;UP;John Coltrane;-;-;-;-;-;-;2;1;2;11
2691;line;-;UP;Sonny Rollins;-;-;-;-;-;-;33;16;2,3,2,2,2,3,2,2,2,2,2,2,2,2,3,2;11,110,11,11,11,111,11,11,11,11,11,01,11,11,111,11
2692;lick;-;UP;Joe Lovano;-;-;-;-;-;-;21;13;3,4,2,1,2,4,1,1,4,2,2,1,1;110,1001,11,1,11,1001,1,1,1001,11,11,1,1
2693;line;-;UP;Joe Lovano;-;-;-;-;-;-;13;7;4,4,1,2,2,3,2;1001,1100,1,11,11,011,11
2694;lick;-;UP;Hank Mobley;-;-;-;-;-;-;22;14;6,2,2,4,1,4,2,2,2,2,3,2,4,2;000001,11,11,0001,1,0011,11,11,01,11,011,11,0001,01
2695;lick;-;MEDIUM UP;Charlie Parker;-;-;-;-;-;-;9;6;2,4,2,3,2,2;01,1100,01,110,11,01
2696;lick;-;UP;Joe Lovano;-;-;-;-;-;-;6;5;2,2,1,1,1;11,01,1,1,1
2697;line;-;UP;John Coltrane;-;-;-;-;-;-;48;28;2,2,2,2,1,2,1,2,2,2,2,2,2,2,4,1,2,1,2,3,2,2,2,2,2,1,3,2;11,11,01,11,1,11,1,11,11,11,11,11,11,11,0001,1,01,1,11,111,11,11,11,11,01,1,111,01
2698;line;-;MEDIUM UP;Joe Henderson;-;-;-;-;-;-;20;6;4,6,3,4,4,8;0111,111101,011,1111,0111,01000011
2699;lick;-;UP;John Coltrane;-;-;-;-;-;-;8;6;2,1,2,2,1,2;01,1,11,11,1,01
2700;line;-;MEDIUM UP;Clifford Brown;-;-;-;-;-;-;44;18;4,4,6,2,2,2,2,2,2,4,2,6,3,4,3,2,2,2;1111,1111,111010,11,11,11,11,01,11,1101,11,001001,111,1110,011,11,11,11
2701;lick;-;MEDIUM UP;Steve Lacy;-;-;-;-;-;-;5;5;2,2,1,1,2;01,01,1,1,01
2702;lick;-;UP;Joe Henderson;-;-;-;-;-;-;5;4;1,1,2,2;1,1,11,01
2703;lick;-;UP;Pat Metheny;-;-;-;-;-;-;14;8;2,2,2,2,2,2,2,2;01,11,11,11,11,11,11,01
2704;lick;-;MEDIUM UP;John Coltrane;-;-;-;-;-;-;14;5;4,5,4,1,4;0001,01111,1111,1,1111
2705;lick;-;UP;Pepper Adams;-;-;-;-;-;-;7;4;4,1,2,4;0001,1,11,0111
2706;line;-;MEDIUM SLOW;John Coltrane;-;-;-;-;-;-;13;4;4,4,4,4;0111,0111,1111,0111
2707;lick;-;UP;Herbie Hancock;-;-;-;-;-;-;11;7;2,2,2,2,1,2,2;11,11,01,11,1,01,11
2708;lick;-;MEDIUM UP;Clifford Brown;-;-;-;-;-;-;20;13;4,1,4,4,4,2,4,4,2,2,2,4,4;1110,1,0001,1001,0001,11,0001,0011,11,11,01,0001,0001
2709;lick;-;MEDIUM UP;Miles Davis;-;-;-;-;-;-;3;2;4,1;1001,1
2710;line;-;MEDIUM;Sonny Rollins;-;-;-;-;-;-;27;7;4,4,3,4,4,4,4;1111,1111,111,1111,1111,1111,1111
2711;lick;-;MEDIUM;Eric Dolphy;-;-;-;-;-;-;7;3;4,2,3;0110,11,111
2712;line;-;MEDIUM;Cannonball Adderley;-;-;-;-;-;-;8;3;4,2,2;1111,11,11
2713;line;-;UP;Herbie Hancock;-;-;-;-;-;-;23;12;2,2,2,2,2,2,2,2,3,1,2,2;11,11,11,11,11,11,11,11,011,1,11,11
2714;line;-;MEDIUM UP;Freddie Hubbard;-;-;-;-;-;-;15;10;5,1,1,1,1,1,2,2,2,3;01001,1,1,1,1,1,11,11,11,110
2715;lick;-;MEDIUM;Curtis Fuller;-;-;-;-;-;-;2;1;4;1001
2716;lick;-;MEDIUM UP;John Coltrane;-;-;-;-;-;-;7;4;3,4,4,2;111,0001,0011,01
2717;lick;-;UP;Joe Henderson;-;-;-;-;-;-;27;16;2,2,2,2,2,2,2,2,2,2,1,2,2,4,2,4;01,11,11,11,11,01,11,01,01,11,1,11,01,1001,01,1111
2718;lick;-;UP;John Coltrane;-;-;-;-;-;-;26;15;2,2,2,1,2,2,3,1,2,1,2,2,3,4,3;01,01,11,1,11,11,111,1,11,1,11,11,111,0001,110
2719;lick;-;UP;Nat Adderley;-;-;-;-;-;-;5;4;2,2,1,1;01,11,1,1
2720;line;-;MEDIUM;Gerry Mulligan;-;-;-;-;-;-;20;11;2,6,3,4,1,2,2,2,2,4,2;01,000011,111,1011,1,01,11,11,11,1001,01
2721;lick;-;UP;Herbie Hancock;-;-;-;-;-;-;74;49;2,1,2,2,1,2,1,3,2,1,2,2,2,1,2,2,2,2,1,2,3,3,2,2,2,1,4,2,2,2,1,2,2,2,2,1,2,2,1,1,2,2,2,2,2,2,2,2,1;11,1,01,01,1,01,1,011,11,1,11,01,11,1,01,11,11,11,1,11,011,011,01,11,11,1,1101,01,11,01,1,11,01,01,11,1,11,01,1,1,11,11,11,11,01,11,11,01,1
2722;lick;-;UP;John Coltrane;-;-;-;-;-;-;24;15;1,4,2,1,1,3,3,3,2,1,1,4,4,1,2;1,1100,01,1,1,111,011,111,11,1,1,1100,0001,1,11
2723;lick;-;UP;John Coltrane;-;-;-;-;-;-;3;2;2,2;11,01
2724;lick;-;UP;Joe Henderson;-;-;-;-;-;-;7;5;1,2,2,1,2;1,11,11,1,01
2725;lick;-;MEDIUM;Zoot Sims;-;-;-;-;-;-;12;8;6,4,2,3,6,2,1,1;010001,0001,11,110,000011,01,1,1
2726;line;-;UP;Eric Dolphy;-;-;-;-;-;-;59;25;3,3,2,4,3,4,2,4,4,4,2,4,2,2,6,4,2,4,3,1,3,1,2,2,1;111,110,01,1110,111,1101,01,1110,0111,1011,11,0111,11,01,111101,1011,11,0111,111,1,111,1,11,11,1
2727;lick;-;MEDIUM;Stan Getz;-;-;-;-;-;-;30;16;4,2,1,2,3,1,2,2,3,2,1,2,4,2,3,1;1111,01,1,01,011,1,11,11,111,11,1,11,1001,11,111,1
2728;line;-;MEDIUM;Bob Berg;-;-;-;-;-;-;28;8;7,8,4,4,3,5,3,4;1011011,10111101,0001,1110,111,00111,111,1111
2729;lick;-;MEDIUM UP;Miles Davis;-;-;-;-;-;-;8;4;4,2,2,2;1001,11,11,11
2730;lick;-;UP;David Liebman;-;-;-;-;-;-;63;37;3,2,1,1,2,2,2,4,2,2,4,1,2,1,2,2,1,2,1,2,4,1,2,4,4,2,1,1,2,2,1,4,4,2,4,3,3;011,11,1,1,01,01,11,0001,11,11,0011,1,01,1,11,11,1,11,1,01,1001,1,11,1100,1111,11,1,1,01,01,1,0011,1101,11,1011,111,111
2731;lick;-;MEDIUM SLOW;Hank Mobley;-;-;-;-;-;-;9;5;3,4,4,2,1;011,0001,1101,11,1
2732;line;-;UP;Joe Lovano;-;-;-;-;-;-;31;17;2,2,2,1,2,2,4,4,3,4,1,2,2,1,1,2,2;01,11,11,1,01,01,1111,1101,110,1101,1,11,11,1,1,11,11
2733;lick;-;MEDIUM UP;Don Ellis;-;-;-;-;-;-;12;8;4,4,2,2,4,4,1,6;0001,0001,11,01,1001,1001,1,000011
2734;line;-;MEDIUM;Michael Brecker;-;-;-;-;-;-;29;12;4,2,1,2,6,2,1,4,4,4,4,1;0011,11,1,11,111101,11,1,1111,1110,1110,0111,1
2735;line;-;UP;Steve Coleman;-;-;-;-;-;-;12;6;3,2,1,2,4,2;011,11,1,11,1101,11
2736;lick;-;MEDIUM;Steve Lacy;-;-;-;-;-;-;20;12;6,6,6,2,1,2,1,1,2,4,3,1;001001,011101,000001,01,1,11,1,1,11,0001,111,1
2737;lick;-;UP;Steve Coleman;-;-;-;-;-;-;13;6;2,2,3,2,4,2;11,11,111,11,1011,01
2738;lick;-;MEDIUM;Dexter Gordon;-;-;-;-;-;-;12;4;4,3,8,4;1111,011,00000111,0111
2739;lick;-;UP;David Liebman;-;-;-;-;-;-;11;9;1,1,2,1,2,2,1,1,2;1,1,01,1,01,11,1,1,11
2740;lick;-;UP;Cannonball Adderley;-;-;-;-;-;-;13;7;2,2,2,2,2,2,4;11,11,11,11,11,01,1001
2741;lick;-;MEDIUM;Charlie Parker;-;-;-;-;-;-;24;10;2,4,3,2,6,6,2,6,2,4;01,1111,011,01,111110,011001,11,001001,11,1100
2742;line;-;UP;Joe Lovano;-;-;-;-;-;-;28;11;2,2,1,2,2,2,4,6,4,4,4;11,11,1,11,11,11,1111,001001,1111,1011,1111
2743;lick;-;UP;Don Byas;-;-;-;-;-;-;9;6;1,3,2,1,3,2;1,011,11,1,011,01
2744;line;-;MEDIUM UP;Cannonball Adderley;-;-;-;-;-;-;17;8;2,2,1,4,2,2,6,2;11,01,1,1101,11,11,011110,11
2745;line;-;MEDIUM UP;David Liebman;-;-;-;-;-;-;6;2;4,6;1011,100101
2746;line;-;UP;Kenny Dorham;-;-;-;-;-;-;20;12;2,2,2,6,2,2,2,2,2,2,3,2;01,11,01,100011,11,01,01,11,01,11,111,01
2747;line;-;UP;Milt Jackson;-;-;-;-;-;-;28;16;2,2,4,2,2,2,2,2,2,2,2,2,2,2,2,2;01,11,0111,11,11,01,01,11,01,11,11,11,11,01,11,11
2748;lick;-;UP;Michael Brecker;-;-;-;-;-;-;13;5;4,2,3,2,2;1111,11,111,11,11
2749;lick;-;UP;Phil Woods;-;-;-;-;-;-;23;15;2,2,1,1,2,1,2,2,1,2,2,2,2,2,2;11,01,1,1,11,1,01,11,1,11,11,11,11,11,01
2750;lick;-;MEDIUM;Joe Henderson;-;-;-;-;-;-;26;12;6,3,4,2,3,6,2,3,3,1,1,2;100111,111,1110,01,011,011101,01,111,111,1,0,01
2751;line;-;UP;Bob Berg;-;-;-;-;-;-;10;6;2,2,1,2,2,2;01,11,1,11,11,11
2752;line;-;UP;Phil Woods;-;-;-;-;-;-;27;14;2,2,2,2,2,3,2,2,2,4,2,2,2,2;11,11,11,01,01,111,11,11,11,1101,11,01,11,11
2753;lick;-;MEDIUM;Joshua Redman;-;-;-;-;-;-;9;5;2,2,3,1,1;11,11,111,1,1
2754;line;-;MEDIUM;Miles Davis;-;-;-;-;-;-;26;10;3,3,3,2,2,2,4,3,2,2;111,111,111,11,11,11,1111,111,11,11
2755;line;-;MEDIUM UP;Wayne Shorter;-;-;-;-;-;-;7;5;6,2,2,4,1;000001,01,11,0110,1
2756;line;-;MEDIUM;Phil Woods;-;-;-;-;-;-;8;2;6,4;011101,1111
2757;line;-;MEDIUM SLOW;Steve Lacy;-;-;-;-;-;-;14;6;4,3,4,4,4,4;0111,111,1100,1100,1001,1001
2758;line;-;MEDIUM UP;Miles Davis;-;-;-;-;-;-;7;4;2,2,1,2;11,11,1,11
2759;lick;-;UP;Hank Mobley;-;-;-;-;-;-;26;17;4,2,1,2,3,2,4,3,3,2,1,4,4,2,2,1,2;1001,01,1,01,111,01,0011,011,011,11,1,1001,0011,01,01,1,01
2760;line;-;UP;Joe Lovano;-;-;-;-;-;-;33;21;1,1,2,3,1,3,1,2,2,1,1,6,4,2,1,2,2,2,1,1,1;1,1,11,111,1,110,1,01,11,1,1,100111,0110,11,1,11,01,11,1,1,1
2761;lick;-;UP;Joe Henderson;-;-;-;-;-;-;27;16;2,3,1,4,2,2,1,3,1,4,2,2,1,4,2,2;01,011,1,0110,11,01,1,111,1,1110,11,11,1,0110,11,01
2762;line;-;MEDIUM;Gerry Mulligan;-;-;-;-;-;-;8;4;2,1,2,5;11,1,11,00111
2763;lick;-;UP;John Coltrane;-;-;-;-;-;-;12;6;2,2,2,2,3,1;11,11,11,11,111,1
2764;line;-;MEDIUM;Charlie Parker;-;-;-;-;-;-;7;4;4,1,2,4;1111,1,01,0001
2765;lick;-;UP;David Liebman;-;-;-;-;-;-;3;2;2,1;11,1
2766;lick;-;MEDIUM;Curtis Fuller;-;-;-;-;-;-;29;15;2,4,9,1,7,1,2,4,2,1,2,4,2,4,5;01,0011,010001111,1,0100001,1,01,0110,01,1,11,0110,11,1001,01111
2767;lick;-;MEDIUM UP;Eric Dolphy;-;-;-;-;-;-;12;7;2,4,1,2,4,2,2;11,1001,1,01,1001,11,11
2768;line;-;UP;Paul Desmond;-;-;-;-;-;-;9;7;1,1,2,1,2,2,2;1,1,01,1,11,01,11
2769;line;-;UP;Michael Brecker;-;-;-;-;-;-;59;32;2,2,2,2,2,2,2,2,2,3,2,4,4,4,1,2,2,4,2,2,2,2,2,2,2,1,3,2,1,1,1,2;01,11,01,11,11,11,11,11,11,011,11,1111,1111,1001,1,11,11,1001,01,11,11,11,01,11,11,1,011,11,1,1,1,11
2770;lick;-;UP;Dexter Gordon;-;-;-;-;-;-;20;13;1,2,1,2,2,2,1,2,2,1,4,2,4;1,11,1,01,11,01,1,01,11,1,0011,11,1011
2771;line;-;MEDIUM SLOW;Joe Lovano;-;-;-;-;-;-;22;7;1,4,6,6,6,10,4;1,1111,101101,011101,000011,0010011011,1100
2772;lick;-;MEDIUM;Stan Getz;-;-;-;-;-;-;18;9;2,2,2,3,4,3,1,2,4;11,01,11,111,1110,011,1,01,1110
2773;lick;-;MEDIUM UP;Wayne Shorter;-;-;-;-;-;-;10;5;6,3,1,2,2;101011,111,1,01,01
2774;line;-;MEDIUM;Joe Henderson;-;-;-;-;-;-;16;3;8,5,6;11011111,11111,011011
2775;line;-;UP;Miles Davis;-;-;-;-;-;-;16;11;2,1,2,2,1,2,2,2,1,2,4;01,1,11,11,1,11,11,01,1,11,0001
2776;lick;-;UP;Miles Davis;-;-;-;-;-;-;5;5;1,1,1,2,2;1,1,1,01,01
2777;line;-;UP;Pat Metheny;-;-;-;-;-;-;35;21;2,2,2,2,2,2,1,2,2,2,2,2,2,2,2,2,2,2,2,2,2;01,11,11,11,11,11,1,01,01,11,01,11,11,11,11,11,01,11,11,01,11
2778;lick;-;UP;Sonny Rollins;-;-;-;-;-;-;24;16;1,2,1,2,2,2,2,2,2,3,1,1,2,2,1,4;1,11,1,11,11,11,01,01,11,111,1,1,01,11,1,0001
2779;line;-;UP;John Coltrane;-;-;-;-;-;-;11;6;2,2,2,1,2,4;11,11,11,1,01,1011
2780;line;-;MEDIUM UP;Cannonball Adderley;-;-;-;-;-;-;41;21;2,2,1,1,2,1,4,1,2,2,2,4,2,3,4,2,6,8,1,1,4;11,11,1,1,11,1,1111,1,11,11,11,0111,01,111,1100,11,001001,01010101,1,1,1001
2781;lick;-;MEDIUM UP;Art Pepper;-;-;-;-;-;-;18;9;1,2,4,2,4,4,2,2,2;1,11,0001,11,1001,1111,11,11,11
2782;lick;-;UP;Stan Getz;-;-;-;-;-;-;5;3;1,2,2;1,11,11
2783;lick;-;UP;Woody Shaw;-;-;-;-;-;-;6;3;4,4,2;0001,1011,11
2784;lick;-;MEDIUM;Zoot Sims;-;-;-;-;-;-;5;5;2,2,1,4,2;01,01,1,0001,01
2785;lick;-;MEDIUM UP;Art Pepper;-;-;-;-;-;-;7;5;2,2,2,2,1;01,11,11,01,1
2786;lick;-;MEDIUM;Cannonball Adderley;-;-;-;-;-;-;19;9;2,2,4,1,2,3,2,3,2;11,11,1011,1,11,111,01,111,11
2787;lick;-;UP;Pat Metheny;-;-;-;-;-;-;8;6;4,4,2,4,2,2;1001,0001,01,0001,01,11
2788;lick;-;MEDIUM;Steve Turre;-;-;-;-;-;-;8;4;2,2,3,3;01,01,111,111
2789;line;-;MEDIUM SLOW;Steve Coleman;-;-;-;-;-;-;49;16;4,3,4,6,4,4,4,4,4,4,4,4,4,4,4,4;0011,111,1111,010111,1111,1110,1011,1111,1110,0001,1111,1111,1111,0011,0111,0001
2790;line;-;UP;Dizzy Gillespie;-;-;-;-;-;-;16;8;2,2,6,2,2,2,3,2;11,01,011110,01,11,11,011,11
2791;lick;-;MEDIUM UP;Sonny Rollins;-;-;-;-;-;-;6;6;1,1,1,1,2,1;1,1,1,1,01,1
2792;lick;-;MEDIUM UP;Freddie Hubbard;-;-;-;-;-;-;9;6;2,2,4,2,2,1;11,01,0011,01,11,1
2793;lick;-;UP;Woody Shaw;-;-;-;-;-;-;28;19;1,1,1,1,2,3,2,2,2,2,2,1,2,3,4,2,2,1,1;1,1,1,1,11,011,01,11,11,11,11,1,11,011,0011,01,01,1,1
2794;lick;-;MEDIUM;Steve Turre;-;-;-;-;-;-;3;2;6,2;010001,01
2795;lick;-;MEDIUM;J.J. Johnson;-;-;-;-;-;-;16;6;2,6,6,7,4,2;11,000111,000111,0011011,1110,01
2796;lick;-;UP;Branford Marsalis;-;-;-;-;-;-;38;24;2,2,2,2,2,1,3,2,2,3,3,3,4,1,1,1,2,2,1,3,3,2,2,2;11,01,11,01,01,1,111,11,01,011,110,110,0001,1,1,1,01,11,1,011,111,11,01,11
2797;lick;-;UP;J.J. Johnson;-;-;-;-;-;-;23;13;2,2,3,2,2,2,2,2,1,2,2,2,3;11,01,011,01,11,11,11,11,1,11,11,11,011
2798;lick;-;UP;John Coltrane;-;-;-;-;-;-;4;2;4,2;0110,11
2799;line;-;UP;Lee Konitz;-;-;-;-;-;-;21;11;2,2,2,2,2,2,2,1,4,4,4;11,11,11,01,01,11,11,1,1001,1101,0111
2800;line;-;UP;Wayne Shorter;-;-;-;-;-;-;10;6;4,2,2,2,2,2;0011,01,11,01,11,11
2801;line;-;UP;David Liebman;-;-;-;-;-;-;8;4;2,2,2,4;11,01,11,1011
2802;lick;-;UP;Art Pepper;-;-;-;-;-;-;12;8;5,2,2,2,2,1,4,4;00011,11,01,01,01,1,0001,1011
2803;line;-;MEDIUM;Pepper Adams;-;-;-;-;-;-;16;7;6,1,1,4,1,4,1,4;011111,1,0,0111,0,1111,0,0111
2804;lick;-;MEDIUM;Miles Davis;-;-;-;-;-;-;3;2;1,4;1,1001
2805;lick;-;MEDIUM UP;Cannonball Adderley;-;-;-;-;-;-;12;7;2,4,2,2,1,4,4;11,1001,11,01,1,1001,1001
2806;line;-;MEDIUM;Steve Lacy;-;-;-;-;-;-;16;5;4,3,4,4,4;0111,110,0111,1111,1111
2807;line;-;UP;John Coltrane;-;-;-;-;-;-;15;9;3,2,3,2,2,1,2,2,2;011,01,011,11,11,1,11,11,01
2808;lick;-;UP;John Coltrane;-;-;-;-;-;-;10;5;6,4,4,2,2;100001,0111,1001,11,01
2809;line;-;UP;Cannonball Adderley;-;-;-;-;-;-;9;5;2,2,2,1,2;11,11,11,1,11
2810;line;-;MEDIUM UP;Sonny Rollins;-;-;-;-;-;-;12;7;3,4,2,2,1,1,2;011,1101,11,01,1,1,11
2811;lick;-;MEDIUM UP;Sonny Rollins;-;-;-;-;-;-;14;6;4,1,4,2,2,2;1111,1,1111,11,11,01
2812;lick;-;UP;Gerry Mulligan;-;-;-;-;-;-;40;27;2,2,2,2,2,2,1,1,2,2,2,2,3,1,1,1,2,3,2,4,1,1,2,4,2,1,2;11,01,01,11,11,11,1,1,11,01,11,01,110,1,1,1,11,111,11,0001,1,1,01,1001,01,1,11
2813;line;-;MEDIUM UP;Eric Dolphy;-;-;-;-;-;-;8;3;4,2,4;1111,01,1011
2814;line;-;UP;Joe Lovano;-;-;-;-;-;-;17;7;4,2,2,2,6,2,1;1110,11,11,11,111101,11,1
2815;line;-;MEDIUM UP;Sonny Rollins;-;-;-;-;-;-;32;15;2,2,2,2,6,2,2,3,2,4,2,2,3,2,2;11,11,11,11,110101,01,11,111,11,1101,11,11,011,11,01
2816;line;-;MEDIUM UP;Charlie Parker;-;-;-;-;-;-;7;3;4,1,2;1111,1,11
2817;lick;-;UP;Nat Adderley;-;-;-;-;-;-;8;6;1,4,4,1,1,4;1,1001,0001,1,1,1001
2818;lick;-;UP;Dexter Gordon;-;-;-;-;-;-;22;12;2,2,4,2,2,2,2,2,2,4,4,1;11,11,0110,11,11,11,11,01,11,0001,1011,1
2819;lick;-;UP;John Coltrane;-;-;-;-;-;-;6;4;1,2,2,2;1,11,01,11
2820;lick;-;UP;Gerry Mulligan;-;-;-;-;-;-;62;34;1,1,1,2,2,4,2,2,1,1,2,2,4,2,1,3,2,2,2,2,4,1,2,2,3,3,2,1,2,2,2,2,2,2;1,1,1,01,11,1011,11,11,1,1,11,11,1011,11,1,111,11,11,11,11,1100,1,11,11,111,110,01,1,11,11,11,11,11,11
2821;lick;-;MEDIUM UP;Art Pepper;-;-;-;-;-;-;25;16;2,2,2,1,2,2,1,2,2,2,2,1,2,4,1,4;11,11,11,1,01,11,1,11,01,11,11,1,11,1001,1,0001
2822;lick;-;MEDIUM;Joshua Redman;-;-;-;-;-;-;6;3;2,2,2;11,11,11
2823;lick;-;UP;Pat Metheny;-;-;-;-;-;-;22;15;2,2,2,3,2,2,2,2,2,2,2,2,2,1,1;01,01,11,011,11,11,01,01,11,11,01,11,01,1,1
2824;lick;-;UP;Pat Metheny;-;-;-;-;-;-;58;40;2,2,2,2,2,4,2,2,2,2,1,1,1,1,2,1,1,1,4,2,4,2,2,2,4,2,3,2,2,2,1,1,1,2,2,3,1,1,1,1;11,11,01,01,11,0001,11,11,11,01,1,1,1,1,11,1,1,1,0001,01,0001,11,11,11,1011,11,111,01,01,11,1,1,1,01,11,011,1,1,1,1
2825;lick;-;MEDIUM UP;Miles Davis;-;-;-;-;-;-;8;6;1,1,1,4,8,2;1,1,1,0001,10000011,01
2826;lick;-;MEDIUM;Sonny Rollins;-;-;-;-;-;-;5;2;6,1;101011,1
2827;line;-;MEDIUM;Joshua Redman;-;-;-;-;-;-;40;19;4,4,4,4,4,4,4,3,3,1,1,1,1,1,1,1,1,1,1;1111,0111,1111,1111,0111,0111,1111,111,110,1,1,1,1,1,1,1,1,1,1
2828;lick;-;UP;John Coltrane;-;-;-;-;-;-;4;2;2,2;11,11
2829;lick;-;UP;Miles Davis;-;-;-;-;-;-;15;13;2,2,1,2,2,1,1,1,1,1,1,2,1;11,11,1,01,01,1,1,1,1,1,1,01,1
2830;line;-;UP;David Liebman;-;-;-;-;-;-;5;3;2,2,2;01,11,11
2831;line;-;UP;David Liebman;-;-;-;-;-;-;6;4;2,2,2,2;01,01,11,11
2832;line;-;MEDIUM;Eric Dolphy;-;-;-;-;-;-;37;10;8,6,4,5,4,6,3,6,1,3;10100111,101011,1111,11111,1111,111101,110,111101,1,011
2833;lick;-;MEDIUM;Sonny Rollins;-;-;-;-;-;-;6;6;1,1,1,1,1,1;1,1,1,1,1,1
2834;line;-;MEDIUM;John Coltrane;-;-;-;-;-;-;55;14;5,4,4,4,4,8,6,6,6,6,1,6,6,4;01111,1111,1001,1111,1111,00011011,101111,111111,111011,101111,1,011111,011011,0011
2835;line;-;UP;Paul Desmond;-;-;-;-;-;-;26;16;4,2,2,2,1,1,1,4,2,2,2,2,1,1,2,2;1001,11,11,11,1,1,1,1011,11,01,01,11,1,1,11,11
2836;line;-;MEDIUM;Joe Lovano;-;-;-;-;-;-;28;12;3,3,1,1,3,1,8,1,4,1,6,1,5;111,111,1,0,111,0,01111110,0,1111,0,011011,0,01111
2837;lick;-;MEDIUM UP;John Coltrane;-;-;-;-;-;-;17;10;4,1,4,1,1,4,2,1,2,4;1110,1,0001,1,1,1110,11,1,01,0111
2838;lick;-;UP;Chris Potter;-;-;-;-;-;-;2;2;2,4;01,0001
2839;lick;-;UP;John Coltrane;-;-;-;-;-;-;17;10;2,2,2,2,2,2,2,2,1,2;01,11,11,11,11,01,11,11,1,11
2840;line;-;UP;Art Pepper;-;-;-;-;-;-;6;3;2,4,2;11,0011,11
2841;lick;-;UP;Bob Berg;-;-;-;-;-;-;2;2;1,1;1,1
2842;lick;-;MEDIUM SLOW;Steve Coleman;-;-;-;-;-;-;8;2;4,4;1111,1111
2843;lick;-;UP;Bob Berg;-;-;-;-;-;-;5;3;2,3,1;01,111,1
2844;lick;-;MEDIUM;Stan Getz;-;-;-;-;-;-;16;8;2,3,3,3,2,2,4,4;11,111,111,111,01,01,0001,1001
2845;line;-;MEDIUM;Gerry Mulligan;-;-;-;-;-;-;25;11;1,4,6,4,4,1,2,2,2,2,2;1,1011,011011,1110,1011,1,11,11,11,11,11
2846;lick;-;UP;Woody Shaw;-;-;-;-;-;-;8;4;2,8,2,2;11,00000011,11,11
2847;lick;-;UP;J.J. Johnson;-;-;-;-;-;-;12;9;2,4,2,2,1,3,2,1,2;01,0001,11,11,1,011,01,1,01
2848;lick;-;UP;Red Garland;-;-;-;-;-;-;5;3;2,2,1;11,11,1
2849;lick;-;MEDIUM UP;Wayne Shorter;-;-;-;-;-;-;8;5;4,1,1,2,5;0001,1,1,01,10111
2850;line;-;UP;Charlie Parker;-;-;-;-;-;-;18;11;2,3,2,2,2,1,2,2,4,1,1;11,011,11,01,11,1,11,11,1001,1,1
2851;line;-;MEDIUM UP;John Coltrane;-;-;-;-;-;-;25;7;5,6,3,4,5,3,6;01111,100101,111,1111,11111,011,011011
2852;line;-;UP;Steve Coleman;-;-;-;-;-;-;17;10;2,2,2,2,2,2,2,2,2,2;01,11,11,11,11,11,01,11,01,11
2853;line;-;UP;John Coltrane;-;-;-;-;-;-;15;9;1,2,3,2,1,2,2,2,4;1,11,011,11,1,11,11,01,1100
2854;line;-;UP;Steve Turre;-;-;-;-;-;-;18;12;2,1,2,2,1,2,2,2,1,2,2,2;01,1,11,11,1,11,11,01,1,11,01,11
2855;lick;-;UP;Paul Desmond;-;-;-;-;-;-;17;11;2,1,1,2,4,4,2,2,2,2,2;01,1,1,11,1001,0001,11,01,11,11,11
2856;lick;-;UP;Miles Davis;-;-;-;-;-;-;5;4;2,2,2,1;01,11,01,1
2857;lick;-;UP;Sonny Rollins;-;-;-;-;-;-;22;16;6,1,1,1,1,4,2,2,1,1,1,4,2,2,2,1;100001,1,1,1,1,1001,11,01,1,1,1,1100,11,11,01,1
2858;lick;-;UP;Dexter Gordon;-;-;-;-;-;-;4;4;1,1,1,1;1,1,1,1
2859;lick;-;MEDIUM UP;Art Pepper;-;-;-;-;-;-;3;2;2,2;01,11
2860;line;-;UP;Charlie Parker;-;-;-;-;-;-;12;6;2,4,4,2,2,1;11,1011,1101,01,11,1
2861;line;-;MEDIUM;Steve Turre;-;-;-;-;-;-;45;19;5,3,2,5,2,4,6,5,4,1,8,4,6,3,1,2,3,4,6;01011,011,01,01111,11,0011,010001,10111,0110,1,00000011,0011,101101,111,1,11,011,0111,100101
2862;lick;-;MEDIUM UP;Cannonball Adderley;-;-;-;-;-;-;12;8;2,1,4,2,4,2,2,1;11,1,0001,11,1001,01,11,1
2863;lick;-;MEDIUM;Curtis Fuller;-;-;-;-;-;-;1;1;1;1
2864;line;-;MEDIUM UP;Cannonball Adderley;-;-;-;-;-;-;24;10;1,4,2,4,3,2,1,4,2,2;1,0111,11,1111,111,11,1,1111,11,11
2865;lick;-;UP;Chet Baker;-;-;-;-;-;-;19;14;1,2,1,2,1,4,2,3,2,2,2,2,2,2;1,11,1,01,1,1001,01,111,01,01,01,01,01,11
2866;line;-;MEDIUM;Miles Davis;-;-;-;-;-;-;8;4;5,4,2,2;01111,0001,11,01
2867;line;-;UP;John Coltrane;-;-;-;-;-;-;18;9;3,2,2,2,3,2,2,2,2;111,01,11,11,011,11,11,11,11
2868;lick;-;MEDIUM;Wayne Shorter;-;-;-;-;-;-;15;8;4,4,2,1,1,3,2,4;0011,0011,11,1,1,110,01,1111
2869;line;-;UP;Bob Berg;-;-;-;-;-;-;28;15;1,4,2,2,4,3,2,2,1,4,2,2,2,2,1;1,0001,11,11,1101,110,11,11,1,1111,11,11,11,01,1
2870;line;-;UP;Steve Lacy;-;-;-;-;-;-;62;32;4,4,2,2,2,2,2,2,2,2,2,2,2,2,2,2,2,2,2,2,1,2,2,6,1,1,3,1,3,4,2,2;0001,1011,11,11,11,11,11,11,11,11,01,11,11,11,11,11,11,11,11,11,1,11,11,110111,1,1,011,1,110,1100,11,11
2871;line;-;MEDIUM SLOW;Steve Coleman;-;-;-;-;-;-;38;13;4,4,4,4,4,4,3,4,4,4,4,4,4;1110,0001,1111,1111,1001,1101,111,0111,0001,1111,1111,0111,0111
2872;lick;-;MEDIUM;Lee Konitz;-;-;-;-;-;-;71;28;4,4,2,2,2,2,4,4,4,4,4,2,5,2,4,4,4,2,2,4,4,4,4,4,3,4,4,2;1111,0001,11,11,11,01,1001,0001,1011,0001,1111,11,10111,11,1111,1111,1111,11,11,1111,1111,0011,1001,0001,111,0111,1011,11
2873;line;-;UP;J.J. Johnson;-;-;-;-;-;-;14;9;1,2,1,2,2,4,2,2,2;1,11,1,01,11,1001,11,01,11
2874;lick;-;UP;Fats Navarro;-;-;-;-;-;-;61;34;1,2,1,2,2,2,2,2,1,1,1,1,1,3,2,4,2,4,2,2,2,2,2,4,2,2,2,2,5,5,3,4,2,1;1,01,1,11,01,01,01,11,1,1,1,1,1,111,01,0111,01,0011,01,11,11,11,11,1011,11,11,11,11,01111,11111,111,0011,01,1
2875;line;-;UP;John Coltrane;-;-;-;-;-;-;49;23;3,1,2,2,2,1,2,3,1,4,2,2,3,4,5,3,3,4,2,2,3,4,2;111,1,11,11,11,1,11,011,1,1111,01,11,011,1001,01111,111,011,1100,11,01,111,1110,11
2876;line;-;MEDIUM;Woody Shaw;-;-;-;-;-;-;26;7;8,4,3,4,4,4,6;11111111,1001,111,1100,1111,1100,111110
2877;lick;-;MEDIUM;Miles Davis;-;-;-;-;-;-;5;4;2,1,8,1;11,1,00000001,1
2878;lick;-;UP;John Coltrane;-;-;-;-;-;-;6;3;2,4,2;01,1011,11
2879;lick;-;UP;Steve Coleman;-;-;-;-;-;-;7;3;2,4,2;11,1011,11
2880;lick;-;UP;Dexter Gordon;-;-;-;-;-;-;20;14;4,2,1,2,1,2,4,2,4,2,2,1,1,2;0001,11,1,01,1,11,1011,11,0001,01,11,1,1,01
2881;line;-;MEDIUM;Miles Davis;-;-;-;-;-;-;9;4;4,6,2,2;0001,110111,01,11
2882;line;-;MEDIUM;Eric Dolphy;-;-;-;-;-;-;25;7;4,6,3,4,4,4,4;0111,011011,111,1111,1111,1110,1111
2883;lick;-;UP;Wynton Marsalis;-;-;-;-;-;-;7;5;2,1,2,1,1;11,1,11,1,1
2884;lick;-;UP;Pepper Adams;-;-;-;-;-;-;6;4;3,1,4,2;110,1,1001,01
2885;line;-;MEDIUM SLOW;Steve Lacy;-;-;-;-;-;-;17;7;4,2,3,3,4,2,3;1001,11,011,111,0111,11,111
2886;line;-;UP;Joe Lovano;-;-;-;-;-;-;30;13;2,3,1,3,2,4,4,4,2,2,4,2,3;11,111,1,111,11,1001,1101,1101,11,11,1101,11,110
2887;line;-;UP;Steve Coleman;-;-;-;-;-;-;11;6;2,1,4,2,2,3;01,1,0111,11,11,011
2888;line;-;MEDIUM;Pepper Adams;-;-;-;-;-;-;18;4;6,6,6,6;011100,111111,010111,011111
2889;line;-;MEDIUM UP;Paul Desmond;-;-;-;-;-;-;8;6;2,2,2,2,2,2;01,01,01,11,11,01
2890;lick;-;MEDIUM;Sonny Rollins;-;-;-;-;-;-;5;5;1,1,1,1,1;1,1,1,1,1
2891;lick;-;UP;David Liebman;-;-;-;-;-;-;7;5;4,2,1,1,1;0011,11,1,1,1
2892;lick;-;UP;Stan Getz;-;-;-;-;-;-;7;5;3,1,1,1,2;111,1,1,1,01
2893;line;-;MEDIUM;Kenny Wheeler;-;-;-;-;-;-;16;11;6,4,1,1,1,1,1,1,1,1,1;101101,0111,1,1,1,1,1,1,1,1,1
2894;line;-;UP;Charlie Parker;-;-;-;-;-;-;47;23;4,2,4,2,2,4,2,2,2,2,2,1,4,4,2,2,2,4,2,2,2,2,2;1011,11,0111,01,11,0111,11,11,11,01,11,1,0110,0011,11,11,11,1011,11,11,11,11,11
2895;lick;-;UP;Herbie Hancock;-;-;-;-;-;-;69;49;2,2,2,2,2,1,2,1,2,2,2,3,2,2,2,2,2,2,1,2,1,2,2,2,2,2,1,2,2,2,1,2,2,2,2,2,2,2,1,4,4,2,2,2,4,1,2,1,1;11,01,01,01,11,1,01,1,01,01,01,011,01,11,11,01,01,11,1,01,1,11,01,01,11,11,1,01,11,01,1,11,11,01,01,01,11,11,1,1101,0001,01,11,01,1101,1,11,1,1
2896;lick;-;MEDIUM UP;John Coltrane;-;-;-;-;-;-;12;7;2,4,1,2,6,2,2;01,0111,1,11,010101,01,01
2897;line;-;UP;Branford Marsalis;-;-;-;-;-;-;30;19;1,1,1,2,1,1,2,1,4,2,2,4,3,4,4,1,2,2,1;1,1,1,11,1,1,11,1,0011,11,11,0011,111,1011,0001,1,11,01,1
2898;lick;-;MEDIUM;Sonny Rollins;-;-;-;-;-;-;7;3;2,2,5;01,11,01111
2899;line;-;MEDIUM;Hank Mobley;-;-;-;-;-;-;12;5;4,3,3,4,4;0001,011,011,1111,0111
2900;lick;-;MEDIUM;Clifford Brown;-;-;-;-;-;-;12;6;3,4,4,2,2,6;011,0001,0001,11,11,101011
2901;line;-;UP;Fats Navarro;-;-;-;-;-;-;30;16;3,2,2,1,2,2,4,2,2,2,2,2,3,2,1,3;111,11,01,1,11,11,0110,11,11,01,11,11,111,11,1,011
2902;line;-;MEDIUM UP;John Coltrane;-;-;-;-;-;-;10;4;4,1,3,6;0110,1,111,011110
2903;line;-;UP;Joe Lovano;-;-;-;-;-;-;22;14;2,2,2,3,1,2,2,3,3,2,2,1,1,2;11,01,11,110,1,11,01,011,011,11,01,1,1,11
2904;line;-;UP;Steve Coleman;-;-;-;-;-;-;29;16;2,2,2,2,2,2,4,4,1,1,2,2,2,2,2,2;11,11,11,11,11,11,1111,0001,1,1,11,11,11,01,01,11
2905;line;-;MEDIUM UP;Kenny Wheeler;-;-;-;-;-;-;21;9;3,3,1,4,3,1,4,1,4;011,111,1,1111,111,1,1111,1,0110
2906;lick;-;UP;J.J. Johnson;-;-;-;-;-;-;18;13;2,4,1,2,2,2,1,2,2,2,2,1,2;01,0001,1,01,11,11,1,11,01,11,01,1,11
2907;lick;-;UP;Dizzy Gillespie;-;-;-;-;-;-;27;12;4,3,2,2,4,2,2,2,2,6,2,2;1110,111,11,11,1110,01,11,11,11,011110,01,11
2908;lick;-;MEDIUM SLOW;Joe Lovano;-;-;-;-;-;-;4;2;2,2;11,11
2909;lick;-;UP;Wynton Marsalis;-;-;-;-;-;-;36;25;4,2,1,2,2,2,1,1,1,2,1,1,1,4,2,1,4,4,1,1,1,4,2,2,1;1011,11,1,01,11,11,1,1,1,11,1,1,1,0001,11,1,0001,0001,1,1,1,1101,11,11,1
2910;lick;-;UP;Kenny Dorham;-;-;-;-;-;-;26;16;2,2,2,4,2,2,2,2,3,2,1,1,2,2,4,2;01,11,11,1110,11,01,11,01,111,11,1,1,01,11,0001,01
2911;lick;-;UP;Dexter Gordon;-;-;-;-;-;-;6;5;2,4,2,4,1;11,0001,01,0001,1
2912;lick;-;MEDIUM;Sonny Rollins;-;-;-;-;-;-;6;3;1,4,3;1,1001,111
2913;line;-;MEDIUM;Bob Berg;-;-;-;-;-;-;31;10;4,4,4,2,4,6,2,2,6,7;0111,1111,1001,11,1111,001111,01,01,101111,1011011
2914;lick;-;UP;Stan Getz;-;-;-;-;-;-;20;15;3,1,1,2,1,2,2,2,2,1,2,1,1,1,2;111,1,1,01,1,11,01,11,01,1,01,1,1,1,11
2915;lick;-;UP;John Coltrane;-;-;-;-;-;-;4;3;2,1,1;11,1,1
2916;line;-;UP;John Coltrane;-;-;-;-;-;-;2;1;2;11
2917;line;-;UP;John Coltrane;-;-;-;-;-;-;11;5;2,2,4,3,2;11,11,1011,011,11
2918;lick;-;UP;Michael Brecker;-;-;-;-;-;-;8;5;2,2,1,2,4;11,01,1,11,1001
2919;lick;-;MEDIUM;Woody Shaw;-;-;-;-;-;-;2;2;1,2;1,01
2920;line;-;MEDIUM;John Coltrane;-;-;-;-;-;-;11;3;6,1,6;111011,1,011111
2921;lick;-;MEDIUM;J.J. Johnson;-;-;-;-;-;-;13;6;2,2,2,3,2,4;11,01,11,111,11,1011
2922;line;-;UP;Joe Lovano;-;-;-;-;-;-;20;11;1,1,2,2,1,2,2,4,2,2,2;1,1,01,11,1,11,11,1111,11,11,11
2923;lick;-;MEDIUM UP;Woody Shaw;-;-;-;-;-;-;3;2;2,1;11,1
2924;lick;-;UP;Dexter Gordon;-;-;-;-;-;-;11;9;1,1,1,4,2,1,1,2,2;1,1,1,0001,11,1,1,01,11
2925;line;-;MEDIUM;Bob Berg;-;-;-;-;-;-;17;8;4,4,6,3,2,1,2,4;0011,1101,000001,111,11,1,11,0111
2926;lick;-;UP;Art Pepper;-;-;-;-;-;-;4;2;3,1;111,1
2927;lick;-;UP;Dizzy Gillespie;-;-;-;-;-;-;37;19;1,1,2,4,6,2,1,2,1,3,4,4,2,2,2,2,2,1,2;1,1,11,0111,111011,11,1,11,1,111,0011,0011,01,11,11,11,11,1,11
2928;line;-;UP;Miles Davis;-;-;-;-;-;-;21;11;2,2,1,3,2,2,2,3,2,2,2;11,11,1,011,11,11,11,011,11,11,11
2929;lick;-;MEDIUM;Sonny Rollins;-;-;-;-;-;-;3;3;1,1,1;1,1,1
2930;line;-;MEDIUM;Bob Berg;-;-;-;-;-;-;11;5;1,2,2,4,4;1,11,01,1111,0111
2931;line;-;UP;John Coltrane;-;-;-;-;-;-;13;7;2,2,2,2,2,2,3;11,11,01,11,11,01,111
2932;lick;-;UP;Sonny Rollins;-;-;-;-;-;-;13;6;1,4,3,2,2,3;1,0111,111,11,01,111
2933;line;-;MEDIUM;Joshua Redman;-;-;-;-;-;-;31;10;3,3,3,3,4,5,4,3,3,3;110,111,111,111,1111,10111,1101,111,111,111
2934;lick;-;UP;Gerry Mulligan;-;-;-;-;-;-;7;4;1,2,2,2;1,11,11,11
2935;lick;-;MEDIUM;Branford Marsalis;-;-;-;-;-;-;29;19;2,4,4,4,6,1,4,4,1,1,1,1,2,1,2,2,1,4,4;01,0111,1001,1001,010011,1,0001,0001,1,1,1,1,01,1,01,01,1,1110,1011
2936;lick;-;UP;Hank Mobley;-;-;-;-;-;-;22;14;1,4,4,1,2,2,2,1,1,1,2,2,2,3;1,1011,0001,1,11,11,01,1,1,1,01,11,11,111
2937;line;-;MEDIUM UP;Wayne Shorter;-;-;-;-;-;-;7;4;2,1,2,3;11,1,11,110
2938;line;-;UP;Hank Mobley;-;-;-;-;-;-;13;9;1,3,4,1,2,1,1,1,1;1,011,1011,1,11,1,1,1,1
2939;line;-;UP;Michael Brecker;-;-;-;-;-;-;57;24;2,3,4,6,3,2,2,4,4,2,2,2,2,2,2,2,4,4,2,2,2,1,4,2;11,111,1011,111011,011,11,11,1100,0111,11,11,11,11,11,11,11,1111,1111,11,01,01,1,1111,11
2940;lick;-;UP;John Coltrane;-;-;-;-;-;-;27;18;1,4,1,2,3,2,2,2,1,2,4,1,1,3,6,4,1,4;1,0110,1,11,011,01,11,11,1,11,0011,1,1,011,100001,0001,1,0001
2941;line;-;UP;Sonny Rollins;-;-;-;-;-;-;29;14;1,2,2,4,4,2,2,2,2,1,2,2,2,2;1,11,11,1111,1011,11,11,11,11,1,11,11,11,11
2942;line;-;UP;John Coltrane;-;-;-;-;-;-;16;9;4,2,2,2,2,2,2,2,2;1001,11,11,11,11,11,01,01,11
2943;line;-;UP;David Liebman;-;-;-;-;-;-;25;18;1,1,2,2,1,1,2,1,2,2,1,2,1,1,1,2,2,2;1,1,11,11,1,1,11,1,01,11,1,01,1,1,1,11,11,11
2944;lick;-;UP;Michael Brecker;-;-;-;-;-;-;21;11;2,4,4,2,2,2,1,3,2,2,2;01,1111,0001,11,11,11,1,111,11,11,01
2945;lick;-;MEDIUM UP;Hank Mobley;-;-;-;-;-;-;14;7;1,2,3,4,2,2,4;1,11,110,0110,11,11,0111
2946;lick;-;MEDIUM SLOW;Michael Brecker;-;-;-;-;-;-;11;3;3,5,4;111,01111,1111
2947;lick;-;MEDIUM UP;Cannonball Adderley;-;-;-;-;-;-;21;13;6,1,4,6,1,4,2,6,1,4,4,2,2;000001,1,1001,100011,1,1001,11,000001,1,1001,1001,01,11
2948;lick;-;UP;David Liebman;-;-;-;-;-;-;6;5;2,4,2,2,2;01,0001,01,11,01
2949;lick;-;UP;Pat Metheny;-;-;-;-;-;-;19;10;2,2,2,2,2,3,2,2,4,4;11,01,11,11,01,111,11,01,1011,1001
2950;line;-;UP;Joe Henderson;-;-;-;-;-;-;30;20;2,1,1,2,2,2,2,1,1,1,2,2,4,4,2,1,2,2,2,1;11,1,1,11,01,11,11,1,1,1,11,01,1001,0110,01,1,11,11,11,1
2951;lick;-;UP;John Coltrane;-;-;-;-;-;-;8;4;3,2,2,2;011,11,11,11
2952;line;-;MEDIUM;Milt Jackson;-;-;-;-;-;-;23;8;4,4,4,4,3,4,1,4;1111,0111,0111,1110,111,1001,1,1111
2953;line;-;UP;John Coltrane;-;-;-;-;-;-;19;9;3,2,2,3,3,3,2,2,4;011,11,11,011,011,011,11,11,1101
2954;line;-;MEDIUM;Miles Davis;-;-;-;-;-;-;17;7;4,2,4,4,2,1,4;1100,11,1111,1111,11,1,1001
2955;line;-;UP;John Coltrane;-;-;-;-;-;-;16;8;2,3,2,4,3,2,1,2;01,011,11,1111,011,11,1,11
2956;line;-;UP;Lee Konitz;-;-;-;-;-;-;42;22;2,2,2,2,1,1,3,2,1,2,2,2,2,2,5,2,2,4,3,3,2,2;11,11,11,11,1,1,111,11,1,11,11,11,11,11,01001,11,11,0001,111,111,11,01
2957;line;-;MEDIUM UP;Bob Berg;-;-;-;-;-;-;46;14;4,4,4,4,4,4,3,4,4,4,4,4,1,3;1110,1111,0111,1111,1111,1111,111,1111,1111,1011,1001,1111,1,111
2958;lick;-;UP;Kai Winding;-;-;-;-;-;-;5;4;2,2,2,2;01,01,11,01
2959;lick;-;MEDIUM;Steve Lacy;-;-;-;-;-;-;23;15;2,2,2,1,2,4,2,1,2,2,2,7,2,1,1;01,01,11,1,01,1111,11,1,11,01,11,0001001,01,1,1
2960;lick;-;UP;Steve Coleman;-;-;-;-;-;-;18;10;2,1,2,2,4,4,2,1,4,2;11,1,01,11,1011,1011,01,1,1001,11
2961;lick;-;UP;Branford Marsalis;-;-;-;-;-;-;38;22;2,2,2,2,2,2,2,2,2,2,2,2,2,2,2,1,2,2,2,2,2,2;01,11,11,01,11,11,01,11,11,01,11,11,11,01,11,1,11,11,11,11,11,11
2962;line;-;UP;Michael Brecker;-;-;-;-;-;-;47;21;4,2,2,3,2,2,1,1,2,2,3,2,1,4,4,3,2,3,3,4,4;1011,01,11,111,11,11,1,1,11,11,111,01,1,1001,1011,111,11,111,011,1111,1111
2963;lick;-;UP;Joe Lovano;-;-;-;-;-;-;5;2;2,3;11,111
2964;lick;-;MEDIUM;Eric Dolphy;-;-;-;-;-;-;8;2;6,4;011011,1111
2965;lick;-;MEDIUM UP;Cannonball Adderley;-;-;-;-;-;-;11;7;4,3,1,2,2,1,4;0001,110,1,11,01,1,1110
2966;lick;-;UP;John Abercrombie;-;-;-;-;-;-;4;3;1,4,1;1,0110,1
2967;lick;-;UP;John Coltrane;-;-;-;-;-;-;15;7;2,2,2,6,2,2,4;11,11,11,010001,11,11,1101
2968;lick;-;UP;Steve Coleman;-;-;-;-;-;-;50;29;2,2,1,1,2,2,2,2,3,2,2,2,1,1,4,2,4,4,2,2,1,2,1,1,1,2,2,2,2;11,11,1,1,11,11,11,11,111,11,11,11,1,1,1011,11,1101,0001,11,11,1,11,1,1,1,11,01,01,11
2969;line;-;MEDIUM UP;Charlie Parker;-;-;-;-;-;-;6;3;4,2,4;1100,11,1001
2970;lick;-;UP;Bob Berg;-;-;-;-;-;-;5;2;2,3;11,111
2971;lick;-;MEDIUM;Zoot Sims;-;-;-;-;-;-;13;8;6,1,2,2,6,1,4,1;001001,1,11,11,010001,1,1001,1
2972;line;-;MEDIUM;Joshua Redman;-;-;-;-;-;-;26;6;6,8,6,4,6,4;011101,01010111,101111,1111,011101,1111
2973;lick;-;UP;Herbie Hancock;-;-;-;-;-;-;65;49;2,1,2,2,1,2,1,1,3,1,1,3,2,1,2,2,2,2,2,2,2,2,3,2,1,4,2,2,1,4,4,2,1,2,2,1,2,2,3,2,1,2,2,1,2,1,2,2,1;01,1,01,11,1,11,1,1,011,1,1,011,11,1,01,01,11,11,11,01,01,11,011,01,1,1101,01,01,1,0001,0001,01,1,01,01,1,01,01,011,01,1,11,01,1,01,1,11,11,1
2974;line;-;MEDIUM UP;Wayne Shorter;-;-;-;-;-;-;8;5;4,2,1,2,1;0110,11,1,11,1
2975;line;-;UP;Joe Henderson;-;-;-;-;-;-;17;7;2,2,4,4,2,2,2;11,11,1111,1011,11,11,11
2976;line;-;MEDIUM;Sonny Rollins;-;-;-;-;-;-;24;7;4,4,6,3,6,3,3;0111,1111,100111,111,101011,111,111
2977;lick;-;UP;John Coltrane;-;-;-;-;-;-;5;3;1,2,3;1,11,110
2978;line;-;UP;Michael Brecker;-;-;-;-;-;-;70;33;3,2,1,2,2,2,2,3,3,4,3,3,2,2,2,2,2,2,2,2,2,4,4,1,1,3,2,2,4,1,2,2,4;011,11,1,11,11,11,01,111,011,1011,111,011,11,11,11,11,11,11,11,11,11,0001,1111,1,1,111,11,11,1111,1,11,11,1111
2979;lick;-;UP;Miles Davis;-;-;-;-;-;-;11;8;1,1,2,2,2,2,2,1;1,1,11,11,01,01,11,1
2980;line;-;UP;John Coltrane;-;-;-;-;-;-;63;36;4,2,4,2,3,2,2,1,2,2,2,3,2,3,2,3,3,1,2,3,2,2,2,2,2,2,2,1,2,2,1,4,2,2,3,2;1100,11,0011,01,111,11,11,1,11,01,11,110,11,110,11,011,111,1,01,111,11,11,01,11,01,11,11,1,11,11,1,0001,11,01,110,01
2981;line;-;MEDIUM UP;Wayne Shorter;-;-;-;-;-;-;15;5;6,2,2,4,6;011101,11,11,0111,101011
2982;lick;-;MEDIUM;Milt Jackson;-;-;-;-;-;-;19;9;2,2,4,2,3,4,3,2,3;01,11,1101,11,111,0001,111,01,111
2983;lick;-;UP;John Coltrane;-;-;-;-;-;-;11;5;3,3,4,4,2;110,011,1101,1001,11
2984;lick;-;MEDIUM UP;Art Pepper;-;-;-;-;-;-;4;3;2,1,1;11,1,1
2985;lick;-;UP;Cannonball Adderley;-;-;-;-;-;-;21;13;4,2,2,2,2,2,2,1,3,2,6,2,2;0001,11,11,01,11,01,01,1,111,01,010111,01,01
2986;line;-;UP;Woody Shaw;-;-;-;-;-;-;41;25;1,4,2,2,1,4,3,2,2,2,2,1,2,3,3,2,2,2,2,2,2,4,2,1,2;1,1001,11,01,1,0001,111,11,11,11,01,1,11,011,011,11,01,11,11,11,01,0001,11,1,11
2987;lick;-;MEDIUM SLOW;Michael Brecker;-;-;-;-;-;-;4;3;2,4,1;01,0011,1
2988;line;-;UP;Bob Berg;-;-;-;-;-;-;21;10;2,2,2,4,2,2,2,2,3,2;11,11,11,1101,11,11,11,01,111,11
2989;lick;-;MEDIUM;Steve Lacy;-;-;-;-;-;-;11;8;7,2,1,1,2,2,2,2;0010001,01,1,1,11,01,01,11
2990;lick;-;MEDIUM;Dexter Gordon;-;-;-;-;-;-;4;3;1,1,2;1,1,11
2991;line;-;UP;John Coltrane;-;-;-;-;-;-;6;4;1,2,3,2;1,11,011,01
2992;lick;-;MEDIUM UP;Don Ellis;-;-;-;-;-;-;18;9;4,2,4,2,2,4,2,2,3;0011,11,1001,11,01,0111,11,11,110
2993;line;-;UP;Lee Konitz;-;-;-;-;-;-;23;14;2,2,2,1,2,2,2,1,1,1,4,2,4,2;11,11,11,1,11,11,11,1,1,1,0011,01,0110,11
2994;line;-;UP;Bob Berg;-;-;-;-;-;-;33;17;2,2,2,2,2,2,2,2,2,2,2,2,2,2,2,2,2;11,11,11,11,11,01,11,11,11,11,11,11,11,11,11,11,11
2995;lick;-;UP;Pat Metheny;-;-;-;-;-;-;17;11;2,2,2,1,4,4,3,2,2,2,2;11,01,11,1,1001,1001,011,11,01,01,01
2996;lick;-;UP;David Liebman;-;-;-;-;-;-;13;7;4,4,2,2,2,2,4;0001,1001,11,01,11,11,1011
2997;line;-;UP;Wynton Marsalis;-;-;-;-;-;-;85;47;3,4,1,1,2,1,1,1,4,2,2,1,4,2,3,1,4,2,2,3,2,2,2,2,2,2,2,2,4,1,4,2,2,4,4,2,2,2,2,2,2,2,2,4,2,2,1;111,0001,1,1,11,1,1,1,0001,11,01,1,1101,11,111,1,1001,11,01,111,11,01,11,11,01,01,11,11,0110,1,1110,11,01,1011,1011,01,11,11,11,11,11,11,11,1111,11,11,1
2998;lick;-;MEDIUM;Sonny Rollins;-;-;-;-;-;-;8;3;2,4,4;11,1001,1111
2999;line;-;UP;Wynton Marsalis;-;-;-;-;-;-;48;33;2,4,2,1,2,2,2,3,2,1,1,1,1,1,2,2,1,1,1,2,1,1,1,2,1,2,2,2,2,3,2,2,4;01,0111,11,1,01,11,11,011,11,1,1,1,1,1,01,01,1,1,1,11,1,1,1,11,1,11,01,01,11,011,11,11,0110
3000;lick;-;UP;Phil Woods;-;-;-;-;-;-;23;12;3,4,1,4,2,3,2,2,2,2,2,2;011,1011,1,1011,01,011,11,11,11,11,01,11
3001;line;-;UP;Chet Baker;-;-;-;-;-;-;58;30;4,2,2,2,2,4,2,2,2,1,1,1,2,2,2,2,2,2,2,2,2,2,2,2,2,1,2,2,2,2;1011,11,11,11,11,1011,11,11,11,1,1,1,11,11,11,11,11,11,11,11,11,11,11,11,11,1,11,11,11,11
3002;line;-;MEDIUM UP;John Coltrane;-;-;-;-;-;-;62;21;4,3,4,4,4,6,4,6,4,4,4,4,4,4,4,4,3,1,4,6,4;0111,111,0001,0111,1111,001011,1111,111111,0001,1100,0011,1101,1100,1111,1111,1110,111,1,0111,011011,0111
3003;lick;-;MEDIUM UP;Charlie Parker;-;-;-;-;-;-;16;6;2,4,6,6,2,2;11,1011,010001,110111,11,11
3004;line;-;MEDIUM UP;Cannonball Adderley;-;-;-;-;-;-;36;15;6,2,1,1,2,2,2,4,3,4,6,4,1,6,2;111111,11,1,1,01,11,01,0001,011,1111,100011,1111,1,111101,11
3005;lick;-;MEDIUM;Wayne Shorter;-;-;-;-;-;-;12;7;2,2,2,1,2,5,2;11,01,01,1,01,11111,01
3006;line;-;MEDIUM;Cannonball Adderley;-;-;-;-;-;-;11;6;3,1,3,1,1,3;111,1,111,1,1,110
3007;lick;-;UP;John Coltrane;-;-;-;-;-;-;3;2;4,1;1001,1
3008;line;-;UP;Eric Dolphy;-;-;-;-;-;-;26;10;4,4,2,4,1,4,2,4,2,4;0111,1101,11,1101,1,1011,11,0111,11,1111
3009;line;-;UP;John Coltrane;-;-;-;-;-;-;58;28;4,2,2,2,2,3,2,3,2,2,2,2,2,2,1,4,2,2,1,3,3,4,2,2,2,6,2,2;1100,11,11,11,11,111,11,111,11,01,11,11,11,11,1,1011,11,01,1,011,011,1011,11,11,11,001111,11,11
3010;line;-;MEDIUM;Milt Jackson;-;-;-;-;-;-;18;9;2,3,3,4,4,2,2,1,4;11,111,011,0011,1100,11,01,1,0111
3011;line;-;MEDIUM;John Coltrane;-;-;-;-;-;-;37;9;4,2,5,4,8,7,8,5,3;1111,01,11111,1100,01101011,1111111,10101011,11111,111
3012;lick;-;MEDIUM;Charlie Parker;-;-;-;-;-;-;4;2;4,8;0110,01000001
3013;lick;-;MEDIUM UP;Woody Shaw;-;-;-;-;-;-;3;3;2,2,1;01,01,1
3014;line;-;UP;Steve Coleman;-;-;-;-;-;-;19;8;2,4,4,4,3,2,2,4;11,1001,1110,1111,111,11,11,0001
3015;lick;-;MEDIUM UP;Cannonball Adderley;-;-;-;-;-;-;9;4;2,4,2,4;11,1001,11,1101
3016;lick;-;MEDIUM SLOW;Joe Lovano;-;-;-;-;-;-;4;2;4,2;0111,01
3017;line;-;UP;Stan Getz;-;-;-;-;-;-;27;13;3,4,3,2,2,2,2,2,2,2,2,3,4;111,1001,110,11,11,01,11,11,11,11,11,111,1001
3018;lick;-;MEDIUM;Dexter Gordon;-;-;-;-;-;-;10;4;8,3,3,2;01010101,011,011,11
3019;line;-;MEDIUM UP;Miles Davis;-;-;-;-;-;-;8;4;2,2,4,2;11,01,0111,11
3020;line;-;MEDIUM;Wayne Shorter;-;-;-;-;-;-;11;5;1,4,1,4,2;1,0111,1,1111,11
3021;lick;-;UP;John Coltrane;-;-;-;-;-;-;5;4;2,1,2,1;11,1,01,1
3022;line;-;UP;Wynton Marsalis;-;-;-;-;-;-;12;6;2,1,1,5,3,2;01,1,1,01111,111,11
3023;line;-;UP;Stan Getz;-;-;-;-;-;-;35;19;2,2,2,2,2,2,2,2,3,2,2,2,2,2,4,2,2,2,2;11,11,11,11,01,11,11,01,011,11,11,11,11,11,1001,11,11,01,11
3024;lick;-;MEDIUM;Phil Woods;-;-;-;-;-;-;19;12;2,1,1,4,1,2,4,1,3,1,1,3;11,1,1,1101,1,01,1001,1,111,1,1,110
3025;lick;-;MEDIUM;Bob Berg;-;-;-;-;-;-;14;6;1,2,3,3,4,5;1,11,011,111,1001,01111
3026;lick;-;UP;Joe Lovano;-;-;-;-;-;-;12;10;2,1,1,1,2,2,1,1,1,4;01,1,1,1,11,01,1,1,1,1001
3027;lick;-;UP;J.J. Johnson;-;-;-;-;-;-;7;6;1,1,2,1,2,2;1,1,01,1,11,01
3028;line;-;MEDIUM;Pepper Adams;-;-;-;-;-;-;11;4;6,4,4,4;010111,0011,0111,0011
3029;line;-;UP;Warne Marsh;-;-;-;-;-;-;29;16;2,4,3,1,3,2,2,2,2,2,2,2,2,2,2,2;11,0001,111,1,011,01,11,11,11,11,11,01,11,11,11,11
3030;line;-;MEDIUM;Steve Turre;-;-;-;-;-;-;40;15;1,4,3,4,3,4,4,6,3,1,8,6,4,6,2;1,0111,111,1111,011,0110,1111,010001,111,1,00101001,100101,1111,010101,11
3031;line;-;MEDIUM SLOW;Steve Coleman;-;-;-;-;-;-;26;8;4,10,4,4,4,4,3,4;1111,1001010011,1110,0111,0001,1110,111,1111
3032;lick;-;UP;David Liebman;-;-;-;-;-;-;13;8;2,2,2,2,2,2,2,2;01,11,01,11,11,11,01,11
3033;lick;-;UP;Steve Coleman;-;-;-;-;-;-;10;8;2,2,1,1,1,1,4,2;01,11,1,1,1,1,0001,11
3034;lick;-;MEDIUM UP;Eric Dolphy;-;-;-;-;-;-;20;11;1,4,6,1,4,4,1,1,2,1,1;1,1001,101111,1,1011,1101,1,1,01,1,1
3035;lick;-;UP;Michael Brecker;-;-;-;-;-;-;11;8;2,2,4,1,2,2,2,2;11,01,1001,1,01,01,01,11
3036;lick;-;MEDIUM;Freddie Hubbard;-;-;-;-;-;-;11;7;2,2,2,2,4,4,1;11,01,11,11,0001,0011,1
3037;lick;-;MEDIUM UP;David Liebman;-;-;-;-;-;-;6;2;6,2;101011,11
3038;lick;-;MEDIUM UP;Don Ellis;-;-;-;-;-;-;14;8;2,4,4,2,2,2,2,3;01,1011,0011,11,01,01,11,110
3039;lick;-;UP;Stan Getz;-;-;-;-;-;-;6;5;1,2,2,2,2;1,01,11,01,01
3040;line;-;UP;Chris Potter;-;-;-;-;-;-;32;18;2,2,2,2,2,4,2,2,2,2,3,4,2,2,2,2,3,2;11,01,11,11,11,0001,11,11,11,11,111,0001,01,11,11,11,011,01
3041;line;-;MEDIUM;Pepper Adams;-;-;-;-;-;-;11;3;4,5,5;0011,11111,11101
3042;lick;-;UP;Zoot Sims;-;-;-;-;-;-;10;7;1,2,2,2,1,2,1;1,11,11,01,1,11,1
3043;line;-;MEDIUM UP;Cannonball Adderley;-;-;-;-;-;-;13;7;4,2,2,2,2,1,2;1001,11,11,11,11,1,11
3044;lick;-;UP;Zoot Sims;-;-;-;-;-;-;9;7;2,2,3,2,1,2,1;11,01,110,01,1,01,1
3045;line;-;UP;Michael Brecker;-;-;-;-;-;-;77;38;2,2,2,2,2,4,2,2,2,2,3,2,2,2,2,2,2,2,2,2,2,2,2,2,2,1,5,3,2,2,2,2,2,4,6,4,2,2;11,11,11,11,01,0111,01,11,11,01,110,11,11,11,11,11,11,11,11,11,11,11,11,01,01,1,10111,011,11,01,11,11,11,0011,111011,1111,11,11
3046;lick;-;MEDIUM;Pat Metheny;-;-;-;-;-;-;18;8;1,2,3,1,6,4,4,4;1,11,110,1,011101,0111,1100,0111
3047;line;-;UP;Art Pepper;-;-;-;-;-;-;20;10;2,2,2,2,2,4,4,2,4,2;11,01,11,01,11,0111,0111,11,0011,11
3048;lick;-;UP;John Coltrane;-;-;-;-;-;-;22;17;4,1,2,1,1,2,1,2,2,1,2,1,2,2,4,2,2;0001,1,11,1,1,11,1,11,01,1,01,1,11,01,0001,01,11
3049;lick;-;UP;Miles Davis;-;-;-;-;-;-;9;6;2,1,1,1,2,2;11,1,1,1,11,11
3050;line;-;UP;Dexter Gordon;-;-;-;-;-;-;11;6;4,4,2,2,1,2;0111,0001,11,11,1,11
3051;lick;-;MEDIUM;Woody Shaw;-;-;-;-;-;-;21;10;6,4,2,2,2,2,1,1,4,6;000011,0001,11,11,11,01,1,1,0111,111111
3052;lick;-;UP;Charlie Parker;-;-;-;-;-;-;6;4;8,2,3,2;00000011,01,110,01
3053;line;-;UP;Bob Berg;-;-;-;-;-;-;12;6;2,2,4,3,2,2;11,11,1011,110,01,11
3054;lick;-;UP;John Coltrane;-;-;-;-;-;-;1;1;2;01
3055;line;-;MEDIUM;Charlie Parker;-;-;-;-;-;-;8;4;2,2,2,4;11,11,11,0011
3056;lick;-;MEDIUM;Joshua Redman;-;-;-;-;-;-;13;7;2,1,2,1,3,2,2;11,1,11,1,111,11,11
3057;lick;-;MEDIUM;Paul Desmond;-;-;-;-;-;-;29;11;4,3,1,6,2,4,1,4,4,4,6;0001,111,1,010111,11,1111,1,0110,1111,0111,111100
3058;line;-;UP;Joe Lovano;-;-;-;-;-;-;31;14;4,1,4,3,2,2,2,2,2,2,4,2,3,3;1111,1,1111,011,11,11,11,11,11,01,1101,11,011,011
3059;lick;-;UP;John Coltrane;-;-;-;-;-;-;25;13;4,4,2,3,2,4,1,3,3,5,2,1,2;1011,0110,01,111,01,1101,1,111,011,00011,01,1,11
3060;lick;-;MEDIUM UP;Wayne Shorter;-;-;-;-;-;-;20;12;3,3,2,1,2,1,2,4,1,1,2,1;111,111,11,1,11,1,01,1100,1,1,11,1
3061;lick;-;UP;Pepper Adams;-;-;-;-;-;-;7;4;2,2,4,2;01,11,1101,01
3062;line;-;UP;Wayne Shorter;-;-;-;-;-;-;13;7;2,2,4,2,2,2,2;11,11,1001,01,11,11,11
3063;line;-;UP;Eric Dolphy;-;-;-;-;-;-;59;26;2,2,4,2,1,2,2,2,2,2,2,4,2,4,4,4,4,3,4,3,3,2,4,4,2,1;11,11,0111,11,1,11,11,11,01,11,01,1101,11,0111,0011,0011,1011,011,1011,111,111,11,1111,1111,11,1
3064;line;-;UP;Bob Berg;-;-;-;-;-;-;12;6;2,2,2,2,2,2;11,11,11,11,11,11
3065;lick;-;UP;Michael Brecker;-;-;-;-;-;-;9;6;1,4,2,2,2,4;1,0011,01,01,11,0011
3066;lick;-;MEDIUM UP;Joe Henderson;-;-;-;-;-;-;5;3;2,4,1;01,1101,1
3067;lick;-;MEDIUM UP;Chet Baker;-;-;-;-;-;-;2;1;2;11
3068;lick;-;UP;Paul Desmond;-;-;-;-;-;-;18;14;1,1,4,4,2,1,1,1,1,1,2,2,2,2;1,1,0001,1011,01,1,1,1,1,1,01,01,11,11
3069;line;-;MEDIUM SLOW;Steve Coleman;-;-;-;-;-;-;51;16;2,4,8,2,4,4,4,4,4,4,8,6,4,4,4,4;11,0111,10110011,11,1110,1111,0011,0001,1111,1111,10110011,001001,1110,1111,0111,1111
3070;lick;-;MEDIUM UP;Kenny Dorham;-;-;-;-;-;-;15;8;2,2,2,2,3,1,4,2;11,11,11,11,110,1,1001,11
3071;lick;-;MEDIUM UP;Kenny Dorham;-;-;-;-;-;-;7;4;2,2,4,1;11,11,0110,1
3072;line;-;UP;John Coltrane;-;-;-;-;-;-;51;24;3,2,4,3,4,2,2,1,3,3,4,4,1,4,1,4,3,3,2,4,2,2,2,2;011,01,1011,011,0011,11,11,1,011,011,1011,1011,1,1101,1,1101,111,111,11,1011,01,11,11,11
3073;lick;-;UP;Woody Shaw;-;-;-;-;-;-;6;3;3,4,3;011,0011,011
3074;lick;-;UP;Art Pepper;-;-;-;-;-;-;5;3;4,2,1;1001,11,1
3075;lick;-;MEDIUM SLOW;Steve Coleman;-;-;-;-;-;-;6;3;4,1,2;0111,1,11
3076;line;-;MEDIUM UP;Freddie Hubbard;-;-;-;-;-;-;8;4;2,2,2,2;11,11,11,11
3077;line;-;UP;John Coltrane;-;-;-;-;-;-;7;4;2,1,1,4;11,1,1,0111
3078;lick;-;MEDIUM;J.J. Johnson;-;-;-;-;-;-;6;3;2,3,2;11,111,01
3079;lick;-;MEDIUM SLOW;Joe Lovano;-;-;-;-;-;-;3;2;2,2;11,01
3080;lick;-;MEDIUM SLOW;Steve Lacy;-;-;-;-;-;-;4;3;2,1,3;01,1,011
3081;lick;-;MEDIUM UP;Don Ellis;-;-;-;-;-;-;4;2;4,2;1001,11
3082;lick;-;UP;Pat Metheny;-;-;-;-;-;-;27;16;3,2,2,2,2,2,2,2,1,2,2,2,1,1,2,2;111,11,11,01,01,11,11,11,1,11,01,11,1,1,11,11
3083;line;-;UP;Lee Konitz;-;-;-;-;-;-;25;14;4,3,2,2,2,2,1,2,2,2,2,4,2,2;0001,011,11,11,11,01,1,11,11,11,01,0111,11,11
3084;lick;-;UP;Dizzy Gillespie;-;-;-;-;-;-;10;5;3,2,3,4,2;011,11,011,1001,11
3085;lick;-;MEDIUM SLOW;Michael Brecker;-;-;-;-;-;-;13;5;2,6,8,2,4;01,000111,11010011,01,0111
3086;line;-;UP;Michael Brecker;-;-;-;-;-;-;46;21;2,2,1,1,2,2,4,1,4,2,4,3,2,2,2,2,2,6,6,3,4;11,11,1,1,11,01,0001,1,1011,11,1001,111,11,11,11,11,11,111011,011011,111,0111
3087;lick;-;MEDIUM SLOW;Michael Brecker;-;-;-;-;-;-;8;3;4,4,6;0110,0110,001111
3088;lick;-;MEDIUM UP;Miles Davis;-;-;-;-;-;-;22;16;2,2,6,2,2,1,4,2,2,1,4,1,1,2,2,1;11,01,010001,01,11,1,0001,11,01,1,0001,1,1,11,11,1
3089;lick;-;MEDIUM UP;Art Pepper;-;-;-;-;-;-;9;4;1,2,4,2;1,11,1111,11
3090;lick;-;MEDIUM UP;Bob Berg;-;-;-;-;-;-;5;3;1,2,4;1,11,0110
3091;lick;-;MEDIUM;Freddie Hubbard;-;-;-;-;-;-;20;8;3,4,6,8,4,4,3,4;111,1111,010001,00000011,0001,0111,111,0011
3092;line;-;MEDIUM;Sonny Rollins;-;-;-;-;-;-;26;8;4,2,6,4,4,4,4,6;1111,11,010111,1111,1111,1100,0011,011101
3093;lick;-;MEDIUM SLOW;Steve Lacy;-;-;-;-;-;-;10;4;4,4,5,3;0111,0011,01011,011
3094;lick;-;MEDIUM SLOW;Joe Lovano;-;-;-;-;-;-;9;5;1,10,2,3,3;1,0000011001,01,011,011
3095;line;-;MEDIUM UP;Milt Jackson;-;-;-;-;-;-;62;30;1,4,2,2,2,2,2,1,4,2,3,4,2,2,3,2,2,2,2,3,2,2,2,1,4,6,2,2,2,2;1,0001,11,11,11,11,11,1,0011,11,111,0111,11,11,111,11,11,11,11,111,11,11,11,1,1110,010011,11,11,11,11
3096;lick;-;MEDIUM UP;Paul Desmond;-;-;-;-;-;-;6;5;1,2,4,1,2;1,01,0011,1,01
3097;lick;-;UP;David Liebman;-;-;-;-;-;-;3;3;2,1,1;01,1,1
3098;line;-;MEDIUM UP;Joe Henderson;-;-;-;-;-;-;31;11;3,4,6,3,3,4,4,4,3,2,2;011,1111,001111,110,110,1111,1110,1110,111,11,11
3099;lick;-;MEDIUM;Pepper Adams;-;-;-;-;-;-;12;4;4,3,6,4;1111,110,101101,1001
3100;lick;-;UP;Joshua Redman;-;-;-;-;-;-;12;8;1,1,2,1,6,2,2,1;1,1,11,1,010001,11,11,1
3101;lick;-;MEDIUM UP;John Coltrane;-;-;-;-;-;-;11;8;4,6,1,4,6,2,2,1;0001,100101,1,0001,000011,01,01,1
3102;lick;-;UP;Steve Turre;-;-;-;-;-;-;4;3;1,1,2;1,1,11
3103;lick;-;MEDIUM UP;Wayne Shorter;-;-;-;-;-;-;17;12;2,2,2,4,2,2,1,2,6,4,1,1;11,01,11,1100,01,01,1,01,010101,0001,1,1
3104;lick;-;UP;Charlie Parker;-;-;-;-;-;-;7;4;2,2,4,2;11,11,0001,11
3105;line;-;MEDIUM SLOW;Pepper Adams;-;-;-;-;-;-;17;6;4,3,1,4,4,8;1111,111,1,1001,1111,10010001
3106;line;-;MEDIUM;Wayne Shorter;-;-;-;-;-;-;13;5;3,2,1,4,7;111,11,1,0011,1010111
3107;line;-;UP;Dexter Gordon;-;-;-;-;-;-;31;15;2,1,2,2,2,3,4,6,6,4,1,2,2,2,2;11,1,11,11,11,111,1011,010001,010001,0111,1,11,11,11,11
3108;line;-;UP;Chris Potter;-;-;-;-;-;-;23;13;1,1,2,2,2,2,4,1,1,3,2,2,2;1,1,11,11,11,11,0011,1,1,111,11,11,11
3109;line;-;MEDIUM UP;Cannonball Adderley;-;-;-;-;-;-;54;18;2,2,2,2,6,6,2,6,2,6,4,3,6,5,6,4,2,6;11,11,11,11,111110,111100,11,101011,11,011011,1111,011,010001,10111,101111,0011,11,010111
3110;line;-;UP;Paul Desmond;-;-;-;-;-;-;1;1;1;1
3111;line;-;MEDIUM UP;Wayne Shorter;-;-;-;-;-;-;33;13;1,2,2,2,1,2,2,4,4,5,6,6,7;1,11,11,11,1,11,11,1110,1100,11111,011111,001001,0010111
3112;lick;-;UP;Dexter Gordon;-;-;-;-;-;-;6;4;3,1,1,2;011,1,1,11
3113;lick;-;MEDIUM UP;Woody Shaw;-;-;-;-;-;-;13;7;2,1,2,4,2,4,4;01,1,01,1001,11,1001,1111
3114;line;-;UP;John Coltrane;-;-;-;-;-;-;2;1;2;11
3115;lick;-;UP;Steve Coleman;-;-;-;-;-;-;26;16;1,1,1,2,2,2,4,2,2,4,1,2,2,2,4,2;1,1,1,11,11,11,1111,11,01,0001,1,01,11,11,0001,11
3116;lick;-;MEDIUM UP;Kenny Dorham;-;-;-;-;-;-;19;10;2,2,2,2,2,2,2,5,2,2;11,11,01,01,11,11,01,01111,11,11
3117;line;-;UP;Steve Lacy;-;-;-;-;-;-;49;29;3,2,2,4,2,2,2,2,2,2,2,2,2,2,2,2,1,1,3,1,1,1,2,2,2,2,4,2,4;111,11,11,0110,11,11,11,01,11,01,11,11,11,11,11,11,1,1,111,1,1,1,01,11,11,01,0001,11,0001
3118;line;-;UP;Don Ellis;-;-;-;-;-;-;15;9;2,2,2,2,1,2,2,2,2;11,11,11,11,1,11,11,01,01
3119;lick;-;UP;John Coltrane;-;-;-;-;-;-;4;3;2,1,2;01,1,11
3120;line;-;UP;Art Pepper;-;-;-;-;-;-;18;11;4,2,2,1,2,2,2,2,4,2,4;0001,11,01,1,11,11,11,01,0001,01,1111
3121;lick;-;MEDIUM;J.J. Johnson;-;-;-;-;-;-;8;5;1,2,2,2,2;1,11,11,11,01
3122;lick;-;MEDIUM;Paul Desmond;-;-;-;-;-;-;12;7;1,1,4,5,1,4,1;1,1,0110,01111,1,0110,1
3123;line;-;MEDIUM;Bob Berg;-;-;-;-;-;-;19;8;5,3,1,2,4,4,4,4;10111,011,1,01,0111,0111,1101,1001
3124;lick;-;UP;John Coltrane;-;-;-;-;-;-;14;8;2,2,2,2,2,2,2,2;11,11,01,11,11,01,11,11
3125;lick;-;UP;Branford Marsalis;-;-;-;-;-;-;31;22;2,1,3,3,1,1,1,1,2,2,2,2,2,2,2,2,1,2,2,2,2,2;11,1,111,111,1,1,1,1,01,01,11,01,01,01,01,01,1,01,01,11,11,11
3126;lick;-;MEDIUM UP;Don Ellis;-;-;-;-;-;-;31;18;2,4,3,1,4,8,4,4,2,2,1,1,2,2,2,1,4,2;11,1001,110,1,1001,10001111,1001,0001,01,01,1,1,11,11,01,1,1101,01
3127;lick;-;UP;John Coltrane;-;-;-;-;-;-;8;4;2,2,1,3;11,11,1,111
3128;lick;-;MEDIUM UP;John Coltrane;-;-;-;-;-;-;17;10;1,1,1,6,2,2,2,8,4,6;1,1,1,000011,01,01,01,11011011,0110,000001
3129;line;-;UP;Pepper Adams;-;-;-;-;-;-;40;21;2,2,2,4,2,2,3,2,3,2,2,2,2,2,2,3,2,2,2,2,2;11,11,11,1001,11,11,111,01,110,01,11,01,11,11,11,111,11,11,11,11,01
3130;line;-;MEDIUM UP;Paul Desmond;-;-;-;-;-;-;13;6;1,2,2,2,3,4;1,11,11,11,011,1111
3131;line;-;UP;Bob Berg;-;-;-;-;-;-;51;26;2,4,4,4,3,2,4,3,2,2,2,2,2,2,2,4,2,2,2,2,2,2,2,2,2,2;01,1011,1101,0111,011,11,1001,011,11,11,01,11,11,01,11,0011,11,11,11,11,11,11,11,11,01,11
3132;lick;-;MEDIUM;Dexter Gordon;-;-;-;-;-;-;10;4;3,3,6,6;011,011,011011,000101
3133;lick;-;UP;John Coltrane;-;-;-;-;-;-;34;17;2,4,2,1,2,1,4,1,3,2,2,2,3,3,2,2,3;01,1011,11,1,11,1,1101,1,111,11,01,11,111,111,11,11,011
3134;lick;-;UP;Don Ellis;-;-;-;-;-;-;8;5;1,2,2,2,2;1,01,11,11,11
3135;line;-;MEDIUM UP;Cannonball Adderley;-;-;-;-;-;-;37;16;1,2,2,4,2,6,2,2,2,2,6,3,4,4,4,4;1,11,01,1001,11,011011,11,11,11,11,101011,111,1101,0111,0111,0001
3136;lick;-;MEDIUM;Pepper Adams;-;-;-;-;-;-;14;4;3,4,4,4;110,1111,1111,1111
3137;line;-;UP;Sonny Stitt;-;-;-;-;-;-;45;22;2,2,5,2,2,2,2,2,2,4,2,2,4,2,2,2,2,2,2,2,4,2;11,11,01111,01,11,11,11,01,01,1011,11,11,1111,11,11,11,11,11,11,11,0001,11
3138;lick;-;UP;J.J. Johnson;-;-;-;-;-;-;3;2;2,2;11,01
3139;lick;-;UP;John Coltrane;-;-;-;-;-;-;8;4;3,2,4,2;111,11,0001,11
3140;lick;-;MEDIUM;J.J. Johnson;-;-;-;-;-;-;13;8;4,1,2,4,2,2,2,1;0001,1,11,0111,01,11,11,1
3141;lick;-;UP;J.J. Johnson;-;-;-;-;-;-;7;5;2,1,2,1,2;11,1,01,1,11
3142;line;-;MEDIUM;Don Ellis;-;-;-;-;-;-;12;5;6,2,2,2,4;010111,01,11,11,0111
3143;lick;-;MEDIUM UP;Bob Berg;-;-;-;-;-;-;13;7;4,1,2,2,2,1,2;1111,1,11,11,11,1,01
3144;lick;-;UP;John Coltrane;-;-;-;-;-;-;13;7;4,2,2,1,2,3,1;1101,11,11,1,01,111,1
3145;line;-;MEDIUM;Sonny Rollins;-;-;-;-;-;-;22;7;3,1,6,4,6,4,4;110,1,010101,1111,101011,1111,1111
3146;line;-;MEDIUM UP;Sonny Rollins;-;-;-;-;-;-;8;3;2,4,5;11,0111,11001
3147;lick;-;MEDIUM;Miles Davis;-;-;-;-;-;-;11;5;2,2,2,4,2;11,11,11,1101,11
3148;lick;-;UP;John Coltrane;-;-;-;-;-;-;8;5;3,2,2,2,2;011,11,01,01,11
3149;lick;-;UP;John Coltrane;-;-;-;-;-;-;34;21;4,2,1,2,2,1,2,1,2,4,2,2,1,2,2,1,3,1,3,2,1;1011,11,1,11,11,1,11,1,11,0011,01,01,1,01,11,1,111,1,011,11,1
3150;line;-;UP;John Coltrane;-;-;-;-;-;-;5;3;2,2,2;11,01,11
3151;lick;-;UP;Miles Davis;-;-;-;-;-;-;7;6;2,2,1,1,1,1;01,11,1,1,1,1
3152;line;-;MEDIUM;Joshua Redman;-;-;-;-;-;-;38;10;8,6,4,4,4,4,5,4,4,6;01010111,001101,1111,1111,1111,1111,10111,1111,1101,001101
3153;lick;-;UP;Michael Brecker;-;-;-;-;-;-;70;45;4,2,4,2,1,1,1,2,3,2,2,1,1,3,2,2,2,1,1,2,2,2,2,2,2,2,2,2,2,2,1,2,2,1,4,3,4,4,2,2,4,3,2,2,2;0001,01,0001,11,1,1,1,11,011,01,01,1,1,111,11,11,01,1,1,11,11,11,01,01,01,11,11,11,11,01,1,11,01,1,1111,011,1111,0001,01,01,0001,011,01,11,11
3154;lick;-;UP;Kenny Dorham;-;-;-;-;-;-;12;7;2,2,4,2,2,2,2;11,11,0001,11,11,11,01
3155;line;-;UP;Chris Potter;-;-;-;-;-;-;59;31;2,2,2,2,2,2,2,2,2,2,2,2,2,2,2,1,3,2,2,2,2,2,2,4,2,2,1,3,2,2,2;11,01,11,11,11,11,01,11,11,11,11,11,11,11,11,1,110,11,11,11,11,11,11,1111,11,11,1,111,01,01,11
3156;lick;-;UP;Dexter Gordon;-;-;-;-;-;-;13;8;4,4,2,2,1,3,2,1;1001,0110,11,11,1,011,01,1
3157;line;-;UP;Gerry Mulligan;-;-;-;-;-;-;47;25;2,2,2,2,2,2,2,2,2,2,2,2,2,2,2,2,2,2,2,2,2,2,2,2,2;11,11,11,11,11,11,11,11,11,11,11,11,11,11,11,11,11,11,11,11,01,01,11,01,11
3158;lick;-;UP;Joshua Redman;-;-;-;-;-;-;10;5;2,4,1,2,4;11,1101,1,11,1001
3159;line;-;MEDIUM UP;Eric Dolphy;-;-;-;-;-;-;65;19;6,8,4,6,3,8,4,5,1,4,4,4,3,2,3,2,4,4,4;111101,10101111,1111,111011,111,00101111,1011,11111,1,0011,1111,1011,110,11,110,11,0111,1111,1111
3160;lick;-;UP;David Liebman;-;-;-;-;-;-;6;5;2,2,2,4,2;01,01,11,0001,01
3161;lick;-;UP;Pepper Adams;-;-;-;-;-;-;8;5;2,1,2,1,3;11,1,11,1,011
3162;lick;-;MEDIUM SLOW;Steve Coleman;-;-;-;-;-;-;13;4;8,4,4,4;01010101,1111,1101,1001
3163;lick;-;MEDIUM UP;Bob Berg;-;-;-;-;-;-;6;3;2,2,4;11,01,1101
3164;lick;-;UP;Woody Shaw;-;-;-;-;-;-;8;5;1,1,1,4,3;1,1,1,0011,111
3165;line;-;MEDIUM;Lee Konitz;-;-;-;-;-;-;16;9;2,2,1,1,2,4,1,2,2;11,11,1,1,11,0111,1,11,11
3166;lick;-;UP;Zoot Sims;-;-;-;-;-;-;35;25;2,1,2,2,2,3,1,4,1,1,1,2,2,4,2,2,2,2,2,2,1,4,2,2,2;11,1,01,11,01,011,1,0001,1,1,1,11,11,0001,01,01,11,11,01,11,1,0001,11,01,11
3167;line;-;UP;Sonny Rollins;-;-;-;-;-;-;27;15;2,2,2,2,2,2,2,2,2,2,3,2,1,2,2;01,11,11,11,11,01,01,11,11,11,111,11,1,11,11
3168;line;-;MEDIUM;Pepper Adams;-;-;-;-;-;-;30;8;4,3,4,5,3,6,6,4;1111,011,1111,11111,111,101011,101101,1111
3169;lick;-;UP;J.J. Johnson;-;-;-;-;-;-;18;13;1,4,4,2,1,1,1,3,2,1,1,3,1;1,0011,1001,01,1,1,1,111,01,1,1,011,1
3170;lick;-;UP;Chris Potter;-;-;-;-;-;-;32;19;2,2,2,2,2,2,2,4,2,2,2,2,2,2,2,2,1,2,2;11,11,11,11,11,11,01,1110,11,01,11,11,01,01,01,11,1,11,01
3171;line;-;UP;Michael Brecker;-;-;-;-;-;-;74;35;2,6,4,2,2,2,2,4,2,2,2,3,2,2,2,2,2,3,2,2,2,2,2,4,4,2,2,2,4,2,2,3,2,2,2;01,110111,0111,01,11,11,11,1001,01,11,11,011,11,11,11,11,11,011,11,11,11,11,11,1111,1111,11,11,11,1001,11,11,011,01,11,11
3172;line;-;MEDIUM UP;Eric Dolphy;-;-;-;-;-;-;33;14;3,6,2,3,4,2,3,4,3,3,1,4,2,1;111,111110,11,111,0011,01,111,0011,111,110,1,0111,11,1
3173;line;-;UP;Miles Davis;-;-;-;-;-;-;20;11;2,2,2,2,2,2,2,2,3,3,2;11,01,01,11,11,11,11,11,011,011,11
3174;line;-;UP;Red Garland;-;-;-;-;-;-;43;23;2,2,2,2,2,2,2,2,2,2,2,2,2,2,2,2,2,2,2,2,1,3,1;11,11,01,11,11,11,11,11,11,11,11,11,11,11,11,11,11,11,11,11,1,011,1
3175;line;-;UP;Miles Davis;-;-;-;-;-;-;15;7;3,2,3,1,2,2,4;011,11,011,1,11,11,1111
3176;line;-;UP;Wayne Shorter;-;-;-;-;-;-;22;11;4,2,2,2,4,3,2,2,2,1,4;0001,11,11,01,0111,111,11,11,11,1,1011
3177;line;-;MEDIUM UP;Sonny Rollins;-;-;-;-;-;-;33;15;2,4,2,2,2,2,2,2,2,4,5,2,1,2,2;11,0111,11,11,11,11,11,11,11,1111,01011,11,1,11,11
3178;line;-;UP;Phil Woods;-;-;-;-;-;-;8;5;2,2,2,2,2;11,01,11,01,11
3179;line;-;UP;Steve Lacy;-;-;-;-;-;-;22;9;3,1,2,4,3,4,2,2,6;110,1,11,1011,111,1001,11,11,110111
3180;lick;-;MEDIUM;Joe Henderson;-;-;-;-;-;-;14;7;4,6,2,3,1,1,4;1101,000011,11,111,1,0,1110
3181;line;-;MEDIUM;John Coltrane;-;-;-;-;-;-;19;7;2,4,1,6,4,4,2;11,0111,1,111111,0111,1011,01
3182;lick;-;MEDIUM;Miles Davis;-;-;-;-;-;-;12;7;6,2,2,4,2,6,2;101001,01,11,0001,01,001001,11
3183;lick;-;UP;Sonny Rollins;-;-;-;-;-;-;25;18;2,2,2,2,1,4,4,1,1,4,4,4,2,2,2,2,1,4;01,11,01,01,1,1001,0110,1,1,0110,1001,1001,01,01,01,01,1,0011
3184;line;-;UP;Paul Desmond;-;-;-;-;-;-;13;9;2,2,2,2,2,4,2,2,2;01,11,01,11,01,0001,11,11,01
3185;lick;-;MEDIUM;Lee Morgan;-;-;-;-;-;-;3;2;2,2;01,11
3186;lick;-;UP;Joe Henderson;-;-;-;-;-;-;8;5;2,4,1,2,1;11,1110,1,01,1
3187;lick;-;MEDIUM UP;Don Ellis;-;-;-;-;-;-;12;8;3,1,4,4,2,1,1,4;011,1,0110,0001,11,1,1,1001
3188;lick;-;UP;Sonny Rollins;-;-;-;-;-;-;14;10;2,2,1,1,4,2,2,1,1,4;11,01,1,1,0111,11,01,1,1,0001
3189;line;-;MEDIUM UP;Joe Henderson;-;-;-;-;-;-;4;2;3,3;110,110
3190;lick;-;UP;Pat Metheny;-;-;-;-;-;-;10;6;2,2,4,1,1,4;11,11,0001,1,1,1011
3191;line;-;UP;Stan Getz;-;-;-;-;-;-;27;13;4,3,2,2,2,2,2,2,2,2,2,2,2;1011,111,01,11,11,11,11,11,11,11,11,11,11
3192;line;-;UP;Fats Navarro;-;-;-;-;-;-;35;18;4,2,2,4,2,2,2,4,2,2,3,1,2,2,2,2,2,2;1101,11,01,1101,11,11,11,0001,11,11,111,1,11,01,11,11,11,11
3193;line;-;UP;Art Pepper;-;-;-;-;-;-;21;13;2,1,1,2,2,2,2,4,2,1,2,2,2;01,1,1,11,11,11,11,0011,11,1,11,01,11
3194;lick;-;MEDIUM;Dexter Gordon;-;-;-;-;-;-;12;6;4,4,1,1,2,4;0111,1111,1,1,01,1001
3195;line;-;UP;Bob Berg;-;-;-;-;-;-;33;19;1,2,1,1,2,2,2,2,2,2,2,2,2,2,2,2,2,2,1;1,11,1,1,01,11,11,11,11,11,11,11,11,11,11,11,11,11,1
3196;lick;-;UP;Chet Baker;-;-;-;-;-;-;34;25;2,2,1,1,4,2,1,1,2,4,1,1,2,2,2,2,1,2,1,2,1,1,1,2,1;01,11,1,1,1001,11,1,1,01,1001,1,1,11,11,01,01,1,11,1,11,1,1,1,11,1
3197;lick;-;UP;John Coltrane;-;-;-;-;-;-;25;15;4,1,6,1,2,2,2,2,2,2,4,1,2,3,2;1011,1,000001,1,01,11,11,01,11,11,1100,1,01,111,11
3198;lick;-;MEDIUM UP;Miles Davis;-;-;-;-;-;-;9;6;1,1,4,4,2,2;1,1,0001,1001,11,11
3199;line;-;UP;Lee Konitz;-;-;-;-;-;-;17;8;3,4,4,2,2,1,2,2;011,1101,1110,11,11,1,11,11
3200;line;-;UP;John Coltrane;-;-;-;-;-;-;16;9;4,2,2,4,5,3,2,2,2;0001,11,01,0001,00111,110,11,11,11
3201;lick;-;UP;John Coltrane;-;-;-;-;-;-;8;4;3,2,2,2;011,11,11,11
3202;line;-;UP;John Coltrane;-;-;-;-;-;-;38;16;3,2,1,4,6,3,2,4,3,3,4,2,2,2,4,3;011,11,1,1101,101011,111,11,1100,011,111,0001,11,11,11,1111,111
3203;lick;-;MEDIUM SLOW;Steve Coleman;-;-;-;-;-;-;16;7;4,1,3,4,3,4,4;0001,1,110,1110,011,1110,1111
3204;lick;-;MEDIUM;Dexter Gordon;-;-;-;-;-;-;11;4;3,6,6,2;111,000101,100111,11
3205;line;-;UP;Wayne Shorter;-;-;-;-;-;-;18;11;2,2,1,1,1,2,2,1,2,2,4;11,11,1,1,1,11,11,1,11,11,0011
3206;line;-;UP;Steve Coleman;-;-;-;-;-;-;35;17;3,3,2,2,2,2,2,2,2,2,2,2,4,4,2,2,2;111,011,11,11,01,11,11,11,01,11,11,11,1011,1101,11,11,11
3207;lick;-;MEDIUM;Gerry Mulligan;-;-;-;-;-;-;24;14;4,1,2,2,1,1,1,6,2,4,6,2,4,2;0001,1,11,01,1,1,1,000011,11,1111,000111,11,0001,11
3208;lick;-;UP;Bob Berg;-;-;-;-;-;-;2;2;1,1;1,1
3209;line;-;MEDIUM;Curtis Fuller;-;-;-;-;-;-;14;5;6,2,4,6,2;100011,11,0011,111011,11
3210;line;-;MEDIUM;Sonny Rollins;-;-;-;-;-;-;18;8;3,2,4,4,6,4,4,4;111,11,0110,1100,011011,0001,1100,1100
3211;line;-;UP;Joe Henderson;-;-;-;-;-;-;57;31;2,2,2,2,2,4,3,4,4,2,1,4,2,2,2,2,3,1,2,2,2,2,2,4,4,2,2,2,2,1,1;11,11,11,11,11,1111,011,1001,0001,11,1,0001,11,11,11,01,111,1,11,11,11,01,11,1001,1001,11,11,11,11,1,1
3212;lick;-;UP;John Coltrane;-;-;-;-;-;-;3;3;1,1,2;1,1,01
3213;line;-;MEDIUM;Wayne Shorter;-;-;-;-;-;-;25;9;4,3,3,3,3,1,4,4,3;1111,111,111,011,111,1,0011,1111,111
3214;line;-;UP;John Coltrane;-;-;-;-;-;-;18;10;2,2,2,4,4,2,2,2,2,1;01,11,11,1111,0110,01,01,11,11,1
3215;line;-;MEDIUM;Don Ellis;-;-;-;-;-;-;15;9;6,2,5,1,1,2,1,1,6;010011,11,01001,1,1,11,1,1,010001
3216;lick;-;MEDIUM;Stan Getz;-;-;-;-;-;-;11;6;2,3,3,4,4,1;01,011,111,0110,1001,1
3217;lick;-;UP;Zoot Sims;-;-;-;-;-;-;13;9;2,3,2,1,2,2,3,1,1;11,011,11,1,01,01,011,1,1
3218;lick;-;UP;Art Pepper;-;-;-;-;-;-;29;13;2,1,6,1,4,6,2,4,4,6,2,4,2;11,1,001111,1,0011,111101,01,0001,1001,001101,11,0111,11
3219;lick;-;MEDIUM UP;Zoot Sims;-;-;-;-;-;-;7;6;1,6,1,1,4,4;1,000011,1,1,0001,0001
3220;line;-;UP;Clifford Brown;-;-;-;-;-;-;68;32;2,2,2,2,2,2,2,2,2,4,2,2,3,2,2,2,2,3,3,4,2,1,4,4,4,3,2,2,2,2,2,2;11,11,11,11,11,11,11,01,11,1111,11,01,111,11,11,01,11,111,011,1011,01,1,1111,0111,1011,111,11,11,01,11,11,11
3221;line;-;MEDIUM;John Coltrane;-;-;-;-;-;-;12;3;4,4,4;1111,1111,1111
3222;lick;-;MEDIUM UP;Kenny Wheeler;-;-;-;-;-;-;5;2;3,3;111,011
3223;line;-;MEDIUM;Michael Brecker;-;-;-;-;-;-;28;12;3,3,2,2,2,2,7,6,4,4,2,8;011,011,11,11,11,11,1000101,001001,1111,0011,11,10010001
3224;lick;-;UP;Woody Shaw;-;-;-;-;-;-;4;2;2,2;11,11
3225;line;-;MEDIUM UP;Milt Jackson;-;-;-;-;-;-;29;16;2,2,2,2,2,1,2,2,2,2,2,1,2,2,2,3;11,11,01,11,11,1,11,11,11,11,01,1,11,11,11,111
3226;lick;-;UP;John Coltrane;-;-;-;-;-;-;2;2;2,2;01,01
3227;line;-;UP;Sonny Rollins;-;-;-;-;-;-;9;6;2,1,1,2,2,2;11,1,1,11,01,11
3228;line;-;UP;Phil Woods;-;-;-;-;-;-;18;10;2,2,2,2,2,2,3,1,1,2;11,11,01,11,11,11,111,1,1,11
3229;line;-;UP;Dizzy Gillespie;-;-;-;-;-;-;43;19;2,3,2,3,2,2,2,2,4,2,4,2,3,2,2,2,4,4,2;11,111,11,111,11,11,11,11,1101,11,1001,11,111,11,11,11,1001,1011,11
3230;line;-;MEDIUM UP;Charlie Parker;-;-;-;-;-;-;29;11;2,2,2,4,2,2,4,4,5,4,4;11,11,01,0111,11,11,1111,0011,01111,1111,1011
3231;line;-;UP;J.J. Johnson;-;-;-;-;-;-;24;14;1,2,4,2,1,2,2,2,4,1,1,4,5,2;1,11,1001,11,1,11,11,01,1001,1,1,1011,01101,01
3232;lick;-;UP;Zoot Sims;-;-;-;-;-;-;20;13;2,2,3,2,3,2,1,2,2,1,2,1,1;11,11,111,11,011,01,1,01,11,1,01,1,1
3233;lick;-;MEDIUM;Miles Davis;-;-;-;-;-;-;2;2;4,1;0001,1
3234;line;-;MEDIUM;Bob Berg;-;-;-;-;-;-;33;10;4,6,6,10,1,2,4,4,6,2;0111,001110,011011,1010011011,1,11,0111,1111,110111,11
3235;lick;-;UP;Cannonball Adderley;-;-;-;-;-;-;16;9;6,1,2,3,1,2,2,3,2;000011,1,11,011,1,11,11,111,01
3236;lick;-;MEDIUM;Dexter Gordon;-;-;-;-;-;-;10;6;2,1,3,2,1,2;11,1,011,11,1,11
3237;line;-;MEDIUM UP;Kenny Dorham;-;-;-;-;-;-;13;8;2,2,2,1,2,1,4,2;11,11,01,1,11,1,0011,11
3238;line;-;MEDIUM UP;Dizzy Gillespie;-;-;-;-;-;-;83;29;4,4,3,1,6,1,2,6,5,4,6,6,1,2,2,2,4,6,5,4,4,3,1,6,4,4,3,1,6;1101,1101,111,1,011001,1,11,011001,01111,0111,011001,011001,1,11,11,11,0111,011111,01111,0111,1111,111,1,010111,1111,1111,111,1,110111
3239;lick;-;MEDIUM UP;Wayne Shorter;-;-;-;-;-;-;4;4;1,1,1,2;1,1,1,01
3240;line;-;UP;Lee Morgan;-;-;-;-;-;-;76;39;4,2,2,2,2,3,2,3,2,3,2,2,3,2,4,2,2,3,2,4,2,1,2,2,1,3,2,3,2,2,4,2,2,3,3,2,2,2,1;0001,11,11,11,01,111,11,011,11,111,01,01,111,01,1011,11,11,111,11,0011,11,1,11,11,1,011,11,111,11,11,0011,11,11,111,111,11,01,01,1
3241;line;-;UP;John Coltrane;-;-;-;-;-;-;24;10;3,3,2,4,1,3,2,2,4,3;111,011,11,1111,1,110,11,11,1011,111
3242;lick;-;UP;John Coltrane;-;-;-;-;-;-;9;4;4,4,3,1;1001,1110,111,1
3243;lick;-;UP;Phil Woods;-;-;-;-;-;-;27;17;1,4,3,2,2,4,1,2,1,1,1,2,2,1,2,4,1;1,1001,011,11,11,0011,1,11,1,1,1,11,11,1,11,0011,1
3244;line;-;MEDIUM SLOW;John Coltrane;-;-;-;-;-;-;13;4;4,6,3,4;0111,011111,111,1001
3245;line;-;MEDIUM UP;John Coltrane;-;-;-;-;-;-;20;7;4,1,2,2,6,6,7;0110,1,11,11,010011,111100,1011111
3246;line;-;MEDIUM SLOW;Joe Lovano;-;-;-;-;-;-;23;9;1,1,4,4,1,4,4,8,6;1,1,1101,0011,1,0001,1111,00011111,111101
3247;line;-;MEDIUM SLOW;Steve Coleman;-;-;-;-;-;-;16;5;2,4,4,4,4;11,1111,1111,1111,1100
3248;lick;-;MEDIUM;Steve Lacy;-;-;-;-;-;-;22;15;2,1,3,2,1,4,2,2,2,4,4,6,2,2,4;11,1,011,01,1,0001,01,01,11,0001,1001,001001,11,11,0001
3249;lick;-;MEDIUM;Lee Morgan;-;-;-;-;-;-;18;6;3,4,4,4,7,5;110,1001,0110,1111,0011111,00111
3250;line;-;MEDIUM UP;Cannonball Adderley;-;-;-;-;-;-;31;14;4,4,4,2,1,2,2,2,2,2,1,6,4,4;1101,1001,1001,11,1,11,11,11,11,11,1,111110,1111,0001
3251;lick;-;UP;Sonny Rollins;-;-;-;-;-;-;6;4;4,4,1,2;1001,1001,1,01
3252;line;-;UP;Lee Konitz;-;-;-;-;-;-;5;3;3,1,1;111,1,1
3253;lick;-;MEDIUM SLOW;Joe Lovano;-;-;-;-;-;-;6;3;4,2,2;1011,11,01
3254;lick;-;UP;John Coltrane;-;-;-;-;-;-;5;3;2,1,4;01,1,1011
3255;line;-;UP;John Coltrane;-;-;-;-;-;-;22;11;2,3,3,2,2,2,2,2,4,3,2;11,011,111,11,01,11,11,01,1011,011,11
3256;line;-;UP;John Coltrane;-;-;-;-;-;-;30;15;3,2,2,2,4,6,3,2,3,2,3,2,3,2,4;011,11,01,01,1111,010011,011,11,110,11,110,01,111,01,0011
3257;lick;-;UP;John Coltrane;-;-;-;-;-;-;11;7;1,2,2,2,2,4,2;1,11,11,11,11,0001,01
3258;lick;-;UP;Dizzy Gillespie;-;-;-;-;-;-;41;19;4,4,4,3,2,2,2,2,2,2,3,2,2,2,2,4,3,1,2;1111,1111,0111,011,11,11,01,11,11,11,111,11,11,11,11,0011,011,1,01
3259;line;-;MEDIUM UP;Sonny Stitt;-;-;-;-;-;-;26;8;4,4,2,4,4,1,3,6;1111,1111,11,1111,1110,1,111,111101
3260;lick;-;MEDIUM UP;Sonny Rollins;-;-;-;-;-;-;9;5;2,3,6,2,2;01,011,010001,11,11
3261;line;-;MEDIUM;Steve Lacy;-;-;-;-;-;-;15;8;2,2,2,2,3,4,2,2;11,01,11,11,110,0111,11,01
3262;lick;-;MEDIUM;Dexter Gordon;-;-;-;-;-;-;9;4;3,2,1,4;111,11,1,0111
3263;line;-;UP;David Liebman;-;-;-;-;-;-;3;3;4,2,4;0001,01,0001
3264;lick;-;MEDIUM UP;Woody Shaw;-;-;-;-;-;-;20;13;6,4,4,2,1,2,2,2,2,1,4,2,2;000001,1111,1001,01,1,01,01,11,01,1,0011,01,11
3265;line;-;UP;John Coltrane;-;-;-;-;-;-;7;4;3,2,2,2;011,11,11,01
3266;lick;-;MEDIUM UP;John Coltrane;-;-;-;-;-;-;16;6;5,8,4,2,1,2;00011,11101111,0011,11,1,11
3267;line;-;UP;Sonny Rollins;-;-;-;-;-;-;8;4;2,2,2,2;11,11,11,11
3268;line;-;UP;Wynton Marsalis;-;-;-;-;-;-;32;19;1,1,2,1,2,2,1,2,3,2,2,1,2,2,3,3,3,2,2;1,1,11,1,11,11,1,11,110,01,01,1,11,11,110,011,111,11,11
3269;lick;-;UP;Pat Metheny;-;-;-;-;-;-;17;13;2,2,2,1,1,1,1,1,1,1,4,2,4;01,11,01,1,1,1,1,1,1,1,1001,11,0011
3270;lick;-;UP;Kenny Dorham;-;-;-;-;-;-;24;14;2,2,4,2,2,1,1,1,4,2,2,2,2,2;11,01,0111,11,11,1,1,1,1001,11,11,11,01,11
3271;lick;-;UP;Milt Jackson;-;-;-;-;-;-;11;7;2,2,2,2,2,2,2;01,11,11,01,11,11,01
3272;lick;-;UP;J.J. Johnson;-;-;-;-;-;-;15;10;3,4,2,2,4,4,4,1,2,4;011,1001,01,01,1001,1011,0001,1,01,0001
3273;line;-;MEDIUM UP;Wayne Shorter;-;-;-;-;-;-;17;9;2,2,2,2,2,2,2,2,2;11,01,11,11,11,11,11,11,11
3274;line;-;UP;Woody Shaw;-;-;-;-;-;-;14;9;4,1,2,2,2,4,2,2,2;0001,1,01,01,11,1011,01,11,11
3275;line;-;MEDIUM;Pat Martino;-;-;-;-;-;-;42;11;4,4,4,4,4,4,4,4,4,4,4;1111,0111,1111,1111,1111,1111,1111,1111,1111,0111,1111
3276;lick;-;UP;John Coltrane;-;-;-;-;-;-;9;4;3,4,2,2;011,1011,11,11
3277;lick;-;MEDIUM;Dexter Gordon;-;-;-;-;-;-;8;3;4,4,4;1111,0001,1110
3278;line;-;UP;Charlie Parker;-;-;-;-;-;-;33;20;2,3,2,2,2,2,2,2,2,1,2,2,1,1,2,2,1,3,2,2;11,011,11,11,11,11,01,01,11,1,11,11,1,1,01,11,1,111,01,11
3279;line;-;UP;Wynton Marsalis;-;-;-;-;-;-;58;35;2,2,1,1,2,2,2,2,2,2,2,2,2,2,3,2,2,2,1,1,2,2,2,2,2,1,4,2,2,2,2,2,1,1,1;11,11,1,1,01,11,11,01,11,01,11,11,11,11,110,11,11,11,1,1,01,11,01,11,11,1,1111,01,11,11,11,11,1,1,1
3280;line;-;UP;Kenny Dorham;-;-;-;-;-;-;19;13;2,2,2,2,2,2,2,2,1,1,1,1,1;11,01,11,11,11,11,11,01,1,1,1,1,1
3281;lick;-;MEDIUM UP;Cannonball Adderley;-;-;-;-;-;-;4;4;1,1,1,1;1,1,1,1
3282;lick;-;MEDIUM UP;Art Pepper;-;-;-;-;-;-;17;10;2,2,3,1,1,4,2,6,3,3;01,11,110,1,1,1001,01,010001,011,111
3283;line;-;UP;Lee Konitz;-;-;-;-;-;-;22;11;2,3,2,3,2,2,2,2,2,1,4;11,111,11,111,11,11,01,11,11,1,1001
3284;line;-;UP;Phil Woods;-;-;-;-;-;-;14;7;4,1,2,2,2,4,4;0111,1,11,11,11,0111,0001
3285;line;-;UP;Warne Marsh;-;-;-;-;-;-;54;30;2,3,2,2,2,3,1,4,1,2,3,2,1,1,2,2,2,1,3,1,2,2,2,2,2,2,2,2,2,2;11,111,11,11,11,111,1,0001,1,11,011,11,1,1,11,11,11,1,011,1,11,01,11,11,11,11,11,11,11,11
3286;line;-;MEDIUM SLOW;Joe Lovano;-;-;-;-;-;-;26;10;6,2,1,4,4,2,4,4,4,4;101011,11,1,0011,1110,11,0111,0111,0111,1110
3287;lick;-;MEDIUM UP;David Liebman;-;-;-;-;-;-;5;2;4,2;1111,01
3288;lick;-;MEDIUM UP;Charlie Parker;-;-;-;-;-;-;26;12;1,2,4,4,2,4,1,4,4,6,4,2;1,11,0111,1101,11,0110,1,1001,1101,010011,1001,11
3289;line;-;MEDIUM UP;Lee Morgan;-;-;-;-;-;-;29;15;2,2,2,2,2,4,1,2,2,2,1,2,2,2,6;11,11,11,11,11,1001,1,11,11,11,1,11,11,01,010111
3290;lick;-;MEDIUM UP;David Liebman;-;-;-;-;-;-;58;23;4,4,4,4,2,3,3,5,3,6,4,2,2,2,2,4,3,4,3,6,3,3,4;1101,1111,1100,0011,01,011,111,01111,011,000111,0011,01,11,01,11,1111,111,0001,111,000111,111,111,1111
3291;lick;-;MEDIUM;Branford Marsalis;-;-;-;-;-;-;20;8;1,3,4,6,4,4,4,6;1,111,0111,111111,1001,0001,0001,001011
3292;line;-;MEDIUM UP;Joe Henderson;-;-;-;-;-;-;71;29;6,6,3,3,4,4,4,3,4,5,4,6,4,4,6,4,4,6,4,1,1,1,1,2,2,8,2,2,2;010111,000001,111,111,1110,1001,1111,111,0001,11111,1110,100111,1111,1111,000111,0001,1001,001111,1100,1,1,1,1,01,01,10100111,01,01,11
3293;line;-;MEDIUM;Bob Berg;-;-;-;-;-;-;14;5;6,4,4,3,2;000001,1111,1111,111,11
3294;line;-;UP;Clifford Brown;-;-;-;-;-;-;14;7;2,3,1,2,2,2,3;11,111,1,11,11,11,011
3295;lick;-;UP;Woody Shaw;-;-;-;-;-;-;6;4;1,1,2,2;1,1,11,11
3296;line;-;UP;David Liebman;-;-;-;-;-;-;108;53;2,4,4,4,4,4,2,2,2,1,1,2,2,2,1,4,2,1,4,2,4,2,2,2,2,4,4,4,4,3,3,2,2,2,2,2,2,4,4,4,2,2,3,2,2,2,2,2,2,3,2,4,4;01,1110,0111,1111,0001,1101,11,11,01,1,1,11,11,11,1,1011,11,1,1001,11,0001,11,01,11,11,1100,1001,1110,0001,011,011,01,11,01,11,11,11,1011,1011,1011,11,11,111,11,11,11,11,11,11,111,01,1011,1111
3297;lick;-;MEDIUM;Woody Shaw;-;-;-;-;-;-;3;2;4,1;1001,1
3298;line;-;UP;John Coltrane;-;-;-;-;-;-;37;17;2,3,3,3,2,2,2,2,2,2,3,4,2,2,4,4,3;11,111,011,110,01,11,11,11,11,11,111,1100,01,11,1011,1111,011
3299;lick;-;MEDIUM;Eric Dolphy;-;-;-;-;-;-;15;6;2,6,6,7,6,4;01,100001,111101,0000111,000011,1100
3300;line;-;MEDIUM UP;Cannonball Adderley;-;-;-;-;-;-;4;3;1,2,2;1,01,11
3301;lick;-;MEDIUM;John Coltrane;-;-;-;-;-;-;19;6;4,4,5,4,4,6;1111,1111,00111,1100,1101,100011
3302;line;-;UP;John Coltrane;-;-;-;-;-;-;54;29;1,3,2,2,2,4,4,6,3,2,4,2,2,1,4,4,4,1,2,1,3,2,2,2,2,2,2,2,2;1,011,01,01,11,1100,0001,010011,111,11,0111,11,11,1,1011,0001,1110,1,11,1,011,11,01,11,11,11,11,11,11
3303;lick;-;MEDIUM UP;David Liebman;-;-;-;-;-;-;3;1;3;111
3304;line;-;MEDIUM UP;John Coltrane;-;-;-;-;-;-;58;21;4,6,3,4,4,4,6,6,2,2,2,4,3,2,2,1,6,3,3,2,4;1111,110111,111,1100,0111,1111,110111,101011,01,11,01,1110,110,11,11,1,101011,111,111,11,1100
3305;lick;-;MEDIUM;Woody Shaw;-;-;-;-;-;-;8;3;3,3,3;011,111,111
3306;lick;-;UP;J.J. Johnson;-;-;-;-;-;-;18;12;2,3,1,1,2,4,4,2,2,2,2,2;01,111,1,1,11,0001,1001,01,01,11,11,01
3307;lick;-;MEDIUM;Stan Getz;-;-;-;-;-;-;4;4;1,1,2,2;1,1,01,01
3308;line;-;MEDIUM;Charlie Parker;-;-;-;-;-;-;6;4;2,4,2,2;11,1100,01,01
3309;line;-;UP;John Coltrane;-;-;-;-;-;-;10;5;2,2,2,2,3;01,11,11,11,111
3310;line;-;MEDIUM;Dexter Gordon;-;-;-;-;-;-;17;6;4,4,4,6,8,3;1100,1001,1111,010111,01000101,011
3311;line;-;MEDIUM UP;Bob Berg;-;-;-;-;-;-;39;16;2,2,1,2,1,2,2,1,3,2,2,4,4,4,4,4;11,11,1,11,1,11,11,1,111,11,11,1111,1111,1111,1111,1110
3312;lick;-;MEDIUM UP;Wayne Shorter;-;-;-;-;-;-;6;6;1,1,2,2,1,1;1,1,01,01,1,1
3313;line;-;UP;John Coltrane;-;-;-;-;-;-;10;5;2,3,2,2,2;01,111,11,11,11
3314;line;-;UP;John Coltrane;-;-;-;-;-;-;7;3;4,2,2;1101,11,11
3315;lick;-;UP;John Coltrane;-;-;-;-;-;-;6;3;3,2,4;011,11,0011
3316;lick;-;MEDIUM UP;Woody Shaw;-;-;-;-;-;-;27;14;4,4,6,2,3,2,2,2,1,2,2,1,2,2;1111,1100,011111,11,110,11,11,01,1,11,01,1,01,01
3317;line;-;MEDIUM;Curtis Fuller;-;-;-;-;-;-;18;7;6,3,2,6,6,1,4;011001,111,11,010111,010111,1,0001
3318;lick;-;UP;Miles Davis;-;-;-;-;-;-;3;2;2,2;01,11
3319;lick;-;MEDIUM;Lee Morgan;-;-;-;-;-;-;8;5;1,2,2,2,2;1,11,01,11,11
3320;lick;-;UP;David Liebman;-;-;-;-;-;-;35;27;2,4,4,4,1,2,2,1,2,2,4,4,2,2,2,1,2,2,2,2,2,1,1,2,4,2,2;11,0001,0001,0001,1,01,11,1,01,01,0001,1100,11,01,01,1,11,01,01,01,11,1,1,11,0001,01,11
3321;line;-;UP;Chris Potter;-;-;-;-;-;-;35;18;4,2,1,3,2,1,4,4,2,1,4,2,2,2,2,2,2,3;0110,11,1,011,11,1,1101,1101,11,1,1100,11,01,11,11,11,11,111
3322;line;-;UP;John Coltrane;-;-;-;-;-;-;20;10;2,2,2,3,2,3,2,2,4,2;11,11,11,011,11,011,11,11,1011,01
3323;line;-;MEDIUM UP;John Coltrane;-;-;-;-;-;-;19;6;1,2,6,4,6,4;1,11,011111,1111,101011,0111
3324;line;-;UP;Wayne Shorter;-;-;-;-;-;-;10;5;2,2,2,2,4;11,11,11,11,0011
3325;lick;-;MEDIUM UP;Kenny Wheeler;-;-;-;-;-;-;13;6;1,4,2,2,6,1;1,1111,01,11,111100,1
3326;line;-;MEDIUM UP;Milt Jackson;-;-;-;-;-;-;49;25;2,2,2,2,2,2,3,2,2,2,2,2,1,2,4,2,4,2,2,2,2,2,1,2,2;11,11,11,11,11,11,111,11,11,11,11,11,1,11,1110,11,1001,01,11,11,11,11,1,11,11
3327;lick;-;MEDIUM;Dizzy Gillespie;-;-;-;-;-;-;14;5;6,6,4,4,1;111110,001101,0001,1111,1
3328;lick;-;MEDIUM UP;Art Pepper;-;-;-;-;-;-;9;4;2,2,2,4;11,11,11,1011
3329;line;-;UP;Woody Shaw;-;-;-;-;-;-;33;18;1,1,4,2,2,2,1,2,2,2,2,4,2,2,2,2,2,2;1,1,1101,01,11,11,1,01,11,11,11,1101,11,11,11,11,11,11
3330;line;-;MEDIUM UP;Cannonball Adderley;-;-;-;-;-;-;11;5;4,2,6,4,4;0011,11,011011,1001,0001
3331;lick;-;MEDIUM;Gerry Mulligan;-;-;-;-;-;-;11;6;2,1,6,2,2,4;11,1,000011,01,11,1101
3332;lick;-;MEDIUM;Kenny Wheeler;-;-;-;-;-;-;6;4;2,2,1,4;01,01,1,0111
3333;line;-;UP;Miles Davis;-;-;-;-;-;-;41;26;1,2,4,1,2,1,2,2,2,2,2,2,2,3,2,2,3,2,1,1,2,2,4,2,2,2;1,01,1111,1,01,1,01,01,11,01,11,11,11,011,11,01,011,11,1,1,11,11,0011,11,01,01
3334;lick;-;UP;Pepper Adams;-;-;-;-;-;-;10;5;2,2,4,4,2;11,01,1101,1001,11
3335;line;-;UP;John Coltrane;-;-;-;-;-;-;41;20;2,2,2,2,2,2,1,4,1,2,4,6,4,4,3,2,4,4,2,2;11,11,11,11,11,11,1,0011,1,11,1111,001011,1011,0001,011,11,0011,1001,11,11
3336;lick;-;UP;John Coltrane;-;-;-;-;-;-;8;4;2,3,3,6;01,011,111,010001
3337;line;-;UP;John Coltrane;-;-;-;-;-;-;39;19;3,1,4,2,2,2,2,2,2,3,4,2,4,2,2,2,4,3,4;011,1,1101,11,11,11,01,11,01,011,1101,11,0111,11,11,11,0001,111,1101
3338;line;-;UP;Kenny Dorham;-;-;-;-;-;-;16;8;3,2,3,2,2,2,2,2;011,01,111,11,11,11,11,11
3339;line;-;UP;J.J. Johnson;-;-;-;-;-;-;21;14;2,1,1,2,1,2,2,2,2,2,2,1,1,1;11,1,1,11,1,11,11,11,01,11,11,1,1,1
3340;line;-;UP;Joe Lovano;-;-;-;-;-;-;25;11;2,2,2,3,3,2,2,2,4,3,4;11,11,11,011,111,11,11,11,1011,111,1001
3341;lick;-;UP;Joshua Redman;-;-;-;-;-;-;7;3;4,1,4;0111,1,1101
3342;line;-;MEDIUM;Stan Getz;-;-;-;-;-;-;13;7;2,6,1,1,1,1,4;11,101101,1,1,1,1,1011
3343;lick;-;MEDIUM UP;Kenny Dorham;-;-;-;-;-;-;16;8;4,2,4,2,2,2,4,4;0011,11,0111,11,11,11,0001,1001
3344;lick;-;UP;Chris Potter;-;-;-;-;-;-;2;1;2;11
3345;lick;-;UP;Chet Baker;-;-;-;-;-;-;2;2;1,2;1,01
3346;lick;-;UP;John Coltrane;-;-;-;-;-;-;5;2;4,4;1011,1001
3347;lick;-;MEDIUM UP;David Liebman;-;-;-;-;-;-;33;11;4,6,4,6,2,3,3,4,5,3,1;1111,010011,1111,101011,11,111,011,0111,11111,110,1
3348;lick;-;UP;David Liebman;-;-;-;-;-;-;16;12;2,1,2,2,4,1,4,1,2,2,2,2;01,1,01,01,1011,1,1001,1,01,11,01,01
3349;line;-;UP;Sonny Rollins;-;-;-;-;-;-;20;12;2,3,2,2,2,2,1,2,2,2,2,2;01,011,11,11,01,01,1,11,11,11,11,11
3350;lick;-;MEDIUM;Pepper Adams;-;-;-;-;-;-;31;11;1,3,4,4,4,6,6,4,4,4,6;1,111,1111,0111,1111,010101,000101,1001,0110,1111,010101
3351;line;-;MEDIUM;Stan Getz;-;-;-;-;-;-;16;11;2,3,2,1,4,1,1,1,1,1,1;01,110,11,1,1111,1,1,1,1,1,1
3352;lick;-;UP;Dexter Gordon;-;-;-;-;-;-;32;19;4,2,2,1,4,3,2,4,2,4,2,1,4,2,2,4,3,2,2;1001,11,11,1,0011,110,01,1001,11,0001,11,1,0001,11,01,1110,011,11,01
3353;lick;-;MEDIUM;Lee Morgan;-;-;-;-;-;-;65;30;4,1,2,6,2,2,4,4,3,3,4,2,1,2,1,2,2,2,4,2,4,3,3,4,6,2,2,2,2,2;0111,1,01,000011,11,01,1001,1111,011,111,1111,11,1,11,1,11,11,11,0011,01,1111,011,110,0111,011111,11,11,11,01,11
3354;line;-;UP;Lee Konitz;-;-;-;-;-;-;28;14;4,3,2,2,2,1,4,2,2,6,2,2,2,1;0001,111,11,11,11,1,1011,11,11,010011,11,11,11,1
3355;line;-;UP;Lee Konitz;-;-;-;-;-;-;22;12;3,2,2,4,2,2,6,2,2,2,3,1;110,11,01,1101,11,01,110001,01,11,11,011,1
3356;lick;-;UP;John Coltrane;-;-;-;-;-;-;8;4;4,2,3,2;0001,11,111,11
3357;lick;-;MEDIUM;Clifford Brown;-;-;-;-;-;-;33;17;3,2,2,2,3,2,2,2,1,4,2,3,2,2,1,2,2;111,11,11,11,011,11,11,11,1,0001,11,111,11,11,1,11,11
3358;line;-;MEDIUM;Woody Shaw;-;-;-;-;-;-;13;4;6,4,3,4;111110,0011,111,1101
3359;line;-;UP;Herbie Hancock;-;-;-;-;-;-;9;5;2,2,2,2,1;11,11,11,11,1
3360;line;-;MEDIUM UP;Joe Henderson;-;-;-;-;-;-;28;8;8,6,6,3,4,6,4,1;01000011,011111,110101,111,1111,011011,1111,1
3361;line;-;UP;Joe Lovano;-;-;-;-;-;-;11;7;4,2,2,2,2,2,2;0001,11,11,01,11,01,11
3362;lick;-;MEDIUM;Wayne Shorter;-;-;-;-;-;-;6;2;6,2;010111,11
3363;lick;-;UP;Miles Davis;-;-;-;-;-;-;7;4;1,3,4,2;1,011,1001,11
3364;line;-;MEDIUM;Lee Morgan;-;-;-;-;-;-;38;11;6,8,4,2,4,8,4,2,3,2,5;101011,10001111,1101,11,1111,11011110,1111,01,011,11,11111
3365;lick;-;UP;Michael Brecker;-;-;-;-;-;-;8;5;4,1,3,2,1;1101,1,011,01,1
3366;lick;-;UP;Michael Brecker;-;-;-;-;-;-;48;27;1,4,3,4,4,3,1,2,4,2,4,4,2,2,4,3,2,2,1,3,4,4,2,4,3,2,2;1,0001,011,0111,0001,110,1,01,1001,11,0011,1001,11,11,1001,011,01,11,1,011,1111,1001,11,0001,011,11,01
3367;lick;-;UP;John Coltrane;-;-;-;-;-;-;8;4;2,4,2,2;11,0111,11,01
3368;line;-;UP;Lee Konitz;-;-;-;-;-;-;21;14;1,4,2,1,1,1,2,2,2,2,2,2,1,1;1,0011,11,1,1,1,11,11,11,11,01,11,1,1
3369;lick;-;UP;Joshua Redman;-;-;-;-;-;-;4;2;2,2;11,11
3370;lick;-;UP;Hank Mobley;-;-;-;-;-;-;6;4;2,1,4,1;11,1,1001,1
3371;lick;-;MEDIUM UP;Freddie Hubbard;-;-;-;-;-;-;10;6;6,4,6,4,2,1;000011,0001,000011,0011,11,1
3372;lick;-;MEDIUM UP;Milt Jackson;-;-;-;-;-;-;32;15;2,3,4,2,2,2,3,2,2,2,2,2,3,2,2;11,111,0001,11,11,11,111,11,11,11,11,11,111,11,11
3373;lick;-;UP;John Coltrane;-;-;-;-;-;-;6;4;2,2,3,2;01,11,011,01
3374;lick;-;MEDIUM UP;Paul Desmond;-;-;-;-;-;-;14;12;2,2,2,1,1,1,1,4,1,1,1,1;11,11,01,1,1,1,1,0001,1,1,1,1
3375;lick;-;MEDIUM UP;Clifford Brown;-;-;-;-;-;-;11;5;2,2,4,2,2;11,11,1101,11,11
3376;lick;-;UP;Joe Lovano;-;-;-;-;-;-;18;12;1,2,2,2,2,1,1,4,1,2,3,1;1,01,01,11,11,1,1,1001,1,11,111,1
3377;line;-;UP;Bob Berg;-;-;-;-;-;-;24;11;2,2,4,4,2,2,2,3,2,2,2;11,11,1011,1011,11,11,11,011,11,11,11
3378;line;-;UP;John Coltrane;-;-;-;-;-;-;21;12;2,2,2,2,2,3,1,2,2,2,2,2;11,11,11,11,11,011,1,01,11,01,11,11
3379;lick;-;MEDIUM;Freddie Hubbard;-;-;-;-;-;-;9;4;3,2,4,2;111,11,1101,01
3380;line;-;UP;Wayne Shorter;-;-;-;-;-;-;8;4;4,4,2,1;1011,0011,11,1
3381;lick;-;MEDIUM;Dexter Gordon;-;-;-;-;-;-;10;5;1,1,3,4,2;1,1,111,1101,11
3382;lick;-;MEDIUM;Steve Lacy;-;-;-;-;-;-;34;21;4,1,1,1,1,4,5,4,3,2,1,5,4,4,7,2,3,1,1,1,1;1111,1,1,1,1,0111,01001,0001,011,11,1,01001,0001,1001,0001001,11,011,1,1,1,1
3383;line;-;MEDIUM UP;Cannonball Adderley;-;-;-;-;-;-;13;5;4,4,4,3,6;1011,1100,1001,011,011011
3384;line;-;UP;John Coltrane;-;-;-;-;-;-;21;11;4,1,2,2,1,2,2,2,4,4,2;1101,1,01,11,1,11,11,01,1011,1101,11
3385;lick;-;UP;Stan Getz;-;-;-;-;-;-;27;15;2,2,2,2,2,2,2,2,2,2,1,2,2,2,2;11,11,11,11,11,01,11,11,11,11,1,11,11,01,11
3386;lick;-;MEDIUM;Hank Mobley;-;-;-;-;-;-;5;3;3,4,2;110,0001,11
3387;lick;-;UP;David Liebman;-;-;-;-;-;-;52;31;2,4,2,2,2,2,2,1,2,2,2,2,2,4,2,2,2,2,4,1,4,2,2,2,2,4,1,2,2,4,2;11,1100,11,11,11,11,11,1,01,11,11,01,11,0011,11,11,01,11,1001,1,1011,11,01,01,11,1001,1,01,11,0001,01
3388;line;-;UP;John Coltrane;-;-;-;-;-;-;6;4;1,1,2,2;1,1,11,11
3389;line;-;MEDIUM;Sonny Rollins;-;-;-;-;-;-;14;5;6,4,4,4,2;011101,1011,0011,1011,11
3390;line;-;MEDIUM;Michael Brecker;-;-;-;-;-;-;32;12;4,2,2,6,2,2,2,7,6,2,3,4;1111,11,11,001001,11,01,11,1000101,111011,11,111,1111
3391;line;-;UP;Dexter Gordon;-;-;-;-;-;-;6;3;3,4,2;011,0011,11
3392;lick;-;UP;John Coltrane;-;-;-;-;-;-;1;1;2;01
3393;lick;-;UP;Paul Desmond;-;-;-;-;-;-;25;18;1,4,2,2,2,2,4,1,2,2,1,2,2,2,2,2,2,2;1,0001,11,11,01,01,1001,1,01,11,1,11,01,01,11,01,11,01
3394;line;-;MEDIUM UP;Chet Baker;-;-;-;-;-;-;22;12;2,1,2,2,2,2,2,2,2,2,2,1;11,1,11,11,11,11,11,11,11,11,11,1
3395;lick;-;UP;Wynton Marsalis;-;-;-;-;-;-;13;8;4,1,1,6,1,4,2,1;1001,1,1,110001,1,1100,11,1
3396;lick;-;UP;Woody Shaw;-;-;-;-;-;-;2;2;2,2;01,01
3397;lick;-;MEDIUM UP;Wayne Shorter;-;-;-;-;-;-;2;2;2,2;01,01
3398;lick;-;UP;Don Ellis;-;-;-;-;-;-;8;5;2,1,2,2,3;01,1,01,11,111
3399;line;-;UP;Joe Henderson;-;-;-;-;-;-;19;12;2,4,2,2,2,2,2,2,4,2,3,2;11,0001,01,11,11,01,11,01,0001,11,011,11
3400;line;-;MEDIUM UP;John Coltrane;-;-;-;-;-;-;30;11;4,4,3,6,1,1,4,4,3,4,4;1111,1111,111,011011,1,1,0011,0001,111,1111,0111
3401;lick;-;UP;J.J. Johnson;-;-;-;-;-;-;34;21;3,1,1,1,4,2,2,2,4,3,2,2,3,1,2,2,2,4,3,1,1;110,1,1,1,0001,11,11,11,1001,110,01,11,111,1,11,01,11,1001,011,1,1
3402;line;-;MEDIUM;Stan Getz;-;-;-;-;-;-;12;10;3,1,1,1,1,1,1,1,1,1;111,1,1,1,1,1,1,1,1,1
3403;lick;-;MEDIUM UP;Freddie Hubbard;-;-;-;-;-;-;6;3;3,4,6;011,0001,100011
3404;lick;-;MEDIUM UP;Don Ellis;-;-;-;-;-;-;22;11;4,3,1,6,1,2,1,1,4,2,8;1101,011,1,110001,1,01,1,1,1100,11,10001111
3405;line;-;UP;Joe Lovano;-;-;-;-;-;-;46;17;3,2,2,1,2,3,3,3,4,3,2,4,6,5,3,4,1;111,11,11,1,11,011,111,011,1011,111,11,1111,111111,10111,111,1011,1
3406;lick;-;MEDIUM UP;John Coltrane;-;-;-;-;-;-;12;7;4,2,3,4,2,2,2;1100,01,011,1001,11,01,11
3407;line;-;UP;Dizzy Gillespie;-;-;-;-;-;-;20;10;2,2,2,3,4,2,2,2,2,3;11,11,01,110,0110,11,11,11,11,111
3408;line;-;UP;Miles Davis;-;-;-;-;-;-;10;5;2,2,2,2,2;11,11,11,11,11
3409;lick;-;UP;Wayne Shorter;-;-;-;-;-;-;6;4;4,2,2,2;0001,11,01,11
3410;line;-;MEDIUM UP;Eric Dolphy;-;-;-;-;-;-;47;15;4,3,2,3,4,4,4,4,4,6,6,8,4,5,1;1111,110,11,011,1101,1001,1011,0111,1101,111011,011011,00101111,1110,11111,1
3411;line;-;UP;Don Byas;-;-;-;-;-;-;29;14;2,2,4,2,2,4,2,2,2,2,2,2,2,2;11,11,1001,11,11,0111,11,11,11,11,11,11,11,11
3412;lick;-;MEDIUM;Sonny Rollins;-;-;-;-;-;-;6;3;4,6,2;1101,000001,11
3413;lick;-;UP;Gerry Mulligan;-;-;-;-;-;-;12;7;4,4,2,2,2,2,1;0111,1001,01,01,11,11,1
3414;lick;-;MEDIUM;Gerry Mulligan;-;-;-;-;-;-;42;24;4,4,1,2,4,1,1,2,2,2,3,2,2,4,2,2,2,2,2,2,1,4,2,2;1111,1111,1,11,1001,1,1,11,01,11,111,01,11,1001,11,01,11,01,11,01,1,0001,11,01
3415;lick;-;MEDIUM;J.J. Johnson;-;-;-;-;-;-;23;11;2,1,1,2,3,3,8,3,3,1,1;11,1,1,11,111,111,01010101,011,111,1,1
3416;line;-;MEDIUM UP;John Coltrane;-;-;-;-;-;-;13;6;2,2,1,2,6,4;01,11,1,01,011011,1111
3417;line;-;UP;David Liebman;-;-;-;-;-;-;18;11;1,1,2,1,2,3,1,1,4,2,4;1,1,11,1,01,011,1,1,0111,11,1110
3418;line;-;UP;Joe Lovano;-;-;-;-;-;-;42;23;4,2,2,1,2,3,1,4,3,1,2,1,2,3,2,1,2,2,2,2,2,2,3;1111,11,11,1,11,011,1,1101,011,1,11,1,11,111,11,1,11,01,11,01,01,11,011
3419;line;-;UP;Pepper Adams;-;-;-;-;-;-;11;6;2,3,2,4,2,2;11,110,11,0001,11,11
3420;line;-;UP;Sonny Rollins;-;-;-;-;-;-;57;31;2,2,2,4,2,2,2,3,2,2,2,2,2,2,2,2,2,2,2,3,2,2,2,2,2,2,2,2,2,4,2;11,11,01,0001,11,11,11,111,11,11,11,01,11,11,11,01,11,11,11,111,11,11,11,11,11,11,11,01,01,0001,11
3421;line;-;UP;Fats Navarro;-;-;-;-;-;-;21;11;2,3,4,2,2,3,4,3,1,1,2;11,011,1110,11,11,011,0001,111,1,1,11
3422;line;-;UP;Branford Marsalis;-;-;-;-;-;-;47;26;1,1,2,4,2,2,4,6,4,2,2,1,2,2,2,1,2,1,2,2,2,2,2,2,4,2;1,1,11,1001,01,11,1001,101001,1011,11,11,1,11,11,11,1,11,1,01,11,11,11,11,11,1101,01
3423;lick;-;MEDIUM UP;Chet Baker;-;-;-;-;-;-;19;14;2,6,4,1,1,1,1,2,2,2,2,2,1,1;01,100001,0001,1,1,1,1,11,11,11,11,01,1,1
3424;line;-;UP;Bob Berg;-;-;-;-;-;-;47;23;4,4,3,4,2,2,2,2,2,3,2,3,2,2,2,4,2,2,2,1,2,3,1;1011,0011,110,0011,11,11,11,11,11,110,11,111,11,11,11,1101,11,11,11,1,11,110,1
3425;lick;-;MEDIUM UP;David Liebman;-;-;-;-;-;-;4;1;4;1111
3426;lick;-;UP;Chet Baker;-;-;-;-;-;-;22;14;4,1,3,2,4,1,2,1,2,2,2,2,2,2;1001,1,111,11,0001,1,11,1,11,11,11,01,01,01
3427;lick;-;UP;Dexter Gordon;-;-;-;-;-;-;5;4;2,4,2,4;01,0001,01,1001
3428;lick;-;MEDIUM;Milt Jackson;-;-;-;-;-;-;17;9;6,2,4,2,1,4,2,6,5;000001,01,1101,11,1,1011,01,000011,01011
3429;lick;-;MEDIUM UP;Miles Davis;-;-;-;-;-;-;11;6;2,2,2,2,2,2;11,11,11,01,11,11
3430;line;-;MEDIUM UP;Lee Morgan;-;-;-;-;-;-;38;17;2,2,2,1,2,6,3,4,2,4,2,2,2,2,4,2,2;11,11,11,1,11,010111,111,1001,11,1110,11,11,11,11,0111,11,11
3431;line;-;UP;Lee Konitz;-;-;-;-;-;-;35;18;4,4,5,2,2,2,2,2,2,1,6,3,2,6,2,2,2,2;1011,0110,01001,11,11,11,11,11,01,1,010001,110,11,010001,11,11,11,11
3432;lick;-;UP;Sonny Rollins;-;-;-;-;-;-;9;7;2,1,1,1,2,2,2;01,1,1,1,11,01,11
3433;lick;-;UP;Wynton Marsalis;-;-;-;-;-;-;6;5;2,2,1,1,1;01,11,1,1,1
3434;line;-;UP;David Liebman;-;-;-;-;-;-;72;37;4,3,2,3,5,4,1,2,4,2,1,2,2,2,1,3,1,2,2,2,2,2,2,1,4,4,2,2,1,2,4,4,2,2,2,2,2;1111,011,11,011,01111,0001,1,11,1011,11,1,11,01,11,1,111,1,01,11,01,11,11,11,1,0111,0111,11,11,1,11,1100,1111,11,11,01,01,11
3435;line;-;UP;Pepper Adams;-;-;-;-;-;-;14;7;2,3,2,2,3,2,2;11,110,11,11,111,01,11
3436;line;-;UP;Art Pepper;-;-;-;-;-;-;25;12;2,2,2,3,4,2,1,2,2,4,4,2;11,11,11,111,0001,11,1,11,11,0111,0111,11
3437;lick;-;UP;Stan Getz;-;-;-;-;-;-;14;11;1,1,1,2,2,2,1,2,2,2,2;1,1,1,01,11,01,1,01,01,11,11
3438;line;-;UP;Stan Getz;-;-;-;-;-;-;29;15;2,4,2,4,2,2,2,2,2,2,2,2,1,1,2;11,1011,11,1011,11,11,01,11,11,11,11,11,1,1,11
3439;lick;-;UP;Stan Getz;-;-;-;-;-;-;4;3;1,2,2;1,11,01
3440;lick;-;UP;David Liebman;-;-;-;-;-;-;9;8;4,2,2,2,1,2,2,1;0001,01,01,01,1,11,01,1
3441;lick;-;MEDIUM UP;Art Pepper;-;-;-;-;-;-;14;7;4,4,4,4,2,2,2;0001,0011,1101,1001,11,11,11
3442;line;-;UP;Bob Berg;-;-;-;-;-;-;34;20;2,4,3,4,2,2,2,2,1,1,1,1,1,1,2,2,2,1,1,1;11,0111,110,1111,11,11,11,11,1,1,1,1,1,1,11,11,11,1,1,1
3443;lick;-;UP;Miles Davis;-;-;-;-;-;-;14;8;4,4,4,2,1,1,2,1;1011,0001,1011,11,1,1,11,1
3444;line;-;UP;Fats Navarro;-;-;-;-;-;-;31;15;2,2,2,2,2,2,2,4,2,2,2,2,2,2,6;11,01,11,11,01,11,11,1011,11,01,11,11,11,11,101111
3445;lick;-;UP;Dexter Gordon;-;-;-;-;-;-;11;7;2,1,4,5,2,2,1;01,1,1001,10011,11,01,1
3446;lick;-;UP;John Coltrane;-;-;-;-;-;-;5;4;1,1,1,2;1,1,1,11
3447;line;-;UP;Gerry Mulligan;-;-;-;-;-;-;47;25;2,2,2,2,2,2,4,1,2,2,1,2,2,2,1,2,2,4,1,2,3,2,2,4,3;11,01,11,11,11,11,1101,1,11,11,1,11,01,11,1,11,11,1101,1,11,011,11,11,0111,110
3448;lick;-;UP;John Coltrane;-;-;-;-;-;-;8;4;7,1,4,1,1;1001011,0,0111,0,1
3449;lick;-;UP;Dexter Gordon;-;-;-;-;-;-;5;4;2,2,2,2;11,01,01,01
3450;lick;-;MEDIUM;Sonny Rollins;-;-;-;-;-;-;4;4;1,1,1,1;1,1,1,1
3451;lick;-;UP;John Coltrane;-;-;-;-;-;-;11;7;2,3,2,1,4,2,2;01,011,11,1,0001,11,11
3452;lick;-;UP;John Coltrane;-;-;-;-;-;-;13;7;1,3,1,1,4,2,2;1,111,1,1,0111,11,11
3453;lick;-;MEDIUM;John Coltrane;-;-;-;-;-;-;5;2;2,4;01,1111
3454;line;-;MEDIUM SLOW;Hank Mobley;-;-;-;-;-;-;20;6;2,2,4,6,8,6;11,11,0111,101111,01101001,011011
3455;lick;-;MEDIUM UP;Chet Baker;-;-;-;-;-;-;15;7;6,4,2,6,2,2,2;100101,1001,01,101001,11,11,11
3456;lick;-;UP;Sonny Rollins;-;-;-;-;-;-;1;1;1;1
3457;lick;-;MEDIUM;Bob Berg;-;-;-;-;-;-;4;2;2,3;11,110
3458;line;-;MEDIUM SLOW;Steve Coleman;-;-;-;-;-;-;74;26;4,3,4,4,4,4,1,4,4,1,4,4,4,4,4,4,2,4,4,4,4,2,4,4,10,4;1111,011,1110,1110,1111,0001,1,0111,1111,1,0001,0111,1111,0001,1111,1111,11,1111,1001,1111,1110,11,1110,1110,1000010011,1111
3459;lick;-;MEDIUM;Clifford Brown;-;-;-;-;-;-;7;2;4,3;1111,111
3460;lick;-;UP;Hank Mobley;-;-;-;-;-;-;11;7;2,3,2,1,1,2,4;11,011,01,1,1,01,1011
3461;lick;-;UP;Don Ellis;-;-;-;-;-;-;4;2;2,4;11,0110
3462;lick;-;MEDIUM UP;Miles Davis;-;-;-;-;-;-;3;2;1,4;1,1001
3463;lick;-;UP;David Liebman;-;-;-;-;-;-;35;23;4,1,1,2,4,2,3,3,2,1,1,1,1,1,2,4,2,4,4,1,1,1,2;0111,1,1,11,1011,11,011,111,11,1,1,1,1,1,11,0001,01,0011,0001,1,1,1,01
3464;lick;-;UP;Dizzy Gillespie;-;-;-;-;-;-;28;11;2,2,2,2,3,3,2,4,4,5,5;11,11,01,01,111,111,01,1011,1110,11111,10111
3465;line;-;MEDIUM;Pepper Adams;-;-;-;-;-;-;41;12;4,5,4,4,4,3,4,4,6,4,4,3;1111,01111,1111,1111,0011,011,1111,0111,010111,1111,1011,111
3466;lick;-;MEDIUM UP;Woody Shaw;-;-;-;-;-;-;10;7;2,1,4,4,4,2,2;11,1,0001,0011,1001,01,01
3467;lick;-;UP;Herbie Hancock;-;-;-;-;-;-;6;4;2,1,2,2;11,1,01,11
3468;lick;-;UP;Joe Henderson;-;-;-;-;-;-;4;3;1,2,1;1,11,1
3469;lick;-;MEDIUM;Dexter Gordon;-;-;-;-;-;-;12;6;4,4,2,2,3,2;1101,0111,01,01,111,01
3470;lick;-;MEDIUM UP;Woody Shaw;-;-;-;-;-;-;21;12;2,2,3,6,2,4,2,1,2,2,1,2;11,11,011,011100,01,0001,11,1,11,11,1,11
3471;line;-;MEDIUM UP;Woody Shaw;-;-;-;-;-;-;50;14;6,4,4,4,6,5,4,6,6,4,4,4,4,3;101011,1001,1111,1111,010111,10001,1110,101011,001111,1111,1111,1111,1111,111
3472;lick;-;UP;Joe Lovano;-;-;-;-;-;-;8;6;2,2,4,4,1,1;01,11,1001,0001,1,1
3473;line;-;MEDIUM;Lee Konitz;-;-;-;-;-;-;36;18;2,2,2,2,2,2,2,2,2,6,1,2,2,2,2,4,2,2;11,11,11,11,11,11,11,11,11,010001,1,11,11,11,11,0111,11,11
3474;lick;-;MEDIUM;John Coltrane;-;-;-;-;-;-;7;2;6,4;011011,1101
3475;lick;-;MEDIUM;Dexter Gordon;-;-;-;-;-;-;4;3;2,1,3;01,1,011
3476;lick;-;UP;Steve Turre;-;-;-;-;-;-;5;5;2,2,2,1,1;01,01,01,1,1
3477;line;-;UP;Miles Davis;-;-;-;-;-;-;17;10;2,1,4,2,2,2,2,2,1,1;11,1,1011,11,11,11,11,01,1,1
3478;lick;-;UP;Paul Desmond;-;-;-;-;-;-;16;11;1,2,2,2,1,2,2,4,2,2,4;1,11,01,11,1,01,11,0001,01,11,1001
3479;line;-;MEDIUM UP;John Coltrane;-;-;-;-;-;-;44;15;2,4,1,7,6,4,4,8,8,6,1,1,1,4,3;11,1111,1,1101111,011011,0111,0111,00011011,01101011,100001,1,1,1,1111,111
3480;lick;-;UP;Chris Potter;-;-;-;-;-;-;48;28;2,1,2,2,1,2,4,2,2,1,1,4,3,2,1,2,2,4,2,2,4,2,2,2,2,1,1,1;01,1,11,11,1,01,0111,11,11,1,1,1111,011,11,1,11,11,1100,11,01,1100,11,11,11,11,1,1,1
3481;line;-;MEDIUM;David Liebman;-;-;-;-;-;-;22;4;4,8,4,8;0111,11111111,1011,11111111
3482;lick;-;UP;John Coltrane;-;-;-;-;-;-;28;16;4,2,2,2,2,1,2,6,1,4,2,6,2,1,4,2;0111,11,11,11,01,1,01,100111,1,0011,11,010101,01,1,0001,01
3483;lick;-;UP;John Coltrane;-;-;-;-;-;-;35;20;2,2,3,2,2,3,3,2,2,2,2,2,1,4,2,4,2,2,2,2;11,01,111,11,01,011,011,11,11,11,01,01,1,1011,11,1100,11,01,01,11
3484;lick;-;MEDIUM UP;Don Ellis;-;-;-;-;-;-;10;6;2,1,1,6,4,2;11,1,1,000101,1011,01
3485;lick;-;UP;John Coltrane;-;-;-;-;-;-;7;5;2,1,2,4,1;11,1,11,0001,1
3486;lick;-;UP;Paul Desmond;-;-;-;-;-;-;8;6;2,2,2,2,2,1;11,01,01,11,01,1
3487;line;-;MEDIUM;Curtis Fuller;-;-;-;-;-;-;21;7;6,1,5,6,6,2,6;011001,1,01111,100011,111100,11,010111
3488;lick;-;UP;Chris Potter;-;-;-;-;-;-;1;1;2;01
3489;line;-;MEDIUM UP;Charlie Parker;-;-;-;-;-;-;8;3;4,4,2;0111,0111,11
3490;line;-;UP;John Coltrane;-;-;-;-;-;-;7;5;1,2,2,2,2;1,11,11,01,01
3491;lick;-;MEDIUM UP;Clifford Brown;-;-;-;-;-;-;9;7;2,3,2,2,2,2,2;11,011,01,01,01,01,01
3492;lick;-;UP;Dexter Gordon;-;-;-;-;-;-;13;7;2,2,1,2,1,4,4;11,11,1,11,1,0011,1101
3493;line;-;MEDIUM;Paul Desmond;-;-;-;-;-;-;14;5;4,6,1,1,4;1111,101111,1,0,1111
3494;line;-;UP;John Coltrane;-;-;-;-;-;-;7;4;2,2,2,2;11,11,11,01
3495;line;-;UP;Steve Coleman;-;-;-;-;-;-;49;25;2,3,3,2,3,2,1,2,2,2,2,2,4,2,2,3,2,2,1,2,2,2,2,2,4;11,011,011,11,111,11,1,11,11,11,11,01,1011,11,11,111,11,01,1,01,11,11,11,11,1011
3496;line;-;UP;Lee Konitz;-;-;-;-;-;-;19;11;2,2,2,2,3,2,1,2,1,2,2;11,01,11,11,111,01,1,11,1,11,11
3497;line;-;MEDIUM;Joshua Redman;-;-;-;-;-;-;30;22;3,3,3,6,1,1,1,1,1,1,1,1,1,1,1,1,1,1,1,1,1,1;111,110,111,101101,1,1,1,1,1,1,1,1,1,1,1,1,1,1,1,1,1,1
3498;line;-;UP;Dizzy Gillespie;-;-;-;-;-;-;22;12;1,1,2,2,2,2,4,2,1,4,2,2;1,1,11,01,11,11,1011,11,1,1101,11,11
3499;lick;-;MEDIUM UP;Kenny Dorham;-;-;-;-;-;-;15;8;4,2,1,1,6,6,4,2;1001,01,1,1,010001,111011,0001,11
3500;lick;-;MEDIUM UP;Art Pepper;-;-;-;-;-;-;22;12;2,2,4,4,4,4,2,2,2,2,2,6;11,11,1011,1001,0001,0011,01,11,11,01,11,010001
3501;lick;-;MEDIUM SLOW;Steve Coleman;-;-;-;-;-;-;23;7;8,6,4,4,6,4,6;00010101,111011,0001,0001,011011,1111,111101
3502;lick;-;UP;Wayne Shorter;-;-;-;-;-;-;20;12;2,2,2,1,2,2,2,2,1,2,1,4;11,11,11,1,11,11,01,11,1,11,1,1001
3503;lick;-;UP;Pat Metheny;-;-;-;-;-;-;7;6;1,2,1,1,4,1;1,01,1,1,1001,1
3504;lick;-;MEDIUM UP;Cannonball Adderley;-;-;-;-;-;-;6;4;2,1,4,2;11,1,1001,01
3505;lick;-;MEDIUM SLOW;Michael Brecker;-;-;-;-;-;-;12;3;4,6,6;1111,111011,011100
3506;lick;-;UP;John Coltrane;-;-;-;-;-;-;6;4;4,2,3,3;0001,01,011,011
3507;lick;-;MEDIUM;Phil Woods;-;-;-;-;-;-;9;6;4,3,1,4,1,2;0001,011,1,0011,1,11
3508;lick;-;MEDIUM UP;Don Ellis;-;-;-;-;-;-;10;6;2,1,4,2,6,1;01,1,1011,01,100011,1
3509;lick;-;UP;Herbie Hancock;-;-;-;-;-;-;9;6;2,2,2,2,1,2;01,11,11,01,1,11
3510;lick;-;MEDIUM UP;Joe Henderson;-;-;-;-;-;-;42;19;4,6,2,2,6,4,4,3,2,6,2,6,4,1,4,3,4,1,4;0001,000011,11,11,101101,0111,1110,011,11,000001,01,101101,0011,1,1111,111,1110,1,0001
3511;lick;-;MEDIUM;George Coleman;-;-;-;-;-;-;4;2;8,2;00010011,01
3512;line;-;UP;Eric Dolphy;-;-;-;-;-;-;31;11;3,3,4,4,2,2,2,2,4,2,4;111,111,1111,1111,11,11,11,11,1101,11,1111
3513;lick;-;MEDIUM UP;Woody Shaw;-;-;-;-;-;-;1;1;2;01
3514;line;-;MEDIUM;Bob Berg;-;-;-;-;-;-;30;10;2,4,4,4,4,4,4,2,2,4;11,0111,0111,1110,1111,1111,0111,11,11,1111
3515;lick;-;UP;John Coltrane;-;-;-;-;-;-;3;2;2,1;11,1
3516;lick;-;MEDIUM SLOW;John Coltrane;-;-;-;-;-;-;31;11;4,2,3,6,2,4,4,3,4,3,6;1110,11,110,011011,01,0111,1111,111,1111,011,011100
3517;line;-;UP;Michael Brecker;-;-;-;-;-;-;30;17;2,4,1,1,2,1,2,2,2,2,1,1,2,3,1,6,2;01,1011,1,1,11,1,11,11,11,11,1,1,11,011,1,011011,11
3518;line;-;UP;Joe Lovano;-;-;-;-;-;-;18;11;1,1,1,1,2,2,2,4,3,2,4;1,1,1,1,11,01,11,0001,111,11,1011
3519;lick;-;UP;John Coltrane;-;-;-;-;-;-;3;2;1,2;1,11
3520;lick;-;MEDIUM SLOW;Joe Lovano;-;-;-;-;-;-;9;4;3,2,3,4;011,11,011,1011
3521;line;-;UP;Paul Desmond;-;-;-;-;-;-;37;23;2,2,2,2,2,4,2,1,4,2,2,2,2,2,4,2,1,1,1,2,4,2,2;11,11,11,11,11,1001,11,1,0001,11,01,11,11,01,0001,01,1,1,1,11,1001,11,11
3522;lick;-;UP;Clifford Brown;-;-;-;-;-;-;53;31;2,6,4,2,2,2,1,2,2,2,4,4,5,4,1,4,2,2,2,2,1,1,2,2,4,4,2,2,1,1,1;11,011101,1011,11,11,11,1,01,11,01,1100,1101,00111,1001,1,1101,01,01,01,11,1,1,01,01,0001,0111,01,11,1,1,1
3523;lick;-;MEDIUM;Wayne Shorter;-;-;-;-;-;-;9;4;2,3,2,3;01,111,11,111
3524;line;-;UP;Joe Lovano;-;-;-;-;-;-;33;14;2,3,2,2,2,2,3,4,4,3,3,4,1,2;01,111,11,11,11,11,011,0111,1111,111,111,1111,1,01
3525;lick;-;UP;Gerry Mulligan;-;-;-;-;-;-;10;7;1,3,2,2,2,1,1;1,011,11,11,01,1,1
3526;lick;-;UP;J.J. Johnson;-;-;-;-;-;-;22;16;4,1,1,1,1,2,2,2,2,1,2,1,4,3,3,1;0001,1,1,1,1,11,11,01,11,1,01,1,0011,011,011,1
3527;lick;-;MEDIUM;Dexter Gordon;-;-;-;-;-;-;8;5;2,2,2,2,1;11,01,11,11,1
3528;lick;-;MEDIUM UP;Cannonball Adderley;-;-;-;-;-;-;9;5;4,6,2,3,4;0001,100001,01,111,1001
3529;lick;-;MEDIUM UP;Clifford Brown;-;-;-;-;-;-;23;13;4,4,2,2,2,2,2,2,2,2,2,2,1;0001,1011,01,11,11,11,01,11,11,11,11,11,1
3530;lick;-;MEDIUM UP;Woody Shaw;-;-;-;-;-;-;8;4;2,4,2,2;11,0011,11,11
3531;lick;-;MEDIUM;Dizzy Gillespie;-;-;-;-;-;-;11;10;1,1,1,1,1,1,4,4,2,2;1,1,1,1,1,1,0001,0001,11,01
3532;line;-;MEDIUM;J.J. Johnson;-;-;-;-;-;-;43;16;8,3,3,3,3,3,4,6,4,2,2,2,4,8,4,4;00100011,111,111,111,111,011,1011,001011,1011,11,11,01,1011,00100011,1011,1011
3533;lick;-;MEDIUM UP;Cannonball Adderley;-;-;-;-;-;-;12;8;2,3,4,2,1,1,2,1;11,011,0001,11,1,1,11,1
3534;line;-;UP;Chris Potter;-;-;-;-;-;-;36;22;2,2,2,1,2,1,1,1,3,2,2,2,2,2,2,1,3,1,3,2,1,2;11,11,11,1,11,1,1,1,111,11,11,11,11,11,01,1,011,1,110,11,1,01
3535;line;-;UP;Joe Henderson;-;-;-;-;-;-;10;5;2,2,2,2,2;11,11,11,11,11
3536;lick;-;UP;Joe Lovano;-;-;-;-;-;-;9;6;2,1,4,2,2,1;01,1,0011,11,11,1
3537;line;-;UP;Steve Turre;-;-;-;-;-;-;26;15;2,2,3,2,2,1,2,2,2,2,2,1,2,1,2;11,01,011,11,11,1,11,11,11,11,11,1,11,1,11
3538;line;-;UP;John Coltrane;-;-;-;-;-;-;8;4;2,2,2,2;11,11,11,11
3539;lick;-;MEDIUM SLOW;Dexter Gordon;-;-;-;-;-;-;10;3;4,3,4;1111,110,1111
3540;lick;-;UP;David Liebman;-;-;-;-;-;-;3;2;1,2;1,11
3541;line;-;MEDIUM;David Liebman;-;-;-;-;-;-;48;8;4,8,4,8,4,8,8,10;1011,11111111,1110,11111111,0001,11111111,11111111,0111111111
3542;lick;-;MEDIUM;David Liebman;-;-;-;-;-;-;3;1;4;0111
3543;lick;-;UP;Pat Metheny;-;-;-;-;-;-;21;13;1,2,4,2,1,4,4,4,4,1,4,2,2;1,01,0001,11,1,1001,1001,1011,1001,1,1001,01,11
3544;lick;-;MEDIUM UP;Wayne Shorter;-;-;-;-;-;-;9;5;2,1,1,2,4;11,1,1,11,1011
3545;line;-;UP;Steve Coleman;-;-;-;-;-;-;9;4;2,2,2,4;11,11,11,1101
3546;lick;-;MEDIUM;Woody Shaw;-;-;-;-;-;-;2;2;4,4;0001,0001
3547;lick;-;MEDIUM UP;Wayne Shorter;-;-;-;-;-;-;39;23;4,2,2,2,2,2,4,2,1,2,2,1,2,1,2,2,2,2,2,4,6,3,1;1100,11,11,11,11,11,0111,11,1,11,01,1,01,1,11,01,01,01,01,1110,010011,110,1
3548;lick;-;MEDIUM UP;Paul Desmond;-;-;-;-;-;-;11;6;2,2,2,2,2,1;11,11,11,11,11,1
3549;line;-;UP;Pat Metheny;-;-;-;-;-;-;32;18;4,2,2,2,2,2,2,2,2,2,2,2,2,1,1,1,1,2;1101,11,11,11,11,11,11,11,01,11,11,11,11,1,1,1,1,11
3550;line;-;UP;John Coltrane;-;-;-;-;-;-;15;7;2,2,2,2,4,1,4;11,11,11,11,1101,1,1011
3551;lick;-;MEDIUM UP;Eric Dolphy;-;-;-;-;-;-;10;5;3,1,2,2,3;110,1,11,11,111
3552;line;-;MEDIUM;Clifford Brown;-;-;-;-;-;-;6;3;2,2,2;11,11,11
3553;lick;-;MEDIUM;Michael Brecker;-;-;-;-;-;-;9;4;2,2,2,4;11,01,11,1111
3554;line;-;MEDIUM UP;Wayne Shorter;-;-;-;-;-;-;10;5;6,1,2,2,3;100011,1,01,11,111
3555;line;-;UP;Dexter Gordon;-;-;-;-;-;-;11;6;2,2,1,6,2,2;01,01,1,100111,11,11
3556;lick;-;UP;John Coltrane;-;-;-;-;-;-;1;1;4;0001
3557;lick;-;MEDIUM UP;Charlie Parker;-;-;-;-;-;-;10;6;1,2,2,2,2,2;1,11,11,01,11,11
3558;lick;-;UP;John Coltrane;-;-;-;-;-;-;11;6;2,4,3,2,2,2;11,0011,011,11,01,11
3559;lick;-;MEDIUM;Sonny Rollins;-;-;-;-;-;-;2;2;1,1;1,1
3560;lick;-;UP;Pat Metheny;-;-;-;-;-;-;7;5;1,2,2,1,1;1,11,11,1,1
3561;line;-;MEDIUM UP;Steve Lacy;-;-;-;-;-;-;30;16;4,2,2,2,2,1,1,2,2,2,2,1,4,4,4,2;1101,01,11,11,11,1,1,11,11,11,11,1,0001,1100,1111,11
3562;lick;-;MEDIUM UP;Gerry Mulligan;-;-;-;-;-;-;12;7;1,2,2,4,2,2,2;1,11,11,1001,11,01,11
3563;line;-;UP;Michael Brecker;-;-;-;-;-;-;29;15;4,3,4,3,2,2,2,2,1,2,2,2,1,1,1;1001,111,1111,111,01,11,11,11,1,11,11,11,1,1,1
3564;lick;-;UP;Gerry Mulligan;-;-;-;-;-;-;9;5;2,2,4,1,2;11,11,1001,1,11
3565;lick;-;MEDIUM;Gerry Mulligan;-;-;-;-;-;-;27;14;2,1,4,4,4,4,2,2,1,4,2,6,1,2;11,1,0001,1101,1110,0001,11,11,1,1110,11,000111,1,11
3566;line;-;UP;Pepper Adams;-;-;-;-;-;-;18;8;2,3,2,2,4,3,2,2;11,011,11,11,1101,111,11,11
3567;line;-;UP;Art Pepper;-;-;-;-;-;-;30;17;4,5,3,2,2,2,4,1,1,2,2,4,4,2,2,3,1;0001,01011,011,11,11,11,0011,1,1,11,11,0001,0011,11,11,110,1
3568;lick;-;UP;Art Pepper;-;-;-;-;-;-;5;3;2,4,3;01,0001,111
3569;line;-;UP;Stan Getz;-;-;-;-;-;-;28;15;2,2,4,2,2,2,2,4,2,2,2,2,2,3,2;11,11,0001,11,11,01,11,1110,11,11,11,01,11,011,11
3570;line;-;UP;J.J. Johnson;-;-;-;-;-;-;19;11;1,2,2,2,2,2,2,2,1,2,2;1,11,01,11,11,11,11,11,1,11,11
3571;lick;-;UP;Miles Davis;-;-;-;-;-;-;4;3;1,1,2;1,1,11
3572;line;-;UP;Chris Potter;-;-;-;-;-;-;13;6;2,4,2,2,2,2;11,1101,11,11,11,11
3573;lick;-;MEDIUM UP;Paul Desmond;-;-;-;-;-;-;7;4;2,2,1,2;11,11,1,11
3574;line;-;MEDIUM UP;David Liebman;-;-;-;-;-;-;50;14;4,8,6,6,3,4,4,6,4,4,4,4,4,2;1111,10011111,111011,101111,111,1111,1011,111110,0111,0001,0111,1011,0111,11
3575;line;-;UP;Joe Henderson;-;-;-;-;-;-;20;11;2,4,2,2,2,2,2,2,1,4,4;11,1001,11,01,11,11,11,11,1,0001,1011
3576;lick;-;MEDIUM;Dexter Gordon;-;-;-;-;-;-;5;3;4,1,1;1101,1,1
3577;lick;-;UP;Chet Baker;-;-;-;-;-;-;10;6;6,2,2,2,2,2;010001,11,01,11,01,11
3578;lick;-;UP;Joe Lovano;-;-;-;-;-;-;3;3;1,1,2;1,1,01
3579;line;-;UP;Phil Woods;-;-;-;-;-;-;24;13;2,2,2,2,2,2,2,2,2,1,1,4,2;11,11,11,11,11,11,11,11,11,1,1,1001,11
3580;lick;-;MEDIUM UP;Chet Baker;-;-;-;-;-;-;24;14;3,1,2,2,2,2,1,2,2,2,2,2,2,2;110,1,11,11,11,11,1,11,11,11,01,11,01,11
3581;line;-;UP;Paul Desmond;-;-;-;-;-;-;21;13;2,2,2,4,4,2,2,4,2,2,2,1,2;11,11,11,1001,1001,11,11,1001,01,01,01,1,01
3582;lick;-;UP;Paul Desmond;-;-;-;-;-;-;24;19;4,2,2,2,1,1,1,4,1,1,2,2,1,1,1,1,1,2,2;1001,11,01,11,1,1,1,0001,1,1,11,01,1,1,1,1,1,01,11
3583;lick;-;MEDIUM UP;Kenny Dorham;-;-;-;-;-;-;8;4;4,2,4,2;0001,11,1110,11
3584;lick;-;MEDIUM UP;Paul Desmond;-;-;-;-;-;-;6;4;4,2,2,1;1100,01,11,1
3585;lick;-;MEDIUM;Gerry Mulligan;-;-;-;-;-;-;16;9;1,2,2,4,2,2,2,6,1;1,11,11,1001,11,01,11,000111,1
3586;line;-;UP;Art Pepper;-;-;-;-;-;-;6;3;2,2,2;11,11,11
3587;lick;-;UP;Joe Lovano;-;-;-;-;-;-;18;13;2,1,2,2,1,1,2,2,2,1,1,1,1;11,1,11,11,1,1,11,11,01,1,1,1,1
3588;lick;-;MEDIUM;Joshua Redman;-;-;-;-;-;-;11;5;3,2,2,2,3;111,11,11,11,011
3589;lick;-;UP;Art Pepper;-;-;-;-;-;-;3;2;2,2;01,11
3590;line;-;UP;David Liebman;-;-;-;-;-;-;10;5;2,2,4,4,4;11,11,1100,1101,0001
3591;lick;-;MEDIUM SLOW;Steve Coleman;-;-;-;-;-;-;42;14;4,4,4,4,4,4,4,4,4,4,3,2,2,4;1111,0001,1111,1111,1111,1111,0011,1110,1111,0111,011,01,11,1111
3592;lick;-;UP;David Liebman;-;-;-;-;-;-;6;5;4,2,1,1,1;0001,11,1,1,1
3593;line;-;UP;John Coltrane;-;-;-;-;-;-;19;10;2,1,1,2,3,2,2,3,3,2;11,1,1,11,011,11,11,111,011,11
3594;line;-;UP;Joe Lovano;-;-;-;-;-;-;26;12;3,2,2,1,4,4,2,3,3,4,2,2;111,11,11,1,1001,0111,11,011,111,1011,01,11
3595;lick;-;UP;Branford Marsalis;-;-;-;-;-;-;21;13;4,4,2,2,4,1,2,4,4,2,2,2,2;0001,1101,11,01,0001,1,11,1001,0001,11,11,11,01
3596;lick;-;UP;Chet Baker;-;-;-;-;-;-;3;2;2,6;01,100001
3597;lick;-;UP;John Coltrane;-;-;-;-;-;-;4;3;2,1,2;11,1,01
3598;lick;-;MEDIUM;J.J. Johnson;-;-;-;-;-;-;9;6;2,2,1,2,2,2;01,11,1,11,01,11
3599;line;-;UP;Michael Brecker;-;-;-;-;-;-;79;37;1,2,2,3,2,2,1,2,2,2,2,2,3,3,3,3,3,2,2,1,6,1,2,4,2,2,4,4,2,2,2,2,2,2,2,3,4;1,11,11,111,11,11,1,01,11,01,11,11,111,111,110,110,111,11,11,1,111111,1,11,1011,11,11,1011,1101,11,11,11,11,11,11,11,011,1001
3600;lick;-;UP;Joe Lovano;-;-;-;-;-;-;7;5;1,1,2,1,2;1,1,11,1,11
3601;line;-;UP;John Coltrane;-;-;-;-;-;-;18;9;4,2,2,3,2,4,4,2,1;0001,11,11,011,11,1011,1011,11,1
3602;lick;-;MEDIUM;Steve Coleman;-;-;-;-;-;-;8;3;6,1,1,4;000111,1,0,1111
3603;line;-;UP;John Coltrane;-;-;-;-;-;-;40;19;2,2,2,2,2,2,2,6,3,2,4,4,1,2,3,4,2,2,2;11,11,01,11,11,11,11,111111,011,11,0001,1011,1,11,011,1011,11,11,01
3604;lick;-;UP;John Coltrane;-;-;-;-;-;-;4;3;2,2,1;11,01,1
3605;lick;-;MEDIUM;David Murray;-;-;-;-;-;-;13;4;2,4,5,6;11,1111,00111,001111
3606;lick;-;MEDIUM;Sonny Rollins;-;-;-;-;-;-;6;5;4,4,1,2,4;0001,0001,1,01,1001
3607;lick;-;MEDIUM SLOW;Steve Coleman;-;-;-;-;-;-;33;9;6,4,4,4,4,8,4,4,4;101011,1111,1111,0011,0111,10011011,1111,0111,1111
3608;line;-;MEDIUM SLOW;Joe Lovano;-;-;-;-;-;-;33;9;6,4,4,8,4,4,3,4,3;010111,0111,1111,00011111,0111,1111,111,1111,111
3609;line;-;MEDIUM UP;Lee Morgan;-;-;-;-;-;-;45;21;4,1,3,6,2,4,2,2,2,4,2,1,4,2,2,2,2,4,2,4,1;1111,1,011,100011,11,0011,11,11,11,0111,01,1,1001,11,11,11,11,1111,11,0111,1
3610;line;-;UP;David Liebman;-;-;-;-;-;-;32;18;2,2,2,2,2,2,2,2,2,2,2,1,4,4,2,4,4,4;01,11,11,11,11,01,11,11,11,11,11,1,1011,0001,11,0111,0001,0001
3611;lick;-;MEDIUM UP;David Liebman;-;-;-;-;-;-;14;4;4,3,6,6;1111,110,111011,100011
3612;lick;-;UP;Charlie Parker;-;-;-;-;-;-;6;4;2,2,2,3;11,01,01,011
3613;lick;-;UP;Steve Coleman;-;-;-;-;-;-;6;4;2,2,1,2;11,11,1,01
3614;line;-;UP;Clifford Brown;-;-;-;-;-;-;27;11;2,4,4,1,1,3,2,2,6,5,6;11,0011,1011,1,1,111,11,01,010111,01111,011101
3615;line;-;UP;Phil Woods;-;-;-;-;-;-;20;12;1,4,1,3,2,3,2,3,2,4,2,1;1,1001,1,011,11,011,11,011,01,0011,11,1
3616;line;-;UP;Joe Henderson;-;-;-;-;-;-;18;12;1,2,2,2,2,2,2,2,2,2,2,4;1,11,01,01,01,11,01,11,01,01,11,1011
3617;line;-;UP;Joe Lovano;-;-;-;-;-;-;29;13;2,3,4,4,5,4,3,2,2,4,1,2,2;11,011,1011,1101,10101,1111,110,11,01,1100,1,11,11
3618;line;-;MEDIUM;Freddie Hubbard;-;-;-;-;-;-;61;20;4,5,8,1,4,4,2,1,4,6,6,6,2,2,5,1,4,4,5,4;1111,01111,00000111,1,1111,0001,11,1,1111,100011,101011,011110,11,11,11111,1,1111,1111,01111,1111
3619;lick;-;MEDIUM UP;Joe Henderson;-;-;-;-;-;-;43;19;6,8,8,8,6,2,1,4,1,2,2,4,2,1,3,4,4,3,2;101101,00000111,00000111,00000111,000001,11,1,0001,1,11,11,0011,01,1,111,1111,1111,111,11
3620;line;-;UP;Bob Berg;-;-;-;-;-;-;37;20;1,2,2,2,2,2,2,2,2,2,2,4,4,2,4,2,2,1,1,1;1,11,11,11,11,11,11,11,11,11,01,1101,1111,11,0001,11,11,1,1,1
3621;lick;-;UP;J.J. Johnson;-;-;-;-;-;-;21;17;1,1,1,1,2,2,2,2,2,1,1,1,2,4,1,1,1;1,1,1,1,01,11,11,11,11,1,1,1,01,0001,1,1,1
3622;line;-;UP;Bob Berg;-;-;-;-;-;-;41;23;2,2,2,2,2,2,4,6,3,4,2,2,2,2,1,1,1,1,1,1,1,2,2;11,11,01,11,11,11,1111,101110,110,1101,11,11,11,01,1,1,1,1,1,1,1,01,11
3623;lick;-;UP;John Coltrane;-;-;-;-;-;-;9;4;2,3,3,2;11,111,011,11
3624;lick;-;MEDIUM;Miles Davis;-;-;-;-;-;-;8;5;4,4,1,4,2;0001,1001,1,0110,11
3625;line;-;UP;David Liebman;-;-;-;-;-;-;19;8;2,4,3,3,4,4,3,1;11,0011,111,111,0110,1011,111,1
3626;line;-;UP;Herbie Hancock;-;-;-;-;-;-;33;19;2,2,2,2,2,1,2,1,4,3,3,2,2,3,3,2,2,2,2;11,01,11,11,11,1,01,1,0001,011,111,01,11,011,111,01,11,11,11
3627;lick;-;MEDIUM;Bob Berg;-;-;-;-;-;-;4;2;2,4;01,1110
3628;line;-;UP;Joe Lovano;-;-;-;-;-;-;34;14;4,4,2,2,1,4,4,1,2,2,2,2,2,3;1111,1111,11,11,1,0111,1111,1,11,11,11,11,11,111
3629;lick;-;MEDIUM UP;Kenny Dorham;-;-;-;-;-;-;11;6;2,2,2,1,2,2;11,11,11,1,11,11
3630;lick;-;MEDIUM;Miles Davis;-;-;-;-;-;-;4;2;2,2;11,11
3631;lick;-;UP;Clifford Brown;-;-;-;-;-;-;11;4;4,4,4,7;1001,0001,1101,0011111
3632;lick;-;MEDIUM;J.J. Johnson;-;-;-;-;-;-;19;11;1,2,2,6,2,2,1,4,4,3,3;1,01,11,000011,01,11,1,0001,0111,111,011
3633;line;-;MEDIUM UP;Wayne Shorter;-;-;-;-;-;-;5;3;1,2,2;1,11,11
3634;lick;-;UP;Steve Coleman;-;-;-;-;-;-;11;6;2,2,2,2,2,3;11,11,11,01,11,011
3635;line;-;UP;Fats Navarro;-;-;-;-;-;-;36;18;4,2,2,4,2,2,2,2,1,2,2,3,2,1,2,2,2,3;1001,11,11,1111,11,11,11,11,1,11,11,110,11,1,11,11,11,011
3636;line;-;MEDIUM;John Coltrane;-;-;-;-;-;-;53;14;6,4,4,6,5,8,3,5,5,4,3,6,7,1;111101,0111,1111,101111,01111,01010111,111,11111,01111,1110,110,101011,1010111,1
3637;line;-;MEDIUM UP;John Coltrane;-;-;-;-;-;-;27;11;2,2,2,4,1,2,2,6,4,4,3;11,11,11,1101,1,11,11,111100,0011,1111,111
3638;line;-;UP;Lee Konitz;-;-;-;-;-;-;46;26;2,2,2,1,4,1,2,4,2,2,2,1,2,2,2,1,3,3,2,2,2,2,2,2,1,2;11,11,11,1,1001,1,01,1001,11,11,11,1,11,01,11,1,111,011,11,11,11,11,11,11,1,11
3639;line;-;MEDIUM;Woody Shaw;-;-;-;-;-;-;8;7;1,1,1,2,1,1,1;1,1,1,11,1,1,1
3640;line;-;UP;Michael Brecker;-;-;-;-;-;-;85;37;4,4,2,4,1,2,4,3,2,4,4,1,2,4,1,4,4,4,4,4,4,1,2,2,1,1,5,3,3,3,2,3,3,2,3,2,4;0111,1001,11,1111,1,11,1100,111,11,1111,0111,1,11,1111,1,0001,0001,1011,0001,1011,1111,1,01,11,1,1,10011,011,111,111,11,111,111,11,111,11,1111
3641;lick;-;MEDIUM;Miles Davis;-;-;-;-;-;-;8;5;2,2,2,2,4;11,11,01,11,0001
3642;lick;-;MEDIUM;Phil Woods;-;-;-;-;-;-;27;14;2,2,1,2,1,4,2,2,2,4,2,4,2,2;11,11,1,11,1,1111,01,11,11,0111,11,0001,11,11
3643;lick;-;MEDIUM UP;Gerry Mulligan;-;-;-;-;-;-;10;7;1,1,2,2,1,2,2;1,1,11,11,1,11,01
3644;line;-;UP;Herbie Hancock;-;-;-;-;-;-;75;43;2,1,2,2,2,2,2,4,2,2,2,2,2,2,4,2,2,2,2,2,2,2,4,3,2,1,2,2,2,3,2,2,2,2,2,2,2,2,4,1,2,3,2;11,1,11,11,11,11,01,0011,01,11,11,11,01,11,1110,11,11,01,11,11,11,11,0001,011,11,1,11,01,11,111,01,01,11,11,01,01,11,11,1001,1,11,011,11
3645;line;-;UP;Michael Brecker;-;-;-;-;-;-;21;12;2,2,2,1,1,2,2,2,2,4,1,1;01,11,11,1,1,11,11,11,11,1111,1,1
3646;line;-;UP;Wynton Marsalis;-;-;-;-;-;-;67;42;1,3,2,2,2,2,2,2,1,2,2,2,1,1,1,1,2,2,1,1,4,2,4,4,1,1,2,2,1,1,1,1,1,4,2,2,4,2,2,2,2,3;1,011,11,11,11,11,11,01,1,11,11,11,1,1,1,1,11,11,1,1,0001,11,0110,1101,1,1,11,11,1,1,1,1,1,1001,11,11,1100,11,01,01,11,111
3647;line;-;UP;Sonny Rollins;-;-;-;-;-;-;13;8;2,2,3,2,2,1,2,2;11,11,111,11,01,1,01,01
3648;lick;-;MEDIUM;Stan Getz;-;-;-;-;-;-;3;2;2,2;11,01
3649;line;-;MEDIUM SLOW;Michael Brecker;-;-;-;-;-;-;29;7;4,4,4,6,6,3,4;0111,1111,1111,111111,111111,111,0111
3650;line;-;MEDIUM;Joshua Redman;-;-;-;-;-;-;18;10;8,6,1,1,1,1,1,1,1,1;01010111,101111,1,1,1,1,1,1,1,1
3651;lick;-;MEDIUM UP;Miles Davis;-;-;-;-;-;-;8;5;1,1,4,8,2;1,1,1100,10000011,01
3652;lick;-;UP;John Coltrane;-;-;-;-;-;-;11;6;4,2,2,4,4,4;0001,01,11,0001,1111,1001
3653;lick;-;UP;Miles Davis;-;-;-;-;-;-;20;13;1,3,3,2,1,1,1,1,4,1,2,1,2;1,011,111,11,1,1,1,1,1001,1,11,1,11
3654;line;-;UP;Gerry Mulligan;-;-;-;-;-;-;7;4;2,2,2,1;11,11,11,1
3655;line;-;UP;Joe Henderson;-;-;-;-;-;-;8;6;2,1,1,2,4,2;11,1,1,01,0001,11
3656;line;-;MEDIUM UP;Joe Henderson;-;-;-;-;-;-;26;11;2,2,6,6,6,6,1,1,1,1,4;11,11,011011,011101,010111,000011,1,1,1,1,1111
3657;line;-;UP;Pat Metheny;-;-;-;-;-;-;56;35;2,2,1,2,3,2,2,2,2,1,2,1,1,2,2,2,2,2,2,1,2,2,2,1,1,2,4,2,1,2,2,2,2,2,1;01,11,1,11,011,11,11,11,01,1,11,1,1,11,11,11,11,01,11,1,11,11,11,1,1,11,0001,11,1,11,11,01,11,11,1
3658;lick;-;UP;Paul Desmond;-;-;-;-;-;-;9;7;2,1,1,4,2,4,2;01,1,1,1001,01,1001,01
3659;lick;-;UP;John Coltrane;-;-;-;-;-;-;11;5;2,2,3,2,3;11,11,111,01,111
3660;line;-;UP;Lee Konitz;-;-;-;-;-;-;71;36;2,2,1,2,2,2,4,2,2,6,2,2,2,2,3,2,2,2,2,2,2,2,2,2,2,2,4,2,2,2,2,2,2,2,2,2;11,11,1,11,11,11,0011,11,11,010011,11,11,11,11,011,11,11,11,11,11,11,11,11,11,11,11,0111,11,11,11,11,01,11,11,11,01
3661;line;-;MEDIUM;Dexter Gordon;-;-;-;-;-;-;10;3;6,4,4;100011,1111,0111
3662;lick;-;MEDIUM UP;Steve Lacy;-;-;-;-;-;-;12;6;1,6,2,1,1,4;1,100111,11,1,1,1101
3663;lick;-;UP;Joe Lovano;-;-;-;-;-;-;22;14;1,4,1,1,1,2,4,1,2,2,4,3,2,4;1,1001,1,1,1,11,1001,1,01,11,1001,110,11,1100
3664;lick;-;MEDIUM UP;Clifford Brown;-;-;-;-;-;-;7;5;2,2,2,2,1;11,01,01,11,1
3665;line;-;UP;John Coltrane;-;-;-;-;-;-;65;31;4,2,2,2,1,3,3,2,2,3,2,2,2,3,2,2,2,2,3,2,2,3,2,2,3,3,3,3,2,2,1;1111,01,11,01,1,111,011,11,11,011,11,11,11,111,01,11,11,11,111,11,11,011,11,11,011,111,111,111,11,11,1
3666;lick;-;MEDIUM UP;Woody Shaw;-;-;-;-;-;-;8;4;2,2,4,4;01,11,1101,0011
3667;line;-;UP;Sonny Rollins;-;-;-;-;-;-;21;12;4,2,6,3,2,2,1,2,2,2,1,2;1001,11,001001,110,11,01,1,11,11,11,1,11
3668;lick;-;MEDIUM SLOW;Michael Brecker;-;-;-;-;-;-;12;3;8,4,6;11010011,1111,000111
3669;line;-;MEDIUM SLOW;Steve Coleman;-;-;-;-;-;-;51;17;4,4,4,4,4,4,4,4,4,4,2,4,8,4,2,6,4;1111,1011,1111,1111,0011,1110,0011,0001,1101,1111,11,1111,10101011,0111,01,001011,0111
3670;lick;-;UP;Art Pepper;-;-;-;-;-;-;15;8;4,2,4,3,1,3,2,2;1001,01,1001,111,1,011,11,11
3671;line;-;MEDIUM SLOW;Michael Brecker;-;-;-;-;-;-;25;8;6,1,4,4,5,4,5,4;110111,1,1111,1111,01111,1110,00111,0001
3672;line;-;MEDIUM;Dexter Gordon;-;-;-;-;-;-;54;17;5,6,3,4,6,4,6,8,1,1,4,4,6,8,1,1,4;10111,011011,011,1111,111100,1111,110111,10100001,1,1,1111,1111,011011,01010101,1,1,1111
3673;line;-;UP;Michael Brecker;-;-;-;-;-;-;21;11;2,3,4,3,2,3,2,2,2,2,2;11,111,1001,111,01,011,11,01,11,11,01
3674;lick;-;UP;Pat Metheny;-;-;-;-;-;-;8;6;2,2,2,2,2,2;01,11,01,11,01,01
3675;line;-;UP;Joe Henderson;-;-;-;-;-;-;19;8;4,4,2,2,1,4,4,4;0011,1111,11,11,1,1111,1110,0001
3676;lick;-;MEDIUM;Sonny Rollins;-;-;-;-;-;-;9;3;4,6,3;1111,001011,110
3677;line;-;UP;Steve Turre;-;-;-;-;-;-;13;8;2,2,2,2,2,2,2,2;01,11,01,11,11,11,11,01
3678;line;-;MEDIUM UP;Cannonball Adderley;-;-;-;-;-;-;8;3;4,2,4;1111,01,0111
3679;lick;-;UP;Joe Lovano;-;-;-;-;-;-;22;13;1,2,2,3,1,1,4,2,2,2,2,2,2;1,11,11,111,1,1,1001,11,01,11,01,11,11
3680;lick;-;UP;David Liebman;-;-;-;-;-;-;9;8;2,1,2,1,1,1,2,1;01,1,01,1,1,1,11,1
3681;line;-;MEDIUM;Steve Coleman;-;-;-;-;-;-;40;12;5,3,6,6,4,3,6,4,4,4,4,4;11111,111,100011,100011,0011,111,100011,1111,1111,0011,1111,1111
3682;lick;-;UP;Miles Davis;-;-;-;-;-;-;11;7;3,2,4,4,2,4,4;110,01,0001,0001,01,1001,1101
3683;lick;-;MEDIUM SLOW;Steve Coleman;-;-;-;-;-;-;5;2;4,4;1111,0001
3684;line;-;MEDIUM;Curtis Fuller;-;-;-;-;-;-;20;10;2,4,3,2,4,2,2,4,6,8;01,0001,110,11,1110,11,11,0011,001001,10000011
3685;lick;-;UP;John Coltrane;-;-;-;-;-;-;10;7;2,4,2,2,2,4,2;01,0001,01,01,11,1100,11
3686;line;-;UP;John Coltrane;-;-;-;-;-;-;29;14;2,4,2,2,4,1,4,2,3,2,3,2,2,2;11,1011,11,11,1011,1,1011,11,110,11,011,11,11,01
3687;line;-;UP;Michael Brecker;-;-;-;-;-;-;7;2;4,4;1101,1111
3688;lick;-;MEDIUM UP;Sonny Rollins;-;-;-;-;-;-;8;5;2,1,1,4,1;11,1,1,1110,1
3689;lick;-;UP;John Coltrane;-;-;-;-;-;-;6;4;2,1,1,2;11,1,1,11
3690;lick;-;UP;Pat Metheny;-;-;-;-;-;-;17;12;2,1,3,2,2,4,2,1,1,1,1,1;01,1,111,11,01,1001,11,1,1,1,1,1
3691;line;-;MEDIUM UP;Sonny Rollins;-;-;-;-;-;-;4;3;1,2,2;1,01,11
3692;lick;-;MEDIUM;David Liebman;-;-;-;-;-;-;7;4;2,1,3,4;11,1,011,1100
3693;lick;-;MEDIUM;Wayne Shorter;-;-;-;-;-;-;9;5;3,1,2,2,2;111,1,11,01,11
3694;line;-;UP;Michael Brecker;-;-;-;-;-;-;6;3;2,2,2;11,11,11
3695;lick;-;UP;John Coltrane;-;-;-;-;-;-;9;5;1,3,3,4,4;1,111,011,1001,0001
3696;lick;-;MEDIUM UP;Art Pepper;-;-;-;-;-;-;4;3;2,1,2;01,1,11
3697;lick;-;UP;J.J. Johnson;-;-;-;-;-;-;18;12;4,2,2,2,2,1,2,2,2,1,2,2;1001,11,01,11,11,1,01,11,01,1,01,11
3698;lick;-;UP;Phil Woods;-;-;-;-;-;-;20;12;4,2,1,4,4,1,4,2,2,2,2,2;0001,01,1,1001,0001,1,1011,11,11,11,11,11
3699;lick;-;UP;Gerry Mulligan;-;-;-;-;-;-;17;9;1,4,2,2,2,2,2,2,2;1,1001,11,11,11,11,11,11,11
3700;line;-;MEDIUM UP;Wayne Shorter;-;-;-;-;-;-;24;10;4,2,1,2,1,6,4,2,4,4;1111,11,1,11,1,110111,0110,11,0001,1111
3701;lick;-;UP;Stan Getz;-;-;-;-;-;-;33;22;2,1,1,1,4,2,1,2,2,2,2,1,2,2,2,2,2,2,2,2,2,1;11,1,1,1,0011,11,1,11,11,01,11,1,11,01,01,11,01,11,01,11,11,1
3702;lick;-;UP;Chris Potter;-;-;-;-;-;-;44;22;2,2,6,3,2,1,2,2,1,1,2,2,2,2,2,3,2,2,2,3,1,2;11,11,111101,111,11,1,11,11,1,1,01,11,11,11,11,011,11,11,11,111,1,11
3703;lick;-;UP;David Liebman;-;-;-;-;-;-;5;3;1,4,1;1,1101,1
3704;lick;-;MEDIUM;Lee Morgan;-;-;-;-;-;-;9;6;2,2,1,2,2,2;11,11,1,01,01,11
3705;lick;-;MEDIUM SLOW;Hank Mobley;-;-;-;-;-;-;14;5;4,4,8,6,6;1110,0111,00101001,101011,000001
3706;line;-;MEDIUM UP;Woody Shaw;-;-;-;-;-;-;21;8;4,4,4,4,5,4,1,4;0001,0111,1011,0111,11011,0011,1,1111
3707;line;-;MEDIUM UP;Steve Lacy;-;-;-;-;-;-;26;15;1,2,2,2,1,2,2,2,2,2,2,2,2,2,2;1,01,11,11,1,11,11,11,11,11,11,01,11,11,11
3708;lick;-;MEDIUM;Joshua Redman;-;-;-;-;-;-;31;17;4,4,4,1,3,2,2,2,2,2,2,2,2,2,2,2,1;1001,0001,0001,1,111,11,11,11,11,11,11,11,11,11,11,11,1
3709;lick;-;UP;Steve Coleman;-;-;-;-;-;-;12;8;2,1,4,2,1,2,2,1;01,1,1100,11,1,11,11,1
3710;lick;-;UP;J.J. Johnson;-;-;-;-;-;-;5;4;2,2,2,4;01,01,01,1001
3711;line;-;UP;Michael Brecker;-;-;-;-;-;-;49;24;4,4,2,2,2,2,2,4,4,4,4,2,2,2,2,2,2,2,4,2,2,3,1,2;1111,1100,11,11,01,11,11,0001,1011,1011,1011,11,11,11,11,11,01,11,1011,01,11,011,1,11
3712;line;-;MEDIUM UP;Clifford Brown;-;-;-;-;-;-;11;6;2,2,2,2,2,4;11,11,11,11,01,0011
3713;lick;-;MEDIUM UP;Clifford Brown;-;-;-;-;-;-;26;13;2,2,2,2,3,2,6,1,2,1,3,4,2;11,11,11,01,111,11,010001,1,11,1,110,1111,11
3714;lick;-;MEDIUM UP;Wayne Shorter;-;-;-;-;-;-;5;3;2,2,2;01,11,11
3715;lick;-;UP;Hank Mobley;-;-;-;-;-;-;4;2;4,2;1001,11
3716;lick;-;UP;Dexter Gordon;-;-;-;-;-;-;2;2;1,4;1,0001
3717;lick;-;UP;Joe Henderson;-;-;-;-;-;-;4;2;2,2;11,11
3718;line;-;MEDIUM;Dexter Gordon;-;-;-;-;-;-;16;6;4,3,5,4,4,5;1001,110,00011,1001,1111,10111
3719;line;-;MEDIUM UP;John Coltrane;-;-;-;-;-;-;10;4;4,4,4,4;1111,1100,1100,1100
3720;lick;-;UP;Gerry Mulligan;-;-;-;-;-;-;14;9;2,2,4,2,4,1,1,1,2;01,11,1001,11,1001,1,1,1,11
3721;lick;-;UP;Michael Brecker;-;-;-;-;-;-;52;30;2,2,2,1,3,2,4,4,2,2,4,2,2,2,2,1,4,2,2,4,2,2,2,6,4,2,2,2,2,2;11,11,01,1,011,11,0111,0001,11,11,0001,01,01,01,11,1,0001,11,01,1111,11,11,11,000001,0111,11,01,11,11,11
3722;lick;-;UP;Chris Potter;-;-;-;-;-;-;32;19;2,2,2,1,1,2,2,2,1,1,1,1,2,3,2,2,2,3,2;01,11,11,1,1,11,11,11,1,1,1,1,11,111,11,01,11,111,11
3723;lick;-;MEDIUM UP;Hank Mobley;-;-;-;-;-;-;7;4;1,1,1,4;1,1,1,1111
3724;lick;-;UP;John Coltrane;-;-;-;-;-;-;6;3;2,2,2;11,11,11
3725;line;-;MEDIUM SLOW;Michael Brecker;-;-;-;-;-;-;48;11;6,9,8,7,8,6,6,3,6,1,4;011011,010111111,00011111,1111111,00011111,011110,011100,111,111101,1,1111
3726;lick;-;MEDIUM UP;Kenny Dorham;-;-;-;-;-;-;39;21;4,3,6,6,4,2,2,2,2,4,1,1,6,6,6,2,2,2,2,2,1;0001,111,010111,010001,1111,11,11,01,11,1100,1,1,000001,010001,100011,11,11,01,01,01,1
3727;line;-;UP;Wynton Marsalis;-;-;-;-;-;-;42;24;2,2,1,2,2,2,1,2,6,2,2,2,2,2,2,4,4,2,2,2,1,2,2,2;01,11,1,01,11,01,1,11,111011,11,11,01,11,11,11,0001,1001,11,11,11,1,11,01,11
3728;line;-;UP;Paul Desmond;-;-;-;-;-;-;27;15;2,6,1,2,2,2,4,2,2,2,2,2,2,2,2;11,000011,1,11,01,11,1001,11,11,01,11,11,11,11,11
3729;lick;-;UP;Woody Shaw;-;-;-;-;-;-;19;15;2,2,3,2,1,1,1,1,1,2,1,1,2,2,2;01,11,110,01,1,1,1,1,1,11,1,1,01,01,11
3730;lick;-;MEDIUM;Steve Turre;-;-;-;-;-;-;3;2;2,4;11,0001
3731;lick;-;UP;John Coltrane;-;-;-;-;-;-;3;2;4,2;0001,11
3732;line;-;UP;Joe Henderson;-;-;-;-;-;-;20;10;2,2,2,2,3,2,2,2,2,3;11,11,01,11,111,11,01,11,11,111
3733;lick;-;UP;Steve Coleman;-;-;-;-;-;-;16;10;2,2,2,1,2,2,2,2,1,2;11,11,01,1,11,01,11,11,1,11
3734;lick;-;UP;John Coltrane;-;-;-;-;-;-;5;3;3,1,2;011,1,11
3735;line;-;UP;Miles Davis;-;-;-;-;-;-;16;10;1,1,3,2,2,2,2,4,2,4;1,1,111,11,11,01,01,0001,11,1001
3736;line;-;MEDIUM SLOW;Dexter Gordon;-;-;-;-;-;-;15;4;5,6,6,6;10111,011011,010011,010111
3737;lick;-;MEDIUM;Stan Getz;-;-;-;-;-;-;19;9;2,8,2,2,4,3,3,1,4;11,00000101,11,11,1100,111,111,1,1001
3738;lick;-;MEDIUM;Joe Henderson;-;-;-;-;-;-;12;5;6,6,7,2,4;100111,011011,0000011,01,0001
3739;line;-;UP;Art Pepper;-;-;-;-;-;-;20;13;4,2,2,4,2,2,1,1,1,2,1,1,1;0011,11,11,1111,01,11,1,1,1,01,1,1,1
3740;lick;-;MEDIUM;Steve Turre;-;-;-;-;-;-;5;4;1,6,4,1;1,010001,0001,1
3741;lick;-;UP;Stan Getz;-;-;-;-;-;-;9;6;2,2,2,1,1,2;11,11,01,1,1,11
3742;lick;-;UP;Michael Brecker;-;-;-;-;-;-;17;9;1,2,4,4,3,2,2,2,2;1,11,1111,1001,011,01,11,11,01
3743;lick;-;UP;John Coltrane;-;-;-;-;-;-;5;4;1,2,1,2;1,11,1,01
3744;lick;-;UP;Stan Getz;-;-;-;-;-;-;12;8;2,2,2,1,2,1,2,1;11,11,11,1,01,1,11,1
3745;lick;-;UP;Steve Turre;-;-;-;-;-;-;7;5;4,4,4,2,2;0001,0001,0001,11,11
3746;lick;-;MEDIUM;Gerry Mulligan;-;-;-;-;-;-;15;9;4,4,2,4,1,1,4,1,6;1001,1110,01,1001,1,1,1001,1,010001
3747;line;-;UP;Bob Berg;-;-;-;-;-;-;16;9;2,2,4,3,2,1,4,2,2;11,11,1011,011,11,1,0001,11,01
3748;lick;-;UP;David Liebman;-;-;-;-;-;-;11;5;2,2,4,2,4;11,11,1011,11,1001
3749;line;-;MEDIUM UP;Joe Henderson;-;-;-;-;-;-;7;4;8,2,2,1;10000011,01,11,1
3750;line;-;UP;Joe Henderson;-;-;-;-;-;-;43;25;2,2,4,3,4,2,2,2,4,1,4,2,4,3,3,2,2,2,2,2,2,2,2,1,2;11,01,0001,111,0001,11,11,11,1001,1,1110,01,0001,111,110,01,11,11,11,01,11,11,01,1,11
3751;lick;-;UP;Dexter Gordon;-;-;-;-;-;-;11;6;6,2,2,5,2,2;000001,01,01,01111,11,11
3752;lick;-;MEDIUM;Bob Berg;-;-;-;-;-;-;14;6;6,2,4,2,4,1;011011,11,1110,11,1100,1
3753;line;-;MEDIUM;Steve Turre;-;-;-;-;-;-;12;6;4,4,6,3,2,2;0110,0011,100101,011,11,01
3754;lick;-;UP;Art Pepper;-;-;-;-;-;-;3;2;2,1;11,1
3755;lick;-;UP;Gerry Mulligan;-;-;-;-;-;-;29;17;4,4,2,2,2,2,1,2,2,1,4,1,4,2,1,1,2;1001,0111,11,11,01,11,1,11,11,1,0110,1,1101,11,1,1,01
3756;line;-;UP;Wayne Shorter;-;-;-;-;-;-;38;22;2,2,2,1,2,2,2,2,2,2,2,2,2,2,1,2,1,2,2,2,2,2;11,11,01,1,11,11,11,11,11,11,11,01,11,11,1,11,1,11,11,11,11,01
3757;line;-;UP;Art Pepper;-;-;-;-;-;-;9;4;4,2,2,2;1101,11,11,11
3758;line;-;UP;Wayne Shorter;-;-;-;-;-;-;29;18;4,2,2,2,1,4,2,2,2,1,2,2,1,2,2,2,2,2;1101,11,11,11,1,1110,01,11,11,1,01,01,1,01,01,01,11,11
3759;lick;-;MEDIUM SLOW;Pepper Adams;-;-;-;-;-;-;41;13;4,6,4,3,4,6,4,4,3,4,6,4,6;1111,001101,1111,111,0111,100101,1111,0001,111,1111,100101,1100,001111
3760;lick;-;MEDIUM SLOW;Dexter Gordon;-;-;-;-;-;-;13;4;4,4,6,3;1111,1011,011011,011
3761;line;-;MEDIUM;Wayne Shorter;-;-;-;-;-;-;22;7;4,4,7,4,4,3,3;0111,0001,1010111,1111,1111,011,111
3762;line;-;MEDIUM UP;Dizzy Gillespie;-;-;-;-;-;-;84;29;6,5,4,1,6,5,4,1,2,1,4,2,1,2,2,2,1,6,4,2,6,4,6,6,6,1,2,1,4;101111,01111,1111,1,010101,01111,1111,1,11,1,1111,11,1,11,01,11,1,110111,0111,11,111111,1111,010101,111111,110111,1,11,1,1111
3763;lick;-;UP;John Coltrane;-;-;-;-;-;-;7;4;4,2,1,2;1011,01,1,11
3764;line;-;MEDIUM;Clifford Brown;-;-;-;-;-;-;40;13;4,6,4,4,4,6,2,2,2,2,4,4,6;1111,000111,1111,1101,1111,111101,11,11,11,11,0111,1001,011101
3765;lick;-;UP;Gerry Mulligan;-;-;-;-;-;-;25;16;1,4,2,2,1,2,2,2,2,2,2,4,2,1,1,2;1,0001,01,11,1,11,11,11,11,11,11,0001,11,1,1,11
3766;line;-;UP;John Coltrane;-;-;-;-;-;-;13;7;4,2,3,2,2,4,1;1001,11,110,01,11,0111,1
3767;lick;-;UP;John Coltrane;-;-;-;-;-;-;6;3;2,2,3;01,11,111
3768;line;-;UP;David Liebman;-;-;-;-;-;-;21;12;1,1,2,2,2,2,2,2,2,4,3,4;1,1,11,11,11,11,01,11,11,0001,011,1110
3769;line;-;MEDIUM;J.J. Johnson;-;-;-;-;-;-;9;4;4,1,3,3;1110,1,011,111
3770;lick;-;UP;John Coltrane;-;-;-;-;-;-;5;3;2,2,3;11,01,011
3771;line;-;UP;Don Byas;-;-;-;-;-;-;26;14;2,2,2,2,2,2,2,2,2,1,2,1,4,2;11,11,11,11,11,11,11,11,11,1,11,1,0110,11
3772;line;-;MEDIUM UP;Wayne Shorter;-;-;-;-;-;-;9;6;2,2,1,2,1,2;11,01,1,11,1,11
3773;lick;-;UP;Don Ellis;-;-;-;-;-;-;11;6;6,2,2,4,2,3;010001,11,11,0001,11,110
3774;line;-;MEDIUM UP;Woody Shaw;-;-;-;-;-;-;28;9;6,6,3,4,4,2,4,1,6;111011,101111,111,0011,1110,11,0111,1,011011
3775;lick;-;UP;John Coltrane;-;-;-;-;-;-;9;5;3,2,2,4,1;011,01,11,1101,1
3776;line;-;MEDIUM SLOW;Michael Brecker;-;-;-;-;-;-;63;11;6,6,10,8,9,10,10,4,4,4,4;101111,110111,0101011011,11111111,010111111,1110111111,0001111111,1111,1111,1111,1111
3777;line;-;UP;Branford Marsalis;-;-;-;-;-;-;28;17;2,2,2,4,3,2,2,2,2,2,1,1,1,1,1,1,2;11,01,11,1011,111,11,11,11,11,11,1,1,1,1,1,1,01
3778;line;-;MEDIUM SLOW;Steve Coleman;-;-;-;-;-;-;55;17;6,4,4,4,4,4,4,4,4,6,4,4,1,4,4,4,4;101111,1111,0110,1101,0111,1101,0001,1111,1011,111110,1110,0111,1,1011,1111,1111,1111
3779;lick;-;UP;John Coltrane;-;-;-;-;-;-;6;4;2,1,4,4;11,1,0011,0001
3780;line;-;UP;Woody Shaw;-;-;-;-;-;-;35;18;2,2,2,4,2,2,3,4,1,4,4,4,2,2,2,2,4,3;11,11,01,1001,11,11,011,1011,1,1001,0001,1001,11,11,11,11,1011,011
3781;lick;-;UP;Woody Shaw;-;-;-;-;-;-;11;7;4,2,1,1,3,2,1;1001,11,1,1,111,01,1
3782;lick;-;MEDIUM UP;John Coltrane;-;-;-;-;-;-;24;12;2,4,4,2,2,2,2,4,6,2,2,2;01,0111,1111,11,11,11,01,1100,000011,11,01,11
3783;line;-;MEDIUM;Milt Jackson;-;-;-;-;-;-;13;7;4,4,2,2,2,2,2;1011,0011,01,11,11,01,11
3784;line;-;MEDIUM UP;Chet Baker;-;-;-;-;-;-;37;21;2,2,2,2,2,1,2,2,2,2,2,2,1,1,2,2,2,6,2,1,2;01,11,11,11,11,1,01,11,11,11,11,11,1,1,11,11,01,100111,11,1,11
3785;lick;-;MEDIUM;Dexter Gordon;-;-;-;-;-;-;24;9;2,2,4,2,4,4,6,2,2;01,11,1111,11,1111,1111,010101,11,11
3786;line;-;UP;J.J. Johnson;-;-;-;-;-;-;7;5;2,2,3,2,1;01,01,111,01,1
3787;line;-;UP;Pat Metheny;-;-;-;-;-;-;15;9;2,2,2,2,2,2,1,1,4;11,11,11,01,01,11,1,1,1101
3788;lick;-;MEDIUM;Stan Getz;-;-;-;-;-;-;34;16;4,1,2,2,2,2,2,3,3,4,4,3,6,2,2,2;1100,1,11,11,11,11,11,111,111,0111,1101,110,000011,11,01,11
3789;lick;-;UP;Charlie Parker;-;-;-;-;-;-;13;6;2,5,2,3,1,2;11,10111,01,111,1,11
3790;line;-;UP;Sonny Rollins;-;-;-;-;-;-;69;40;1,2,2,1,1,1,2,1,1,2,1,2,2,2,2,2,2,3,2,2,2,2,4,2,2,2,2,2,2,4,2,4,1,1,2,2,2,2,2,1;1,11,11,1,1,1,11,1,1,01,1,11,11,11,11,11,11,011,11,11,11,01,1001,11,11,11,11,11,11,1111,11,1100,1,1,01,11,11,11,11,1
3791;line;-;UP;Michael Brecker;-;-;-;-;-;-;47;22;3,2,2,2,2,3,2,2,3,1,2,2,2,2,2,2,2,2,4,3,2,2;111,11,11,01,11,111,11,11,111,1,11,11,11,11,11,11,11,11,1101,111,11,11
3792;lick;-;UP;Chet Baker;-;-;-;-;-;-;36;25;2,1,1,2,6,2,2,4,2,1,2,2,4,2,1,1,2,1,1,2,2,2,2,2,1;01,1,1,01,010001,01,11,1001,01,1,11,01,0011,11,1,1,01,1,1,11,11,11,11,11,1
3793;lick;-;UP;Dexter Gordon;-;-;-;-;-;-;20;11;4,1,2,2,4,2,4,2,2,6,2;0001,1,11,01,1111,11,0110,11,11,000001,11
3794;line;-;UP;Kenny Dorham;-;-;-;-;-;-;53;30;4,1,1,1,1,3,2,2,4,2,2,4,4,2,2,2,2,2,2,2,4,2,2,3,2,1,1,1,3,2;1001,1,1,1,1,110,11,11,0011,11,11,0110,0111,11,11,01,11,11,11,11,1011,01,11,011,11,1,1,1,011,11
3795;line;-;MEDIUM;Joshua Redman;-;-;-;-;-;-;44;17;3,3,3,3,6,5,4,6,4,4,6,1,1,1,1,1,1;111,111,111,111,011011,10111,1111,011011,1110,1111,010011,1,1,1,1,1,1
3796;lick;-;MEDIUM;Steve Turre;-;-;-;-;-;-;11;4;2,3,3,3;11,111,111,111
3797;lick;-;UP;Miles Davis;-;-;-;-;-;-;5;3;4,2,2;1001,01,11
3798;lick;-;UP;Gerry Mulligan;-;-;-;-;-;-;29;17;3,2,2,2,2,2,4,1,2,2,4,1,2,2,2,2,2;111,01,01,11,11,01,1001,1,11,11,1011,1,11,01,01,11,11
3799;lick;-;MEDIUM UP;Wayne Shorter;-;-;-;-;-;-;23;12;2,4,6,3,3,2,6,1,2,1,4,1;11,0011,010101,111,111,11,000101,1,01,1,1001,1
3800;line;-;MEDIUM;Pat Martino;-;-;-;-;-;-;50;14;4,4,4,4,4,4,4,4,4,6,4,4,4,4;1101,1111,1111,1111,1111,1101,1111,1101,1111,001011,1101,1111,1111,1101
3801;lick;-;MEDIUM UP;John Coltrane;-;-;-;-;-;-;6;2;3,4;011,1111
3802;lick;-;UP;Steve Coleman;-;-;-;-;-;-;10;8;2,2,2,2,1,2,1,4;01,11,01,11,1,01,1,0001
3803;lick;-;UP;Pat Metheny;-;-;-;-;-;-;19;12;2,1,1,1,1,4,2,2,2,1,3,2;11,1,1,1,1,0001,11,11,11,1,111,11
3804;lick;-;UP;Miles Davis;-;-;-;-;-;-;5;3;4,2,2;0001,11,11
3805;line;-;MEDIUM UP;David Liebman;-;-;-;-;-;-;16;5;4,4,4,3,3;1100,1111,1111,111,111
3806;lick;-;UP;Miles Davis;-;-;-;-;-;-;7;7;1,1,1,2,1,1,1;1,1,1,01,1,1,1
3807;lick;-;MEDIUM;Phil Woods;-;-;-;-;-;-;11;6;1,2,2,2,2,3;1,11,11,11,11,011
3808;line;-;UP;John Coltrane;-;-;-;-;-;-;6;5;1,2,2,1,2;1,01,11,1,01
3809;lick;-;MEDIUM;Lee Morgan;-;-;-;-;-;-;4;2;2,2;11,11
3810;line;-;MEDIUM;Branford Marsalis;-;-;-;-;-;-;28;9;4,4,4,4,4,1,1,3,4;0111,1111,1111,1111,1111,1,1,111,1111
3811;line;-;UP;Kenny Dorham;-;-;-;-;-;-;24;13;2,2,2,2,2,2,2,2,2,2,3,4,2;01,11,01,11,11,01,11,11,01,11,111,1011,11
3812;line;-;UP;Phil Woods;-;-;-;-;-;-;9;5;2,2,2,2,2;11,11,01,11,11
3813;lick;-;UP;David Liebman;-;-;-;-;-;-;16;11;2,1,2,1,1,1,2,2,1,1,4;11,1,11,1,1,1,01,11,1,1,1011
3814;lick;-;MEDIUM;John Coltrane;-;-;-;-;-;-;52;14;6,5,3,6,6,6,7,6,1,4,3,6,6,4;110111,11111,110,101111,001111,101111,1101111,011011,1,0001,110,111111,011011,1100
3815;line;-;MEDIUM;Bob Berg;-;-;-;-;-;-;32;9;4,4,4,4,8,4,5,6,7;1100,0111,0111,1111,10110011,1111,11111,010101,0101001
3816;lick;-;MEDIUM;Stan Getz;-;-;-;-;-;-;27;13;2,2,1,4,1,6,5,2,2,4,2,4,3;11,11,1,0001,1,000011,00011,11,11,0111,11,1111,111
3817;line;-;MEDIUM;Curtis Fuller;-;-;-;-;-;-;17;7;3,5,3,5,6,6,2;011,10111,110,01111,010001,000001,11
3818;lick;-;MEDIUM UP;Wayne Shorter;-;-;-;-;-;-;7;6;1,1,2,2,1,2;1,1,01,11,1,01
3819;line;-;UP;Steve Coleman;-;-;-;-;-;-;12;7;2,2,2,1,2,2,2;11,11,11,1,01,11,11
3820;line;-;UP;David Liebman;-;-;-;-;-;-;25;15;2,2,1,1,2,2,3,2,2,2,2,2,2,2,1;01,11,1,1,11,01,011,11,11,11,11,11,11,11,1
3821;line;-;UP;Miles Davis;-;-;-;-;-;-;33;17;2,3,2,3,2,2,2,1,3,3,2,2,1,2,2,4,2;11,011,11,011,11,11,11,1,011,111,11,11,1,01,11,1110,11
3822;line;-;UP;John Coltrane;-;-;-;-;-;-;17;11;2,2,4,2,2,2,1,2,1,2,2;01,11,0001,11,11,11,1,01,1,11,11
3823;lick;-;MEDIUM;Joshua Redman;-;-;-;-;-;-;16;7;4,3,2,3,1,3,3;0001,111,11,111,1,111,111
3824;lick;-;MEDIUM SLOW;Michael Brecker;-;-;-;-;-;-;10;3;4,6,2;0111,101111,11
3825;line;-;MEDIUM;John Coltrane;-;-;-;-;-;-;48;13;4,8,4,8,4,6,5,6,2,6,2,5,4;0011,10100111,0111,10100111,1111,111110,11111,101111,01,011011,11,11111,0011
3826;lick;-;MEDIUM SLOW;Joe Lovano;-;-;-;-;-;-;15;4;6,5,6,6;100111,01111,100111,000111
3827;lick;-;UP;Hank Mobley;-;-;-;-;-;-;23;17;2,2,2,2,1,2,2,1,2,4,2,2,3,2,4,1,2;01,01,11,01,1,11,11,1,01,1001,01,01,011,11,0001,1,01
3828;line;-;UP;Charlie Parker;-;-;-;-;-;-;19;12;2,2,2,2,1,2,1,2,2,2,2,1;11,11,01,11,1,11,1,11,11,01,11,1
3829;lick;-;MEDIUM;Joshua Redman;-;-;-;-;-;-;7;3;1,3,3;1,111,111
3830;lick;-;UP;Dexter Gordon;-;-;-;-;-;-;26;14;4,2,1,4,2,1,2,4,2,4,2,4,2,4;0001,11,1,1100,11,1,11,1111,11,0001,01,1100,11,1011
3831;lick;-;UP;John Coltrane;-;-;-;-;-;-;3;2;2,1;11,1
3832;line;-;UP;Steve Coleman;-;-;-;-;-;-;32;16;4,4,2,2,2,2,2,2,2,3,3,2,1,1,4,2;0110,1011,11,11,01,11,11,11,11,111,011,11,1,1,0111,11
3833;line;-;UP;Art Pepper;-;-;-;-;-;-;26;14;2,2,4,2,2,2,2,1,2,2,4,2,2,2;11,11,1011,01,11,11,11,1,11,11,1001,11,01,11
3834;lick;-;UP;Chet Baker;-;-;-;-;-;-;5;3;1,2,2;1,11,11
3835;lick;-;UP;Miles Davis;-;-;-;-;-;-;7;5;2,2,1,1,2;11,11,1,1,01
3836;line;-;MEDIUM SLOW;Joe Lovano;-;-;-;-;-;-;18;9;4,2,1,1,4,2,1,4,4;1100,11,1,1,1111,11,1,1110,1100
3837;lick;-;UP;John Coltrane;-;-;-;-;-;-;10;6;2,2,2,2,3,2;01,01,11,11,110,11
3838;lick;-;UP;John Coltrane;-;-;-;-;-;-;10;5;1,4,4,2,1;1,1111,1011,01,1
3839;lick;-;UP;Zoot Sims;-;-;-;-;-;-;14;9;1,2,1,1,2,2,2,4,4;1,11,1,1,01,11,11,0111,0001
3840;lick;-;MEDIUM UP;Woody Shaw;-;-;-;-;-;-;16;8;2,2,2,2,2,4,2,1;11,11,11,11,11,1110,11,1
3841;lick;-;UP;Paul Desmond;-;-;-;-;-;-;5;5;1,1,1,2,1;1,1,1,01,1
3842;lick;-;UP;Sonny Rollins;-;-;-;-;-;-;22;16;4,2,1,2,1,1,1,4,2,2,3,2,2,1,2,1;0001,01,1,11,1,1,1,0001,11,01,110,11,11,1,11,1
3843;lick;-;UP;Dexter Gordon;-;-;-;-;-;-;11;7;4,2,4,2,2,2,1;0110,01,1001,11,01,11,1
3844;line;-;UP;Sonny Rollins;-;-;-;-;-;-;24;12;2,4,3,2,2,2,1,2,2,2,4,2;11,1011,111,11,11,01,1,11,11,11,1001,11
3845;line;-;UP;Joe Lovano;-;-;-;-;-;-;9;6;2,2,1,1,1,2;11,11,1,1,1,11
3846;line;-;MEDIUM UP;Wayne Shorter;-;-;-;-;-;-;28;12;2,6,3,2,2,2,2,2,6,6,2,1;11,100101,111,11,11,11,11,11,000011,011111,11,1
3847;lick;-;MEDIUM SLOW;Joe Lovano;-;-;-;-;-;-;7;3;2,3,4;01,011,1111
3848;line;-;MEDIUM;John Coltrane;-;-;-;-;-;-;36;10;4,2,6,6,4,4,4,4,4,4;0111,11,111101,111111,1111,1111,1001,0111,0111,1111
3849;lick;-;UP;John Coltrane;-;-;-;-;-;-;4;2;4,2;1011,01
3850;line;-;UP;David Liebman;-;-;-;-;-;-;26;15;4,2,4,2,2,2,2,2,1,2,1,2,2,1,4;0011,11,0001,11,11,01,11,11,1,11,1,11,11,1,1101
3851;lick;-;MEDIUM;Stan Getz;-;-;-;-;-;-;9;4;6,4,3,1;000011,0111,111,1
3852;line;-;UP;John Coltrane;-;-;-;-;-;-;46;24;4,2,1,2,3,2,4,2,2,2,1,2,2,2,2,3,2,2,1,2,2,3,2,2;1011,11,1,11,111,11,1011,11,01,11,1,11,01,11,11,111,11,11,1,11,11,110,01,11
3853;line;-;UP;Kenny Dorham;-;-;-;-;-;-;19;10;4,2,4,4,3,4,4,2,2,2;0001,11,1101,0001,110,0001,1011,11,11,11
3854;lick;-;UP;Joe Henderson;-;-;-;-;-;-;11;5;2,4,4,2,2;01,1111,1001,11,11
3855;line;-;UP;John Coltrane;-;-;-;-;-;-;6;3;4,2,2;1011,01,11
3856;lick;-;UP;John Coltrane;-;-;-;-;-;-;35;21;2,2,2,1,1,3,3,2,4,2,4,2,1,4,4,1,2,1,4,2,4;01,11,11,1,1,011,110,11,0001,11,1110,11,1,0001,1100,1,11,1,1001,01,0111
3857;lick;-;UP;David Liebman;-;-;-;-;-;-;93;57;4,3,3,2,2,2,1,1,2,2,3,2,2,2,1,2,2,2,2,2,2,4,2,1,1,1,1,1,1,4,2,1,4,1,2,2,2,2,2,4,6,1,1,3,2,4,2,2,4,2,2,1,3,1,1,2,2;0011,011,110,11,11,01,1,1,01,11,111,01,11,01,1,11,11,01,11,11,11,0011,01,1,1,1,1,1,1,1001,01,1,1001,1,11,11,11,01,01,1101,010111,1,1,011,11,1101,11,11,1011,01,01,1,011,1,1,11,11
3858;lick;-;MEDIUM SLOW;Hank Mobley;-;-;-;-;-;-;27;10;3,2,3,4,2,9,3,3,6,3;111,11,011,1110,11,100100101,011,111,110011,011
3859;lick;-;UP;Branford Marsalis;-;-;-;-;-;-;34;23;1,1,2,2,2,2,4,4,2,2,2,4,1,2,2,1,2,1,1,1,4,4,4;1,1,01,01,11,11,1001,0001,11,11,11,1001,1,11,11,1,11,1,1,1,1001,0001,0001
3860;lick;-;MEDIUM SLOW;Joe Lovano;-;-;-;-;-;-;8;5;2,2,3,2,2;01,01,111,11,01
3861;lick;-;MEDIUM UP;Zoot Sims;-;-;-;-;-;-;6;5;6,1,1,6,4;000001,1,1,000011,0001
3862;lick;-;MEDIUM UP;Paul Desmond;-;-;-;-;-;-;17;14;2,2,1,1,1,1,1,2,1,4,1,1,2,4;11,01,1,1,1,1,1,01,1,1001,1,1,01,1001
3863;line;-;UP;John Coltrane;-;-;-;-;-;-;33;18;3,3,2,1,2,2,2,2,1,2,2,2,2,3,2,2,2,4;111,011,11,1,01,11,11,11,1,11,01,11,01,011,11,01,11,1111
3864;lick;-;UP;Branford Marsalis;-;-;-;-;-;-;14;8;2,2,4,4,2,2,2,2;11,01,1001,1001,01,11,11,11
3865;line;-;UP;Lee Konitz;-;-;-;-;-;-;30;16;2,2,2,2,2,3,2,2,2,2,2,2,2,2,2,1;11,11,11,11,11,110,11,11,11,11,11,11,11,11,01,1
3866;line;-;UP;Wayne Shorter;-;-;-;-;-;-;23;11;2,2,2,2,2,2,2,1,4,3,2;11,11,11,11,11,11,11,1,0111,111,11
3867;lick;-;MEDIUM;Sonny Rollins;-;-;-;-;-;-;19;11;3,8,2,2,2,3,1,1,4,4,2;111,10000001,01,11,11,111,1,1,0001,1100,01
3868;line;-;MEDIUM UP;Miles Davis;-;-;-;-;-;-;18;12;2,1,1,2,2,2,2,1,1,1,1,2;11,1,1,11,11,11,11,1,1,1,1,11
3869;line;-;UP;Michael Brecker;-;-;-;-;-;-;68;35;2,1,1,3,3,2,3,3,1,2,1,4,1,4,2,2,1,3,6,4,2,2,2,2,2,2,2,2,2,2,2,3,3,2,2;01,1,1,111,111,11,011,110,1,11,1,1111,1,1001,11,01,1,110,111011,1001,11,11,11,11,11,01,01,11,11,11,11,111,111,01,11
3870;lick;-;UP;John Coltrane;-;-;-;-;-;-;8;5;1,2,1,1,4;1,11,1,1,0111
3871;lick;-;MEDIUM;Steve Lacy;-;-;-;-;-;-;7;4;4,6,2,2;1001,010001,01,11
3872;lick;-;MEDIUM UP;Art Pepper;-;-;-;-;-;-;29;17;1,4,2,1,4,4,2,2,2,2,1,2,6,1,2,1,2;1,1011,11,1,1001,1001,11,11,11,01,1,11,010011,1,01,1,11
3873;lick;-;UP;Phil Woods;-;-;-;-;-;-;33;22;4,2,4,3,4,2,2,2,2,2,2,1,2,1,1,4,1,2,4,1,1,1;1100,01,1001,011,1001,11,11,11,01,11,01,1,11,1,1,0011,1,01,1001,1,1,1
3874;line;-;UP;Fats Navarro;-;-;-;-;-;-;25;9;6,2,2,2,4,4,4,2,4;011011,11,11,11,1011,1101,1011,11,1111
3875;line;-;UP;Pat Metheny;-;-;-;-;-;-;26;15;2,2,2,1,2,4,2,2,2,2,1,2,2,2,2;11,11,11,1,11,1101,01,11,11,01,1,11,11,11,01
3876;lick;-;UP;Pat Metheny;-;-;-;-;-;-;27;15;2,3,2,2,2,2,2,1,2,2,2,2,2,2,4;11,111,11,11,11,11,11,1,11,11,01,11,01,01,1001
3877;line;-;MEDIUM;Don Ellis;-;-;-;-;-;-;17;12;2,8,2,4,2,2,2,8,2,2,2,1;11,00000001,11,0001,11,01,01,00000001,11,11,01,1
3878;lick;-;MEDIUM;Freddie Hubbard;-;-;-;-;-;-;12;5;2,4,3,2,4;01,1111,111,11,0011
3879;line;-;UP;John Coltrane;-;-;-;-;-;-;9;4;2,3,2,2;11,111,11,11
3880;line;-;MEDIUM UP;Charlie Parker;-;-;-;-;-;-;19;10;2,2,2,4,2,1,2,2,2,1;11,11,11,1111,11,1,11,01,11,1
3881;lick;-;MEDIUM UP;John Coltrane;-;-;-;-;-;-;44;18;1,2,2,6,4,4,6,8,6,5,1,2,1,2,4,6,4,1;1,11,11,111011,0001,0001,000111,00001011,101101,11111,1,11,1,01,1110,111111,0011,1
3882;lick;-;UP;Stan Getz;-;-;-;-;-;-;12;8;2,1,1,2,2,2,2,2;11,1,1,11,01,01,11,11
3883;line;-;UP;Michael Brecker;-;-;-;-;-;-;57;28;2,1,3,3,6,4,3,2,2,2,1,2,2,2,2,2,2,2,2,4,2,2,2,2,2,2,2,2;11,1,111,011,011101,0001,111,11,11,11,1,11,11,01,11,11,11,11,11,0111,11,11,11,11,11,11,11,11
3884;lick;-;MEDIUM UP;Kenny Dorham;-;-;-;-;-;-;6;4;2,2,2,2;01,11,01,11
3885;lick;-;UP;Bob Berg;-;-;-;-;-;-;5;3;3,1,1;111,1,1
3886;lick;-;MEDIUM UP;Chet Baker;-;-;-;-;-;-;40;27;2,1,2,2,2,6,4,2,2,2,1,2,2,3,1,1,2,2,2,1,1,1,2,1,2,4,2;11,1,01,11,11,010001,0001,11,11,11,1,11,01,111,1,1,11,01,11,1,1,1,01,1,01,1001,01
3887;line;-;UP;Sonny Rollins;-;-;-;-;-;-;66;36;2,2,2,2,2,2,2,2,3,2,2,1,2,2,2,2,2,3,4,3,6,2,1,2,2,2,2,1,2,6,2,2,1,2,1,2;01,11,11,11,11,11,01,11,111,11,01,1,11,11,01,11,11,011,1001,111,001001,11,1,11,11,11,01,1,11,110111,11,11,1,01,1,11
3888;lick;-;MEDIUM;Dexter Gordon;-;-;-;-;-;-;2;2;1,2;1,01
3889;line;-;UP;Bob Berg;-;-;-;-;-;-;28;13;2,2,4,3,2,2,2,2,2,2,2,2,2;11,11,1011,111,11,11,11,11,11,11,11,11,11
3890;lick;-;UP;John Coltrane;-;-;-;-;-;-;4;2;2,3;11,011
3891;line;-;MEDIUM;Pepper Adams;-;-;-;-;-;-;13;3;6,6,4;110011,011111,1111
3892;lick;-;UP;Michael Brecker;-;-;-;-;-;-;13;5;3,3,2,3,4;011,111,11,110,1111
3893;lick;-;MEDIUM;Stan Getz;-;-;-;-;-;-;9;6;2,2,8,4,4,1;11,11,00000101,0001,0001,1
3894;lick;-;MEDIUM;Miles Davis;-;-;-;-;-;-;8;5;3,2,1,2,1;011,11,1,11,1
3895;line;-;UP;John Coltrane;-;-;-;-;-;-;6;4;2,2,2,2;01,11,11,01
3896;lick;-;MEDIUM;Steve Coleman;-;-;-;-;-;-;8;2;4,4;1111,1111
3897;lick;-;UP;Joshua Redman;-;-;-;-;-;-;7;3;3,6,3;111,000001,111
3898;lick;-;MEDIUM;David Liebman;-;-;-;-;-;-;1;1;1;1
3899;line;-;UP;Joe Lovano;-;-;-;-;-;-;12;5;2,4,4,6,2;11,1001,1111,010001,11
3900;line;-;MEDIUM UP;Charlie Parker;-;-;-;-;-;-;31;16;3,2,2,6,1,2,2,2,2,2,2,2,2,2,2,2;111,11,01,101011,1,11,11,11,11,11,01,11,11,11,11,01
3901;lick;-;UP;John Coltrane;-;-;-;-;-;-;6;4;1,1,4,2;1,1,1011,01
3902;lick;-;UP;Zoot Sims;-;-;-;-;-;-;5;4;2,2,1,1;11,01,1,1
3903;line;-;UP;Michael Brecker;-;-;-;-;-;-;19;11;2,2,3,2,2,2,2,2,2,2,4;11,11,011,11,11,01,01,01,11,11,0011
3904;line;-;UP;Art Pepper;-;-;-;-;-;-;5;3;3,2,2;011,11,01
3905;lick;-;MEDIUM;Miles Davis;-;-;-;-;-;-;7;4;2,3,2,2;01,011,11,11
3906;line;-;UP;Joe Lovano;-;-;-;-;-;-;10;7;2,2,1,2,3,1,1;11,01,1,01,111,1,1
3907;lick;-;UP;Herbie Hancock;-;-;-;-;-;-;13;9;2,2,1,2,2,2,2,2,4;01,11,1,01,01,11,11,11,0001
3908;line;-;MEDIUM;Branford Marsalis;-;-;-;-;-;-;64;21;2,4,6,6,6,4,2,1,1,1,1,1,4,4,6,8,5,8,5,8,6;01,1110,010011,111111,101011,0001,11,1,1,1,1,1,0011,1101,010001,01010101,11111,01101011,11111,10111111,111111
3909;line;-;MEDIUM UP;Bob Berg;-;-;-;-;-;-;42;14;4,4,4,4,4,4,6,4,2,2,2,2,2,1;1111,1111,1111,1111,1111,1110,010111,1111,11,11,11,11,11,1
3910;line;-;MEDIUM SLOW;Steve Coleman;-;-;-;-;-;-;22;5;4,10,8,4,4;1111,1000010011,11101101,1111,1111
3911;lick;-;UP;Michael Brecker;-;-;-;-;-;-;4;3;2,2,1;01,11,1
3912;line;-;UP;Joe Lovano;-;-;-;-;-;-;19;12;3,1,2,2,1,1,2,1,2,3,3,2;111,1,01,01,1,1,11,1,11,011,011,11
3913;lick;-;MEDIUM UP;Wayne Shorter;-;-;-;-;-;-;5;5;1,1,1,2,1;1,1,1,01,1
3914;lick;-;UP;David Liebman;-;-;-;-;-;-;7;5;1,2,2,2,2;1,01,11,01,11
3915;lick;-;UP;John Coltrane;-;-;-;-;-;-;1;1;1;1
3916;lick;-;UP;John Coltrane;-;-;-;-;-;-;8;4;2,2,2,2;11,11,11,11
3917;lick;-;MEDIUM UP;Chet Baker;-;-;-;-;-;-;7;4;1,3,1,2;1,111,1,11
3918;lick;-;MEDIUM UP;Art Pepper;-;-;-;-;-;-;2;2;1,2;1,01
3919;lick;-;MEDIUM;Miles Davis;-;-;-;-;-;-;24;13;3,2,2,2,3,6,6,2,1,4,1,1,1;011,11,11,11,011,101001,010001,11,1,1101,1,1,1
3920;lick;-;MEDIUM UP;Art Pepper;-;-;-;-;-;-;4;3;6,2,4;000001,11,0001
3921;line;-;MEDIUM UP;Bob Berg;-;-;-;-;-;-;45;16;4,4,6,4,4,4,2,2,2,2,1,2,1,2,2,4;1111,1111,111011,1111,1111,1111,11,11,11,11,1,11,1,11,11,1111
3922;lick;-;UP;Gerry Mulligan;-;-;-;-;-;-;10;7;2,2,1,2,1,1,1;11,11,1,11,1,1,1
3923;line;-;MEDIUM;Dexter Gordon;-;-;-;-;-;-;12;4;4,6,3,4;1110,010111,110,1110
3924;line;-;UP;Chris Potter;-;-;-;-;-;-;41;20;2,4,2,2,2,2,2,2,2,2,3,3,3,1,1,3,2,2,2,2;11,1100,11,11,11,11,11,11,11,11,011,111,111,1,1,111,11,11,11,11
3925;lick;-;MEDIUM;Hank Mobley;-;-;-;-;-;-;5;2;6,7;010001,0100101
3926;line;-;UP;Branford Marsalis;-;-;-;-;-;-;32;16;2,3,3,4,3,3,4,4,2,4,4,2,1,1,2,2;11,011,111,1001,011,110,0111,1011,11,0011,0110,01,1,1,11,11
3927;line;-;MEDIUM UP;Wayne Shorter;-;-;-;-;-;-;22;8;2,2,6,2,2,2,5,4;01,11,101111,11,11,11,10111,1111
3928;line;-;MEDIUM;Freddie Hubbard;-;-;-;-;-;-;15;5;2,3,4,6,6;11,011,0111,101011,011110
3929;lick;-;MEDIUM SLOW;Steve Coleman;-;-;-;-;-;-;7;3;1,4,4;1,1111,1100
3930;lick;-;UP;Dizzy Gillespie;-;-;-;-;-;-;24;9;2,1,2,2,2,4,4,4,3;11,1,11,11,11,1111,1111,1111,111
3931;lick;-;MEDIUM UP;John Coltrane;-;-;-;-;-;-;9;4;4,2,2,4;1111,01,01,0111
3932;lick;-;MEDIUM;J.J. Johnson;-;-;-;-;-;-;16;7;2,6,7,4,4,4,4;11,010001,1010001,0111,0110,0001,0111
3933;lick;-;UP;John Coltrane;-;-;-;-;-;-;4;3;1,1,3;1,1,110
3934;line;-;MEDIUM;Lee Morgan;-;-;-;-;-;-;62;22;2,3,1,8,4,3,1,8,4,8,2,6,4,1,3,4,2,4,4,2,4,4;11,011,1,11011110,1111,110,1,10111101,1001,01000011,11,010111,0111,1,011,0111,11,1011,1111,11,1111,0111
3935;lick;-;UP;Michael Brecker;-;-;-;-;-;-;18;9;6,2,4,4,2,1,2,2,1;101011,11,1101,1001,11,1,01,11,1
3936;lick;-;UP;John Coltrane;-;-;-;-;-;-;12;6;3,2,2,2,1,2;111,11,11,11,1,11
3937;line;-;MEDIUM UP;Wayne Shorter;-;-;-;-;-;-;29;10;3,4,4,4,2,2,6,4,6,1;111,1111,1111,0001,11,11,001111,1111,010111,1
3938;line;-;MEDIUM UP;Kenny Dorham;-;-;-;-;-;-;5;3;1,2,2;1,11,11
3939;line;-;UP;Woody Shaw;-;-;-;-;-;-;36;21;2,2,2,4,2,2,4,2,2,2,2,2,4,2,2,1,2,2,2,2,1;11,11,11,1001,11,11,0001,01,11,11,01,01,1001,11,11,1,11,11,11,11,1
3940;lick;-;MEDIUM UP;Wayne Shorter;-;-;-;-;-;-;17;11;4,2,4,1,2,1,1,2,1,2,2;1111,01,0011,1,01,1,1,11,1,11,01
3941;lick;-;UP;Joe Lovano;-;-;-;-;-;-;9;5;2,3,1,4,2;11,011,1,0110,11
3942;line;-;UP;Clifford Brown;-;-;-;-;-;-;19;10;2,3,3,2,2,1,3,3,3,2;11,011,110,11,11,1,111,011,011,01
3943;line;-;MEDIUM;John Coltrane;-;-;-;-;-;-;55;13;6,5,4,6,7,8,4,4,4,5,1,6,5;111100,11111,1111,101111,1010111,11111000,1011,1111,1111,10111,1,111111,11111
3944;line;-;MEDIUM;Miles Davis;-;-;-;-;-;-;16;7;2,2,4,6,2,4,2;11,01,0001,110111,11,1111,01
3945;lick;-;MEDIUM UP;Cannonball Adderley;-;-;-;-;-;-;17;6;1,2,2,2,8,2;1,11,11,11,11111111,11
3946;line;-;UP;Miles Davis;-;-;-;-;-;-;15;7;1,1,4,4,5,4,2;1,1,1001,1101,10111,1001,11
3947;lick;-;UP;Herbie Hancock;-;-;-;-;-;-;8;5;2,1,2,3,3;11,1,01,011,011
3948;lick;-;UP;Steve Coleman;-;-;-;-;-;-;5;4;1,1,2,1;1,1,11,1
3949;line;-;MEDIUM;J.J. Johnson;-;-;-;-;-;-;17;9;2,2,2,2,1,3,2,1,3;11,11,11,01,1,111,11,1,111
3950;lick;-;UP;John Coltrane;-;-;-;-;-;-;11;6;2,2,1,2,2,2;11,11,1,11,11,11
3951;lick;-;UP;Don Ellis;-;-;-;-;-;-;10;5;1,2,5,4,4;1,11,01001,0110,0111
3952;line;-;MEDIUM UP;Woody Shaw;-;-;-;-;-;-;25;7;3,4,6,4,4,3,4;111,1111,111110,1111,1111,111,0011
3953;line;-;UP;Joe Lovano;-;-;-;-;-;-;9;5;2,1,2,2,3;11,1,11,11,110
3954;line;-;UP;John Coltrane;-;-;-;-;-;-;28;14;2,3,2,2,2,2,1,4,2,1,2,3,2,4;11,011,11,11,11,11,1,1011,11,1,01,111,11,1110
3955;lick;-;UP;John Coltrane;-;-;-;-;-;-;4;3;2,2,4;01,11,0001
3956;line;-;UP;Steve Lacy;-;-;-;-;-;-;51;27;2,2,2,2,2,4,2,4,3,1,4,3,2,2,2,2,1,3,1,3,1,2,2,2,2,2,2;11,01,11,11,11,1101,11,1111,111,1,0001,111,11,11,11,11,1,011,1,011,1,11,11,11,11,01,01
3957;line;-;MEDIUM SLOW;Michael Brecker;-;-;-;-;-;-;19;3;5,8,7;11111,01111111,1111111
3958;line;-;UP;John Coltrane;-;-;-;-;-;-;15;8;2,2,2,2,2,2,2,2;01,11,11,11,11,11,11,11
3959;line;-;UP;Steve Coleman;-;-;-;-;-;-;13;6;3,4,4,2,2,3;011,1011,1100,11,11,011
3960;lick;-;MEDIUM;Wayne Shorter;-;-;-;-;-;-;6;4;2,2,2,2;11,01,11,01
3961;lick;-;UP;Miles Davis;-;-;-;-;-;-;9;5;1,2,3,2,4;1,11,011,01,1101
3962;lick;-;MEDIUM;Joe Henderson;-;-;-;-;-;-;33;12;3,3,3,2,3,3,3,6,6,3,1,1,4;011,111,111,01,111,011,111,110111,110111,011,1,0,0111
3963;lick;-;MEDIUM;Stan Getz;-;-;-;-;-;-;18;9;2,2,2,3,2,2,3,3,1;11,11,01,111,11,11,011,111,1
3964;lick;-;UP;Chet Baker;-;-;-;-;-;-;9;6;6,2,2,2,1,2;100001,01,01,11,1,11
3965;line;-;UP;Lee Morgan;-;-;-;-;-;-;100;52;2,4,2,2,4,2,3,2,2,1,2,2,1,2,1,2,2,2,3,2,3,2,3,2,2,3,2,2,2,2,4,2,2,4,2,2,2,1,4,2,2,2,2,2,2,3,2,4,4,2,2,2;11,1001,11,11,0110,11,111,11,01,1,01,11,1,11,1,11,11,01,011,11,111,11,011,11,11,111,11,01,11,11,1001,11,11,1101,11,11,11,1,0001,11,11,11,11,11,01,011,11,1011,1011,11,11,11
3966;line;-;MEDIUM UP;Wynton Marsalis;-;-;-;-;-;-;54;26;1,2,2,6,4,4,4,6,2,2,3,3,3,3,4,2,1,2,1,2,4,3,4,4,3,3;1,11,01,101101,1111,0111,1011,100001,01,01,011,011,111,011,1111,01,1,01,1,01,0001,111,1001,1100,111,111
3967;lick;-;UP;Don Byas;-;-;-;-;-;-;11;7;2,2,2,2,2,2,2;01,11,11,11,01,01,11
3968;line;-;UP;Sonny Rollins;-;-;-;-;-;-;44;23;3,2,2,2,2,2,2,2,2,2,2,4,2,4,2,2,2,2,2,1,1,2,2;111,11,01,11,11,11,01,11,11,11,01,1110,11,1111,11,11,11,01,11,1,1,11,11
3969;lick;-;UP;Pat Metheny;-;-;-;-;-;-;8;7;1,1,1,4,2,1,1;1,1,1,0011,01,1,1
3970;lick;-;MEDIUM SLOW;Dexter Gordon;-;-;-;-;-;-;5;4;1,1,3,1,3;1,0,110,0,011
3971;lick;-;UP;David Liebman;-;-;-;-;-;-;23;14;3,1,1,2,2,2,3,3,2,2,2,2,2,2;111,1,1,11,01,01,011,111,01,01,11,11,01,11
3972;lick;-;UP;Zoot Sims;-;-;-;-;-;-;15;9;2,2,2,2,1,1,2,2,2;11,11,11,11,1,1,01,11,11
3973;lick;-;UP;John Coltrane;-;-;-;-;-;-;5;3;4,2,2;1011,01,01
3974;lick;-;UP;Sonny Rollins;-;-;-;-;-;-;5;3;2,3,1;11,011,1
3975;line;-;UP;Nat Adderley;-;-;-;-;-;-;25;15;2,1,3,2,4,1,1,3,4,2,2,1,2,1,1;01,1,110,01,0111,1,1,111,1110,11,11,1,11,1,1
3976;lick;-;UP;Sonny Rollins;-;-;-;-;-;-;9;6;2,2,2,2,2,2;11,11,11,01,01,01
3977;lick;-;MEDIUM;Dexter Gordon;-;-;-;-;-;-;11;3;6,3,4;100111,111,1111
3978;lick;-;UP;John Coltrane;-;-;-;-;-;-;4;2;4,2;0111,01
3979;line;-;MEDIUM UP;Freddie Hubbard;-;-;-;-;-;-;25;14;4,4,1,1,1,1,2,2,4,2,6,3,2,2;1110,0011,1,1,1,1,01,11,0011,11,010011,110,11,11
3980;lick;-;UP;Miles Davis;-;-;-;-;-;-;12;8;2,1,2,2,2,2,2,2;11,1,01,11,01,11,01,11
3981;lick;-;UP;John Coltrane;-;-;-;-;-;-;5;4;2,2,1,1;11,01,1,1
3982;lick;-;MEDIUM UP;Sonny Stitt;-;-;-;-;-;-;13;8;2,4,3,1,4,1,1,1,4;11,1110,111,0,1100,0,1,0,0011
3983;lick;-;MEDIUM UP;John Coltrane;-;-;-;-;-;-;8;4;4,1,2,2;1111,1,01,11
3984;line;-;UP;Dexter Gordon;-;-;-;-;-;-;32;15;6,4,4,2,2,3,2,2,2,1,4,4,4,2,2;001001,1111,1011,11,11,011,11,11,11,1,1100,0001,1110,11,11
3985;lick;-;MEDIUM;David Liebman;-;-;-;-;-;-;6;4;2,1,2,1;11,1,11,1
3986;line;-;MEDIUM;Pat Martino;-;-;-;-;-;-;43;12;4,4,4,4,4,4,4,8,4,6,7,4;0011,1111,0111,1111,1111,1111,1111,10010011,1111,111100,0101011,0011
3987;lick;-;UP;Joshua Redman;-;-;-;-;-;-;7;5;2,2,2,4,2;01,11,01,0001,11
3988;line;-;MEDIUM UP;Chet Baker;-;-;-;-;-;-;19;11;2,2,2,2,2,2,2,2,2,2,2;11,11,01,11,01,11,11,11,01,11,11
3989;line;-;MEDIUM UP;David Liebman;-;-;-;-;-;-;20;8;3,4,4,6,1,1,2,2;111,1111,1011,011011,1,1,11,11
3990;line;-;UP;Sonny Rollins;-;-;-;-;-;-;20;12;1,2,2,2,1,2,2,2,4,2,2,2;1,11,01,11,1,01,11,11,1111,11,01,01
3991;lick;-;UP;Wayne Shorter;-;-;-;-;-;-;3;2;2,4;11,0001
3992;line;-;MEDIUM UP;Sonny Stitt;-;-;-;-;-;-;46;15;3,5,6,1,4,6,4,4,4,2,2,3,4,3,1;111,11111,111101,1,1111,101111,1111,1111,1011,01,11,111,0110,111,1
3993;lick;-;MEDIUM UP;Art Pepper;-;-;-;-;-;-;5;4;2,2,1,1;01,11,1,1
3994;lick;-;UP;Fats Navarro;-;-;-;-;-;-;12;6;2,2,4,2,2,3;11,01,1011,11,01,111
3995;lick;-;MEDIUM SLOW;Steve Coleman;-;-;-;-;-;-;15;4;7,4,4,4;0011111,0111,1111,1110
3996;lick;-;MEDIUM UP;Milt Jackson;-;-;-;-;-;-;28;14;2,2,2,3,4,2,2,2,6,2,4,3,4,1;01,11,01,111,0011,11,11,11,010001,11,0011,111,1110,1
3997;line;-;UP;John Coltrane;-;-;-;-;-;-;16;8;4,2,2,2,1,3,3,4;1001,11,11,11,1,011,111,1001
3998;lick;-;UP;Miles Davis;-;-;-;-;-;-;18;13;1,1,2,1,2,1,1,2,2,2,2,2,2;1,1,11,1,01,1,1,11,01,11,11,01,11
3999;lick;-;MEDIUM UP;Nat Adderley;-;-;-;-;-;-;19;11;4,1,2,2,2,2,2,1,2,1,4;1001,1,11,01,11,11,11,1,11,1,0111
4000;lick;-;UP;Branford Marsalis;-;-;-;-;-;-;19;13;2,2,2,2,2,2,4,1,1,1,1,1,1;01,11,11,11,11,11,1001,1,1,1,1,1,1
4001;lick;-;UP;John Coltrane;-;-;-;-;-;-;9;7;1,1,2,2,2,1,2;1,1,01,11,01,1,11
4002;line;-;MEDIUM UP;John Coltrane;-;-;-;-;-;-;53;18;4,4,4,2,4,6,7,4,4,5,4,3,4,3,4,4,4,4;0111,1001,0001,11,0011,010111,0001111,0111,0011,01111,0111,011,0111,111,1111,1101,1111,1111
4003;lick;-;UP;J.J. Johnson;-;-;-;-;-;-;11;8;2,2,2,2,2,2,2,4;01,11,11,01,11,01,01,0001
4004;lick;-;UP;John Coltrane;-;-;-;-;-;-;32;16;1,1,4,2,3,3,2,4,6,4,2,3,2,2,2,2;1,1,0011,11,111,011,01,1100,111111,0001,11,011,11,01,11,11
4005;line;-;UP;Bob Berg;-;-;-;-;-;-;16;9;2,1,1,1,3,2,2,2,2;11,1,1,1,111,11,11,11,11
4006;line;-;UP;Sonny Rollins;-;-;-;-;-;-;79;44;4,2,2,1,4,2,2,2,2,2,2,2,2,2,4,2,1,2,2,3,2,3,2,2,2,2,2,2,2,2,3,6,2,2,1,2,1,2,1,1,2,2,2,2;1001,11,11,1,1001,11,11,01,11,11,11,11,11,11,1100,11,1,11,11,110,11,111,11,11,11,11,01,11,11,01,011,001001,11,11,1,11,1,11,1,1,01,11,11,11
4007;line;-;UP;Dizzy Gillespie;-;-;-;-;-;-;36;19;2,3,3,3,3,3,2,2,2,3,3,3,2,1,2,2,1,2,2;11,011,011,111,011,111,11,01,01,110,011,111,11,1,11,01,1,11,11
4008;lick;-;MEDIUM UP;Freddie Hubbard;-;-;-;-;-;-;7;3;3,3,3;011,111,110
4009;lick;-;UP;Sonny Rollins;-;-;-;-;-;-;6;3;2,2,3;11,01,111
4010;lick;-;MEDIUM UP;Miles Davis;-;-;-;-;-;-;14;8;6,1,4,2,2,2,5,4;010001,1,1001,11,11,11,01001,0001
4011;lick;-;MEDIUM;Steve Lacy;-;-;-;-;-;-;18;10;2,2,2,2,3,2,4,2,1,5;01,11,11,01,011,11,0111,11,1,01001
4012;line;-;UP;Chris Potter;-;-;-;-;-;-;34;19;4,2,2,2,3,4,2,1,2,2,2,2,1,1,3,3,2,1,1;1111,01,11,11,111,0001,11,1,11,11,11,01,1,1,011,111,11,1,1
4013;lick;-;UP;Don Ellis;-;-;-;-;-;-;12;10;4,2,2,5,4,2,2,1,1,2;1001,01,01,01001,0001,01,01,1,1,01
4014;line;-;MEDIUM SLOW;Steve Coleman;-;-;-;-;-;-;31;10;4,8,4,3,4,4,4,4,4,4;1110,01010101,1111,110,1110,0111,0111,1111,1111,0001
4015;lick;-;UP;Michael Brecker;-;-;-;-;-;-;6;4;2,2,2,1;11,01,11,1
4016;line;-;MEDIUM UP;Zoot Sims;-;-;-;-;-;-;12;5;4,4,4,6,4;0110,0110,0011,011011,0110
4017;lick;-;UP;Phil Woods;-;-;-;-;-;-;24;16;4,1,2,2,1,2,2,2,4,1,1,1,4,1,1,2;1001,1,11,11,1,11,11,11,0001,1,1,1,1001,1,1,11
4018;line;-;UP;Miles Davis;-;-;-;-;-;-;18;10;2,1,2,2,3,3,3,2,2,2;01,1,11,11,011,011,011,11,11,11
4019;lick;-;MEDIUM;Phil Woods;-;-;-;-;-;-;11;5;2,2,4,4,6;11,01,1101,0011,100101
4020;lick;-;UP;Michael Brecker;-;-;-;-;-;-;12;6;1,2,2,6,4,2;1,11,01,001101,1101,11
4021;line;-;UP;Joe Henderson;-;-;-;-;-;-;68;37;2,1,4,3,4,3,2,2,2,1,1,2,2,2,2,2,6,2,2,2,2,2,2,2,2,3,3,2,4,4,2,1,2,4,2,2,2;01,1,1001,011,0001,011,11,11,11,1,1,01,11,11,11,11,100011,11,11,11,11,01,11,01,11,011,111,11,1011,1101,11,1,01,1001,11,11,11
4022;line;-;UP;Hank Mobley;-;-;-;-;-;-;18;10;2,4,2,2,2,2,2,4,4,1;01,1011,01,11,11,11,01,1001,1101,1
4023;lick;-;UP;Charlie Parker;-;-;-;-;-;-;9;4;4,2,2,2;1011,11,11,11
4024;lick;-;UP;John Coltrane;-;-;-;-;-;-;3;2;4,2;0001,11
4025;lick;-;UP;Dexter Gordon;-;-;-;-;-;-;16;10;2,2,1,2,4,2,4,1,4,4;01,01,1,11,1011,01,0001,1,1101,1001
4026;line;-;UP;Pepper Adams;-;-;-;-;-;-;34;18;3,2,6,2,2,2,2,2,3,2,2,2,1,2,2,3,2,2;110,11,100011,01,11,11,01,11,111,11,11,11,1,11,01,011,11,11
4027;lick;-;MEDIUM UP;Sonny Stitt;-;-;-;-;-;-;10;4;4,1,2,4;1110,1,11,1111
4028;lick;-;UP;John Coltrane;-;-;-;-;-;-;17;10;1,1,2,2,1,2,2,2,4,3;1,1,11,11,1,01,11,01,1011,111
4029;line;-;UP;John Coltrane;-;-;-;-;-;-;8;4;2,2,2,2;11,11,11,11
4030;lick;-;MEDIUM;Wayne Shorter;-;-;-;-;-;-;2;2;1,2;1,01
4031;lick;-;UP;Zoot Sims;-;-;-;-;-;-;4;3;1,2,2;1,01,11
4032;lick;-;UP;Sonny Rollins;-;-;-;-;-;-;50;30;2,1,2,1,2,2,2,1,2,2,2,2,2,1,2,2,4,1,2,2,2,2,1,1,4,2,4,4,2,2;11,1,11,1,11,11,01,1,11,11,11,01,11,1,01,11,1110,1,11,01,11,01,1,1,1110,01,0011,1110,11,11
4033;line;-;UP;Michael Brecker;-;-;-;-;-;-;53;29;1,3,2,2,3,3,3,2,2,4,2,2,2,4,1,2,1,2,1,2,4,4,3,2,2,2,2,2,2;1,111,11,01,111,111,011,11,11,0111,11,01,01,1100,1,01,1,11,1,01,1001,1100,111,11,11,11,11,11,01
4034;lick;-;MEDIUM UP;Sonny Rollins;-;-;-;-;-;-;9;5;2,4,2,2,1;01,1101,11,11,1
4035;line;-;UP;Lee Morgan;-;-;-;-;-;-;104;56;2,2,4,2,2,1,4,2,4,2,2,2,2,2,2,2,1,2,2,1,1,1,4,2,2,2,2,2,4,3,4,2,2,1,2,2,2,2,2,2,3,2,2,1,2,4,2,4,2,2,1,1,4,2,3,4;11,01,0011,01,01,1,1101,01,1101,01,11,11,11,11,11,11,1,11,11,1,1,1,1011,11,11,11,11,11,1011,111,1101,11,01,1,11,11,11,11,01,11,111,11,11,1,01,0111,11,0001,11,11,1,1,0110,11,111,1101
4036;line;-;UP;Charlie Parker;-;-;-;-;-;-;52;26;2,3,2,2,4,2,2,4,2,2,2,2,4,2,2,2,2,2,3,2,2,2,2,3,4,2;11,011,11,11,0011,11,01,1011,11,11,11,11,0111,11,11,11,01,11,011,11,11,01,11,011,1110,11
4037;line;-;UP;Steve Turre;-;-;-;-;-;-;22;11;6,1,1,2,1,2,2,2,2,2,2;111111,1,1,11,1,11,11,11,11,11,01
4038;lick;-;UP;Gerry Mulligan;-;-;-;-;-;-;10;7;2,1,2,1,1,2,4;11,1,11,1,1,01,1001
4039;line;-;UP;Stan Getz;-;-;-;-;-;-;24;13;2,2,2,2,2,2,2,2,2,2,2,2,4;11,01,11,11,01,11,11,11,11,11,11,01,1011
4040;line;-;MEDIUM SLOW;Hank Mobley;-;-;-;-;-;-;26;9;4,6,1,3,4,4,4,4,1;0111,110111,1,011,1111,1111,1111,0110,1
4041;lick;-;MEDIUM;J.J. Johnson;-;-;-;-;-;-;14;9;8,3,2,2,2,1,1,1,2;00100001,011,11,01,11,1,1,1,11
4042;line;-;UP;Cannonball Adderley;-;-;-;-;-;-;38;20;2,2,5,4,2,2,2,2,2,3,2,1,1,1,1,2,2,2,2,2;11,11,00011,1111,11,11,01,11,11,111,11,1,1,1,1,11,11,11,11,11
4043;line;-;MEDIUM;Lee Konitz;-;-;-;-;-;-;4;2;2,2;11,11
4044;lick;-;MEDIUM;Dexter Gordon;-;-;-;-;-;-;10;6;2,6,2,2,1,1;11,001001,11,11,1,1
4045;lick;-;MEDIUM;Charlie Parker;-;-;-;-;-;-;6;3;2,6,1;11,011001,1
4046;line;-;MEDIUM UP;Eric Dolphy;-;-;-;-;-;-;58;18;6,2,4,4,4,2,6,4,6,4,3,4,3,2,3,4,4,4;111111,11,1111,0111,0011,11,111101,0011,111110,1111,110,0111,111,01,011,1111,1111,1111
4047;lick;-;MEDIUM UP;Clifford Brown;-;-;-;-;-;-;13;7;2,1,2,2,2,2,2;11,1,11,11,11,11,11
4048;lick;-;MEDIUM UP;Freddie Hubbard;-;-;-;-;-;-;4;2;2,4;11,1001
4049;lick;-;MEDIUM;Joe Henderson;-;-;-;-;-;-;19;7;2,2,4,6,3,3,6;11,01,0111,100111,011,111,100111
4050;lick;-;MEDIUM UP;Miles Davis;-;-;-;-;-;-;14;9;2,4,8,2,1,4,1,1,4;01,1001,10000011,11,1,1001,1,1,0001
4051;line;-;MEDIUM UP;John Coltrane;-;-;-;-;-;-;27;13;3,2,2,6,3,2,1,2,4,4,3,4,4;111,11,11,011001,110,01,1,01,1111,0111,011,0011,0001
4052;line;-;MEDIUM;Cannonball Adderley;-;-;-;-;-;-;6;3;1,3,2;1,111,11
4053;lick;-;UP;John Coltrane;-;-;-;-;-;-;5;3;1,4,2;1,1001,11
4054;lick;-;UP;Steve Coleman;-;-;-;-;-;-;12;6;2,2,2,2,4,2;11,11,11,11,1011,01
4055;lick;-;MEDIUM;Cannonball Adderley;-;-;-;-;-;-;8;3;3,2,3;111,11,111
4056;line;-;UP;Dexter Gordon;-;-;-;-;-;-;37;20;6,4,2,2,2,2,2,2,1,3,4,1,1,1,2,2,2,2,4,2;100101,1001,01,11,11,11,11,11,1,011,1011,1,1,1,11,11,11,11,0111,01
4057;lick;-;UP;Paul Desmond;-;-;-;-;-;-;24;14;2,2,1,2,2,2,2,2,1,2,1,2,2,2;11,11,1,11,11,01,11,11,1,11,1,11,11,11
4058;line;-;UP;John Coltrane;-;-;-;-;-;-;16;8;3,2,2,2,2,2,2,2;011,11,11,11,11,11,11,11
4059;line;-;MEDIUM UP;Chet Baker;-;-;-;-;-;-;23;11;2,4,2,2,2,2,2,3,2,2,2;11,1001,11,11,11,11,11,111,11,11,11
4060;lick;-;MEDIUM;Steve Lacy;-;-;-;-;-;-;29;18;3,3,4,3,1,2,2,1,1,4,1,1,1,5,4,5,2,1;011,111,0001,011,1,11,11,1,1,0011,1,1,1,01001,0111,01001,01,1
4061;lick;-;UP;Michael Brecker;-;-;-;-;-;-;6;3;2,2,2;11,11,11
4062;lick;-;UP;Stan Getz;-;-;-;-;-;-;5;3;2,1,2;11,1,11
4063;lick;-;UP;Dexter Gordon;-;-;-;-;-;-;31;20;2,4,2,2,3,2,1,1,2,2,2,2,2,1,2,4,2,2,2,2;01,1100,11,11,011,11,1,1,01,11,11,11,01,1,01,0001,01,11,11,11
4064;line;-;MEDIUM SLOW;Steve Lacy;-;-;-;-;-;-;20;7;6,10,6,3,3,4,2;010101,0010100101,010101,011,111,0111,11
4065;lick;-;MEDIUM SLOW;Steve Lacy;-;-;-;-;-;-;15;7;4,1,4,1,4,4,3;1110,1,0111,1,1101,1001,011
4066;line;-;UP;John Coltrane;-;-;-;-;-;-;11;6;4,4,3,2,2,1;1011,0001,111,11,01,1
4067;lick;-;UP;John Coltrane;-;-;-;-;-;-;9;7;2,3,1,2,4,1,1;11,011,1,01,0001,1,1
4068;lick;-;MEDIUM;Sonny Rollins;-;-;-;-;-;-;8;3;8,4,6;00100001,0001,011111
4069;lick;-;UP;Miles Davis;-;-;-;-;-;-;5;4;4,1,2,2;0001,1,01,11
4070;line;-;UP;J.J. Johnson;-;-;-;-;-;-;19;12;2,2,2,3,1,4,4,2,2,2,2,2;01,11,11,011,1,0001,0001,01,11,11,11,11
4071;line;-;UP;Art Pepper;-;-;-;-;-;-;31;17;2,2,2,4,6,6,4,2,2,2,2,2,2,1,2,2,2;11,11,01,0011,000011,011100,0111,11,11,01,11,01,11,1,11,11,01
4072;line;-;UP;Joe Lovano;-;-;-;-;-;-;20;10;4,3,3,2,2,1,2,1,4,2;1101,011,111,11,11,1,01,1,1101,11
4073;lick;-;MEDIUM UP;David Liebman;-;-;-;-;-;-;8;2;5,4;11111,1011
4074;line;-;UP;J.J. Johnson;-;-;-;-;-;-;10;7;1,2,1,3,2,2,2;1,01,1,111,11,01,01
4075;line;-;UP;Kenny Dorham;-;-;-;-;-;-;27;13;3,2,4,2,2,2,2,2,3,2,2,4,3;011,11,0011,11,11,11,01,11,011,11,11,1110,111
4076;lick;-;MEDIUM UP;John Coltrane;-;-;-;-;-;-;23;10;4,3,6,4,1,2,2,1,5,4;0111,111,000111,0001,1,01,11,1,01111,1111
4077;line;-;UP;David Liebman;-;-;-;-;-;-;16;7;2,4,4,2,2,1,2;11,1111,1011,11,11,1,11
4078;line;-;MEDIUM;David Murray;-;-;-;-;-;-;26;8;4,8,3,4,5,6,3,4;1011,00101011,111,0011,11111,001111,011,1101
4079;line;-;MEDIUM UP;Hank Mobley;-;-;-;-;-;-;15;8;2,4,2,4,4,1,4,3;01,0011,11,0011,1111,1,0001,011
4080;lick;-;UP;David Liebman;-;-;-;-;-;-;9;6;2,1,2,2,2,2;11,1,11,11,01,01
4081;lick;-;UP;Miles Davis;-;-;-;-;-;-;2;1;2;11
4082;line;-;UP;Sonny Rollins;-;-;-;-;-;-;52;28;2,2,3,3,2,2,2,4,4,4,2,2,2,2,2,2,4,2,2,2,2,2,2,2,2,2,2,2;11,01,110,111,11,01,11,0111,0011,1011,11,11,11,11,01,01,0111,11,11,11,11,01,01,11,11,11,01,01
4083;line;-;UP;Phil Woods;-;-;-;-;-;-;17;9;2,2,3,2,6,2,2,2,2;11,01,111,11,010001,11,11,11,01
4084;lick;-;MEDIUM UP;Clifford Brown;-;-;-;-;-;-;11;7;2,1,2,2,2,2,4;11,1,01,01,11,01,1101
4085;lick;-;MEDIUM;Don Ellis;-;-;-;-;-;-;6;4;4,2,2,4;0001,11,01,1001
4086;lick;-;UP;John Coltrane;-;-;-;-;-;-;4;2;2,2;11,11
4087;lick;-;UP;John Coltrane;-;-;-;-;-;-;4;2;2,3;11,011
4088;line;-;UP;Kenny Dorham;-;-;-;-;-;-;11;6;2,3,2,2,4,2;11,110,11,11,0001,11
4089;line;-;UP;Michael Brecker;-;-;-;-;-;-;109;45;2,1,2,2,2,1,2,4,5,1,2,6,4,4,2,1,2,1,4,1,2,3,5,4,4,2,6,2,2,2,4,6,6,6,3,4,1,2,2,2,3,2,2,2,2;11,1,11,01,01,1,11,1101,00111,1,11,111011,1101,0111,11,1,11,1,1111,1,11,111,10111,1111,1011,11,111110,11,11,11,1111,010011,000111,101111,111,1101,1,11,11,11,111,11,11,11,11
4090;lick;-;UP;Dexter Gordon;-;-;-;-;-;-;18;10;2,1,4,2,1,2,4,4,2,1;01,1,1111,01,1,11,1011,1100,11,1
4091;line;-;UP;Charlie Parker;-;-;-;-;-;-;11;5;3,2,4,2,4;111,11,0011,11,1001
4092;line;-;MEDIUM UP;John Coltrane;-;-;-;-;-;-;12;6;3,2,2,3,4,6;111,11,01,011,0011,000011
4093;line;-;UP;Sonny Rollins;-;-;-;-;-;-;41;21;1,3,1,2,4,1,2,2,2,2,5,4,1,2,1,4,2,2,2,2,2;1,111,1,11,1101,1,11,11,01,11,01001,1111,1,11,1,1110,11,11,11,11,11
4094;line;-;MEDIUM;Eric Dolphy;-;-;-;-;-;-;28;9;4,6,4,2,1,8,6,3,6;0111,010111,0110,11,1,10100111,101011,011,111110
4095;line;-;UP;Joe Lovano;-;-;-;-;-;-;24;11;2,4,3,4,2,2,4,1,3,1,1;11,1111,111,1111,11,11,0011,1,011,1,1
4096;line;-;UP;Chris Potter;-;-;-;-;-;-;57;31;2,2,4,3,2,2,3,3,1,2,4,2,2,1,4,2,4,2,2,2,2,2,2,2,2,1,2,2,2,2,2;11,11,0001,011,11,11,011,111,1,11,1111,01,11,1,1001,01,0110,01,11,11,11,11,11,01,11,1,11,11,11,11,11
4097;lick;-;UP;Charlie Parker;-;-;-;-;-;-;15;7;2,2,2,3,2,2,2;11,11,11,111,11,11,11
4098;lick;-;MEDIUM;Don Ellis;-;-;-;-;-;-;7;4;4,3,1,1;1001,111,1,1
4099;lick;-;MEDIUM UP;Cannonball Adderley;-;-;-;-;-;-;8;5;3,1,1,2,1;111,1,1,11,1
4100;line;-;UP;John Coltrane;-;-;-;-;-;-;54;27;4,1,4,3,3,3,2,1,2,2,3,3,3,3,4,4,2,2,2,2,4,2,2,1,2,4,2;1111,1,0011,111,110,111,11,1,01,01,111,011,011,111,1111,0001,11,11,01,11,0011,11,11,1,01,1101,01
4101;line;-;UP;Branford Marsalis;-;-;-;-;-;-;26;17;2,6,2,2,2,2,2,2,4,1,1,4,2,1,1,2,2;11,010001,01,11,01,11,01,01,0011,1,1,1011,01,1,1,11,11
4102;lick;-;UP;Phil Woods;-;-;-;-;-;-;28;16;2,2,2,2,2,2,2,2,1,1,6,2,2,1,1,2;11,11,11,11,11,11,01,11,1,1,010011,11,11,1,1,11
4103;line;-;MEDIUM UP;Chet Baker;-;-;-;-;-;-;48;26;2,2,2,2,3,2,6,2,2,2,2,2,2,2,2,2,3,2,2,2,2,2,2,2,2,2;01,01,01,01,111,11,100111,11,01,11,11,01,01,11,11,11,111,11,11,11,01,11,11,11,11,11
4104;lick;-;UP;Wayne Shorter;-;-;-;-;-;-;6;2;4,3;1011,111
4105;lick;-;MEDIUM SLOW;Steve Coleman;-;-;-;-;-;-;3;2;4,2;0011,01
4106;lick;-;UP;Joe Lovano;-;-;-;-;-;-;13;6;2,2,4,4,4,1;11,11,0011,0111,0111,1
4107;lick;-;UP;John Coltrane;-;-;-;-;-;-;19;11;4,2,1,4,2,2,2,4,2,4,1;1001,01,1,0011,11,11,01,1011,01,1011,1
4108;lick;-;MEDIUM;Lee Morgan;-;-;-;-;-;-;57;21;2,6,4,3,6,2,2,2,2,8,6,2,4,2,2,2,3,5,4,4,4;11,011011,0111,011,001111,11,11,11,11,00000111,011110,11,1111,11,01,11,110,00111,1111,1110,1111
4109;line;-;UP;Kenny Dorham;-;-;-;-;-;-;12;7;2,2,2,1,2,4,2;01,11,11,1,01,1011,11
4110;lick;-;UP;Steve Coleman;-;-;-;-;-;-;14;7;2,4,2,2,2,4,3;11,1011,01,11,11,1001,011
4111;line;-;UP;David Liebman;-;-;-;-;-;-;39;24;4,4,2,2,1,3,4,2,2,2,2,1,1,1,3,2,2,2,2,1,2,2,2,3;0011,0001,11,01,1,111,1011,11,01,11,01,1,1,1,111,11,11,01,11,1,11,01,01,011
4112;line;-;MEDIUM UP;Woody Shaw;-;-;-;-;-;-;31;9;4,5,4,3,4,4,2,4,4;1111,11011,1110,111,1111,1111,11,0111,1111
4113;lick;-;UP;John Coltrane;-;-;-;-;-;-;30;15;4,3,2,2,3,3,3,1,4,2,4,2,2,2,2;1011,111,11,01,111,011,111,1,1001,11,0110,01,01,11,11
4114;lick;-;MEDIUM;Freddie Hubbard;-;-;-;-;-;-;28;12;4,1,3,4,4,4,2,5,2,5,4,4;0111,1,111,1101,0111,0001,01,00111,11,00111,1101,0011
4115;line;-;UP;John Coltrane;-;-;-;-;-;-;9;5;3,1,2,2,2;111,1,11,01,11
4116;line;-;MEDIUM;Stan Getz;-;-;-;-;-;-;36;11;3,5,4,4,4,4,4,3,3,3,4;111,10111,1111,1001,1101,1111,1111,111,111,110,1111
4117;line;-;UP;Michael Brecker;-;-;-;-;-;-;35;17;2,2,4,2,2,2,1,2,2,2,5,4,6,4,2,2,2;11,11,1111,11,01,01,1,01,11,01,00111,1011,111011,1011,01,11,01
4118;lick;-;MEDIUM SLOW;Steve Coleman;-;-;-;-;-;-;30;14;2,4,2,1,2,2,6,2,2,1,2,2,4,4;11,0111,01,1,11,11,011100,11,11,1,11,11,1111,1110
4119;lick;-;UP;Woody Shaw;-;-;-;-;-;-;8;5;3,4,1,2,2;011,1001,1,11,01
4120;lick;-;UP;John Coltrane;-;-;-;-;-;-;3;2;2,1;11,1
4121;line;-;UP;Charlie Parker;-;-;-;-;-;-;21;10;2,2,3,2,2,4,2,4,2,2;11,11,011,11,11,1101,11,1011,11,01
4122;lick;-;MEDIUM;Joe Henderson;-;-;-;-;-;-;15;7;4,6,6,2,2,3,2;0111,100011,001101,01,01,111,01
4123;line;-;UP;Paul Desmond;-;-;-;-;-;-;2;1;4;1001
4124;line;-;UP;Wayne Shorter;-;-;-;-;-;-;6;4;2,2,1,2;01,11,1,11
4125;lick;-;MEDIUM;Sonny Rollins;-;-;-;-;-;-;4;4;1,1,1,1;1,1,1,1
4126;line;-;MEDIUM UP;John Coltrane;-;-;-;-;-;-;47;13;8,6,4,4,3,4,4,8,4,4,4,3,3;01101001,011111,1111,0111,111,1101,0111,11001011,1111,1111,1111,111,110
4127;line;-;UP;Miles Davis;-;-;-;-;-;-;15;10;1,1,2,2,3,2,1,1,2,2;1,1,01,11,011,11,1,1,11,11
4128;lick;-;MEDIUM;Eric Dolphy;-;-;-;-;-;-;24;11;1,1,6,6,2,3,4,4,6,2,1;1,1,000011,010111,01,111,1110,1100,111101,01,1
4129;lick;-;UP;Sonny Rollins;-;-;-;-;-;-;19;14;2,1,4,2,2,4,1,1,2,2,2,2,2,2;01,1,0001,01,01,1110,1,1,11,01,11,11,01,01
4130;lick;-;UP;Fats Navarro;-;-;-;-;-;-;15;7;1,3,2,4,4,2,1;1,111,01,1111,1111,01,1
4131;lick;-;MEDIUM;Stan Getz;-;-;-;-;-;-;11;7;4,4,4,1,3,1,2;0001,1001,0011,1,111,1,01
4132;lick;-;MEDIUM SLOW;Joe Lovano;-;-;-;-;-;-;6;3;3,2,1;111,11,1
4133;lick;-;MEDIUM UP;Sonny Rollins;-;-;-;-;-;-;5;4;4,1,2,2;0001,1,01,11
4134;lick;-;UP;Chet Baker;-;-;-;-;-;-;36;25;2,2,2,2,2,1,2,2,1,1,2,2,2,4,2,2,2,1,2,1,3,2,2,1,3;11,11,01,11,01,1,11,11,1,1,01,11,01,0011,01,01,11,1,01,1,110,01,11,1,110
4135;lick;-;MEDIUM UP;Curtis Fuller;-;-;-;-;-;-;9;5;2,4,2,2,2;11,1001,11,11,01
4136;lick;-;UP;Dizzy Gillespie;-;-;-;-;-;-;10;4;2,2,2,6;11,11,11,011110
4137;lick;-;MEDIUM UP;David Liebman;-;-;-;-;-;-;5;2;4,2;0111,11
4138;line;-;UP;Pat Metheny;-;-;-;-;-;-;25;15;4,2,2,1,2,2,2,2,1,2,2,2,2,3,2;0001,11,01,1,01,11,11,11,1,11,11,01,11,111,11
4139;line;-;UP;Branford Marsalis;-;-;-;-;-;-;28;19;1,1,1,1,1,1,2,2,2,2,1,2,4,2,3,2,2,2,2;1,1,1,1,1,1,01,01,01,11,1,01,1011,11,011,11,11,11,11
4140;lick;-;UP;Paul Desmond;-;-;-;-;-;-;11;8;1,2,1,1,2,2,4,1;1,11,1,1,01,11,1001,1
4141;line;-;UP;Michael Brecker;-;-;-;-;-;-;34;18;2,2,4,2,2,3,2,2,2,1,1,2,4,4,3,2,2,2;01,11,1011,11,01,111,11,11,11,1,1,11,0001,1101,011,11,11,11
4142;lick;-;MEDIUM;Branford Marsalis;-;-;-;-;-;-;11;8;4,4,1,4,1,1,1,2;0001,0111,1,0001,1,1,1,11
4143;lick;-;UP;Paul Desmond;-;-;-;-;-;-;12;7;2,2,3,2,2,2,4;11,11,110,01,11,11,0001
4144;lick;-;UP;Art Pepper;-;-;-;-;-;-;11;7;2,2,2,4,6,2,2;01,11,11,0111,000001,01,01
4145;lick;-;UP;Steve Coleman;-;-;-;-;-;-;5;3;2,3,2;01,011,11
4146;lick;-;UP;Dexter Gordon;-;-;-;-;-;-;8;5;2,4,2,2,1;11,0110,01,11,1
4147;line;-;UP;David Liebman;-;-;-;-;-;-;81;38;2,2,2,1,4,6,6,3,2,2,2,2,2,2,4,4,3,3,3,3,6,2,2,2,2,4,4,2,2,2,2,2,2,1,4,4,2,2;11,01,11,1,1111,001111,111110,111,11,11,11,01,11,11,0001,1100,111,011,011,011,011101,11,11,01,11,1011,0001,11,11,11,11,11,11,1,0111,0001,11,11
4148;lick;-;MEDIUM UP;Joe Henderson;-;-;-;-;-;-;36;17;2,5,6,4,1,3,4,6,1,3,4,1,3,3,4,1,3;01,00111,000001,0001,1,111,1110,010011,1,110,1011,1,111,111,1101,1,111
4149;line;-;UP;Wynton Marsalis;-;-;-;-;-;-;29;19;1,4,2,2,1,2,4,1,1,2,1,2,2,2,2,3,2,1,1;1,1011,11,11,1,11,0011,1,1,01,1,01,01,11,11,011,11,1,1
4150;lick;-;UP;John Coltrane;-;-;-;-;-;-;32;18;1,2,2,2,1,2,2,3,4,3,3,2,3,2,1,2,2,2;1,11,11,11,1,11,11,111,0011,011,111,01,011,01,1,11,01,11
4151;lick;-;UP;Gerry Mulligan;-;-;-;-;-;-;44;30;2,2,2,2,2,1,2,4,2,1,1,1,2,2,1,2,2,2,2,2,2,2,3,2,2,4,2,1,2,2;11,01,11,11,01,1,11,0001,11,1,1,1,11,11,1,01,11,01,11,01,01,11,111,01,11,0110,01,1,01,01
4152;lick;-;MEDIUM;Sonny Rollins;-;-;-;-;-;-;7;3;2,4,6;11,0001,011011
4153;line;-;UP;Pepper Adams;-;-;-;-;-;-;8;4;3,2,1,3;011,11,1,111
4154;line;-;MEDIUM SLOW;Steve Coleman;-;-;-;-;-;-;52;16;4,4,4,4,4,4,4,4,6,6,3,3,4,3,2,5;0011,1111,1011,1111,1110,1111,1111,0011,101111,110111,110,111,0011,111,11,01111
4155;lick;-;MEDIUM UP;Gerry Mulligan;-;-;-;-;-;-;41;23;2,2,2,2,4,2,2,1,2,4,2,6,1,4,4,4,1,2,2,4,2,2,2;11,01,11,11,1001,11,11,1,11,1111,11,000011,1,1001,1100,1001,1,01,11,1001,11,01,01
4156;lick;-;UP;John Coltrane;-;-;-;-;-;-;6;4;4,4,2,2;1110,0001,01,01
4157;lick;-;UP;Stan Getz;-;-;-;-;-;-;22;15;1,2,2,2,2,2,2,2,2,2,1,2,2,2,2;1,01,11,01,11,01,01,11,11,01,1,11,01,11,11
4158;lick;-;UP;Chris Potter;-;-;-;-;-;-;18;12;1,2,2,2,1,1,1,1,2,2,4,2;1,01,11,11,1,1,1,1,11,11,1100,11
4159;line;-;UP;Milt Jackson;-;-;-;-;-;-;19;9;2,2,2,2,2,6,4,2,2;11,11,11,01,11,101001,1011,11,11
4160;line;-;UP;Steve Coleman;-;-;-;-;-;-;19;8;6,4,2,2,2,2,3,4;010111,1001,11,11,11,01,111,1011
4161;line;-;MEDIUM;Steve Coleman;-;-;-;-;-;-;37;10;4,4,4,4,4,4,4,4,4,4;1111,1111,1111,1110,1111,1111,1111,1110,0111,1111
4162;line;-;UP;Bob Berg;-;-;-;-;-;-;36;19;2,2,2,2,2,2,2,2,2,2,2,4,1,2,2,2,2,2,3;11,11,01,11,11,11,11,11,11,11,01,1011,1,11,11,11,11,11,011
4163;lick;-;MEDIUM;Bob Berg;-;-;-;-;-;-;2;1;2;11
4164;line;-;MEDIUM UP;Wayne Shorter;-;-;-;-;-;-;12;5;2,2,6,4,1;11,11,100011,1111,1
4165;lick;-;UP;Joe Lovano;-;-;-;-;-;-;12;7;2,2,2,2,1,4,2;11,01,11,11,1,1001,11
4166;lick;-;MEDIUM UP;Wayne Shorter;-;-;-;-;-;-;10;6;4,2,2,2,4,4;1001,11,01,01,0011,1100
4167;line;-;UP;J.J. Johnson;-;-;-;-;-;-;22;14;4,2,2,2,2,2,2,4,4,1,2,2,2,2;1001,11,11,01,11,11,01,0001,1001,1,01,11,11,01
4168;lick;-;UP;Zoot Sims;-;-;-;-;-;-;13;9;2,4,2,2,3,2,2,2,2;01,0001,01,11,011,01,11,01,11
4169;lick;-;UP;Clifford Brown;-;-;-;-;-;-;5;3;2,2,2;11,11,01
4170;line;-;UP;Steve Coleman;-;-;-;-;-;-;22;10;2,2,2,3,4,3,4,2,2,2;01,11,11,111,0011,111,1011,11,11,11
4171;lick;-;MEDIUM;Freddie Hubbard;-;-;-;-;-;-;14;6;4,3,4,1,1,6;1011,111,1110,1,1,000111
4172;lick;-;MEDIUM;Zoot Sims;-;-;-;-;-;-;20;13;6,4,2,4,2,1,2,2,2,1,1,2,4;010001,0001,01,1001,11,1,11,11,11,1,1,01,1001
4173;line;-;UP;Miles Davis;-;-;-;-;-;-;11;7;4,1,1,3,2,2,2;1011,1,1,011,01,11,01
4174;line;-;MEDIUM UP;Wayne Shorter;-;-;-;-;-;-;12;5;2,2,4,4,6;11,11,0110,0001,110111
4175;line;-;UP;Woody Shaw;-;-;-;-;-;-;42;18;6,4,2,2,2,2,2,2,2,4,2,4,2,2,4,4,2,2;111110,1111,11,11,11,11,11,11,11,0111,11,0001,01,11,1011,1101,11,11
4176;lick;-;MEDIUM;Wayne Shorter;-;-;-;-;-;-;7;4;6,1,2,2;010001,1,11,11
4177;line;-;MEDIUM;Pat Martino;-;-;-;-;-;-;15;4;4,4,4,4;1111,1111,1111,1101
4178;line;-;UP;John Coltrane;-;-;-;-;-;-;31;19;2,3,2,2,2,2,3,3,2,2,1,2,1,4,1,2,2,1,1;01,111,01,11,11,11,110,111,11,01,1,01,1,1100,1,11,11,1,1
4179;lick;-;MEDIUM SLOW;Michael Brecker;-;-;-;-;-;-;14;4;4,3,8,3;1111,111,01011001,111
4180;lick;-;UP;Hank Mobley;-;-;-;-;-;-;8;5;2,2,2,2,2;01,11,01,11,11
4181;lick;-;MEDIUM;John Coltrane;-;-;-;-;-;-;12;5;4,4,4,4,1;1111,0001,1111,1100,1
4182;lick;-;UP;Steve Coleman;-;-;-;-;-;-;30;17;2,3,2,2,2,2,2,2,2,2,2,1,2,2,1,2,4;11,111,01,11,11,11,11,11,11,11,01,1,01,11,1,01,1101
4183;line;-;UP;Bob Berg;-;-;-;-;-;-;16;9;2,1,1,2,2,2,2,2,2;11,1,1,11,11,11,11,11,11
4184;lick;-;MEDIUM;Zoot Sims;-;-;-;-;-;-;11;8;1,4,2,1,2,4,1,2;1,0001,11,1,11,1001,1,01
4185;lick;-;UP;Dexter Gordon;-;-;-;-;-;-;15;9;1,2,4,2,5,2,3,2,2;1,11,0001,11,00101,11,011,11,01
4186;line;-;UP;John Coltrane;-;-;-;-;-;-;2;2;1,1;1,1
4187;lick;-;MEDIUM UP;Woody Shaw;-;-;-;-;-;-;23;9;2,4,2,7,6,5,6,4,1;01,1001,11,1001111,000101,01111,000111,1110,1
4188;lick;-;MEDIUM;Steve Lacy;-;-;-;-;-;-;12;8;1,6,2,2,2,3,4,3;1,011001,01,01,01,011,0001,110
4189;lick;-;UP;Phil Woods;-;-;-;-;-;-;19;13;1,1,2,2,2,1,4,1,2,1,4,4,4;1,1,11,01,01,1,1001,1,11,1,1001,1001,0011
4190;line;-;MEDIUM;Bob Berg;-;-;-;-;-;-;45;19;6,2,1,2,2,6,4,6,2,3,4,4,1,2,2,4,3,4,2;110011,01,1,01,01,011011,1111,101001,11,110,0111,0111,1,11,11,1111,110,0111,11
4191;line;-;MEDIUM;Freddie Hubbard;-;-;-;-;-;-;18;8;1,1,1,8,2,2,8,2;1,1,1,11111100,11,11,01010101,01
4192;line;-;UP;Sonny Rollins;-;-;-;-;-;-;23;14;2,2,2,2,2,2,2,4,2,1,1,1,2,2;11,11,01,11,11,11,11,0001,11,1,1,1,11,11
4193;lick;-;MEDIUM SLOW;Hank Mobley;-;-;-;-;-;-;21;10;6,4,2,1,2,1,4,4,3,4;000011,0110,11,1,11,1,1101,1101,111,0011
4194;line;-;UP;John Coltrane;-;-;-;-;-;-;42;22;2,2,1,2,2,2,2,2,2,2,1,3,4,1,2,2,2,2,2,3,2,3;11,11,1,11,11,11,11,01,01,11,1,111,0011,1,11,11,11,11,11,111,11,111
4195;lick;-;UP;Stan Getz;-;-;-;-;-;-;17;10;2,2,2,2,2,2,2,2,2,2;01,11,11,11,11,11,11,11,01,01
4196;lick;-;MEDIUM UP;Clifford Brown;-;-;-;-;-;-;9;5;4,2,2,4,4;1100,11,11,1001,0001
4197;line;-;MEDIUM;Sonny Rollins;-;-;-;-;-;-;13;4;6,1,6,6;011101,1,011011,101011
4198;lick;-;MEDIUM UP;Milt Jackson;-;-;-;-;-;-;7;3;2,2,3;11,11,111
4199;lick;-;MEDIUM UP;John Coltrane;-;-;-;-;-;-;5;4;1,2,1,2;1,01,1,11
4200;line;-;UP;Herbie Hancock;-;-;-;-;-;-;6;3;2,3,4;11,011,1001
4201;lick;-;UP;Steve Coleman;-;-;-;-;-;-;5;4;1,2,1,1;1,11,1,1
4202;lick;-;MEDIUM UP;Charlie Parker;-;-;-;-;-;-;6;4;2,2,4,2;01,01,0110,11
4203;lick;-;UP;Joshua Redman;-;-;-;-;-;-;2;2;1,2;1,01
4204;line;-;UP;Bob Berg;-;-;-;-;-;-;12;6;2,2,2,2,2,2;11,11,11,11,11,11
4205;line;-;MEDIUM UP;Charlie Parker;-;-;-;-;-;-;18;8;5,2,5,2,2,2,2,2;01011,11,01111,11,11,01,11,11
4206;lick;-;MEDIUM UP;Gerry Mulligan;-;-;-;-;-;-;40;25;2,4,1,2,1,2,1,4,2,2,2,4,2,1,2,2,2,4,1,2,2,2,1,2,2;01,1001,1,11,1,11,1,1001,11,01,11,1111,11,1,11,11,11,1001,1,11,01,01,1,01,01
4207;line;-;MEDIUM UP;Warne Marsh;-;-;-;-;-;-;3;1;3;111
4208;line;-;UP;Wynton Marsalis;-;-;-;-;-;-;40;24;2,3,1,2,2,2,1,2,2,2,2,2,2,2,2,2,2,2,1,4,2,2,1,1;11,011,1,11,11,11,1,11,01,11,11,11,01,01,11,01,11,11,1,1011,11,11,1,1
4209;line;-;MEDIUM;J.J. Johnson;-;-;-;-;-;-;13;7;2,2,1,4,2,2,2;11,11,1,1001,11,11,11
4210;lick;-;MEDIUM UP;Miles Davis;-;-;-;-;-;-;4;2;4,2;1001,11
4211;lick;-;MEDIUM UP;Art Pepper;-;-;-;-;-;-;6;3;4,1,1;1111,1,1
4212;line;-;UP;Dexter Gordon;-;-;-;-;-;-;38;22;2,2,2,2,4,1,2,4,1,2,2,2,3,2,2,3,4,2,2,2,2,4;11,11,01,11,1100,1,11,0001,1,11,01,11,011,11,11,011,1001,11,11,11,11,0001
4213;lick;-;UP;Woody Shaw;-;-;-;-;-;-;10;5;2,2,2,2,4;11,01,11,11,1101
4214;line;-;UP;Bob Berg;-;-;-;-;-;-;14;6;2,2,2,4,4,3;11,11,11,0110,1101,111
4215;lick;-;UP;Gerry Mulligan;-;-;-;-;-;-;10;7;2,2,6,1,2,1,2;11,11,000011,0,11,0,11
4216;lick;-;MEDIUM;Miles Davis;-;-;-;-;-;-;2;2;6,2;000001,01
4217;lick;-;MEDIUM UP;Art Pepper;-;-;-;-;-;-;11;7;1,1,1,4,2,2,1;1,1,1,0111,11,11,1
4218;lick;-;UP;John Coltrane;-;-;-;-;-;-;16;10;2,3,2,2,2,2,1,4,2,2;11,011,11,01,11,01,1,1001,11,01
4219;line;-;UP;Milt Jackson;-;-;-;-;-;-;24;9;3,3,4,4,2,4,3,2,4;111,111,0111,1001,11,1011,111,11,1011
4220;lick;-;MEDIUM;Freddie Hubbard;-;-;-;-;-;-;11;7;2,1,4,2,1,3,4;11,1,0001,11,1,111,0001
4221;line;-;MEDIUM;Steve Lacy;-;-;-;-;-;-;5;5;1,1,1,2,4;1,1,1,01,0001
4222;lick;-;MEDIUM;Joshua Redman;-;-;-;-;-;-;10;5;2,1,3,1,4;11,1,111,1,0111
4223;lick;-;UP;J.J. Johnson;-;-;-;-;-;-;7;5;2,2,4,2,1;11,11,0001,01,1
4224;lick;-;UP;Sonny Rollins;-;-;-;-;-;-;5;3;1,2,2;1,11,11
4225;line;-;UP;Sonny Rollins;-;-;-;-;-;-;72;42;2,2,2,2,1,2,2,2,2,2,1,3,2,2,2,2,2,2,2,2,2,1,2,2,2,2,1,4,3,2,2,2,2,2,2,2,2,1,1,2,2,2;01,11,11,11,1,11,01,11,01,11,1,111,11,01,11,11,11,11,01,11,11,1,01,11,11,11,1,1111,011,11,01,11,01,11,11,11,11,1,1,11,11,01
4226;lick;-;MEDIUM UP;John Coltrane;-;-;-;-;-;-;9;5;1,2,3,3,4;1,11,011,111,0001
4227;line;-;UP;Branford Marsalis;-;-;-;-;-;-;36;26;1,2,4,1,1,2,2,2,1,4,2,1,4,1,1,1,1,2,6,2,2,1,1,1,1,2;1,11,0011,1,1,01,11,11,1,0001,11,1,0011,1,1,1,1,11,010001,01,11,1,1,1,1,11
4228;line;-;MEDIUM SLOW;Steve Lacy;-;-;-;-;-;-;15;7;3,3,1,2,3,4,3;011,111,1,11,011,1001,111
4229;line;-;UP;Pat Metheny;-;-;-;-;-;-;34;21;2,1,1,2,2,1,2,2,2,2,2,1,2,2,2,2,2,2,2,2,2;11,1,1,11,01,1,01,01,11,11,11,1,11,11,11,11,11,11,11,11,01
4230;lick;-;MEDIUM;Pat Martino;-;-;-;-;-;-;1;1;6;000001
4231;lick;-;UP;David Liebman;-;-;-;-;-;-;16;9;2,2,1,2,1,1,3,3,3;01,11,1,11,1,1,011,111,111
4232;line;-;UP;Sonny Rollins;-;-;-;-;-;-;41;24;2,2,1,3,1,2,2,1,2,2,2,2,2,1,1,3,2,2,2,2,2,2,2,2;11,11,1,111,1,11,01,1,01,11,11,11,11,1,1,110,11,11,11,11,11,01,11,11
4233;line;-;MEDIUM UP;Fats Navarro;-;-;-;-;-;-;15;8;2,2,2,2,2,3,2,3;01,11,01,11,11,111,11,011
4234;lick;-;UP;Chris Potter;-;-;-;-;-;-;7;4;2,1,2,2;11,1,11,11
4235;lick;-;UP;Chris Potter;-;-;-;-;-;-;32;22;2,1,1,2,2,1,1,4,1,2,3,1,2,2,2,3,2,1,1,1,2,2;11,1,1,11,01,1,1,0001,1,11,011,1,11,01,11,011,11,1,1,1,11,11
4236;line;-;MEDIUM UP;Eric Dolphy;-;-;-;-;-;-;10;3;1,4,6;1,1111,111110
4237;line;-;MEDIUM;Bob Berg;-;-;-;-;-;-;38;15;6,4,1,6,4,4,4,6,2,2,3,4,4,2,6;010111,1110,1,010101,0111,1111,1111,001110,11,11,111,1100,1100,01,000001
4238;lick;-;MEDIUM;Sonny Rollins;-;-;-;-;-;-;7;3;8,5,2;01010011,01001,01
4239;lick;-;MEDIUM UP;Woody Shaw;-;-;-;-;-;-;11;6;2,2,1,2,4,2;11,01,1,01,1111,11
4240;lick;-;UP;Chet Baker;-;-;-;-;-;-;3;2;4,2;1001,01
4241;line;-;MEDIUM UP;Eric Dolphy;-;-;-;-;-;-;30;10;2,4,2,2,4,5,1,4,6,4;11,1111,11,11,1111,10111,1,1111,010111,1110
4242;lick;-;MEDIUM;Pat Metheny;-;-;-;-;-;-;14;7;3,2,4,6,2,3,4;011,11,1100,010011,01,110,0110
4243;lick;-;MEDIUM;Wayne Shorter;-;-;-;-;-;-;9;6;1,2,2,4,2,2;1,01,11,0111,01,01
4244;line;-;UP;Warne Marsh;-;-;-;-;-;-;5;3;2,2,2;11,01,11
4245;lick;-;UP;Dexter Gordon;-;-;-;-;-;-;5;4;2,1,2,2;11,1,01,01
4246;line;-;UP;Miles Davis;-;-;-;-;-;-;14;10;1,2,2,2,1,2,2,2,2,4;1,01,01,11,1,11,01,11,11,0001
4247;line;-;UP;Art Pepper;-;-;-;-;-;-;5;3;2,2,2;11,01,11
4248;line;-;UP;Kenny Dorham;-;-;-;-;-;-;38;19;4,2,2,4,4,3,4,2,2,2,2,2,2,2,4,2,2,2,2;1011,11,01,1101,0110,011,0110,11,11,11,11,11,11,01,0110,11,11,11,11
4249;line;-;UP;Stan Getz;-;-;-;-;-;-;12;7;2,2,2,2,2,2,2;11,01,11,11,11,11,01
4250;line;-;UP;J.J. Johnson;-;-;-;-;-;-;22;14;1,4,2,2,2,2,2,2,2,2,4,2,2,2;1,0110,01,01,01,11,01,01,11,11,1001,11,11,11
4251;line;-;MEDIUM SLOW;Joe Lovano;-;-;-;-;-;-;29;9;4,3,4,4,4,4,6,5,4;1111,011,0110,1011,0011,1111,011100,11111,1111
4252;line;-;MEDIUM UP;Kenny Dorham;-;-;-;-;-;-;51;26;2,2,2,1,1,2,2,2,2,4,2,2,2,2,2,2,2,2,4,4,6,4,2,2,2,2;11,01,01,1,1,11,11,11,11,0001,11,11,11,11,11,11,11,11,0110,1111,101111,1100,11,01,11,11
4253;lick;-;UP;Don Ellis;-;-;-;-;-;-;5;3;2,2,2;01,11,11
4254;lick;-;UP;Art Pepper;-;-;-;-;-;-;6;4;6,1,4,2;100001,1,1001,01
4255;line;-;UP;Sonny Stitt;-;-;-;-;-;-;23;11;2,2,4,2,2,2,2,4,2,2,2;11,11,1101,01,11,11,11,1101,11,11,11
4256;lick;-;UP;John Coltrane;-;-;-;-;-;-;6;5;1,2,3,1,2;1,01,011,1,01
4257;line;-;UP;Michael Brecker;-;-;-;-;-;-;67;32;2,2,2,2,2,2,5,4,4,2,2,2,2,2,2,2,2,2,2,3,2,2,2,2,2,2,2,2,2,2,2,4;11,11,11,11,01,11,00111,0111,0111,11,11,11,11,11,11,11,11,11,11,111,11,11,11,11,11,11,11,11,01,11,11,1101
4258;line;-;UP;Paul Desmond;-;-;-;-;-;-;9;5;2,4,2,2,2;11,1001,11,01,11
4259;lick;-;MEDIUM UP;Miles Davis;-;-;-;-;-;-;4;2;2,2;11,11
4260;lick;-;UP;J.J. Johnson;-;-;-;-;-;-;12;10;4,2,2,2,2,2,1,4,1,4;0001,01,01,01,01,11,1,1100,1,0001
4261;lick;-;MEDIUM UP;John Coltrane;-;-;-;-;-;-;10;5;4,6,1,2,2;1111,000011,1,01,11
4262;line;-;MEDIUM UP;John Coltrane;-;-;-;-;-;-;38;15;6,6,4,6,4,2,5,1,2,2,3,2,2,1,4;100011,001111,0111,101011,1110,11,00111,1,11,01,111,11,11,1,1111
4263;line;-;UP;Miles Davis;-;-;-;-;-;-;25;11;2,1,2,2,4,2,3,4,3,2,4;11,1,11,11,1011,11,011,1111,011,11,1101
4264;line;-;UP;Art Pepper;-;-;-;-;-;-;35;19;2,4,2,2,2,1,1,1,2,2,2,2,2,2,2,4,2,2,2;11,1110,01,11,11,1,1,1,11,11,11,11,11,11,11,1001,11,11,11
4265;lick;-;MEDIUM UP;Wayne Shorter;-;-;-;-;-;-;9;5;2,1,2,4,2;11,1,11,1001,11
4266;line;-;UP;Bob Berg;-;-;-;-;-;-;46;26;2,2,2,2,1,2,1,1,2,2,2,2,2,2,4,2,2,2,2,2,2,2,2,2,2,2;01,11,11,11,1,01,1,1,11,01,11,11,11,11,1101,11,11,11,01,11,11,11,11,11,11,11
4267;line;-;UP;Stan Getz;-;-;-;-;-;-;28;13;2,2,2,2,4,2,3,2,3,3,2,2,2;11,11,11,11,1011,11,111,11,011,110,11,11,11
4268;line;-;UP;Joe Henderson;-;-;-;-;-;-;36;21;4,2,1,2,1,3,4,2,2,1,4,2,1,3,2,2,2,2,2,2,2;1001,11,1,01,1,011,1011,11,11,1,1001,11,1,011,01,11,11,11,01,11,11
4269;line;-;UP;John Coltrane;-;-;-;-;-;-;3;3;2,2,1;01,01,1
4270;lick;-;MEDIUM UP;Nat Adderley;-;-;-;-;-;-;2;2;4,1;0001,1
4271;line;-;MEDIUM;Cannonball Adderley;-;-;-;-;-;-;10;4;6,4,6,2;100001,1111,100001,11
4272;line;-;MEDIUM;Bob Berg;-;-;-;-;-;-;49;14;4,2,6,2,2,6,6,4,4,6,6,4,4,3;1111,11,101001,11,11,111011,011011,1111,1111,011101,100111,1111,1111,111
4273;lick;-;MEDIUM;Clifford Brown;-;-;-;-;-;-;14;6;3,2,4,3,4,1;111,01,0111,111,1011,1
4274;lick;-;UP;John Coltrane;-;-;-;-;-;-;33;19;4,1,2,4,4,1,1,2,2,2,1,4,3,2,1,1,3,1,2;0001,1,01,1110,1111,1,1,11,11,11,1,1011,011,11,1,1,111,1,01
4275;lick;-;UP;John Coltrane;-;-;-;-;-;-;10;6;1,2,2,2,2,2;1,11,01,11,11,11
4276;line;-;UP;David Liebman;-;-;-;-;-;-;73;37;5,4,3,3,2,2,4,2,1,1,4,3,2,1,1,2,2,4,3,2,2,1,4,2,1,2,1,1,4,4,4,2,2,6,3,2,4;10111,1011,111,011,11,01,0011,11,1,1,1011,011,11,1,1,11,11,0110,111,01,11,1,1100,11,1,11,1,1,1111,0011,0001,11,11,101011,011,01,0111
4277;lick;-;MEDIUM UP;Kenny Dorham;-;-;-;-;-;-;39;21;6,1,4,2,2,3,2,2,1,4,2,1,1,1,6,2,1,2,2,2,2;101001,1,1001,11,11,011,01,11,1,1011,11,1,1,1,011110,11,1,11,11,11,11
4278;lick;-;MEDIUM SLOW;Dexter Gordon;-;-;-;-;-;-;9;5;4,4,3,4,3;0011,1100,110,0001,011
4279;line;-;UP;Pepper Adams;-;-;-;-;-;-;7;4;1,3,2,2;1,011,11,11
4280;lick;-;UP;Pat Metheny;-;-;-;-;-;-;9;7;2,2,1,2,2,1,4;11,01,1,01,01,1,1001
4281;lick;-;UP;Gerry Mulligan;-;-;-;-;-;-;19;16;2,2,2,2,4,1,1,1,1,1,1,1,1,1,1,1;11,01,11,11,0001,1,1,1,1,1,1,1,1,1,1,1
4282;lick;-;MEDIUM UP;Don Ellis;-;-;-;-;-;-;24;13;2,1,6,3,4,6,4,2,2,1,2,6,2;11,1,000001,111,1001,111100,1001,01,01,1,01,101001,11
4283;lick;-;MEDIUM;Stan Getz;-;-;-;-;-;-;12;6;4,2,8,2,3,2;0011,11,10000101,11,011,01
4284;line;-;UP;Gerry Mulligan;-;-;-;-;-;-;48;26;1,1,1,3,3,2,4,2,2,2,2,2,4,1,4,1,2,2,2,2,1,3,2,2,1,2;1,1,1,111,111,11,1101,11,11,11,01,11,1001,1,1110,1,11,11,11,11,1,011,11,11,1,11
4285;lick;-;UP;Michael Brecker;-;-;-;-;-;-;20;11;4,2,4,3,2,1,2,2,2,2,2;1011,11,1100,111,01,1,01,01,11,11,11
4286;line;-;UP;Pat Metheny;-;-;-;-;-;-;13;9;2,3,2,1,2,3,2,2,2;01,111,11,1,01,011,01,01,01
4287;lick;-;UP;John Coltrane;-;-;-;-;-;-;6;2;3,3;111,111
4288;line;-;UP;Michael Brecker;-;-;-;-;-;-;26;15;2,4,2,2,2,4,2,2,2,2,3,2,2,3,2;11,0001,11,01,01,0001,11,11,11,11,110,11,11,011,11
4289;lick;-;UP;Zoot Sims;-;-;-;-;-;-;21;13;4,2,1,1,2,4,2,2,1,1,2,1,2;0111,11,1,1,11,1001,11,11,1,1,11,1,01
4290;lick;-;UP;Nat Adderley;-;-;-;-;-;-;5;4;2,2,1,1;11,01,1,1
4291;lick;-;UP;Wynton Marsalis;-;-;-;-;-;-;37;25;6,1,2,2,2,2,1,4,2,1,1,1,2,2,4,2,2,1,3,1,1,2,1,1,4;110001,1,11,11,11,11,1,1001,11,1,1,1,01,11,0001,11,01,1,111,1,1,01,1,1,0001
4292;lick;-;UP;John Coltrane;-;-;-;-;-;-;8;3;2,4,3;11,0111,111
4293;lick;-;UP;Wynton Marsalis;-;-;-;-;-;-;23;13;1,1,4,2,2,2,1,3,1,2,2,2,2;1,1,1011,11,11,11,1,111,1,11,01,11,11
4294;lick;-;UP;Michael Brecker;-;-;-;-;-;-;10;5;4,2,2,4,2;0001,11,11,1011,11
4295;lick;-;MEDIUM UP;Paul Desmond;-;-;-;-;-;-;7;2;2,7;11,0111011
4296;line;-;UP;Steve Coleman;-;-;-;-;-;-;28;14;4,4,2,1,3,2,2,2,4,2,2,2,2,2;0001,1110,11,1,111,11,11,01,1111,11,11,11,01,11
4297;line;-;UP;Dexter Gordon;-;-;-;-;-;-;28;15;2,3,2,2,2,2,2,2,2,2,2,2,4,4,4;11,011,11,11,11,11,01,11,01,11,11,01,0001,0111,1110
4298;line;-;UP;John Coltrane;-;-;-;-;-;-;3;1;4;1011
4299;lick;-;MEDIUM;Joe Henderson;-;-;-;-;-;-;19;6;4,6,4,6,4,3;1111,000001,1111,100111,1111,011
4300;lick;-;MEDIUM UP;Steve Lacy;-;-;-;-;-;-;7;4;1,1,4,2;1,1,1101,11
4301;line;-;MEDIUM UP;Charlie Parker;-;-;-;-;-;-;8;5;2,2,2,1,1;11,11,11,1,1
4302;lick;-;MEDIUM;Miles Davis;-;-;-;-;-;-;7;5;2,2,1,4,2;01,11,1,0001,11
4303;lick;-;UP;Red Garland;-;-;-;-;-;-;60;36;2,2,2,2,2,1,2,2,2,1,2,2,4,2,4,2,2,1,2,2,3,1,1,1,2,2,3,2,1,1,2,2,2,2,1,1;01,11,11,11,11,1,11,01,11,1,11,11,1101,11,1001,11,11,1,11,11,111,1,1,1,11,01,011,11,1,1,11,11,11,01,1,1
4304;line;-;MEDIUM;Sonny Rollins;-;-;-;-;-;-;11;4;3,5,5,2;111,00111,00111,11
4305;line;-;UP;Clifford Brown;-;-;-;-;-;-;12;6;2,3,3,4,2,2;01,011,011,1011,11,11
4306;line;-;UP;John Coltrane;-;-;-;-;-;-;20;10;2,2,2,2,3,2,1,2,2,3;11,11,11,11,111,11,1,11,11,110
4307;lick;-;MEDIUM SLOW;Steve Lacy;-;-;-;-;-;-;10;6;1,4,3,3,2,1;1,1011,011,011,01,1
4308;line;-;MEDIUM UP;Woody Shaw;-;-;-;-;-;-;46;15;4,4,4,3,1,2,4,4,1,6,3,6,4,6,5;0111,0111,1011,111,1,01,0011,1101,1,110111,111,110111,1111,101111,10111
4309;lick;-;MEDIUM;Wayne Shorter;-;-;-;-;-;-;11;4;4,2,3,6;1110,01,111,101011
4310;line;-;UP;Chet Baker;-;-;-;-;-;-;11;5;2,2,2,2,4;11,11,11,11,1011
4311;lick;-;MEDIUM;Steve Turre;-;-;-;-;-;-;12;4;3,3,3,3;111,111,111,111
4312;lick;-;UP;J.J. Johnson;-;-;-;-;-;-;48;32;4,4,2,1,4,1,1,3,2,2,2,2,4,4,1,2,1,2,2,4,1,1,2,2,1,4,2,2,2,2,2,2;0001,1100,01,1,1001,1,1,011,11,01,11,01,0011,0111,1,11,1,01,11,1001,1,1,11,11,1,0011,01,01,11,01,11,01
4313;line;-;MEDIUM SLOW;John Coltrane;-;-;-;-;-;-;21;4;6,4,8,8;101111,0111,01111111,11111100
4314;lick;-;UP;Dizzy Gillespie;-;-;-;-;-;-;18;11;2,2,4,2,2,2,2,1,2,2,2;11,11,0001,11,01,11,11,1,11,11,01
4315;lick;-;MEDIUM;Dexter Gordon;-;-;-;-;-;-;10;5;2,2,2,2,2;11,11,11,11,11
4316;line;-;UP;Wynton Marsalis;-;-;-;-;-;-;29;14;4,4,2,2,2,2,2,1,4,4,2,2,2,2;0110,1101,01,11,11,11,11,1,1101,1101,11,11,11,11
4317;lick;-;UP;John Coltrane;-;-;-;-;-;-;8;5;2,1,2,4,2;11,1,01,1110,01
4318;line;-;UP;Michael Brecker;-;-;-;-;-;-;71;39;2,2,2,2,2,2,2,2,2,2,2,2,2,2,2,2,2,1,2,2,2,2,2,1,2,2,3,4,4,1,1,4,2,1,3,2,2,2,2;11,11,11,11,11,01,11,01,11,01,01,11,11,11,11,11,11,1,11,11,11,11,11,1,01,11,111,1110,0011,1,1,0011,11,1,111,11,11,11,11
4319;line;-;UP;John Coltrane;-;-;-;-;-;-;8;5;1,3,2,1,2;1,111,01,1,11
4320;line;-;UP;Lee Morgan;-;-;-;-;-;-;64;32;3,2,2,2,3,3,2,2,3,3,2,2,4,2,2,4,4,2,3,2,3,3,3,3,2,2,2,2,1,2,2,2;011,01,11,01,011,111,11,01,011,111,11,11,0001,11,11,1011,0110,11,111,11,011,111,111,011,01,11,11,11,1,11,11,11
4321;line;-;UP;Joe Henderson;-;-;-;-;-;-;29;15;2,2,2,2,2,3,2,4,3,3,2,1,4,3,1;11,11,11,11,11,011,11,0110,011,011,11,1,1101,011,1
4322;line;-;UP;Zoot Sims;-;-;-;-;-;-;5;3;2,2,2;11,11,01
4323;lick;-;UP;Miles Davis;-;-;-;-;-;-;8;5;2,2,2,2,1;11,11,01,11,1
4324;line;-;MEDIUM UP;Joe Henderson;-;-;-;-;-;-;21;8;4,4,4,2,2,2,2,2;1111,1111,1111,11,01,11,11,11
4325;lick;-;MEDIUM UP;Miles Davis;-;-;-;-;-;-;6;3;2,2,2;11,11,11
4326;lick;-;MEDIUM;Stan Getz;-;-;-;-;-;-;15;7;3,3,6,2,4,2,2;111,111,000101,11,1001,01,11
4327;lick;-;MEDIUM;Milt Jackson;-;-;-;-;-;-;31;14;1,2,4,1,1,3,4,3,2,4,6,2,4,3;1,11,0111,1,1,111,0111,111,01,1011,000011,11,0111,111
4328;lick;-;UP;Branford Marsalis;-;-;-;-;-;-;15;9;1,2,2,2,2,3,2,6,2;1,11,11,01,11,011,01,000011,11
4329;lick;-;MEDIUM;J.J. Johnson;-;-;-;-;-;-;8;5;4,2,2,1,1;0111,11,01,1,1
4330;line;-;UP;Wayne Shorter;-;-;-;-;-;-;9;5;4,2,2,1,2;0011,11,11,1,11
4331;lick;-;UP;Wayne Shorter;-;-;-;-;-;-;11;9;1,2,1,1,4,4,2,1,4;1,01,1,1,0001,0001,01,1,1011
4332;line;-;UP;David Liebman;-;-;-;-;-;-;14;6;4,1,4,3,4,4;1011,1,1011,111,1001,1001
4333;lick;-;MEDIUM;John Coltrane;-;-;-;-;-;-;16;6;4,6,4,6,4,1;1001,000011,1111,101111,1100,1
4334;line;-;MEDIUM;Branford Marsalis;-;-;-;-;-;-;54;16;6,4,5,6,4,4,4,4,5,6,6,6,6,4,5,6;101101,0011,01011,100001,0111,1111,1001,0011,11111,100001,011111,111111,000111,0111,11111,010011
4335;lick;-;MEDIUM;Sonny Rollins;-;-;-;-;-;-;13;4;5,2,4,4;10111,11,1111,1011
4336;lick;-;UP;Herbie Hancock;-;-;-;-;-;-;10;8;2,1,2,1,2,2,1,4;11,1,11,1,01,01,1,0001
4337;lick;-;MEDIUM UP;Cannonball Adderley;-;-;-;-;-;-;14;7;2,3,1,2,3,2,2;01,111,1,11,111,11,11
4338;lick;-;UP;Don Byas;-;-;-;-;-;-;10;7;1,2,1,1,1,4,3;1,11,1,1,1,1001,110
4339;lick;-;MEDIUM;Branford Marsalis;-;-;-;-;-;-;51;27;1,1,2,4,4,4,3,2,6,7,3,2,2,3,2,2,3,3,3,2,6,4,1,1,3,1,4;1,1,11,1100,0110,0001,111,01,001011,1000111,110,11,01,111,01,01,111,111,110,11,000001,0111,1,1,111,1,0001
4340;lick;-;MEDIUM UP;Sonny Rollins;-;-;-;-;-;-;10;6;2,2,2,2,2,1;01,11,11,11,11,1
4341;line;-;MEDIUM UP;Joe Henderson;-;-;-;-;-;-;23;8;4,3,6,6,4,2,4,3;1111,111,101011,011011,1100,11,0001,111
4342;lick;-;MEDIUM UP;Woody Shaw;-;-;-;-;-;-;26;12;4,3,2,2,3,2,4,3,6,2,1,2;1110,011,01,11,111,01,1101,111,100101,11,1,11
4343;line;-;MEDIUM UP;John Coltrane;-;-;-;-;-;-;38;11;4,6,5,1,2,6,3,6,5,4,6;0111,110111,11111,1,11,001011,111,111101,01111,1011,001111
4344;lick;-;UP;John Coltrane;-;-;-;-;-;-;11;7;2,2,2,2,1,1,3;01,11,11,11,1,1,110
4345;lick;-;MEDIUM;Sonny Rollins;-;-;-;-;-;-;11;4;2,6,4,4;11,101101,1111,0001
4346;lick;-;UP;Miles Davis;-;-;-;-;-;-;38;27;2,2,3,1,2,2,4,2,2,2,1,2,2,1,1,1,2,2,2,3,2,1,1,2,2,2,2;11,11,111,1,01,01,1001,11,11,11,1,01,01,1,1,1,11,01,01,110,01,1,1,01,01,01,11
4347;lick;-;MEDIUM UP;Cannonball Adderley;-;-;-;-;-;-;30;16;4,6,1,2,1,4,2,1,2,4,1,4,1,4,4,2;1001,011011,1,11,1,1101,11,1,11,1101,1,0001,1,1001,0011,11
4348;lick;-;MEDIUM;Miles Davis;-;-;-;-;-;-;7;5;2,1,1,2,2;11,1,1,01,11
4349;lick;-;MEDIUM UP;Chet Baker;-;-;-;-;-;-;9;6;2,2,2,2,2,1;11,11,01,11,01,1
4350;line;-;MEDIUM;Pat Martino;-;-;-;-;-;-;20;6;4,4,4,1,8,4;1111,1101,1111,1,10010011,1111
4351;line;-;MEDIUM;Milt Jackson;-;-;-;-;-;-;12;5;4,3,3,2,2;0111,111,111,01,11
4352;line;-;UP;Kenny Dorham;-;-;-;-;-;-;44;24;2,2,2,2,2,2,2,2,2,1,3,2,2,4,2,2,2,2,2,2,2,4,3,4;01,01,01,11,11,11,11,11,11,1,011,11,11,1111,01,11,01,11,11,11,01,1001,011,1110
4353;line;-;UP;Sonny Rollins;-;-;-;-;-;-;4;3;1,2,2;1,01,11
4354;line;-;UP;Michael Brecker;-;-;-;-;-;-;26;12;2,4,2,2,2,2,2,2,4,6,5,4;11,1111,01,11,01,11,01,11,1100,000011,11111,1001
4355;lick;-;UP;Woody Shaw;-;-;-;-;-;-;8;6;2,2,1,1,1,2;11,01,1,1,1,11
4356;lick;-;UP;John Coltrane;-;-;-;-;-;-;10;4;4,3,2,2;1011,111,11,11
4357;lick;-;UP;Wynton Marsalis;-;-;-;-;-;-;8;5;3,2,1,2,2;110,01,1,11,11
4358;lick;-;UP;Wayne Shorter;-;-;-;-;-;-;8;5;2,1,2,2,2;11,1,11,11,01
4359;lick;-;UP;John Coltrane;-;-;-;-;-;-;4;2;2,2;11,11
4360;lick;-;MEDIUM SLOW;Joe Lovano;-;-;-;-;-;-;5;3;2,2,2;01,11,11
4361;lick;-;MEDIUM SLOW;Joe Lovano;-;-;-;-;-;-;5;2;6,2;000111,11
4362;line;-;UP;Joe Lovano;-;-;-;-;-;-;33;15;4,6,1,4,4,4,1,2,4,1,2,2,2,2,2;1111,001001,1,1100,1011,0111,1,11,1111,1,11,11,11,11,11
4363;line;-;UP;Joe Lovano;-;-;-;-;-;-;22;13;2,2,2,2,3,2,2,2,2,2,2,2,2;01,01,11,11,111,01,11,11,01,11,11,11,01
4364;lick;-;UP;Dizzy Gillespie;-;-;-;-;-;-;44;20;2,4,2,4,1,1,2,4,3,2,4,4,2,3,3,1,1,4,4,3;11,1110,11,1110,1,1,01,1111,011,11,1001,1111,11,111,011,1,1,1001,1101,111
4365;line;-;UP;Art Pepper;-;-;-;-;-;-;24;12;2,2,2,4,2,2,2,4,2,4,5,3;11,01,11,1011,11,11,11,0011,11,0001,01011,011
4366;lick;-;MEDIUM UP;Wynton Marsalis;-;-;-;-;-;-;33;14;6,5,6,4,3,2,1,1,3,4,3,2,2,2;001101,01001,001101,1111,111,01,1,1,111,1111,111,11,11,01
4367;line;-;MEDIUM;Steve Turre;-;-;-;-;-;-;11;4;2,2,3,4;11,11,111,1111
4368;lick;-;MEDIUM UP;David Liebman;-;-;-;-;-;-;5;1;6;011111
4369;lick;-;MEDIUM;Stan Getz;-;-;-;-;-;-;9;4;4,6,4,2;1001,111000,0011,11
4370;line;-;MEDIUM UP;Paul Desmond;-;-;-;-;-;-;22;12;2,2,2,2,2,2,2,2,2,4,2,1;11,11,11,11,11,11,11,11,11,0001,11,1
4371;lick;-;UP;Gerry Mulligan;-;-;-;-;-;-;65;35;1,2,2,2,2,1,1,1,2,4,1,1,3,4,2,3,4,1,2,1,2,2,4,2,2,2,2,2,2,2,2,2,3,2,4;1,11,11,01,11,1,1,1,11,1001,1,1,111,1100,11,011,1101,1,11,1,11,11,1101,11,01,11,11,11,11,11,11,11,111,11,1101
4372;lick;-;UP;Clifford Brown;-;-;-;-;-;-;9;7;2,1,2,2,1,2,1;11,1,01,01,1,11,1
4373;line;-;MEDIUM SLOW;Joe Lovano;-;-;-;-;-;-;30;10;4,4,6,6,4,2,2,1,4,8;0111,0110,111101,100101,0111,11,01,1,1111,01011111
4374;line;-;MEDIUM SLOW;Steve Coleman;-;-;-;-;-;-;19;8;4,4,4,4,4,4,4,4;0111,0111,0001,1111,0111,0001,0110,0011
4375;line;-;MEDIUM UP;David Liebman;-;-;-;-;-;-;2;2;1,1;1,1
4376;lick;-;MEDIUM;Paul Desmond;-;-;-;-;-;-;17;7;4,2,1,4,6,5,2;0111,11,1,1111,010001,01111,01
4377;line;-;UP;Don Byas;-;-;-;-;-;-;23;14;1,2,1,4,2,2,3,2,1,3,2,4,2,2;1,11,1,0110,11,11,011,01,1,111,01,1001,11,01
4378;line;-;UP;Lee Morgan;-;-;-;-;-;-;71;39;1,2,2,2,3,3,2,3,2,2,3,2,2,2,2,3,3,2,1,2,3,2,2,2,2,1,2,2,2,2,2,4,2,2,2,2,4,2,2;1,11,01,01,111,111,01,111,11,01,011,01,01,01,01,111,011,11,1,11,111,01,11,11,11,1,11,11,11,11,11,0110,11,11,11,11,1011,11,01
4379;line;-;MEDIUM UP;John Coltrane;-;-;-;-;-;-;23;11;4,2,1,4,4,3,3,2,1,1,2;1111,11,1,1111,0011,111,111,01,1,1,01
4380;lick;-;MEDIUM;Steve Lacy;-;-;-;-;-;-;5;4;8,2,1,2;00000011,01,1,01
4381;lick;-;UP;Herbie Hancock;-;-;-;-;-;-;11;6;1,4,2,2,4,2;1,1101,11,01,0011,11
4382;lick;-;UP;Zoot Sims;-;-;-;-;-;-;19;13;2,1,2,2,1,1,2,2,1,2,4,2,1;01,1,01,01,1,1,11,11,1,11,1101,11,1
4383;lick;-;MEDIUM;Branford Marsalis;-;-;-;-;-;-;23;12;6,7,2,3,2,4,1,1,1,1,1,1;111111,0010101,11,011,11,1100,1,1,1,1,1,1
4384;line;-;UP;Steve Coleman;-;-;-;-;-;-;17;9;4,2,1,4,2,2,2,2,2;0111,11,1,1011,01,11,01,11,11
4385;line;-;MEDIUM;Dexter Gordon;-;-;-;-;-;-;33;9;6,6,8,4,5,5,4,4,5;101111,011011,11010101,1111,10111,10111,0001,1111,00011
4386;line;-;UP;Chris Potter;-;-;-;-;-;-;50;27;2,2,2,2,1,1,1,1,2,4,2,2,3,2,2,3,2,2,3,2,3,4,1,2,2,2,2;11,11,11,11,1,1,1,1,11,0001,01,11,011,11,11,111,11,11,111,11,011,1101,1,11,11,11,11
4387;lick;-;UP;Steve Coleman;-;-;-;-;-;-;10;7;2,2,2,1,2,2,4;11,11,01,1,11,01,0001
4388;lick;-;MEDIUM SLOW;Steve Coleman;-;-;-;-;-;-;9;3;4,4,4;1111,1110,0110
4389;line;-;MEDIUM;Stan Getz;-;-;-;-;-;-;5;5;1,1,1,1,1;1,1,1,1,1
4390;line;-;MEDIUM UP;John Coltrane;-;-;-;-;-;-;36;9;6,6,4,8,6,4,6,4,6;101110,111110,1111,11111111,101011,0001,110111,0001,011101
4391;lick;-;MEDIUM UP;Paul Desmond;-;-;-;-;-;-;3;3;1,1,1;1,1,1
4392;line;-;MEDIUM UP;Wayne Shorter;-;-;-;-;-;-;17;5;4,5,10,4,4;1111,10111,0101001011,0110,0110
4393;line;-;UP;Bob Berg;-;-;-;-;-;-;32;16;2,2,2,2,2,2,2,2,2,4,2,2,2,2,2,2;01,11,11,11,11,11,11,11,11,1011,11,11,11,11,11,11
4394;lick;-;MEDIUM SLOW;Joe Lovano;-;-;-;-;-;-;13;7;3,4,2,2,2,3,1;111,0011,11,01,11,011,1
4395;line;-;MEDIUM;David Murray;-;-;-;-;-;-;17;8;2,2,4,2,1,1,6,1,2;11,11,1111,11,1,0,010111,0,11
4396;lick;-;UP;John Coltrane;-;-;-;-;-;-;7;4;3,2,3,1;110,11,011,1
4397;lick;-;MEDIUM;Lee Morgan;-;-;-;-;-;-;9;6;2,2,2,2,1,2;11,01,01,11,1,11
4398;lick;-;MEDIUM SLOW;Joe Lovano;-;-;-;-;-;-;12;6;1,10,2,3,1,10;1,0000011001,11,011,1,0000011001
4399;lick;-;UP;Lee Morgan;-;-;-;-;-;-;38;26;2,3,2,1,1,2,4,2,2,2,2,4,2,4,2,3,2,1,4,2,4,2,4,2,1,1;01,011,01,1,1,01,1011,11,11,11,01,1011,01,0001,01,011,01,1,0001,11,0001,11,1001,01,1,1
4400;lick;-;UP;Herbie Hancock;-;-;-;-;-;-;11;6;2,1,4,3,2,2;11,1,1001,011,11,11
4401;lick;-;MEDIUM UP;John Coltrane;-;-;-;-;-;-;28;14;4,6,2,1,2,1,3,3,2,3,3,2,2,2;1110,010111,11,1,01,1,111,011,01,110,111,01,11,11
4402;lick;-;UP;John Coltrane;-;-;-;-;-;-;36;18;4,2,4,2,2,2,2,4,1,4,6,2,2,2,3,3,2,4;1001,11,1111,11,11,11,01,0110,1,1001,010001,11,11,11,011,110,11,0011
4403;line;-;UP;Sonny Rollins;-;-;-;-;-;-;17;10;1,1,1,2,3,2,2,2,2,2;1,1,1,11,011,11,11,11,11,11
4404;lick;-;UP;Pat Metheny;-;-;-;-;-;-;14;10;2,2,2,2,2,4,2,2,1,1;01,11,11,01,01,0001,11,11,1,1
4405;line;-;UP;Sonny Rollins;-;-;-;-;-;-;17;10;2,2,2,2,2,2,2,2,2,2;11,11,11,11,11,01,01,11,01,11
4406;line;-;MEDIUM SLOW;Hank Mobley;-;-;-;-;-;-;21;7;1,3,4,4,4,6,4;1,110,1111,0111,0111,101011,1111
4407;lick;-;MEDIUM UP;Steve Lacy;-;-;-;-;-;-;3;2;1,6;1,001001
4408;line;-;UP;John Coltrane;-;-;-;-;-;-;25;12;2,2,1,2,4,2,4,2,2,3,2,4;11,11,1,11,1101,01,1011,11,11,011,11,0111
4409;lick;-;MEDIUM;Miles Davis;-;-;-;-;-;-;10;5;2,4,2,4,2;11,0001,11,1101,11
4410;lick;-;MEDIUM;Lee Konitz;-;-;-;-;-;-;3;2;1,2;1,11
4411;lick;-;MEDIUM UP;David Liebman;-;-;-;-;-;-;50;23;1,4,1,4,8,2,2,3,3,4,2,4,4,2,2,1,1,1,1,4,4,4,2;1,1111,1,1111,00010101,11,01,111,111,0011,11,0001,1001,11,11,1,1,1,1,1111,1111,1110,11
4412;lick;-;UP;Wayne Shorter;-;-;-;-;-;-;16;10;2,2,2,2,2,2,2,1,3,2;01,11,01,11,01,01,11,1,111,11
4413;lick;-;MEDIUM UP;Art Pepper;-;-;-;-;-;-;10;7;6,1,1,2,2,2,1;000011,1,1,11,01,11,1
4414;lick;-;UP;Charlie Parker;-;-;-;-;-;-;6;4;2,2,2,2;11,01,11,01
4415;line;-;MEDIUM UP;Milt Jackson;-;-;-;-;-;-;14;7;2,2,2,2,2,2,2;11,11,11,11,11,11,11
4416;line;-;MEDIUM;Freddie Hubbard;-;-;-;-;-;-;58;18;4,6,4,6,4,4,6,4,2,4,6,6,4,4,4,4,2,3;1111,000111,1111,111110,0111,0111,100011,1110,11,1111,000101,100011,1111,1111,1111,0111,11,011
4417;lick;-;MEDIUM;Steve Lacy;-;-;-;-;-;-;45;27;6,2,2,1,8,6,2,4,3,2,3,2,1,1,1,2,1,4,2,4,6,4,2,4,2,2,1;001001,11,01,1,10011111,001011,01,1001,011,11,011,11,1,1,1,11,1,1001,01,0001,000001,0001,11,0001,01,11,1
4418;lick;-;UP;Michael Brecker;-;-;-;-;-;-;30;19;2,4,4,2,2,1,2,2,1,1,2,2,2,2,4,4,2,1,4;11,0011,0001,11,11,1,11,01,1,1,01,11,11,11,1001,1001,11,1,0001
4419;lick;-;MEDIUM SLOW;John Coltrane;-;-;-;-;-;-;14;6;4,5,4,2,3,6;0001,00111,1111,01,011,011100
4420;line;-;MEDIUM SLOW;Joe Lovano;-;-;-;-;-;-;21;5;5,8,5,4,3;11111,00011111,01111,1111,111
4421;line;-;MEDIUM;Hank Mobley;-;-;-;-;-;-;18;5;1,4,6,4,4;1,1111,101111,1111,1111
4422;lick;-;MEDIUM UP;Joe Henderson;-;-;-;-;-;-;27;13;4,4,3,2,4,3,1,2,3,2,1,2,1;1110,1111,011,11,1111,011,1,01,110,11,1,11,1
4423;lick;-;MEDIUM;Dexter Gordon;-;-;-;-;-;-;7;3;3,2,4;011,01,1111
4424;line;-;MEDIUM SLOW;Steve Coleman;-;-;-;-;-;-;54;17;4,4,6,2,2,5,6,4,4,2,4,2,4,8,4,4,4;1111,1111,111101,01,01,11111,110101,1111,1011,11,1011,01,1011,10101011,1101,1110,1110
4425;line;-;UP;Herbie Hancock;-;-;-;-;-;-;9;5;2,2,4,2,1;01,11,1101,11,1
4426;lick;-;MEDIUM UP;Cannonball Adderley;-;-;-;-;-;-;10;5;1,4,2,2,4;1,1101,11,11,1001
4427;line;-;MEDIUM UP;Fats Navarro;-;-;-;-;-;-;53;19;4,6,4,6,6,2,2,2,2,2,2,2,5,6,6,2,1,4,5;1111,011011,1111,000111,000111,01,11,11,11,11,01,11,01111,011110,111110,11,1,1101,10111
4428;lick;-;MEDIUM;Miles Davis;-;-;-;-;-;-;3;2;2,1;11,1
4429;line;-;MEDIUM UP;Sonny Stitt;-;-;-;-;-;-;26;10;4,3,4,3,2,2,4,2,2,3;1110,111,0111,111,11,01,1111,11,11,111
4430;line;-;UP;John Coltrane;-;-;-;-;-;-;26;14;2,1,2,2,2,2,3,3,2,2,2,2,2,4;11,1,11,11,01,11,111,011,01,11,01,11,11,1011
4431;line;-;UP;David Liebman;-;-;-;-;-;-;20;11;4,2,4,2,1,4,2,2,3,2,2;0001,11,1001,01,1,1011,11,11,111,01,11
4432;line;-;UP;Charlie Parker;-;-;-;-;-;-;16;9;2,2,2,1,2,2,4,2,2;11,11,01,1,11,11,1001,11,11
4433;lick;-;UP;John Coltrane;-;-;-;-;-;-;5;3;3,4,2;110,0001,11
4434;line;-;UP;Joe Lovano;-;-;-;-;-;-;30;18;2,2,2,2,1,1,2,2,1,3,2,1,2,2,1,4,2,2;11,11,11,11,1,1,11,11,1,110,11,1,01,01,1,1011,11,11
4435;line;-;UP;Joe Lovano;-;-;-;-;-;-;21;9;1,1,3,4,2,3,4,2,3;1,1,111,1110,11,110,1111,11,111
4436;line;-;UP;Steve Lacy;-;-;-;-;-;-;20;10;2,2,3,1,4,2,2,2,2,2;11,11,011,1,1101,11,11,11,11,11
4437;lick;-;MEDIUM;Wayne Shorter;-;-;-;-;-;-;6;3;6,1,2;010111,1,01
4438;lick;-;MEDIUM UP;Steve Lacy;-;-;-;-;-;-;27;17;4,2,6,2,2,1,2,1,2,2,2,1,2,2,2,1,1;0111,11,001001,01,11,1,01,1,11,11,11,1,01,11,11,1,1
4439;lick;-;UP;Miles Davis;-;-;-;-;-;-;3;3;1,1,1;1,1,1
4440;line;-;UP;Miles Davis;-;-;-;-;-;-;23;10;4,2,2,3,2,2,2,2,4,2;1011,11,11,011,11,11,11,11,1111,11
4441;line;-;UP;Don Byas;-;-;-;-;-;-;29;14;4,2,1,3,2,2,2,2,2,3,2,2,2,4;0111,11,1,011,11,11,11,11,11,011,11,11,11,1011
4442;line;-;UP;Michael Brecker;-;-;-;-;-;-;22;12;1,4,4,1,2,2,2,2,2,2,2,2;1,0011,1111,1,11,11,11,01,11,11,11,01
4443;lick;-;MEDIUM;Zoot Sims;-;-;-;-;-;-;16;10;2,6,4,1,6,2,2,1,6,2;01,010111,0001,1,001001,01,01,1,001001,11
4444;lick;-;UP;David Liebman;-;-;-;-;-;-;3;2;2,2;11,01
4445;line;-;UP;John Coltrane;-;-;-;-;-;-;54;27;1,4,2,2,2,4,3,2,3,2,4,2,3,2,2,2,2,2,2,2,1,2,2,1,2,3,4;1,1001,11,11,11,1101,011,11,011,11,1111,01,111,11,11,11,11,11,11,11,1,11,11,1,01,011,1101
4446;lick;-;MEDIUM UP;Woody Shaw;-;-;-;-;-;-;11;7;2,2,2,2,1,2,2;11,11,11,11,1,01,01
4447;lick;-;UP;Red Garland;-;-;-;-;-;-;9;5;2,1,2,2,2;11,1,11,11,11
4448;lick;-;MEDIUM;Curtis Fuller;-;-;-;-;-;-;7;5;1,1,1,2,2;1,1,1,11,11
4449;line;-;UP;Steve Coleman;-;-;-;-;-;-;36;17;3,3,2,2,2,2,2,2,2,2,2,6,4,4,2,2,2;110,111,11,01,11,11,11,11,01,11,11,110111,0111,0001,11,11,11
4450;line;-;MEDIUM;Lee Konitz;-;-;-;-;-;-;43;22;2,6,2,2,2,2,1,2,2,2,2,2,2,2,2,2,5,1,2,2,6,8;11,000001,11,11,11,11,1,11,11,11,11,11,11,11,11,11,01011,1,11,11,010001,01000011
4451;lick;-;UP;Charlie Parker;-;-;-;-;-;-;7;4;4,6,2,1;1011,000001,11,1
4452;line;-;UP;Steve Coleman;-;-;-;-;-;-;31;15;2,3,4,4,2,2,2,2,1,2,4,2,2,1,3;11,111,1110,1111,11,11,11,01,1,01,1011,11,11,1,110
4453;line;-;UP;John Coltrane;-;-;-;-;-;-;8;4;1,4,2,2;1,1110,11,11
4454;line;-;UP;John Coltrane;-;-;-;-;-;-;59;28;4,2,2,3,4,2,2,2,1,2,1,4,3,2,2,3,3,2,2,2,2,2,2,2,2,3,2,2;1011,11,11,111,1101,11,11,11,1,11,1,1011,111,11,11,111,110,11,11,11,01,11,11,11,11,011,11,11
4455;line;-;MEDIUM;Bob Berg;-;-;-;-;-;-;60;16;4,4,4,4,8,5,1,6,4,6,4,6,6,4,4,4;0011,1111,1111,1111,00110101,11111,1,110111,0001,111011,1111,101111,111111,1111,1111,0011
4456;lick;-;UP;Joe Henderson;-;-;-;-;-;-;23;12;4,4,2,2,2,2,1,2,1,4,4,2;1001,1001,11,11,11,01,1,11,1,1111,1011,01
4457;lick;-;MEDIUM;Wayne Shorter;-;-;-;-;-;-;13;6;6,4,4,2,4,4;011101,0011,1100,11,0011,0001
4458;lick;-;UP;Dexter Gordon;-;-;-;-;-;-;24;15;2,2,1,1,2,1,2,2,1,4,2,2,6,2,3;11,11,1,1,01,1,01,11,1,0111,11,01,010001,11,011
4459;lick;-;MEDIUM UP;Woody Shaw;-;-;-;-;-;-;20;8;2,2,2,2,2,4,4,4;01,11,11,11,11,1111,1110,1111
4460;lick;-;UP;Sonny Rollins;-;-;-;-;-;-;4;3;2,2,1;01,11,1
4461;lick;-;MEDIUM UP;Wayne Shorter;-;-;-;-;-;-;5;4;2,1,2,2;11,1,01,01
4462;lick;-;MEDIUM;Sonny Rollins;-;-;-;-;-;-;4;3;5,2,1;01001,01,1
4463;line;-;UP;Chris Potter;-;-;-;-;-;-;8;5;2,2,1,2,2;11,01,1,11,11
4464;line;-;MEDIUM;Joe Lovano;-;-;-;-;-;-;12;6;3,1,1,4,1,8;111,1,0,1111,0,01010011
4465;line;-;UP;Michael Brecker;-;-;-;-;-;-;64;31;1,2,2,2,2,2,3,2,2,6,4,4,3,3,4,3,2,2,2,2,2,2,2,1,2,2,2,4,2,2,2;1,11,11,11,01,11,111,11,11,010101,1101,1111,011,111,0001,110,11,11,11,01,11,11,01,1,11,11,11,1111,11,11,11
4466;lick;-;UP;Branford Marsalis;-;-;-;-;-;-;22;14;1,2,2,2,2,2,2,3,2,2,6,2,2,2;1,11,01,01,01,11,11,111,01,11,010011,01,01,01
4467;lick;-;UP;David Liebman;-;-;-;-;-;-;41;31;2,1,2,2,2,2,4,4,1,2,2,2,2,2,2,2,2,4,2,2,1,2,1,2,2,2,1,4,2,1,1;11,1,11,01,11,01,1001,1110,1,01,01,01,11,01,01,11,01,1001,11,01,1,01,1,01,01,01,1,0001,01,1,1
4468;line;-;UP;Dexter Gordon;-;-;-;-;-;-;8;3;4,4,2;0111,1011,11
4469;line;-;MEDIUM SLOW;John Coltrane;-;-;-;-;-;-;20;6;6,3,4,4,4,4;111110,111,1110,1110,1110,1110
4470;lick;-;MEDIUM UP;Hank Mobley;-;-;-;-;-;-;15;7;1,4,4,1,4,1,3;1,1011,0111,1,0111,1,111
4471;line;-;MEDIUM UP;Cannonball Adderley;-;-;-;-;-;-;23;11;4,6,1,1,4,4,4,4,2,2,2;0001,010001,1,1,0011,1111,1001,1111,11,11,11
4472;line;-;UP;Art Pepper;-;-;-;-;-;-;31;16;2,4,2,2,2,2,2,4,2,2,4,2,2,2,2,3;11,1011,11,11,11,11,01,0011,11,11,0001,11,11,11,11,011
4473;lick;-;UP;John Coltrane;-;-;-;-;-;-;2;2;2,1;01,1
4474;lick;-;MEDIUM SLOW;Dexter Gordon;-;-;-;-;-;-;9;3;4,4,3;1011,1111,110
4475;lick;-;MEDIUM;Milt Jackson;-;-;-;-;-;-;46;26;2,4,2,1,1,4,1,1,1,1,1,4,2,2,4,2,4,2,2,1,4,6,2,2,2,4;11,0111,11,1,1,0111,1,1,1,1,1,0001,11,11,0111,11,1011,01,11,1,0001,000011,11,11,11,0111
4476;line;-;UP;Art Pepper;-;-;-;-;-;-;4;3;2,1,1;11,1,1
4477;lick;-;UP;J.J. Johnson;-;-;-;-;-;-;5;4;1,2,4,2;1,01,1001,01
4478;lick;-;UP;Sonny Rollins;-;-;-;-;-;-;31;22;2,2,2,2,2,1,1,1,1,4,2,2,2,2,2,2,1,2,2,4,1,2;01,11,11,11,01,1,1,1,1,0001,01,01,01,01,11,11,1,11,11,1001,1,11
4479;lick;-;UP;J.J. Johnson;-;-;-;-;-;-;8;6;1,3,1,3,2,1;1,011,1,110,01,1
4480;line;-;UP;Miles Davis;-;-;-;-;-;-;26;14;2,2,2,2,4,2,2,2,2,4,2,2,3,3;11,11,11,01,0001,11,11,11,11,1011,01,11,011,011
4481;line;-;UP;Lee Konitz;-;-;-;-;-;-;6;4;2,2,2,2;01,11,01,11
4482;lick;-;UP;Herbie Hancock;-;-;-;-;-;-;29;18;2,2,4,4,2,2,2,2,2,2,2,4,4,4,2,3,2,1;01,01,1100,1011,01,01,01,11,01,11,01,0011,1011,0001,01,111,11,1
4483;lick;-;UP;Dexter Gordon;-;-;-;-;-;-;4;2;4,4;1011,0001
4484;lick;-;UP;John Coltrane;-;-;-;-;-;-;16;9;2,2,4,3,1,3,2,2,2;01,11,1011,011,1,111,01,11,01
4485;lick;-;MEDIUM;John Coltrane;-;-;-;-;-;-;13;4;4,4,4,5;1111,1101,1100,01111
4486;lick;-;MEDIUM SLOW;Hank Mobley;-;-;-;-;-;-;10;3;6,3,4;110011,111,0111
4487;lick;-;MEDIUM;Gerry Mulligan;-;-;-;-;-;-;11;5;2,2,3,2,2;11,11,111,11,11
4488;lick;-;UP;John Coltrane;-;-;-;-;-;-;19;10;2,1,2,2,2,2,2,2,3,2;11,1,11,11,11,11,11,11,011,11
4489;line;-;UP;Joe Lovano;-;-;-;-;-;-;29;13;2,2,2,4,2,2,4,4,2,2,2,2,2;01,11,11,0011,11,11,1111,1111,11,11,11,11,11
4490;lick;-;UP;Miles Davis;-;-;-;-;-;-;3;3;1,2,1;1,01,1
4491;lick;-;UP;Miles Davis;-;-;-;-;-;-;5;4;2,1,1,2;01,1,1,11
4492;line;-;UP;John Coltrane;-;-;-;-;-;-;27;15;2,1,3,2,1,2,4,1,3,1,2,2,2,2,2;11,1,111,11,1,11,0110,1,111,1,11,11,11,11,01
4493;line;-;UP;Phil Woods;-;-;-;-;-;-;14;7;2,2,4,2,4,2,2;11,01,0011,11,1111,01,11
4494;lick;-;UP;Joe Lovano;-;-;-;-;-;-;9;5;2,2,2,2,1;11,11,11,11,1
4495;line;-;UP;Charlie Parker;-;-;-;-;-;-;5;3;4,2,2;1001,11,01
4496;lick;-;UP;John Coltrane;-;-;-;-;-;-;2;2;2,4;01,0001
4497;line;-;MEDIUM UP;David Liebman;-;-;-;-;-;-;3;3;1,1,1;1,1,1
4498;line;-;UP;Don Ellis;-;-;-;-;-;-;16;9;2,2,2,4,2,2,2,2,2;11,11,01,1001,11,01,11,11,11
4499;lick;-;MEDIUM UP;Chet Baker;-;-;-;-;-;-;11;7;1,4,4,2,4,3,1;1,0001,0001,11,0011,111,1
4500;line;-;UP;Michael Brecker;-;-;-;-;-;-;16;8;2,3,2,2,3,3,2,2;11,111,01,01,011,111,11,11
4501;line;-;MEDIUM UP;Sonny Stitt;-;-;-;-;-;-;7;4;2,4,2,2;11,0001,11,11
4502;line;-;MEDIUM UP;Fats Navarro;-;-;-;-;-;-;31;9;3,6,6,4,4,6,6,3,4;111,100111,010011,1111,1101,111011,010011,011,1111
4503;line;-;UP;Joe Lovano;-;-;-;-;-;-;23;12;2,2,2,2,1,1,2,2,4,3,2,2;11,11,11,11,1,1,11,01,0111,111,11,11
4504;line;-;UP;Phil Woods;-;-;-;-;-;-;58;29;2,2,2,2,2,2,2,2,2,2,2,2,2,2,2,2,2,2,2,3,3,2,2,2,4,2,2,1,2;11,11,11,11,11,11,11,11,11,11,11,11,11,11,11,11,11,11,11,111,011,11,11,11,0011,11,11,1,11
4505;line;-;UP;Don Byas;-;-;-;-;-;-;70;33;4,2,1,3,2,2,1,2,2,4,3,4,2,2,2,3,4,2,2,3,2,2,2,4,2,1,3,2,2,2,2,2,3;0111,11,1,111,11,11,1,11,11,1011,110,0111,11,11,11,011,0111,11,11,111,01,11,11,0111,11,1,011,11,11,11,11,11,111
4506;lick;-;UP;John Coltrane;-;-;-;-;-;-;8;4;3,2,5,3;011,11,00011,110
4507;lick;-;MEDIUM;Sonny Rollins;-;-;-;-;-;-;6;6;6,1,1,1,1,1;000001,1,1,1,1,1
4508;line;-;MEDIUM SLOW;Steve Coleman;-;-;-;-;-;-;43;16;3,4,8,4,4,4,4,4,4,4,4,2,4,4,4,4;011,0111,10101001,0110,0111,1110,0111,0001,1011,1110,1111,01,0001,0111,1011,1111
4509;line;-;MEDIUM UP;Kenny Dorham;-;-;-;-;-;-;20;8;6,4,1,2,2,4,2,4;000101,1111,1,11,11,0111,11,1111
4510;line;-;UP;John Coltrane;-;-;-;-;-;-;9;5;2,2,2,2,4;11,11,11,11,0001
4511;lick;-;UP;Steve Coleman;-;-;-;-;-;-;13;8;2,1,1,2,3,2,2,2;01,1,1,11,011,11,11,11
4512;lick;-;MEDIUM UP;John Coltrane;-;-;-;-;-;-;12;5;2,4,6,6,2;01,1111,010001,000111,11
4513;line;-;MEDIUM;Cannonball Adderley;-;-;-;-;-;-;5;3;1,2,3;1,11,011
4514;line;-;UP;John Coltrane;-;-;-;-;-;-;23;11;2,2,2,2,2,3,2,3,2,2,2;01,11,11,11,11,111,11,111,11,11,11
4515;lick;-;UP;David Liebman;-;-;-;-;-;-;4;4;1,1,1,2;1,1,1,01
4516;lick;-;MEDIUM;Curtis Fuller;-;-;-;-;-;-;8;4;2,1,4,3;11,1,1110,110
4517;line;-;MEDIUM UP;Lee Morgan;-;-;-;-;-;-;42;21;1,2,4,2,2,2,2,2,2,1,4,2,2,2,2,2,2,2,1,2,2;1,11,0111,11,11,11,11,11,11,1,1111,11,11,11,11,11,11,11,1,11,11
4518;lick;-;MEDIUM;Steve Turre;-;-;-;-;-;-;9;4;4,1,4,2;1110,1,0111,11
4519;lick;-;UP;Dexter Gordon;-;-;-;-;-;-;14;7;2,4,2,3,4,2,4;01,1001,11,011,1011,11,1100
4520;lick;-;MEDIUM UP;Art Pepper;-;-;-;-;-;-;16;10;6,1,2,2,2,6,2,1,1,2;010001,1,11,11,01,000101,11,1,1,11
4521;lick;-;MEDIUM UP;Miles Davis;-;-;-;-;-;-;3;3;1,1,4;1,1,0001
4522;lick;-;UP;Stan Getz;-;-;-;-;-;-;15;8;2,2,2,4,2,2,2,2;11,11,11,1011,01,01,11,11
4523;line;-;UP;John Coltrane;-;-;-;-;-;-;39;20;2,1,3,2,4,2,4,2,4,1,2,1,2,2,2,4,2,3,3,1;11,1,011,11,1001,11,1011,11,1001,1,11,1,11,11,01,1111,11,111,011,1
4524;lick;-;UP;David Liebman;-;-;-;-;-;-;9;7;2,2,2,1,2,1,1;11,01,01,1,11,1,1
4525;lick;-;MEDIUM;Sonny Rollins;-;-;-;-;-;-;11;4;4,2,2,3;1111,11,11,111
4526;lick;-;MEDIUM SLOW;Steve Coleman;-;-;-;-;-;-;7;4;1,2,10,2;1,11,0000000111,01
4527;line;-;UP;John Coltrane;-;-;-;-;-;-;53;25;2,3,6,6,1,2,4,3,2,2,2,2,2,2,2,3,3,2,2,2,3,2,2,2,2;11,011,010011,111011,1,01,1111,011,11,11,11,11,11,11,01,011,011,11,11,11,011,11,11,11,11
4528;lick;-;UP;Michael Brecker;-;-;-;-;-;-;14;8;2,1,2,4,2,2,2,4;01,1,01,1111,11,11,01,1001
4529;line;-;UP;Sonny Rollins;-;-;-;-;-;-;11;5;2,3,2,1,3;11,111,11,1,111
4530;line;-;MEDIUM UP;Cannonball Adderley;-;-;-;-;-;-;8;5;1,4,2,1,2;1,0110,11,1,11
4531;line;-;UP;Michael Brecker;-;-;-;-;-;-;28;16;2,2,1,1,2,2,2,2,2,2,2,2,2,4,1,2;11,11,1,1,11,11,11,11,01,01,11,11,11,1011,1,11
4532;line;-;MEDIUM UP;Kenny Dorham;-;-;-;-;-;-;18;8;2,2,2,3,1,1,5,6;11,11,11,011,1,1,01111,111100
4533;line;-;MEDIUM UP;Joe Henderson;-;-;-;-;-;-;13;3;4,4,8;1111,1111,01011011
4534;line;-;UP;Steve Turre;-;-;-;-;-;-;18;12;1,2,2,2,1,2,1,2,2,2,2,2;1,11,11,01,1,01,1,11,01,11,11,11
4535;line;-;UP;John Coltrane;-;-;-;-;-;-;16;8;2,1,4,4,2,2,4,2;11,1,0001,1011,11,11,1011,11
4536;lick;-;MEDIUM;Joe Henderson;-;-;-;-;-;-;14;5;4,2,3,3,6;1110,11,111,111,100011
4537;lick;-;MEDIUM SLOW;Dexter Gordon;-;-;-;-;-;-;7;5;1,1,4,1,3;1,0,1111,0,011
4538;lick;-;MEDIUM UP;Clifford Brown;-;-;-;-;-;-;10;6;2,4,2,2,2,4;11,0001,11,01,11,1001
4539;lick;-;UP;John Coltrane;-;-;-;-;-;-;5;3;3,4,2;011,0001,11
4540;line;-;MEDIUM UP;John Coltrane;-;-;-;-;-;-;28;8;1,7,6,4,4,4,4,8;1,1101111,000111,1111,1111,0011,1111,00011011
4541;lick;-;UP;J.J. Johnson;-;-;-;-;-;-;16;13;4,1,1,1,2,1,1,3,2,2,4,2,2;1001,1,1,1,01,1,1,011,11,01,0001,01,01
4542;lick;-;MEDIUM UP;Don Ellis;-;-;-;-;-;-;10;6;6,4,4,4,2,2;101001,0011,1001,0001,01,01
4543;lick;-;UP;Dexter Gordon;-;-;-;-;-;-;26;15;2,5,2,1,1,1,2,2,2,2,2,2,2,2,4;11,01111,01,1,1,1,11,11,11,01,11,01,11,11,1100
4544;line;-;UP;Pepper Adams;-;-;-;-;-;-;26;13;4,2,2,2,2,2,2,4,1,2,2,2,4;1011,11,11,11,01,11,11,1101,1,11,01,11,1110
4545;lick;-;UP;Hank Mobley;-;-;-;-;-;-;12;7;2,4,2,4,2,4,1;01,1011,11,0011,11,0001,1
4546;line;-;MEDIUM UP;Dizzy Gillespie;-;-;-;-;-;-;24;8;4,3,1,6,4,4,6,4;1101,111,1,010101,1101,1111,010101,1111
4547;line;-;MEDIUM;John Coltrane;-;-;-;-;-;-;36;9;6,5,4,6,4,6,6,8,6;100011,11111,1111,001101,1111,000011,011101,11010101,111111
4548;lick;-;UP;Joe Henderson;-;-;-;-;-;-;30;22;2,2,2,1,2,2,1,1,2,2,2,4,2,2,2,1,4,2,2,2,2,1;01,11,01,1,11,11,1,1,01,01,01,1011,11,01,11,1,0001,11,01,01,01,1
4549;lick;-;MEDIUM;Charlie Parker;-;-;-;-;-;-;9;5;2,1,1,4,3;11,1,1,0011,111
4550;lick;-;UP;Dizzy Gillespie;-;-;-;-;-;-;58;22;2,2,2,2,4,4,3,2,4,4,3,4,6,4,2,2,4,2,4,2,2,6;01,11,11,11,1111,1011,110,11,1111,1110,011,1111,010111,1111,11,11,0001,11,1111,11,11,011110
4551;line;-;UP;Lee Konitz;-;-;-;-;-;-;63;34;1,1,1,1,2,2,1,1,2,2,3,2,2,2,2,2,2,2,3,2,2,2,4,2,2,2,2,2,2,2,2,2,2,2;1,1,1,1,11,11,1,1,11,11,011,11,11,11,11,11,11,11,111,11,11,11,0011,11,11,11,11,11,11,11,11,11,11,11
4552;line;-;MEDIUM UP;Bob Berg;-;-;-;-;-;-;11;6;2,2,2,2,1,2;11,11,11,11,1,11
4553;line;-;UP;Joe Lovano;-;-;-;-;-;-;30;13;2,2,2,2,6,3,2,2,2,2,4,2,2;11,11,11,11,110111,011,11,11,11,11,1011,11,11
4554;line;-;UP;Charlie Parker;-;-;-;-;-;-;17;8;2,2,4,2,2,3,4,2;11,11,0110,11,01,111,1110,11
4555;lick;-;UP;John Coltrane;-;-;-;-;-;-;5;2;2,3;11,111
4556;lick;-;MEDIUM UP;John Coltrane;-;-;-;-;-;-;5;3;4,4,4;0111,0001,0001
4557;line;-;UP;Gerry Mulligan;-;-;-;-;-;-;17;10;4,1,1,4,3,1,3,2,2,2;1001,1,1,0111,011,1,011,11,11,01
4558;line;-;UP;John Coltrane;-;-;-;-;-;-;16;9;1,2,2,4,1,2,2,2,2;1,11,01,1011,1,11,11,11,11
4559;line;-;UP;John Coltrane;-;-;-;-;-;-;19;9;4,2,2,2,2,2,3,3,2;1011,11,11,01,11,11,111,110,11
4560;line;-;MEDIUM UP;John Coltrane;-;-;-;-;-;-;33;13;4,5,6,3,3,3,4,6,4,4,2,2,2;1111,01111,111100,111,011,111,1101,000001,0001,0111,11,11,01
4561;lick;-;MEDIUM UP;Wynton Marsalis;-;-;-;-;-;-;32;14;6,5,4,2,1,2,2,3,2,3,3,3,2,2;000001,11101,1111,01,1,11,11,111,11,111,111,111,01,11
4562;lick;-;UP;Wynton Marsalis;-;-;-;-;-;-;13;10;2,4,2,1,1,2,1,1,1,2;11,0001,11,1,1,01,1,1,1,11
4563;lick;-;UP;Herbie Hancock;-;-;-;-;-;-;10;8;3,2,2,2,1,1,1,2;011,01,01,01,1,1,1,11
4564;line;-;UP;John Coltrane;-;-;-;-;-;-;12;6;3,2,2,2,2,2;111,11,11,01,11,11
4565;line;-;UP;Joe Lovano;-;-;-;-;-;-;18;7;4,5,4,3,4,2,2;0110,00111,0111,111,0111,11,11
4566;lick;-;MEDIUM;Gerry Mulligan;-;-;-;-;-;-;21;10;2,4,2,2,4,4,4,4,1,2;11,1111,11,01,0001,1101,1001,1101,1,11
4567;lick;-;UP;Joe Henderson;-;-;-;-;-;-;7;4;4,2,2,4;0011,11,01,0110
4568;line;-;UP;Joe Henderson;-;-;-;-;-;-;19;11;2,4,1,4,2,2,1,2,4,2,3;11,1110,1,0001,11,01,1,01,1111,01,011
4569;line;-;UP;Miles Davis;-;-;-;-;-;-;50;27;2,4,2,4,2,2,3,2,2,2,2,1,2,1,2,3,2,6,1,2,1,4,1,1,2,2,3;11,0110,11,1111,11,11,011,11,11,01,11,1,01,1,11,011,01,100011,1,11,1,1111,1,1,11,01,111
4570;lick;-;UP;Joshua Redman;-;-;-;-;-;-;12;8;6,2,2,1,3,4,2,4;000001,01,01,1,111,1001,11,0001
4571;lick;-;MEDIUM;Steve Turre;-;-;-;-;-;-;6;4;2,1,4,2;11,1,1100,01
4572;lick;-;UP;David Liebman;-;-;-;-;-;-;18;9;2,2,1,1,4,6,1,2,2;11,01,1,1,1111,010111,1,11,11
4573;line;-;UP;Red Garland;-;-;-;-;-;-;42;23;1,2,2,2,2,2,2,2,2,2,2,2,2,2,2,2,2,2,2,3,1,2,2;1,11,11,11,11,11,11,11,11,11,11,01,11,11,11,11,11,11,11,011,1,11,01
4574;lick;-;MEDIUM UP;Cannonball Adderley;-;-;-;-;-;-;1;1;1;1
4575;lick;-;MEDIUM UP;Don Ellis;-;-;-;-;-;-;11;6;3,4,2,3,4,2;011,0001,01,011,1011,11
4576;lick;-;MEDIUM;Miles Davis;-;-;-;-;-;-;4;2;4,2;1001,11
4577;lick;-;MEDIUM;David Liebman;-;-;-;-;-;-;9;4;3,6,3,1;011,101001,111,1
4578;lick;-;MEDIUM UP;Joe Henderson;-;-;-;-;-;-;4;3;2,2,2;11,01,01
4579;line;-;UP;John Coltrane;-;-;-;-;-;-;10;6;2,1,2,1,2,2;11,1,11,1,11,11
4580;lick;-;MEDIUM UP;Freddie Hubbard;-;-;-;-;-;-;6;3;3,3,4;011,110,1001
4581;lick;-;MEDIUM;Paul Desmond;-;-;-;-;-;-;7;2;4,6;0111,111100
4582;line;-;UP;Michael Brecker;-;-;-;-;-;-;29;15;2,2,4,2,2,2,2,2,2,2,2,2,3,2,2;11,11,0111,01,01,11,11,11,11,11,11,11,111,01,11
4583;lick;-;UP;Steve Coleman;-;-;-;-;-;-;11;6;5,1,2,4,2,1;10111,1,11,0001,11,1
4584;lick;-;MEDIUM;Freddie Hubbard;-;-;-;-;-;-;12;6;2,2,2,4,2,6;01,01,01,1111,11,000111
4585;lick;-;UP;David Liebman;-;-;-;-;-;-;8;5;2,1,2,4,2;11,1,11,1001,01
4586;lick;-;UP;Stan Getz;-;-;-;-;-;-;12;6;2,2,4,2,2,1;11,11,1011,11,11,1
4587;lick;-;UP;Don Byas;-;-;-;-;-;-;21;11;2,2,2,1,2,1,2,2,2,4,3;11,11,11,1,11,1,11,11,11,1011,110
4588;line;-;UP;Chris Potter;-;-;-;-;-;-;33;18;2,2,2,2,2,2,2,1,4,2,2,3,4,2,2,1,4,2;11,11,11,11,11,11,11,1,0001,11,11,111,1101,01,11,1,0001,11
4589;line;-;UP;Steve Coleman;-;-;-;-;-;-;25;12;2,2,2,2,2,2,5,4,4,4,2,3;11,11,01,11,11,11,11111,0001,0001,1111,01,011
4590;line;-;MEDIUM UP;Cannonball Adderley;-;-;-;-;-;-;31;14;4,4,2,2,2,1,1,1,4,6,8,4,2,4;1111,1110,11,11,01,1,1,1,1111,110011,00000011,0001,11,1101
4591;lick;-;UP;Steve Coleman;-;-;-;-;-;-;20;10;2,2,2,3,6,1,2,2,4,2;11,11,11,111,101101,1,11,11,0001,01
4592;line;-;UP;David Liebman;-;-;-;-;-;-;24;9;1,1,2,2,3,6,4,4,6;1,1,11,11,011,111011,1011,1111,101011
4593;line;-;MEDIUM UP;Wayne Shorter;-;-;-;-;-;-;14;8;4,1,2,2,2,2,2,6;1110,1,01,11,11,11,01,001001
4594;line;-;UP;Stan Getz;-;-;-;-;-;-;44;21;2,2,2,2,2,2,3,4,2,2,2,2,2,2,2,2,4,4,2,2,2;11,11,01,11,11,11,111,1011,11,11,01,11,11,11,11,11,1111,1001,11,11,11
4595;line;-;UP;Bob Berg;-;-;-;-;-;-;43;19;2,2,2,2,2,2,2,2,2,4,6,3,4,4,3,2,2,2,2;11,11,11,11,11,11,11,11,11,1101,010011,011,1111,1101,011,11,11,11,11
4596;lick;-;MEDIUM UP;Wayne Shorter;-;-;-;-;-;-;8;6;1,2,1,1,2,2;1,11,1,1,01,11
4597;line;-;UP;Pepper Adams;-;-;-;-;-;-;20;13;1,1,2,2,2,4,2,2,2,2,2,2,2;1,1,11,11,11,0001,11,11,01,01,11,11,01
4598;line;-;UP;David Liebman;-;-;-;-;-;-;28;15;2,2,2,2,2,2,1,2,2,4,3,2,2,3,4;01,11,11,01,01,11,1,11,11,1110,011,11,11,011,1110
4599;lick;-;MEDIUM;Bob Berg;-;-;-;-;-;-;9;5;2,2,1,2,4;01,11,1,11,0111
4600;lick;-;UP;John Coltrane;-;-;-;-;-;-;10;6;3,1,2,2,1,4;011,1,11,11,1,1001
4601;line;-;UP;Dexter Gordon;-;-;-;-;-;-;13;8;2,1,2,2,2,1,1,6;11,1,11,11,11,1,1,010001
4602;lick;-;MEDIUM UP;John Coltrane;-;-;-;-;-;-;19;8;4,2,4,3,2,4,4,4;1111,11,0111,111,01,0011,0110,0011
4603;line;-;MEDIUM;Pat Martino;-;-;-;-;-;-;34;10;4,4,4,3,4,4,4,4,4,4;1111,1111,1011,111,0011,1111,0111,1101,1111,1111
4604;line;-;UP;John Coltrane;-;-;-;-;-;-;8;5;1,2,2,3,2;1,11,11,011,01
4605;line;-;MEDIUM UP;John Coltrane;-;-;-;-;-;-;13;5;4,2,4,6,6;1100,11,1001,011001,011011
4606;lick;-;MEDIUM;Milt Jackson;-;-;-;-;-;-;62;26;4,2,3,2,3,3,4,6,2,2,2,4,6,5,2,2,2,2,4,6,5,3,2,2,2,3;0111,11,111,01,111,111,0111,000011,11,11,01,1011,110101,01011,11,01,11,11,0001,110101,01111,111,11,11,01,111
4607;lick;-;MEDIUM UP;Steve Lacy;-;-;-;-;-;-;10;7;2,3,2,1,2,2,2;11,110,01,1,01,11,01
4608;lick;-;MEDIUM;J.J. Johnson;-;-;-;-;-;-;7;6;2,1,1,2,2,1;11,1,1,01,01,1
4609;line;-;UP;Dizzy Gillespie;-;-;-;-;-;-;23;12;2,2,4,2,3,2,2,3,2,2,2,2;11,11,1001,01,111,11,11,111,11,11,01,01
4610;lick;-;UP;Joe Lovano;-;-;-;-;-;-;3;2;1,2;1,11
4611;lick;-;UP;J.J. Johnson;-;-;-;-;-;-;27;18;4,2,2,2,2,1,4,4,2,2,1,2,2,1,2,2,4,3;0001,11,11,11,11,1,0001,1001,01,11,1,01,11,1,01,11,0001,011
4612;line;-;MEDIUM;Bob Berg;-;-;-;-;-;-;31;11;4,4,4,4,8,4,1,2,4,6,1;0111,0111,1110,1111,01010101,0111,1,11,0111,011101,1
4613;lick;-;UP;John Coltrane;-;-;-;-;-;-;1;1;2;01
4614;line;-;UP;Charlie Parker;-;-;-;-;-;-;25;14;2,1,2,4,2,2,2,4,2,2,2,2,2,2;01,1,11,0011,11,11,11,1011,01,11,01,11,11,11
4615;line;-;MEDIUM;Hank Mobley;-;-;-;-;-;-;9;7;1,1,1,4,2,2,2;1,1,1,1011,01,01,01
4616;lick;-;UP;Lee Konitz;-;-;-;-;-;-;7;4;1,2,2,2;1,11,11,11
4617;lick;-;MEDIUM UP;Hank Mobley;-;-;-;-;-;-;9;4;6,3,3,4;000011,110,111,0110
4618;lick;-;UP;J.J. Johnson;-;-;-;-;-;-;8;6;2,4,2,1,1,1;11,1001,01,1,1,1
4619;line;-;MEDIUM UP;Cannonball Adderley;-;-;-;-;-;-;30;16;5,1,2,1,2,2,2,2,1,4,4,2,2,2,1,4;11001,1,11,1,11,11,11,11,1,0001,1001,11,11,11,1,1111
4620;lick;-;UP;David Liebman;-;-;-;-;-;-;5;3;1,2,4;1,11,1001
4621;lick;-;UP;Gerry Mulligan;-;-;-;-;-;-;44;29;2,1,1,3,2,2,1,1,1,1,1,2,1,1,4,2,4,2,2,2,2,4,2,2,2,1,1,2,2;11,1,1,111,11,11,1,1,1,1,1,11,1,1,1001,11,0001,11,01,11,11,0001,11,11,11,1,1,01,11
4622;lick;-;UP;John Coltrane;-;-;-;-;-;-;6;2;4,3;1011,111
4623;lick;-;MEDIUM;Woody Shaw;-;-;-;-;-;-;9;3;2,4,8;11,1111,01000011
4624;lick;-;UP;John Coltrane;-;-;-;-;-;-;7;5;2,2,2,2,1;11,11,01,01,1
4625;lick;-;MEDIUM;Wayne Shorter;-;-;-;-;-;-;5;2;2,4;11,0111
4626;line;-;UP;Bob Berg;-;-;-;-;-;-;54;26;2,2,2,2,2,1,2,2,2,2,4,2,2,4,3,2,2,2,4,4,3,4,2,2,2,2;11,11,11,11,11,1,11,11,11,11,0011,11,11,0001,111,11,11,11,1101,1011,110,0111,11,11,11,11
4627;lick;-;UP;Lee Konitz;-;-;-;-;-;-;3;2;2,1;11,1
4628;lick;-;UP;Gerry Mulligan;-;-;-;-;-;-;44;28;1,2,2,2,2,2,2,1,1,1,1,2,2,2,2,2,1,2,2,2,1,1,1,1,2,2,4,2;1,01,11,01,11,11,11,1,1,1,1,11,11,11,11,11,1,11,11,01,1,1,1,1,11,11,1011,11
4629;line;-;MEDIUM;Milt Jackson;-;-;-;-;-;-;16;7;4,2,4,1,4,2,2;1111,11,1111,1,1011,01,01
4630;line;-;UP;John Coltrane;-;-;-;-;-;-;10;5;2,2,2,3,2;11,11,11,011,11
4631;line;-;MEDIUM;Pat Martino;-;-;-;-;-;-;49;13;4,4,4,4,4,4,4,4,4,4,4,4,4;1111,1111,1111,1111,1111,1111,1111,0011,1111,1101,1111,1111,1111
4632;line;-;MEDIUM;Pepper Adams;-;-;-;-;-;-;26;8;4,4,4,4,4,4,6,4;1111,1110,1001,1111,0011,1110,010111,1111
4633;line;-;UP;Miles Davis;-;-;-;-;-;-;63;35;2,2,6,1,1,4,4,2,4,2,1,1,2,2,1,2,2,2,2,3,2,1,1,1,1,3,2,2,2,2,3,2,2,2,2;01,11,100011,1,1,1011,1100,11,1011,11,1,1,11,11,1,11,11,11,01,011,11,1,1,1,1,011,11,11,11,11,111,11,11,11,11
4634;line;-;UP;Art Pepper;-;-;-;-;-;-;11;5;6,4,3,2,1;111010,1110,011,01,1
4635;line;-;MEDIUM;Clifford Brown;-;-;-;-;-;-;30;11;2,2,2,4,6,1,4,4,4,1,4;11,11,11,1111,011101,1,1111,1111,1110,1,0111
4636;lick;-;UP;Art Pepper;-;-;-;-;-;-;3;3;1,2,4;1,01,0001
4637;lick;-;MEDIUM UP;Joe Henderson;-;-;-;-;-;-;13;5;2,6,4,3,6;01,101011,1001,011,101101
4638;lick;-;UP;Miles Davis;-;-;-;-;-;-;6;5;2,2,2,2,1;01,11,01,01,1
4639;lick;-;MEDIUM;Stan Getz;-;-;-;-;-;-;15;6;2,4,4,2,3,3;11,1111,1001,11,111,011
4640;lick;-;MEDIUM;David Murray;-;-;-;-;-;-;10;3;5,6,3;00111,001111,111
4641;lick;-;UP;Wayne Shorter;-;-;-;-;-;-;2;2;1,1;1,1
4642;lick;-;MEDIUM UP;Steve Lacy;-;-;-;-;-;-;29;18;2,1,2,1,2,1,4,4,1,2,2,2,1,2,1,1,3,4;11,1,11,1,11,1,0111,0001,1,01,11,01,1,11,1,1,110,1111
4643;lick;-;MEDIUM SLOW;Joe Lovano;-;-;-;-;-;-;3;1;3;111
4644;line;-;UP;John Coltrane;-;-;-;-;-;-;17;8;2,2,2,2,2,2,2,4;11,11,11,11,11,11,11,1011
4645;lick;-;MEDIUM UP;Joe Henderson;-;-;-;-;-;-;10;5;3,4,2,3,1;011,1110,11,011,1
4646;lick;-;MEDIUM UP;Wayne Shorter;-;-;-;-;-;-;7;5;4,1,4,1,2;1100,1,1100,1,01
4647;lick;-;UP;Stan Getz;-;-;-;-;-;-;15;8;2,4,2,2,2,2,2,2;11,0001,11,11,11,11,11,11
4648;line;-;MEDIUM UP;Charlie Parker;-;-;-;-;-;-;36;17;1,4,1,2,2,1,4,4,5,2,1,4,4,4,2,2,3;1,0111,1,01,01,1,1100,0001,01011,11,1,1111,1111,1111,11,11,111
4649;line;-;UP;Lee Morgan;-;-;-;-;-;-;35;18;2,2,2,4,2,3,4,2,2,2,2,2,1,2,2,2,2,3;11,01,11,0011,11,111,1011,01,11,01,11,11,1,11,11,11,11,111
4650;lick;-;MEDIUM;Lee Morgan;-;-;-;-;-;-;58;30;3,1,2,2,1,2,2,1,2,3,1,2,1,6,2,4,6,4,4,3,3,2,2,2,1,2,1,2,4,2;011,1,01,11,1,11,11,1,11,110,1,01,1,010101,11,1101,011110,0111,1101,011,111,11,11,11,1,11,1,01,1110,11
4651;lick;-;UP;Phil Woods;-;-;-;-;-;-;40;23;4,1,2,4,1,4,1,4,2,2,4,2,1,2,2,2,2,2,1,4,2,2,2;1011,1,11,1001,1,1011,1,0001,11,01,1100,11,1,11,11,11,01,01,1,1011,11,11,11
4652;lick;-;MEDIUM;Lee Morgan;-;-;-;-;-;-;13;5;4,3,6,2,2;1111,111,001001,11,11
4653;lick;-;UP;Dexter Gordon;-;-;-;-;-;-;23;14;2,2,3,1,1,4,1,2,1,6,3,2,4,2;01,11,111,1,1,0001,1,11,1,000001,111,11,1100,11
4654;lick;-;UP;John Coltrane;-;-;-;-;-;-;8;5;3,2,1,4,2;011,11,1,0110,01
4655;lick;-;MEDIUM UP;Milt Jackson;-;-;-;-;-;-;5;3;2,1,2;11,1,11
4656;line;-;UP;Chet Baker;-;-;-;-;-;-;34;18;2,2,2,2,2,2,2,4,2,2,2,4,2,2,2,1,1,2;11,11,11,11,11,11,11,1001,11,11,01,1011,11,11,11,1,1,11
4657;lick;-;MEDIUM;Dexter Gordon;-;-;-;-;-;-;11;5;6,4,4,2,5;000001,1100,1001,11,10111
4658;lick;-;MEDIUM;Freddie Hubbard;-;-;-;-;-;-;41;17;6,4,4,2,4,4,3,2,6,2,5,4,2,1,1,6,2;111111,0011,0110,11,0110,0011,111,01,000011,11,01111,0110,11,1,1,011111,11
4659;lick;-;MEDIUM;Stan Getz;-;-;-;-;-;-;23;10;4,2,1,1,8,4,3,3,3,4;1001,11,1,1,00000101,1111,111,011,111,0111
4660;lick;-;UP;John Coltrane;-;-;-;-;-;-;8;5;3,3,4,1,2;011,011,0001,1,11
4661;lick;-;UP;Branford Marsalis;-;-;-;-;-;-;8;6;4,4,4,1,2,2;1001,0001,1001,1,01,01
4662;lick;-;UP;Phil Woods;-;-;-;-;-;-;34;20;2,2,2,2,2,1,2,2,2,1,1,2,4,2,2,1,4,2,2,2;01,11,11,11,01,1,01,11,11,1,1,11,1011,11,11,1,0011,11,11,11
4663;lick;-;UP;Dexter Gordon;-;-;-;-;-;-;8;4;1,2,6,2;1,11,111100,01
4664;line;-;UP;Dexter Gordon;-;-;-;-;-;-;17;9;2,3,2,1,1,3,3,4,2;01,111,11,1,1,011,110,1101,11
4665;line;-;UP;John Coltrane;-;-;-;-;-;-;27;15;2,2,2,1,2,2,2,2,2,2,3,2,1,2,2;01,01,11,1,11,11,11,11,11,11,111,11,1,11,11
4666;lick;-;UP;Joe Henderson;-;-;-;-;-;-;20;12;4,5,2,1,4,1,2,2,4,1,2,2;1001,00111,11,1,1100,1,11,01,1011,1,01,01
4667;lick;-;UP;Art Pepper;-;-;-;-;-;-;13;8;1,3,2,4,3,2,2,2;1,011,01,0111,011,01,01,11
4668;lick;-;UP;Woody Shaw;-;-;-;-;-;-;3;2;1,2;1,11
4669;lick;-;MEDIUM UP;Dizzy Gillespie;-;-;-;-;-;-;34;18;2,4,4,2,4,6,3,4,6,2,1,1,4,4,1,1,2,2;11,0001,1101,11,1101,010001,011,1101,010001,01,1,1,1001,1111,1,1,11,01
4670;line;-;UP;Milt Jackson;-;-;-;-;-;-;42;22;2,2,2,2,2,2,2,2,2,2,2,2,2,2,3,2,2,2,1,6,2,2;01,11,11,11,11,11,11,11,11,11,11,11,11,11,111,11,01,11,1,000011,11,11
4671;line;-;UP;Joe Lovano;-;-;-;-;-;-;16;9;2,2,2,2,1,1,4,2,2;11,11,11,01,1,1,1011,11,11
4672;line;-;MEDIUM;Dexter Gordon;-;-;-;-;-;-;48;18;4,4,4,2,2,2,2,2,6,6,6,2,2,2,3,2,2,4;1111,0111,1111,11,11,11,11,11,101011,101011,101011,11,11,11,110,01,11,1111
4673;lick;-;MEDIUM;Wayne Shorter;-;-;-;-;-;-;4;2;4,2;0011,11
4674;lick;-;UP;Woody Shaw;-;-;-;-;-;-;4;3;1,2,2;1,01,11
4675;lick;-;MEDIUM SLOW;Steve Coleman;-;-;-;-;-;-;2;2;1,2;1,01
4676;line;-;MEDIUM;Lee Morgan;-;-;-;-;-;-;38;12;8,3,6,4,2,3,3,3,3,4,6,4;10001111,011,111110,0111,11,011,011,110,011,1111,111110,1111
4677;lick;-;MEDIUM UP;Sonny Rollins;-;-;-;-;-;-;7;5;2,2,1,1,1;11,11,1,1,1
4678;line;-;MEDIUM UP;Paul Desmond;-;-;-;-;-;-;35;20;1,2,2,2,2,2,2,2,2,2,2,2,2,2,2,2,2,2,3,2;1,11,11,11,01,11,01,11,11,01,11,11,11,11,11,11,11,01,011,11
4679;lick;-;MEDIUM UP;John Coltrane;-;-;-;-;-;-;23;13;3,2,1,1,1,2,2,2,4,5,6,1,2;110,11,1,1,1,11,01,11,0011,01111,010011,1,01
4680;lick;-;UP;Steve Coleman;-;-;-;-;-;-;27;18;1,2,2,1,1,1,3,2,2,2,1,2,2,1,2,2,2,2;1,11,11,1,1,1,111,01,01,11,1,11,11,1,01,01,11,11
4681;lick;-;UP;Steve Coleman;-;-;-;-;-;-;11;6;1,2,2,2,3,3;1,11,11,11,011,011
4682;lick;-;MEDIUM SLOW;Steve Coleman;-;-;-;-;-;-;13;4;3,4,4,8;111,0111,1111,00010101
4683;lick;-;MEDIUM UP;Wayne Shorter;-;-;-;-;-;-;9;6;2,4,2,4,1,1;01,0011,11,0011,1,1
4684;line;-;UP;John Coltrane;-;-;-;-;-;-;20;9;2,3,2,2,3,6,3,2,2;11,011,11,11,011,011011,111,01,11
4685;lick;-;UP;J.J. Johnson;-;-;-;-;-;-;24;18;2,2,2,2,2,1,1,2,2,1,2,2,2,2,1,2,2,2;01,11,11,11,01,1,1,01,11,1,01,01,01,11,1,01,11,01
4686;lick;-;MEDIUM UP;Cannonball Adderley;-;-;-;-;-;-;8;4;2,2,3,4;11,11,111,0001
4687;line;-;UP;Miles Davis;-;-;-;-;-;-;14;7;2,2,4,2,2,2,2;11,11,1001,11,11,11,11
4688;line;-;MEDIUM;Bob Berg;-;-;-;-;-;-;32;11;2,6,4,6,6,4,2,4,4,4,4;11,000001,1100,010101,011011,1111,11,1111,1111,1110,1110
4689;line;-;MEDIUM UP;Milt Jackson;-;-;-;-;-;-;17;11;1,4,2,2,2,2,2,2,2,2,2;1,0001,11,11,11,11,01,01,01,11,11
4690;lick;-;MEDIUM;Eric Dolphy;-;-;-;-;-;-;6;2;1,6;1,111101
4691;lick;-;MEDIUM;Miles Davis;-;-;-;-;-;-;9;8;4,1,2,2,1,1,1,1;0001,1,01,11,1,1,1,1
4692;lick;-;MEDIUM UP;Paul Desmond;-;-;-;-;-;-;17;12;1,1,4,2,2,2,2,1,2,2,2,2;1,1,1001,01,01,11,11,1,11,01,01,11
4693;lick;-;MEDIUM UP;Bob Berg;-;-;-;-;-;-;13;5;4,4,3,1,2;1111,1111,011,1,11
4694;line;-;UP;Charlie Parker;-;-;-;-;-;-;23;14;2,2,2,2,2,2,2,2,2,3,4,2,2,2;11,01,11,11,01,01,11,11,11,110,0001,11,11,01
4695;lick;-;MEDIUM;John Coltrane;-;-;-;-;-;-;13;4;3,6,4,4;111,111111,1100,1100
4696;lick;-;MEDIUM UP;John Coltrane;-;-;-;-;-;-;19;10;5,1,2,1,3,3,4,2,4,2;01111,1,11,1,110,011,0011,01,0011,11
4697;lick;-;UP;Branford Marsalis;-;-;-;-;-;-;22;13;2,2,2,2,1,2,2,2,3,3,2,2,2;01,11,01,01,1,11,01,11,111,111,11,11,01
4698;line;-;UP;Paul Desmond;-;-;-;-;-;-;36;22;2,2,2,2,2,2,2,2,2,2,1,2,2,4,1,4,2,2,2,4,1,1;11,01,11,11,11,11,11,11,11,11,1,11,01,0011,1,0001,11,01,11,1001,1,1
4699;lick;-;MEDIUM UP;Curtis Fuller;-;-;-;-;-;-;6;5;4,2,2,2,1;1001,01,01,01,1
4700;lick;-;MEDIUM;Miles Davis;-;-;-;-;-;-;3;2;4,2;0001,11
4701;line;-;MEDIUM;Stan Getz;-;-;-;-;-;-;19;7;4,3,3,3,2,6,4;1111,110,111,111,01,000111,0111
4702;line;-;UP;Warne Marsh;-;-;-;-;-;-;27;17;2,2,1,4,2,2,4,2,3,2,1,2,2,1,1,2,1;11,11,1,0001,11,11,0001,11,111,01,1,11,11,1,1,11,1
4703;line;-;MEDIUM SLOW;Steve Coleman;-;-;-;-;-;-;39;11;9,2,6,4,4,4,2,6,4,4,2;101010101,11,111111,1111,1110,1011,11,110111,1101,1111,11
4704;lick;-;UP;Warne Marsh;-;-;-;-;-;-;32;18;2,1,6,2,2,1,2,3,3,2,3,2,2,3,2,1,2,2;11,1,010001,11,11,1,11,011,011,11,011,01,11,011,11,1,11,11
4705;lick;-;UP;Branford Marsalis;-;-;-;-;-;-;62;45;2,1,1,4,4,1,6,2,2,2,2,2,2,2,2,2,2,2,2,2,1,2,2,1,4,1,2,2,1,1,1,2,2,2,1,1,2,2,1,2,4,4,2,2,2;01,1,1,1001,1001,1,100011,11,11,01,11,11,01,01,01,01,01,01,11,01,1,11,01,1,1101,1,01,01,1,1,1,01,11,11,1,1,01,01,1,01,0001,0001,11,11,11
4706;line;-;MEDIUM;Don Ellis;-;-;-;-;-;-;16;9;2,2,2,1,6,2,1,6,2;11,11,11,1,010001,11,1,010001,11
4707;lick;-;UP;John Coltrane;-;-;-;-;-;-;8;4;4,2,3,2;0011,01,111,11
4708;lick;-;UP;John Coltrane;-;-;-;-;-;-;7;4;2,2,2,2;11,01,11,11
4709;line;-;UP;Bob Berg;-;-;-;-;-;-;49;26;3,1,1,1,1,4,4,3,2,2,3,1,1,1,1,4,2,4,2,2,4,6,4,2,2,2;110,1,1,1,1,1110,1011,011,11,11,011,1,1,1,1,1011,11,0111,11,11,0110,010011,1001,11,11,11
4710;line;-;MEDIUM;Lee Konitz;-;-;-;-;-;-;19;9;2,2,2,2,2,2,2,3,4;11,01,11,11,11,11,11,111,0111
4711;lick;-;MEDIUM;Kenny Wheeler;-;-;-;-;-;-;6;2;3,3;111,111
4712;line;-;UP;David Liebman;-;-;-;-;-;-;45;24;2,2,1,1,2,2,2,4,4,3,2,2,4,2,2,2,4,3,3,2,1,1,2,2;11,01,1,1,11,11,11,0011,1111,111,01,11,0001,11,11,11,1101,111,011,11,1,1,01,11
4713;lick;-;MEDIUM UP;Miles Davis;-;-;-;-;-;-;4;2;6,2;000011,11
4714;lick;-;MEDIUM SLOW;Steve Lacy;-;-;-;-;-;-;3;2;6,2;000001,11
4715;line;-;UP;Sonny Stitt;-;-;-;-;-;-;55;27;1,2,2,2,2,2,2,2,2,4,3,2,2,2,4,2,2,2,3,2,6,4,2,2,4,4,2;1,01,11,11,11,11,11,11,11,1011,111,11,11,11,1001,11,01,11,111,11,100001,1011,11,01,1001,1111,01
4716;lick;-;MEDIUM;Wayne Shorter;-;-;-;-;-;-;22;7;4,6,4,3,6,4,2;0011,101111,1111,111,110101,1110,01
4717;lick;-;MEDIUM UP;David Liebman;-;-;-;-;-;-;7;2;6,6;011001,110101
4718;lick;-;MEDIUM UP;Kenny Wheeler;-;-;-;-;-;-;14;8;2,1,4,3,3,2,1,2;11,1,0011,111,111,01,1,01
4719;lick;-;MEDIUM SLOW;John Coltrane;-;-;-;-;-;-;24;7;6,4,2,4,11,6,4;011100,0111,11,0011,00100111011,101111,1011
4720;lick;-;UP;John Coltrane;-;-;-;-;-;-;5;3;2,2,2;11,11,01
4721;lick;-;MEDIUM;Sonny Rollins;-;-;-;-;-;-;9;6;1,1,2,2,1,2;1,1,11,11,1,11
4722;lick;-;UP;Art Pepper;-;-;-;-;-;-;3;2;6,2;000001,11
4723;lick;-;UP;Wynton Marsalis;-;-;-;-;-;-;17;11;1,2,2,2,1,3,4,2,2,1,2;1,11,11,11,1,110,0001,11,11,1,01
4724;line;-;UP;John Coltrane;-;-;-;-;-;-;5;3;2,2,2;11,01,11
4725;lick;-;MEDIUM UP;Clifford Brown;-;-;-;-;-;-;14;8;2,1,2,4,2,3,2,2;01,1,11,0111,11,110,01,11
4726;lick;-;MEDIUM UP;Cannonball Adderley;-;-;-;-;-;-;11;5;2,2,6,2,1;01,11,011111,11,1
4727;line;-;UP;Stan Getz;-;-;-;-;-;-;28;15;2,3,2,2,2,2,2,2,2,2,1,2,2,2,2;11,011,11,11,11,11,01,11,11,11,1,11,11,11,11
4728;lick;-;UP;John Coltrane;-;-;-;-;-;-;6;4;3,2,2,2;111,01,01,01
4729;line;-;UP;Joe Lovano;-;-;-;-;-;-;36;16;2,2,2,2,2,6,4,4,2,4,4,4,4,4,3,2;11,11,11,11,01,000001,1011,0111,01,1001,1101,1101,1111,1100,111,11
4730;lick;-;UP;Herbie Hancock;-;-;-;-;-;-;33;29;2,2,2,1,1,2,2,1,2,2,1,4,4,4,2,2,1,4,6,1,1,1,2,1,4,1,1,1,1;11,11,01,1,1,11,11,1,01,01,1,0001,1101,0011,01,11,1,0001,000011,0,1,0,01,0,0001,0,1,0,1
4731;line;-;MEDIUM;Curtis Fuller;-;-;-;-;-;-;11;7;6,1,1,4,1,1,1;010111,1,1,1001,1,1,1
4732;line;-;MEDIUM;Miles Davis;-;-;-;-;-;-;34;14;3,3,2,2,4,4,4,2,2,2,6,2,2,6;111,111,01,01,0001,1111,1111,01,11,11,011011,01,11,110111
4733;line;-;UP;Clifford Brown;-;-;-;-;-;-;28;15;2,2,2,1,3,2,2,2,2,2,4,2,3,4,2;11,11,01,1,011,01,01,11,11,11,1100,11,111,1101,11
4734;line;-;UP;Chris Potter;-;-;-;-;-;-;23;13;2,2,1,2,2,2,3,2,1,4,2,2,1;11,11,1,11,11,11,011,11,1,1001,11,11,1
4735;line;-;UP;David Liebman;-;-;-;-;-;-;24;12;2,2,4,3,6,4,2,2,2,1,1,2;01,11,0011,111,001011,1011,11,11,11,1,1,11
4736;line;-;UP;Pat Metheny;-;-;-;-;-;-;31;20;2,2,3,2,1,4,1,2,1,1,1,2,2,2,4,4,3,2,2,1;11,11,110,01,1,1001,1,01,1,1,1,11,11,01,1001,1001,110,11,11,1
4737;lick;-;UP;John Coltrane;-;-;-;-;-;-;10;5;2,4,2,1,4;01,1011,11,1,1101
4738;line;-;UP;Dizzy Gillespie;-;-;-;-;-;-;25;14;2,2,2,2,2,2,2,2,2,2,1,4,2,2;11,11,11,11,11,11,01,01,11,11,1,1001,11,11
4739;lick;-;UP;Gerry Mulligan;-;-;-;-;-;-;8;5;1,1,2,2,2;1,1,11,11,11
4740;lick;-;MEDIUM UP;Sonny Stitt;-;-;-;-;-;-;8;3;2,4,3;11,1111,110
4741;line;-;MEDIUM UP;Woody Shaw;-;-;-;-;-;-;25;7;4,4,6,4,6,4,4;1001,0111,101111,1111,011011,0111,1111
4742;line;-;MEDIUM;Pepper Adams;-;-;-;-;-;-;35;10;4,3,4,4,4,6,6,6,6,4;1111,110,1111,0011,1111,111011,010001,111011,011011,1110
4743;lick;-;MEDIUM SLOW;Steve Coleman;-;-;-;-;-;-;20;7;4,2,2,4,5,4,3;0011,11,11,0111,10111,1111,111
4744;lick;-;UP;Michael Brecker;-;-;-;-;-;-;72;44;2,1,2,2,4,4,2,2,1,1,1,1,4,2,2,2,4,2,2,2,2,4,1,4,3,3,2,1,1,3,4,2,2,4,4,2,2,2,2,2,2,4,1,2;11,1,01,01,1001,1111,11,11,1,1,1,1,0001,11,11,01,0011,11,11,01,01,0011,1,1011,111,011,01,1,1,111,0001,11,11,0001,0011,11,01,11,11,01,11,0001,1,11
4745;line;-;MEDIUM UP;John Coltrane;-;-;-;-;-;-;20;8;1,3,3,3,4,6,3,4;1,011,111,111,0001,001111,011,1111
4746;lick;-;UP;Lee Konitz;-;-;-;-;-;-;27;16;4,1,1,1,3,3,2,4,1,1,2,2,2,2,2,2;1011,1,1,1,011,011,01,1001,1,1,11,11,11,11,11,11
4747;lick;-;UP;Art Pepper;-;-;-;-;-;-;14;9;2,2,1,1,3,2,1,4,2;01,11,1,1,110,11,1,1001,11
4748;lick;-;UP;Lee Konitz;-;-;-;-;-;-;8;5;4,2,2,1,2;1001,11,11,1,01
4749;lick;-;UP;Michael Brecker;-;-;-;-;-;-;47;25;1,2,3,3,1,4,2,6,6,2,2,2,2,1,2,2,2,2,4,2,2,3,4,2,1;1,11,011,111,1,0001,11,011011,011011,01,01,01,11,1,11,11,01,01,1001,11,11,111,1101,11,1
4750;lick;-;UP;Gerry Mulligan;-;-;-;-;-;-;16;10;1,1,2,2,2,2,1,1,3,2;1,1,11,11,11,11,1,1,110,11
4751;line;-;UP;Gerry Mulligan;-;-;-;-;-;-;45;27;1,1,3,2,2,2,2,1,2,1,1,1,1,1,2,2,2,2,2,2,2,2,2,2,2,2,4;1,1,110,11,11,11,01,1,11,1,1,1,1,1,11,11,11,11,11,11,11,11,01,11,11,11,0111
4752;lick;-;MEDIUM UP;Art Pepper;-;-;-;-;-;-;4;2;2,4;11,1001
4753;line;-;UP;Joe Lovano;-;-;-;-;-;-;13;9;2,2,1,4,3,2,2,1,1;01,01,1,0111,011,01,11,1,1
4754;lick;-;MEDIUM SLOW;Steve Lacy;-;-;-;-;-;-;11;6;4,2,4,2,1,3;0011,11,0011,11,1,011
4755;line;-;UP;Pat Metheny;-;-;-;-;-;-;38;21;2,2,2,2,4,2,2,1,2,2,2,2,2,2,3,2,3,1,2,2,4;11,11,11,11,1001,11,01,1,11,11,11,11,11,01,011,11,111,1,11,11,0001
4756;lick;-;UP;John Coltrane;-;-;-;-;-;-;14;7;2,3,3,2,2,3,2;11,011,110,11,11,011,11
4757;lick;-;UP;David Liebman;-;-;-;-;-;-;2;1;2;11
4758;line;-;UP;John Coltrane;-;-;-;-;-;-;34;17;3,4,3,2,2,1,1,3,1,4,4,2,3,3,2,2,2;110,0110,011,11,11,1,1,111,1,1110,0001,11,111,111,11,11,11
4759;line;-;UP;Sonny Rollins;-;-;-;-;-;-;30;16;2,2,2,2,2,1,2,4,2,2,2,2,2,2,2,2;11,11,01,11,11,1,11,1001,11,11,11,11,11,11,11,11
4760;line;-;MEDIUM SLOW;Joe Lovano;-;-;-;-;-;-;28;9;6,8,6,6,5,2,2,2,2;101101,00000011,111111,101101,11111,11,01,11,11
4761;lick;-;UP;Lee Konitz;-;-;-;-;-;-;38;22;1,2,2,4,1,2,2,2,2,4,1,1,2,1,4,2,2,2,2,2,2,1;1,11,11,1001,1,11,11,11,11,1011,1,1,11,1,1101,11,11,01,11,01,11,1
4762;line;-;UP;Dexter Gordon;-;-;-;-;-;-;6;5;4,2,4,2,1;0001,11,0001,01,1
4763;lick;-;MEDIUM UP;Curtis Fuller;-;-;-;-;-;-;4;2;4,2;1001,11
4764;lick;-;MEDIUM UP;Don Ellis;-;-;-;-;-;-;20;12;4,2,2,2,4,4,2,2,4,4,6,2;0011,11,01,11,0001,1001,01,11,1001,0001,100011,01
4765;lick;-;UP;Gerry Mulligan;-;-;-;-;-;-;27;17;2,3,4,2,1,2,2,2,2,1,1,1,1,2,2,2,2;11,111,1001,01,1,11,11,01,11,1,1,1,1,11,11,01,11
4766;line;-;MEDIUM;Phil Woods;-;-;-;-;-;-;9;3;4,4,1;1111,1111,1
4767;lick;-;UP;John Coltrane;-;-;-;-;-;-;9;5;4,1,2,2,2;1011,1,11,01,11
4768;line;-;UP;J.J. Johnson;-;-;-;-;-;-;15;10;1,1,2,2,4,2,2,2,4,2;1,1,01,01,1001,11,11,11,0011,01
4769;lick;-;UP;David Liebman;-;-;-;-;-;-;19;11;4,2,4,2,2,2,2,4,4,2,1;0011,11,1101,11,11,11,01,0001,0001,11,1
4770;lick;-;MEDIUM;Eric Dolphy;-;-;-;-;-;-;7;2;4,4;1111,0111
4771;line;-;UP;John Coltrane;-;-;-;-;-;-;18;11;2,2,2,2,2,1,2,1,2,2,2;01,11,11,11,01,1,11,1,11,11,11
4772;lick;-;MEDIUM UP;Joe Henderson;-;-;-;-;-;-;19;8;2,2,4,4,6,8,6,4;11,11,1110,0001,101101,00000111,010101,0001
4773;line;-;MEDIUM;Sonny Rollins;-;-;-;-;-;-;25;10;6,4,2,5,2,4,3,2,3,6;010101,0111,01,10111,01,1111,110,01,011,011101
4774;lick;-;MEDIUM;John Coltrane;-;-;-;-;-;-;13;5;6,6,6,4,1;000011,011111,010101,1100,1
4775;lick;-;UP;Gerry Mulligan;-;-;-;-;-;-;48;29;2,3,2,2,2,2,2,4,1,1,1,2,2,4,3,1,1,1,1,2,2,2,1,1,4,2,2,2,1;11,111,11,11,11,11,11,1101,1,1,1,11,11,0001,111,1,1,1,1,11,11,01,1,1,1001,01,11,11,1
4776;line;-;UP;John Coltrane;-;-;-;-;-;-;14;7;2,4,3,5,3,2,2;11,0001,011,01011,011,11,11
4777;line;-;UP;John Coltrane;-;-;-;-;-;-;31;19;2,2,2,2,4,2,2,2,2,1,4,2,2,2,2,2,1,2,3;11,11,01,11,0011,11,01,11,11,1,0001,11,01,11,11,01,1,11,011
4778;line;-;UP;Charlie Parker;-;-;-;-;-;-;26;13;3,1,2,2,2,4,4,3,2,4,2,2,2;111,1,01,11,11,1101,0001,011,11,1111,11,11,01
4779;line;-;MEDIUM;J.J. Johnson;-;-;-;-;-;-;32;13;2,4,1,1,4,6,4,2,2,4,8,6,6;01,1001,1,1,0111,111011,1001,11,01,0001,10101011,110111,010011
4780;lick;-;UP;Herbie Hancock;-;-;-;-;-;-;42;27;2,2,2,2,1,2,1,4,2,2,2,1,2,2,1,2,1,2,1,2,2,4,1,1,2,4,2;11,01,11,01,1,11,1,0001,11,11,11,1,11,01,1,11,1,11,1,11,01,1101,1,1,11,0011,11
4781;line;-;MEDIUM;Bob Berg;-;-;-;-;-;-;19;10;2,2,2,4,2,1,2,6,2,2;11,11,01,0111,01,1,11,001011,11,11
4782;lick;-;UP;Wynton Marsalis;-;-;-;-;-;-;46;33;1,1,1,2,1,1,2,4,2,2,4,1,1,2,1,3,3,3,2,2,1,4,1,1,3,2,2,2,2,2,1,2,2;1,1,1,01,1,1,01,0001,01,11,0001,1,1,01,1,111,110,111,11,01,1,0001,1,1,111,01,11,01,11,11,1,01,11
4783;line;-;MEDIUM;Pepper Adams;-;-;-;-;-;-;42;12;4,4,4,6,4,4,3,4,4,6,8,6;0111,1100,1111,101101,1100,1111,111,1111,0111,000111,10011011,101111
4784;line;-;MEDIUM UP;Sonny Rollins;-;-;-;-;-;-;16;8;2,2,2,2,4,2,2,2;11,11,11,11,1100,11,11,11
4785;line;-;MEDIUM UP;Charlie Parker;-;-;-;-;-;-;43;17;4,4,4,4,4,4,4,2,1,4,6,2,1,2,2,2,3;1111,1111,0001,1111,1111,1001,1111,11,1,1111,010001,11,1,01,11,11,111
4786;lick;-;MEDIUM UP;Woody Shaw;-;-;-;-;-;-;38;15;2,3,6,3,4,4,4,2,2,2,3,4,4,4,2;11,011,011011,111,1111,1111,1111,11,11,11,110,0011,0011,1001,01
4787;line;-;UP;Pepper Adams;-;-;-;-;-;-;9;6;4,2,2,2,2,1;0001,11,11,01,11,1
4788;line;-;UP;Bob Berg;-;-;-;-;-;-;18;9;1,1,2,4,2,2,2,2,2;1,1,11,1111,11,11,11,11,11
4789;lick;-;MEDIUM UP;Freddie Hubbard;-;-;-;-;-;-;8;6;1,1,1,2,2,2;1,1,1,01,11,11
4790;lick;-;MEDIUM UP;John Coltrane;-;-;-;-;-;-;4;4;1,1,1,1;1,1,1,1
4791;lick;-;UP;Dexter Gordon;-;-;-;-;-;-;10;5;4,2,2,1,2;1111,11,01,1,11
4792;lick;-;UP;Zoot Sims;-;-;-;-;-;-;16;9;2,1,2,3,3,2,2,2,2;01,1,11,110,111,11,11,01,11
4793;lick;-;MEDIUM SLOW;Michael Brecker;-;-;-;-;-;-;23;6;3,1,4,8,6,8;111,1,1110,00111111,011001,11110111
4794;line;-;MEDIUM;Paul Desmond;-;-;-;-;-;-;9;4;6,1,1,4;011011,1,0,1111
4795;lick;-;MEDIUM UP;Art Pepper;-;-;-;-;-;-;30;16;2,1,4,2,1,4,4,4,2,4,4,1,2,4,2,2;11,1,1011,01,1,1001,1001,1111,11,1111,0001,1,11,0001,11,01
4796;lick;-;UP;Stan Getz;-;-;-;-;-;-;11;6;2,2,2,1,2,2;11,11,11,1,11,11
4797;lick;-;MEDIUM;Joe Henderson;-;-;-;-;-;-;6;2;4,4;0111,0111
4798;lick;-;MEDIUM UP;Sonny Rollins;-;-;-;-;-;-;6;5;2,1,1,1,2;11,1,1,1,01
4799;line;-;MEDIUM;Bob Berg;-;-;-;-;-;-;21;8;4,4,5,3,1,2,4,4;1111,1111,11111,011,1,01,0001,1110
4800;line;-;UP;John Coltrane;-;-;-;-;-;-;62;36;1,2,2,2,2,2,2,2,2,2,1,4,2,2,2,2,2,2,4,4,2,2,2,4,2,2,2,2,2,2,2,2,2,2,2,2;1,11,11,11,01,11,11,11,11,11,1,1101,11,11,01,11,01,01,0111,1011,01,11,11,0001,11,11,01,11,01,01,11,01,01,11,11,11
4801;line;-;UP;Warne Marsh;-;-;-;-;-;-;4;2;2,2;11,11
4802;lick;-;UP;John Coltrane;-;-;-;-;-;-;15;9;2,4,1,4,2,2,1,1,2;11,1101,1,1001,11,11,1,1,01
4803;lick;-;MEDIUM;John Coltrane;-;-;-;-;-;-;11;3;6,4,4;011100,1111,1111
4804;lick;-;MEDIUM;Miles Davis;-;-;-;-;-;-;7;4;2,1,4,1;01,1,1111,1
4805;lick;-;UP;John Coltrane;-;-;-;-;-;-;9;4;4,3,6,2;1101,111,000001,11
4806;line;-;MEDIUM;Steve Turre;-;-;-;-;-;-;9;4;4,6,6,1;0110,010101,100101,1
4807;lick;-;MEDIUM;Don Ellis;-;-;-;-;-;-;6;4;2,4,2,4;11,0001,01,1001
4808;lick;-;UP;Herbie Hancock;-;-;-;-;-;-;15;9;2,2,2,2,1,2,2,2,1;11,11,01,11,1,11,11,11,1
4809;lick;-;MEDIUM SLOW;Steve Lacy;-;-;-;-;-;-;12;6;4,2,2,1,4,3;1011,01,11,1,0011,111
4810;lick;-;UP;Herbie Hancock;-;-;-;-;-;-;25;18;3,3,2,2,2,1,2,2,1,2,1,2,2,2,2,3,4,1;111,011,01,01,01,1,01,01,1,11,1,11,01,01,11,011,0001,1
4811;lick;-;MEDIUM;Cannonball Adderley;-;-;-;-;-;-;3;3;1,1,1;1,1,1
4812;line;-;UP;Art Pepper;-;-;-;-;-;-;5;4;2,2,1,2;11,01,1,01
4813;lick;-;MEDIUM UP;Art Pepper;-;-;-;-;-;-;7;3;2,6,2;11,100011,11
4814;line;-;MEDIUM UP;John Coltrane;-;-;-;-;-;-;5;3;2,2,2;01,11,11
4815;lick;-;UP;Stan Getz;-;-;-;-;-;-;4;3;1,1,2;1,1,11
4816;line;-;UP;Warne Marsh;-;-;-;-;-;-;19;11;1,1,2,4,2,2,2,2,2,2,2;1,1,11,1101,11,01,11,11,11,11,01
4817;lick;-;UP;John Coltrane;-;-;-;-;-;-;5;3;1,2,4;1,11,0110
4818;line;-;UP;Stan Getz;-;-;-;-;-;-;15;8;2,2,2,1,1,4,2,2;11,11,11,1,1,1011,11,11
4819;line;-;UP;Charlie Parker;-;-;-;-;-;-;19;11;2,4,2,2,2,2,1,2,2,4,2;11,0011,11,11,01,11,1,11,01,1001,11
4820;line;-;UP;David Liebman;-;-;-;-;-;-;44;27;2,2,2,1,4,2,1,2,2,2,3,4,1,1,1,2,1,2,2,2,2,2,2,4,2,2,1;11,01,11,1,1001,11,1,01,11,01,011,1001,1,1,1,11,1,01,11,11,11,11,11,1011,11,11,1
4821;lick;-;UP;Sonny Rollins;-;-;-;-;-;-;20;12;2,2,2,4,2,4,1,1,1,4,4,2;11,11,11,0011,01,0111,1,1,1,1001,0011,01
4822;lick;-;UP;John Coltrane;-;-;-;-;-;-;5;3;2,2,2;11,11,01
4823;lick;-;MEDIUM UP;Clifford Brown;-;-;-;-;-;-;8;3;2,4,2;11,1111,11
4824;lick;-;UP;Wayne Shorter;-;-;-;-;-;-;2;2;2,1;01,1
4825;lick;-;UP;John Coltrane;-;-;-;-;-;-;9;6;2,1,4,1,4,2;01,1,1001,1,0110,11
4826;line;-;MEDIUM UP;John Coltrane;-;-;-;-;-;-;8;4;2,5,4,1;11,01111,0001,1
4827;line;-;MEDIUM UP;Cannonball Adderley;-;-;-;-;-;-;19;8;1,4,1,6,4,6,4,2;1,1110,1,110111,0001,111110,1001,01
4828;lick;-;UP;Sonny Rollins;-;-;-;-;-;-;11;10;1,1,1,2,1,1,1,1,1,1;1,1,1,11,1,1,1,1,1,1
4829;lick;-;UP;Gerry Mulligan;-;-;-;-;-;-;5;3;2,2,4;11,11,0001
4830;lick;-;MEDIUM UP;John Coltrane;-;-;-;-;-;-;7;7;1,1,1,4,4,1,1;1,1,1,0001,0001,1,1
4831;lick;-;MEDIUM UP;Art Pepper;-;-;-;-;-;-;27;17;2,2,1,1,1,1,6,2,2,2,2,1,2,2,2,2,6;11,11,1,1,1,1,000101,11,11,11,01,1,11,11,01,01,010011
4832;line;-;MEDIUM;Eric Dolphy;-;-;-;-;-;-;19;7;5,4,2,1,3,7,1;11111,0111,11,1,110,0011111,1
4833;lick;-;UP;Chris Potter;-;-;-;-;-;-;24;11;2,4,2,2,4,2,2,2,2,4,2;11,1110,11,11,1111,11,01,11,11,1110,01
4834;line;-;MEDIUM UP;Charlie Parker;-;-;-;-;-;-;47;16;4,3,6,2,5,4,4,4,3,4,4,4,4,4,2,2;1011,111,111011,11,10101,1111,1011,1101,111,0011,0001,1111,1111,1011,11,11
4835;line;-;MEDIUM;Freddie Hubbard;-;-;-;-;-;-;20;5;4,4,4,4,6;1111,1111,1111,1111,101011
4836;lick;-;UP;Chet Baker;-;-;-;-;-;-;10;10;2,2,2,1,1,2,1,1,1,1;01,01,01,1,1,01,1,1,1,1
4837;line;-;MEDIUM UP;Sonny Stitt;-;-;-;-;-;-;9;3;3,3,3;111,111,111
4838;lick;-;MEDIUM UP;Art Pepper;-;-;-;-;-;-;11;7;1,1,4,2,1,1,4;1,1,0111,11,1,1,1001
4839;lick;-;UP;Pat Metheny;-;-;-;-;-;-;5;4;4,1,2,4;1001,1,01,0001
4840;lick;-;MEDIUM UP;Hank Mobley;-;-;-;-;-;-;17;8;4,4,2,4,2,3,1,1;0011,0111,11,0111,11,111,1,1
4841;line;-;MEDIUM;Stan Getz;-;-;-;-;-;-;30;10;4,4,2,3,4,3,2,6,4,4;1111,1111,11,111,0111,111,01,101101,1111,0011
4842;line;-;UP;Kenny Dorham;-;-;-;-;-;-;10;6;2,2,2,2,2,2;11,11,11,01,11,01
4843;line;-;UP;John Coltrane;-;-;-;-;-;-;70;35;4,2,2,2,2,2,4,2,2,3,2,3,2,2,2,2,1,2,2,2,2,1,2,2,3,2,2,2,4,4,2,2,2,6,4;1101,01,11,11,11,11,1011,11,11,111,11,110,11,11,11,11,1,11,01,01,11,1,11,11,011,11,11,01,1101,1001,11,01,11,001111,1011
4844;line;-;MEDIUM UP;Woody Shaw;-;-;-;-;-;-;25;7;4,4,4,4,4,4,4;1111,1111,1110,0111,1101,1111,1111
4845;lick;-;MEDIUM UP;Cannonball Adderley;-;-;-;-;-;-;3;1;4;1110
4846;line;-;MEDIUM UP;Sonny Rollins;-;-;-;-;-;-;17;7;4,5,6,3,2,2,2;0001,10111,101111,011,11,01,11
4847;line;-;UP;John Coltrane;-;-;-;-;-;-;9;4;3,2,2,3;011,11,11,111
4848;line;-;UP;David Liebman;-;-;-;-;-;-;28;14;4,2,2,4,3,2,2,2,4,2,2,2,2,4;1011,11,11,1011,011,11,11,01,1011,01,11,11,01,1001
4849;line;-;MEDIUM;Lee Konitz;-;-;-;-;-;-;21;11;2,6,6,1,2,6,1,2,2,2,2;11,010001,010001,1,11,000111,1,11,11,11,11
4850;line;-;UP;Phil Woods;-;-;-;-;-;-;49;28;4,2,2,1,2,2,1,2,2,2,2,2,2,2,1,2,2,2,2,4,4,2,2,3,2,2,2,2;1001,11,11,1,11,11,1,01,11,01,11,11,11,11,1,11,11,11,01,0110,1011,11,01,011,01,11,11,11
4851;line;-;MEDIUM UP;Sonny Rollins;-;-;-;-;-;-;5;3;2,2,2;11,11,01
4852;line;-;MEDIUM SLOW;Steve Coleman;-;-;-;-;-;-;36;10;4,4,4,4,4,6,5,3,4,2;1111,1111,1110,1111,1111,001111,11111,111,1111,01
4853;lick;-;UP;Branford Marsalis;-;-;-;-;-;-;6;6;4,2,2,1,2,2;0001,01,01,1,01,01
4854;lick;-;MEDIUM SLOW;Joe Lovano;-;-;-;-;-;-;10;6;3,2,2,3,4,1;011,11,01,011,0110,1
4855;lick;-;UP;Miles Davis;-;-;-;-;-;-;8;6;1,2,2,2,1,3;1,11,01,01,1,011
4856;lick;-;UP;Pat Metheny;-;-;-;-;-;-;25;15;1,2,2,2,2,2,2,4,2,2,2,4,3,1,1;1,11,11,11,01,11,11,1011,11,01,01,0001,111,1,1
4857;lick;-;MEDIUM;Clifford Brown;-;-;-;-;-;-;5;3;6,3,2;000001,011,11
4858;lick;-;UP;Cannonball Adderley;-;-;-;-;-;-;3;2;2,2;01,11
4859;line;-;UP;Gerry Mulligan;-;-;-;-;-;-;42;25;1,1,2,2,3,2,1,2,2,2,2,2,2,2,1,2,2,2,2,1,2,1,2,2,2;1,1,11,11,110,11,1,11,11,11,11,11,01,11,1,11,11,11,11,1,11,1,11,01,11
4860;lick;-;UP;Branford Marsalis;-;-;-;-;-;-;12;8;4,4,2,4,2,2,1,2;1001,1001,01,0001,11,01,1,11
4861;lick;-;MEDIUM SLOW;Dexter Gordon;-;-;-;-;-;-;7;3;4,4,3;1111,0001,011
4862;lick;-;MEDIUM UP;Wayne Shorter;-;-;-;-;-;-;7;4;2,4,1,2;11,0111,1,01
4863;lick;-;MEDIUM UP;Miles Davis;-;-;-;-;-;-;5;4;1,1,4,1;1,1,1001,1
4864;line;-;MEDIUM;Cannonball Adderley;-;-;-;-;-;-;23;10;2,6,4,1,3,2,1,6,8,4;11,100001,0001,1,111,11,1,011011,00010101,1111
4865;lick;-;UP;David Liebman;-;-;-;-;-;-;67;38;4,4,4,2,1,2,2,1,2,1,3,1,2,2,2,3,2,3,3,2,4,2,2,1,1,3,3,2,1,2,1,1,3,2,2,4,4,2;0011,1110,1101,11,1,01,11,1,11,1,111,1,11,11,11,110,01,111,111,11,0011,11,01,1,1,011,111,01,1,01,1,1,011,11,01,1101,0001,11
4866;line;-;UP;Branford Marsalis;-;-;-;-;-;-;29;18;2,4,2,2,1,2,2,2,2,2,2,1,1,1,1,2,2,2;11,1001,11,11,1,11,11,11,11,11,11,1,1,1,1,11,01,01
4867;lick;-;UP;Pat Metheny;-;-;-;-;-;-;10;7;1,1,2,2,4,2,2;1,1,01,11,0001,11,11
4868;line;-;UP;Wayne Shorter;-;-;-;-;-;-;40;22;2,2,2,2,2,2,2,1,2,3,2,2,2,3,2,2,2,2,2,2,2,2;11,11,11,11,11,11,11,1,11,011,11,11,01,111,11,01,11,11,01,11,11,01
4869;line;-;MEDIUM;Curtis Fuller;-;-;-;-;-;-;23;13;1,1,4,3,3,3,4,4,4,2,6,1,1;1,1,0001,111,111,111,0001,1110,0001,11,010001,1,1
4870;lick;-;UP;Miles Davis;-;-;-;-;-;-;7;5;2,1,2,2,2;11,1,01,11,01
4871;line;-;MEDIUM;Miles Davis;-;-;-;-;-;-;7;4;2,4,2,2;01,1101,11,01
4872;line;-;MEDIUM UP;Bob Berg;-;-;-;-;-;-;48;15;2,2,4,4,4,4,4,4,2,1,1,4,4,4,4;11,11,1111,1111,1111,1111,1111,1111,11,1,1,1111,1111,1111,1111
4873;line;-;MEDIUM;Wayne Shorter;-;-;-;-;-;-;18;8;2,3,4,4,2,1,2,1;11,111,1111,1111,11,1,01,1
4874;lick;-;UP;Pat Metheny;-;-;-;-;-;-;31;24;1,1,1,2,2,2,1,2,2,2,2,1,4,4,2,1,2,2,2,2,2,1,2,2;1,1,1,11,01,01,1,11,01,01,11,1,0001,0001,11,1,01,11,11,11,01,1,01,01
4875;line;-;MEDIUM;Stan Getz;-;-;-;-;-;-;12;5;8,3,5,2,1;00001011,011,10111,11,1
4876;line;-;UP;Charlie Parker;-;-;-;-;-;-;16;8;2,2,2,2,2,2,2,4;11,11,11,11,11,11,11,0110
4877;lick;-;UP;Hank Mobley;-;-;-;-;-;-;25;17;2,2,2,2,3,2,2,3,2,4,2,2,1,4,2,1,4;01,01,01,11,011,11,01,111,01,0011,01,01,1,0001,11,1,1001
4878;line;-;MEDIUM;John Coltrane;-;-;-;-;-;-;12;3;4,6,5;1111,010111,10111
4879;line;-;UP;Clifford Brown;-;-;-;-;-;-;40;20;4,4,2,1,2,6,1,2,1,4,3,3,2,2,2,1,2,2,4,4;1101,1111,01,1,01,000011,1,11,1,0111,111,111,11,11,11,1,11,11,0111,0001
4880;lick;-;UP;Chris Potter;-;-;-;-;-;-;39;22;3,2,3,2,2,2,1,1,1,3,2,2,2,2,2,2,2,2,2,2,2,2;110,11,111,11,11,11,1,1,1,111,11,11,11,11,11,01,11,01,01,11,11,01
4881;line;-;UP;John Coltrane;-;-;-;-;-;-;29;14;3,3,1,2,3,2,4,2,4,1,2,3,2,2;111,110,1,11,011,11,0111,11,0111,1,11,111,11,01
4882;line;-;UP;Warne Marsh;-;-;-;-;-;-;23;13;1,2,2,2,2,2,2,2,2,2,2,2,2;1,11,01,11,01,11,11,11,11,11,11,11,11
4883;lick;-;UP;Herbie Hancock;-;-;-;-;-;-;43;29;2,3,2,1,2,2,1,2,2,1,2,2,2,1,2,2,2,1,3,1,4,2,1,2,3,2,2,2,2;11,011,11,1,01,11,1,11,01,1,01,11,01,1,01,11,01,1,011,1,0001,01,1,11,111,11,11,11,01
4884;line;-;MEDIUM UP;John Coltrane;-;-;-;-;-;-;42;13;4,2,5,4,6,3,3,4,6,3,4,4,6;1110,01,01111,1110,010111,011,111,1111,111011,110,1111,0111,101011
4885;line;-;UP;Kenny Dorham;-;-;-;-;-;-;34;20;1,2,2,2,1,2,2,2,2,2,2,1,1,1,3,4,3,2,2,2;1,11,11,11,1,11,11,11,11,11,01,1,1,1,011,0001,111,11,11,11
4886;line;-;MEDIUM UP;Miles Davis;-;-;-;-;-;-;11;6;2,2,4,3,4,2;11,11,0001,011,0110,11
4887;line;-;MEDIUM;Dexter Gordon;-;-;-;-;-;-;21;6;8,2,3,6,6,6;01001011,11,110,111101,011011,010111
4888;line;-;UP;John Coltrane;-;-;-;-;-;-;31;16;2,4,4,2,3,3,3,1,2,2,2,2,3,3,2,2;11,0011,1101,11,011,011,111,1,01,01,11,11,011,110,11,11
4889;line;-;MEDIUM;John Coltrane;-;-;-;-;-;-;15;4;4,6,6,5;1111,000011,011111,01111
4890;lick;-;UP;Joe Lovano;-;-;-;-;-;-;4;4;1,1,1,1;1,1,1,1
4891;lick;-;UP;David Liebman;-;-;-;-;-;-;18;10;1,2,2,4,3,2,4,1,1,2;1,01,11,1001,111,11,1111,1,1,01
4892;lick;-;UP;John Coltrane;-;-;-;-;-;-;10;5;2,2,1,3,2;11,11,1,111,11
4893;line;-;UP;Michael Brecker;-;-;-;-;-;-;71;31;3,2,2,2,3,3,4,4,6,4,1,2,2,2,2,4,3,2,3,2,2,2,2,2,1,1,4,3,2,2,2;111,01,01,11,111,111,1100,1111,111111,1011,1,11,11,11,11,1111,011,11,011,11,11,11,11,11,1,1,1101,111,11,11,11
4894;line;-;UP;Chris Potter;-;-;-;-;-;-;57;31;4,2,2,1,3,2,3,2,2,1,2,2,2,3,1,1,4,1,4,2,2,1,2,1,2,3,2,1,3,1,3;0011,11,11,1,111,11,111,11,11,1,11,11,11,111,1,1,1110,1,1100,11,11,1,11,1,11,011,11,1,011,1,011
4895;line;-;UP;Lee Konitz;-;-;-;-;-;-;28;14;4,2,2,2,2,1,6,2,2,2,4,4,3,4;1101,11,11,11,11,1,010001,01,11,11,1001,0001,111,1101
4896;lick;-;UP;Fats Navarro;-;-;-;-;-;-;53;34;1,1,2,1,2,2,1,1,2,4,2,1,1,2,1,2,3,2,3,2,4,1,1,2,3,2,2,2,2,4,2,1,1,2;1,1,11,1,11,01,1,1,11,1001,01,1,1,01,1,01,111,11,111,11,1110,1,1,01,111,01,11,11,11,0001,11,1,1,11
4897;lick;-;MEDIUM;Cannonball Adderley;-;-;-;-;-;-;20;7;3,2,6,2,3,2,3;111,11,111110,11,111,11,111
4898;lick;-;MEDIUM SLOW;Michael Brecker;-;-;-;-;-;-;29;9;4,6,4,7,1,4,7,1,6;0111,111011,1100,1000011,1,1111,1010111,1,111101
4899;line;-;UP;John Coltrane;-;-;-;-;-;-;21;9;2,2,3,2,4,5,6,1,2;01,11,011,11,1011,01111,101011,1,11
4900;lick;-;UP;John Coltrane;-;-;-;-;-;-;7;5;3,2,1,2,2;011,11,1,01,01
4901;line;-;UP;John Coltrane;-;-;-;-;-;-;20;11;2,2,2,2,2,6,2,2,1,2,1;11,11,11,11,11,001011,11,11,1,01,1
4902;lick;-;MEDIUM UP;Woody Shaw;-;-;-;-;-;-;6;2;2,4;11,1111
4903;line;-;MEDIUM UP;Charlie Parker;-;-;-;-;-;-;13;4;2,6,4,5;01,111011,0111,01111
4904;lick;-;MEDIUM;Sonny Rollins;-;-;-;-;-;-;9;3;4,4,4;1110,1101,1011
4905;line;-;UP;Joe Henderson;-;-;-;-;-;-;68;37;3,4,4,2,2,2,2,1,3,2,2,2,3,4,1,3,3,2,2,4,2,2,3,4,2,1,2,2,1,2,2,2,2,2,4,2,2;011,1110,1011,11,11,01,11,1,011,11,11,11,011,0001,1,111,011,11,11,0001,11,01,011,1001,11,1,11,11,1,11,01,11,01,11,0111,11,11
4906;lick;-;UP;Art Pepper;-;-;-;-;-;-;19;8;4,4,2,4,1,6,2,2;1111,1110,01,0011,1,111101,11,01
4907;lick;-;UP;Chet Baker;-;-;-;-;-;-;10;6;2,2,6,2,2,2;11,11,100001,01,11,01
4908;lick;-;UP;Branford Marsalis;-;-;-;-;-;-;20;12;2,1,4,4,4,1,2,1,2,2,6,2;11,1,1001,1111,0001,1,01,1,01,11,000011,11
4909;line;-;UP;Michael Brecker;-;-;-;-;-;-;9;3;2,3,4;11,111,1111
4910;lick;-;MEDIUM UP;Steve Lacy;-;-;-;-;-;-;8;4;2,6,2,1;11,010111,01,1
4911;lick;-;UP;Dexter Gordon;-;-;-;-;-;-;8;5;2,4,4,1,2;11,0110,1001,1,01
4912;line;-;MEDIUM;Freddie Hubbard;-;-;-;-;-;-;20;7;3,4,4,6,4,4,4;111,0001,1111,101111,0001,0111,0111
4913;lick;-;UP;Kai Winding;-;-;-;-;-;-;16;10;2,3,1,2,3,2,2,2,2,1;11,011,1,01,111,11,11,01,01,1
4914;lick;-;UP;Phil Woods;-;-;-;-;-;-;14;8;2,1,2,1,6,2,2,1;11,1,11,1,010011,11,11,1
4915;line;-;MEDIUM;Bob Berg;-;-;-;-;-;-;39;15;4,3,4,4,4,2,2,4,4,2,2,4,2,1,2;1111,011,1111,1101,1110,11,11,1111,0111,01,11,1111,11,1,11
4916;line;-;UP;Joe Henderson;-;-;-;-;-;-;69;37;2,2,2,2,2,3,4,4,2,2,4,2,2,2,2,2,2,2,2,2,2,3,4,2,2,2,2,1,4,2,2,2,2,4,3,2,2;11,11,11,11,11,111,0001,0111,11,11,0110,11,11,11,11,11,11,01,01,11,01,110,1100,01,01,11,11,1,1101,11,11,11,11,1001,011,01,11
4917;lick;-;MEDIUM UP;Art Pepper;-;-;-;-;-;-;13;7;4,4,4,2,2,2,2;0001,1001,1001,11,11,11,11
4918;line;-;MEDIUM UP;John Coltrane;-;-;-;-;-;-;28;12;1,2,4,5,5,4,4,4,4,4,3,4;1,01,1100,11111,01011,0011,0111,0011,0110,0001,111,1101
4919;line;-;UP;Joe Henderson;-;-;-;-;-;-;12;7;2,4,2,2,2,2,2;11,0011,11,11,01,11,01
4920;lick;-;MEDIUM;Don Ellis;-;-;-;-;-;-;6;3;4,2,3;0001,11,111
4921;lick;-;MEDIUM;Steve Turre;-;-;-;-;-;-;48;23;1,6,4,1,4,2,3,4,2,4,1,6,1,1,4,1,6,1,4,6,1,6,1;1,010011,1111,1,1001,11,011,1001,11,0111,1,010011,1,1,0111,1,010011,1,1001,010011,1,011111,1
4922;line;-;MEDIUM;Joe Lovano;-;-;-;-;-;-;26;6;6,6,5,6,5,4;011111,101101,11111,011111,10111,1110
4923;lick;-;MEDIUM;David Liebman;-;-;-;-;-;-;6;4;1,1,3,4;1,1,011,0011
4924;lick;-;MEDIUM UP;Bob Berg;-;-;-;-;-;-;11;5;2,2,2,4,5;11,11,01,0111,00111
4925;lick;-;UP;Dizzy Gillespie;-;-;-;-;-;-;32;19;2,2,2,6,5,1,2,2,1,1,2,2,1,2,2,2,2,2,2;11,01,01,111100,10111,1,11,01,1,1,11,01,1,01,11,11,11,01,11
4926;line;-;UP;Steve Turre;-;-;-;-;-;-;45;25;2,2,1,2,2,1,2,3,3,2,2,1,2,4,4,6,1,2,1,1,2,2,2,2,2;11,11,1,11,11,1,11,011,011,11,11,1,11,1001,1001,111111,1,01,1,1,01,11,01,11,11
4927;line;-;MEDIUM UP;John Coltrane;-;-;-;-;-;-;23;10;4,4,3,4,6,1,2,2,4,4;1111,1111,111,0001,000011,1,01,11,1111,0001
4928;line;-;UP;Wynton Marsalis;-;-;-;-;-;-;28;14;1,1,3,4,4,2,2,4,2,3,2,2,2,2;1,1,111,1011,0001,11,11,1011,11,111,01,11,11,11
4929;lick;-;UP;Pat Metheny;-;-;-;-;-;-;13;7;3,2,2,2,2,2,4;110,11,01,01,11,11,1011
4930;lick;-;UP;Miles Davis;-;-;-;-;-;-;6;4;2,2,2,2;11,01,11,01
4931;lick;-;UP;John Coltrane;-;-;-;-;-;-;8;4;2,4,2,4;11,0001,11,0111
4932;lick;-;UP;John Coltrane;-;-;-;-;-;-;9;6;3,2,2,2,2,2;011,01,01,01,11,11
4933;lick;-;MEDIUM;Don Ellis;-;-;-;-;-;-;10;4;3,3,3,4;111,110,111,1001
4934;line;-;UP;Lee Konitz;-;-;-;-;-;-;44;23;2,4,2,2,4,2,1,6,2,4,4,2,2,1,3,2,2,2,2,2,2,2,2;11,1101,11,01,0110,11,1,010011,11,0111,1110,01,11,1,110,11,01,11,11,11,01,11,11
4935;line;-;MEDIUM UP;Kenny Dorham;-;-;-;-;-;-;29;14;6,6,4,3,2,2,2,2,2,2,2,2,2,2;111001,000001,1100,011,11,11,11,11,11,11,11,11,11,11
4936;lick;-;UP;Miles Davis;-;-;-;-;-;-;5;4;1,1,2,2;1,1,11,01
4937;line;-;MEDIUM;Pepper Adams;-;-;-;-;-;-;14;5;4,6,4,1,1,4;0011,011101,1111,1,0,0111
4938;lick;-;UP;John Coltrane;-;-;-;-;-;-;3;2;2,1;11,1
4939;lick;-;UP;Charlie Parker;-;-;-;-;-;-;44;24;2,2,5,2,1,2,2,2,2,2,3,1,1,2,2,4,2,2,4,2,2,2,2,2;01,11,10111,11,1,11,11,11,11,11,111,1,1,11,11,1001,11,11,0011,01,11,01,01,11
4940;line;-;UP;Joe Henderson;-;-;-;-;-;-;19;9;4,2,1,2,4,4,4,5,3;1001,11,1,11,1001,0001,1011,10111,011
4941;lick;-;MEDIUM;Wayne Shorter;-;-;-;-;-;-;9;3;4,6,4;1111,010111,0001
4942;lick;-;UP;Wayne Shorter;-;-;-;-;-;-;8;5;2,4,2,1,2;11,1011,01,1,01
4943;lick;-;MEDIUM;Joe Henderson;-;-;-;-;-;-;18;4;6,7,2,5;011111,1111111,11,10111
4944;lick;-;UP;Hank Mobley;-;-;-;-;-;-;15;9;2,3,2,1,2,4,1,2,2;11,011,11,1,11,0001,1,11,11
4945;lick;-;UP;David Liebman;-;-;-;-;-;-;7;5;1,4,2,2,2;1,1101,01,01,01
4946;lick;-;UP;Wynton Marsalis;-;-;-;-;-;-;11;10;2,1,1,1,1,4,1,2,2,4;01,1,1,1,1,1100,1,01,01,0001
4947;lick;-;UP;Michael Brecker;-;-;-;-;-;-;9;7;2,3,4,1,4,1,1;01,011,0001,1,0011,1,1
4948;lick;-;MEDIUM UP;Paul Desmond;-;-;-;-;-;-;9;7;2,2,2,2,1,2,4;11,01,11,01,1,01,0001
4949;lick;-;UP;Miles Davis;-;-;-;-;-;-;18;13;2,4,4,1,1,1,1,1,2,2,4,2,1;11,1001,0011,1,1,1,1,1,01,01,1011,01,1
4950;line;-;MEDIUM UP;Kenny Wheeler;-;-;-;-;-;-;52;20;3,3,2,4,4,3,3,3,4,3,4,3,3,3,3,3,3,2,5,2;111,111,11,1011,1111,110,111,111,0001,111,0001,111,111,111,011,011,111,11,11011,11
4951;lick;-;MEDIUM UP;John Coltrane;-;-;-;-;-;-;34;15;2,3,6,4,4,2,4,4,2,2,2,3,6,6,4;01,111,011111,0111,0001,01,0111,0111,11,11,01,111,010011,100001,0001
4952;line;-;MEDIUM UP;Milt Jackson;-;-;-;-;-;-;49;25;1,2,2,2,2,4,2,2,2,2,2,2,2,4,2,2,2,1,4,2,2,2,2,2,2;1,11,11,11,11,1111,11,11,11,11,11,11,11,1100,11,01,11,1,1110,11,11,11,11,11,01
4953;line;-;UP;Joe Lovano;-;-;-;-;-;-;20;12;3,4,3,1,1,1,1,2,3,1,1,1;011,1011,111,1,1,1,1,11,111,1,1,1
4954;lick;-;MEDIUM;J.J. Johnson;-;-;-;-;-;-;38;20;6,2,1,4,6,2,2,2,3,2,4,2,4,4,4,2,3,3,1,1;001001,11,1,0011,001001,11,01,11,011,11,1110,01,1011,1001,1011,11,011,011,1,1
4955;lick;-;MEDIUM UP;Steve Lacy;-;-;-;-;-;-;19;10;2,2,4,4,4,3,4,2,2,2;01,11,0001,0001,1111,110,1101,01,11,11
4956;line;-;UP;Joe Lovano;-;-;-;-;-;-;13;7;2,2,2,1,2,2,4;11,11,11,1,11,11,1001
4957;line;-;UP;Joe Lovano;-;-;-;-;-;-;32;13;2,2,2,4,4,2,3,1,4,2,2,2,2;11,11,11,1111,1111,11,111,1,1111,11,11,11,11
4958;lick;-;MEDIUM;Hank Mobley;-;-;-;-;-;-;7;2;6,7;011101,0100101
4959;lick;-;UP;Charlie Parker;-;-;-;-;-;-;16;8;2,5,2,4,2,3,1,1;01,10111,11,1001,11,111,1,1
4960;lick;-;MEDIUM UP;Miles Davis;-;-;-;-;-;-;13;9;2,2,2,1,1,4,2,2,2;01,11,11,1,1,1100,11,01,01
4961;lick;-;UP;Cannonball Adderley;-;-;-;-;-;-;15;9;2,2,3,4,2,1,4,2,3;11,11,011,0001,01,1,1110,01,110
4962;lick;-;MEDIUM;Miles Davis;-;-;-;-;-;-;10;7;2,2,3,1,1,1,1;01,11,111,1,1,1,1
4963;line;-;UP;Fats Navarro;-;-;-;-;-;-;30;17;4,2,4,3,1,2,3,2,2,1,3,4,1,1,2,6,2;1101,01,1011,110,1,01,011,01,11,1,111,0001,1,1,01,011011,11
4964;line;-;MEDIUM;Bob Berg;-;-;-;-;-;-;13;5;2,4,4,2,2;11,1111,1110,11,11
4965;lick;-;MEDIUM UP;Wayne Shorter;-;-;-;-;-;-;6;4;2,4,1,2;01,1001,1,11
4966;lick;-;UP;Dexter Gordon;-;-;-;-;-;-;16;13;2,2,1,1,1,2,1,1,3,1,4,2,2;11,01,1,1,1,01,1,1,011,1,0001,11,01
4967;lick;-;MEDIUM SLOW;Joe Lovano;-;-;-;-;-;-;12;5;8,3,2,4,6;00100011,011,01,0111,010011
4968;lick;-;UP;Art Pepper;-;-;-;-;-;-;5;3;3,2,1;011,11,1
4969;lick;-;UP;Steve Coleman;-;-;-;-;-;-;38;23;2,4,1,2,2,2,2,2,2,2,2,3,2,2,2,2,2,2,1,1,2,2,2;01,0001,1,01,11,11,11,01,11,11,11,011,11,11,11,11,11,11,1,1,11,01,11
4970;lick;-;UP;Phil Woods;-;-;-;-;-;-;34;18;2,2,2,3,1,4,4,4,2,2,3,2,4,1,1,2,2,2;11,11,11,111,1,1100,1110,1100,11,11,011,01,1001,1,1,11,11,11
4971;line;-;UP;Joe Henderson;-;-;-;-;-;-;38;23;2,2,4,2,2,2,1,4,2,1,4,1,2,2,2,3,4,2,2,2,1,4,1;01,11,1011,11,11,11,1,0001,01,1,1011,1,11,01,01,011,1101,11,11,11,1,0001,1
4972;lick;-;MEDIUM;Michael Brecker;-;-;-;-;-;-;8;4;1,2,2,4;1,11,11,0111
4973;lick;-;UP;John Coltrane;-;-;-;-;-;-;8;5;2,2,2,4,2;01,11,01,1011,01
4974;lick;-;MEDIUM UP;Paul Desmond;-;-;-;-;-;-;10;5;2,7,2,2,1;11,0111011,01,01,1
4975;line;-;MEDIUM;John Coltrane;-;-;-;-;-;-;10;3;4,4,4;0111,1111,0111
4976;lick;-;UP;John Coltrane;-;-;-;-;-;-;4;3;1,4,2;1,0001,11
4977;lick;-;MEDIUM;Sonny Rollins;-;-;-;-;-;-;9;3;3,8,5;111,00000111,01011
4978;lick;-;UP;Sonny Rollins;-;-;-;-;-;-;39;22;2,3,3,4,4,3,1,4,5,2,1,2,1,1,1,4,4,2,2,2,6,2;11,011,011,1011,0001,111,1,1001,10001,11,1,11,1,1,1,0011,0001,11,01,11,010011,11
4979;lick;-;UP;Miles Davis;-;-;-;-;-;-;2;2;2,1;01,1
4980;lick;-;MEDIUM;Gerry Mulligan;-;-;-;-;-;-;13;6;1,2,2,4,4,2;1,11,11,1101,1111,01
4981;line;-;UP;Michael Brecker;-;-;-;-;-;-;65;28;3,2,2,2,2,2,2,2,2,2,4,2,2,2,3,3,5,4,4,3,1,3,4,2,4,2,2,2;011,01,11,01,11,11,11,11,11,11,1111,11,11,11,111,011,11111,0011,1011,111,1,111,1101,11,1111,11,11,11
4982;lick;-;MEDIUM;Dexter Gordon;-;-;-;-;-;-;24;7;2,6,8,6,10,2,2;11,101111,01010101,100111,0010011111,01,11
4983;lick;-;MEDIUM;Eric Dolphy;-;-;-;-;-;-;5;2;4,2;1101,11
4984;lick;-;MEDIUM UP;Wayne Shorter;-;-;-;-;-;-;10;7;1,4,2,2,1,4,2;1,1011,01,01,1,1100,01
4985;lick;-;MEDIUM UP;Charlie Parker;-;-;-;-;-;-;8;3;6,1,2;110111,1,11
4986;lick;-;UP;Chet Baker;-;-;-;-;-;-;12;7;1,2,3,1,2,2,4;1,11,011,1,11,11,1001
4987;lick;-;UP;Clifford Brown;-;-;-;-;-;-;17;8;2,2,3,5,2,2,4,2;11,11,011,01111,11,11,1100,01
4988;lick;-;UP;Miles Davis;-;-;-;-;-;-;13;10;4,4,2,2,1,1,1,2,4,4;0001,0011,01,11,1,1,1,11,0001,0001
4989;lick;-;MEDIUM UP;Clifford Brown;-;-;-;-;-;-;10;5;2,2,2,2,2;11,11,11,11,11
4990;lick;-;MEDIUM;Paul Desmond;-;-;-;-;-;-;13;5;3,1,6,1,4;111,1,010111,1,1111
4991;line;-;UP;Joe Henderson;-;-;-;-;-;-;20;13;4,2,2,1,3,2,2,1,2,2,1,1,2;0110,11,01,1,111,11,11,1,11,01,1,1,01
4992;lick;-;MEDIUM UP;Zoot Sims;-;-;-;-;-;-;4;3;2,1,1;11,1,1
4993;lick;-;UP;Paul Desmond;-;-;-;-;-;-;12;7;1,3,3,4,2,2,2;1,111,011,0001,11,01,11
4994;lick;-;MEDIUM;Kenny Wheeler;-;-;-;-;-;-;12;5;3,4,1,4,4;111,0111,1,0111,0110
4995;lick;-;MEDIUM SLOW;Dexter Gordon;-;-;-;-;-;-;7;4;4,4,4,4;0001,0001,0001,1111
4996;line;-;MEDIUM;Stan Getz;-;-;-;-;-;-;15;11;6,4,1,1,1,1,1,1,1,1,1;101101,0011,1,1,1,1,1,1,1,1,1
4997;lick;-;MEDIUM;Bob Berg;-;-;-;-;-;-;2;1;2;11
4998;line;-;MEDIUM UP;Freddie Hubbard;-;-;-;-;-;-;21;13;4,2,5,1,1,1,1,1,1,1,1,2,2;1101,11,01111,1,1,1,1,1,1,1,1,11,11
4999;lick;-;MEDIUM UP;Wayne Shorter;-;-;-;-;-;-;4;3;2,1,1;11,1,1
5000;line;-;UP;Joe Henderson;-;-;-;-;-;-;37;22;2,4,2,2,2,2,2,2,2,1,3,2,2,2,2,2,2,2,2,1,2,2;11,1110,01,01,11,01,11,11,01,1,111,01,11,11,01,01,11,11,11,1,11,11
5001;line;-;UP;Clifford Brown;-;-;-;-;-;-;17;8;2,2,4,4,1,4,4,1;11,11,1100,1101,1,1101,1011,1
5002;line;-;UP;Lee Konitz;-;-;-;-;-;-;45;23;4,1,2,2,2,2,2,4,4,2,2,2,1,2,4,2,2,2,2,2,2,2,4;1001,1,11,11,11,11,11,0011,1011,11,11,11,1,11,0001,11,11,11,11,11,11,11,1101
5003;line;-;UP;John Coltrane;-;-;-;-;-;-;22;12;1,1,3,2,2,3,2,2,2,2,1,2;1,1,110,11,11,111,11,11,11,11,1,11
5004;line;-;MEDIUM;Joshua Redman;-;-;-;-;-;-;36;10;4,3,3,3,3,6,5,4,4,4;1111,111,111,111,111,111111,10111,1111,0111,0111
5005;line;-;MEDIUM UP;Joe Henderson;-;-;-;-;-;-;16;5;4,3,4,4,1;1111,111,1111,1111,1
5006;lick;-;UP;Miles Davis;-;-;-;-;-;-;4;3;2,2,2;01,01,11
5007;line;-;UP;John Coltrane;-;-;-;-;-;-;24;14;2,2,2,2,2,2,2,1,2,3,3,2,2,2;01,11,11,11,11,11,11,1,11,011,111,01,01,01
5008;lick;-;UP;Chris Potter;-;-;-;-;-;-;3;2;2,2;01,11
5009;lick;-;UP;Art Pepper;-;-;-;-;-;-;17;9;3,2,2,2,2,6,1,2,4;011,11,11,01,01,100011,1,11,0111
5010;lick;-;UP;Dexter Gordon;-;-;-;-;-;-;10;7;4,2,2,1,1,2,2;0001,11,11,1,1,11,01
5011;lick;-;MEDIUM;Miles Davis;-;-;-;-;-;-;11;6;2,2,1,4,2,3;01,11,1,1101,11,110
5012;lick;-;UP;Pat Metheny;-;-;-;-;-;-;3;2;2,2;01,11
5013;lick;-;UP;John Coltrane;-;-;-;-;-;-;8;5;1,4,4,1,2;1,0111,0001,1,11
5014;line;-;UP;Sonny Stitt;-;-;-;-;-;-;41;22;2,2,2,2,2,2,4,4,3,2,2,2,2,2,2,2,1,1,1,2,2,2;11,11,11,11,11,11,1101,1101,111,01,11,11,11,01,11,11,1,1,1,11,11,01
5015;line;-;MEDIUM;Bob Berg;-;-;-;-;-;-;24;8;4,4,6,2,4,6,4,4;0111,1111,000001,01,1111,011011,1111,0111
5016;line;-;UP;Don Byas;-;-;-;-;-;-;23;14;2,1,1,2,2,2,2,2,2,2,2,1,2,2;11,1,1,11,11,11,11,01,01,11,11,1,11,11
5017;lick;-;MEDIUM UP;Charlie Parker;-;-;-;-;-;-;11;8;4,2,2,2,2,2,2,2;0001,01,11,11,01,01,11,01
5018;line;-;UP;Dizzy Gillespie;-;-;-;-;-;-;45;26;4,2,2,1,4,2,2,1,2,2,2,2,2,4,2,5,1,2,2,2,1,2,1,2,2,2;1011,11,11,1,1001,11,11,1,01,11,01,01,11,0001,11,01111,1,11,11,11,1,11,1,11,01,11
5019;lick;-;UP;John Coltrane;-;-;-;-;-;-;10;7;1,1,2,2,2,2,3;1,1,11,01,01,11,011
5020;lick;-;MEDIUM UP;Hank Mobley;-;-;-;-;-;-;16;9;1,1,4,1,4,4,4,2,1;1,1,0111,1,0110,1011,0110,11,1
5021;line;-;UP;Miles Davis;-;-;-;-;-;-;48;27;2,2,2,2,2,2,2,2,4,3,2,2,2,1,2,2,2,2,2,4,1,3,2,2,2,2,2;11,11,11,11,11,11,11,01,1011,011,11,01,11,1,11,11,01,11,01,1111,1,011,11,11,01,01,01
5022;line;-;UP;Steve Lacy;-;-;-;-;-;-;23;9;4,3,3,2,4,2,2,2,3;1011,111,111,11,1101,11,11,11,111
5023;lick;-;UP;Michael Brecker;-;-;-;-;-;-;54;32;1,2,2,2,2,2,1,2,1,1,2,2,2,4,4,2,2,1,2,2,2,2,2,4,2,2,1,1,3,3,4,2;1,11,11,11,01,11,1,11,1,1,11,11,11,0001,1011,11,11,1,11,01,01,01,01,1011,01,11,1,1,111,111,1001,11
5024;line;-;UP;Steve Coleman;-;-;-;-;-;-;10;6;2,2,3,2,2,2;11,11,110,01,11,01
5025;lick;-;UP;Joe Lovano;-;-;-;-;-;-;14;10;2,1,2,2,2,1,3,1,1,1;11,1,11,01,11,1,011,1,1,1
5026;line;-;MEDIUM;Don Ellis;-;-;-;-;-;-;38;20;2,6,2,2,2,1,4,2,1,1,4,2,2,3,2,2,6,2,4,4;11,001001,11,01,11,1,1101,11,1,1,1101,11,11,110,11,11,010001,01,0011,1101
5027;line;-;MEDIUM UP;John Coltrane;-;-;-;-;-;-;25;9;2,1,4,4,4,6,6,4,6;11,1,0110,0011,1011,011011,011011,0011,101111
5028;line;-;UP;Stan Getz;-;-;-;-;-;-;40;21;2,2,2,1,2,2,2,2,3,2,2,2,2,2,2,2,2,2,4,2,2;11,11,11,1,11,11,01,11,011,11,11,11,01,11,11,11,11,11,1101,11,11
5029;lick;-;UP;John Coltrane;-;-;-;-;-;-;15;8;3,2,3,2,2,3,1,2;111,11,011,11,11,011,1,01
5030;line;-;UP;Herbie Hancock;-;-;-;-;-;-;15;9;1,2,2,2,2,1,2,2,2;1,11,11,11,11,1,01,11,11
5031;lick;-;UP;Clifford Brown;-;-;-;-;-;-;6;4;2,2,2,1;01,11,11,1
5032;lick;-;MEDIUM;Freddie Hubbard;-;-;-;-;-;-;6;3;4,2,1;0111,11,1
5033;line;-;MEDIUM UP;Kenny Wheeler;-;-;-;-;-;-;26;9;6,2,6,6,2,2,3,3,3;001101,11,011111,001101,11,11,111,111,111
5034;lick;-;UP;John Coltrane;-;-;-;-;-;-;8;6;2,2,2,2,1,1;11,01,01,11,1,1
5035;line;-;MEDIUM UP;Sonny Stitt;-;-;-;-;-;-;36;11;3,2,3,1,3,6,4,4,4,6,4;011,11,111,1,111,101111,1111,1111,1011,101111,1111
5036;lick;-;UP;Joshua Redman;-;-;-;-;-;-;6;5;2,2,2,2,6;11,01,01,01,000001
5037;line;-;UP;Steve Turre;-;-;-;-;-;-;20;12;2,2,2,2,2,2,2,2,2,2,2,2;11,11,01,11,11,01,11,11,01,01,11,11
5038;lick;-;UP;Paul Desmond;-;-;-;-;-;-;8;6;1,1,2,2,1,4;1,1,01,11,1,1001
5039;lick;-;MEDIUM;Eric Dolphy;-;-;-;-;-;-;7;4;2,2,3,1;01,11,111,1
5040;line;-;UP;Sonny Stitt;-;-;-;-;-;-;49;27;2,2,2,2,2,1,3,2,2,2,2,1,2,2,2,4,2,2,2,2,1,1,4,2,2,2,2;11,11,11,11,11,1,111,11,11,11,11,1,11,11,01,0111,11,01,11,11,1,1,0011,11,11,11,01
5041;line;-;MEDIUM;Don Ellis;-;-;-;-;-;-;13;6;1,6,4,3,2,2;1,010111,1001,110,11,11
5042;line;-;UP;Joe Henderson;-;-;-;-;-;-;21;11;2,1,4,2,2,2,3,2,2,2,2;11,1,0001,11,11,11,111,11,11,11,11
5043;lick;-;UP;Miles Davis;-;-;-;-;-;-;10;8;1,1,2,2,2,2,2,2;1,1,01,11,01,11,01,01
5044;lick;-;MEDIUM UP;Bob Berg;-;-;-;-;-;-;9;6;1,2,2,2,2,1;1,11,01,11,11,1
5045;line;-;MEDIUM UP;Charlie Parker;-;-;-;-;-;-;37;13;2,1,4,2,3,4,4,2,4,4,2,4,5;11,1,1001,11,111,1111,1101,11,1111,1111,11,1111,01111
5046;lick;-;MEDIUM UP;Hank Mobley;-;-;-;-;-;-;15;8;4,4,1,2,2,4,2,3;0110,1001,1,11,11,0110,01,111
5047;lick;-;UP;Joe Lovano;-;-;-;-;-;-;2;2;1,4;1,0001
5048;line;-;MEDIUM;Wayne Shorter;-;-;-;-;-;-;30;12;8,6,8,6,8,6,4,1,4,1,2,1;01001011,000011,01001011,010101,01001011,000011,1111,1,0011,1,11,1
5049;lick;-;MEDIUM;Sonny Rollins;-;-;-;-;-;-;4;3;1,1,2;1,1,11
5050;lick;-;UP;Wynton Marsalis;-;-;-;-;-;-;36;26;2,4,2,2,1,1,2,2,1,2,4,1,1,4,1,2,2,2,1,4,2,1,1,1,2,1;01,0001,11,11,1,1,11,11,1,01,1001,1,1,1001,1,11,01,01,1,1100,11,1,1,1,11,1
5051;line;-;MEDIUM UP;Kenny Dorham;-;-;-;-;-;-;32;14;3,2,2,2,1,2,2,3,5,5,6,2,2,2;111,11,11,11,1,11,11,111,01111,01111,000011,01,11,11
5052;line;-;MEDIUM;Pepper Adams;-;-;-;-;-;-;32;10;4,8,6,3,6,4,6,4,6,4;0001,00000001,111011,111,011011,0111,011101,0111,010111,1111
5053;lick;-;MEDIUM;Sonny Rollins;-;-;-;-;-;-;11;4;6,4,2,4;111100,1101,11,0110
5054;lick;-;UP;Phil Woods;-;-;-;-;-;-;20;11;4,2,2,2,1,1,6,2,2,2,2;0001,11,11,11,1,1,010011,11,11,11,11
5055;lick;-;UP;Steve Coleman;-;-;-;-;-;-;50;29;2,2,2,3,2,2,2,2,2,2,2,4,4,2,2,2,1,1,4,1,2,3,4,2,2,2,2,2,2;01,11,11,110,11,11,11,11,11,11,11,0001,0111,11,01,01,1,1,0001,1,11,011,0001,11,11,11,11,11,11
5056;line;-;MEDIUM SLOW;Hank Mobley;-;-;-;-;-;-;12;6;4,2,1,2,8,1;0111,11,1,01,00001111,1
5057;lick;-;UP;Clifford Brown;-;-;-;-;-;-;22;16;4,2,3,1,1,2,2,2,1,2,2,1,2,1,1,2;0111,01,110,1,1,11,11,01,1,01,11,1,01,1,1,01
5058;line;-;MEDIUM;Joshua Redman;-;-;-;-;-;-;43;10;4,5,4,4,4,4,6,5,4,4;1111,11111,1111,1101,1111,1111,111111,11111,1111,1111
5059;line;-;UP;John Coltrane;-;-;-;-;-;-;39;24;2,4,3,2,2,2,2,2,1,2,2,2,2,2,2,2,3,2,1,2,2,2,2,2;01,0011,111,01,01,11,11,11,1,11,11,11,11,11,11,01,110,01,1,11,01,01,01,11
5060;lick;-;MEDIUM UP;Bob Berg;-;-;-;-;-;-;42;22;1,2,4,4,3,3,4,2,2,1,2,1,2,2,2,2,2,2,2,2,1,2;1,11,1101,1101,011,111,1111,01,11,1,11,1,01,11,11,11,01,11,11,11,1,11
5061;lick;-;UP;Kai Winding;-;-;-;-;-;-;6;5;2,2,1,4,2;01,01,1,0001,11
5062;lick;-;UP;Michael Brecker;-;-;-;-;-;-;10;5;5,1,2,4,1;11011,1,11,1001,1
5063;lick;-;MEDIUM;J.J. Johnson;-;-;-;-;-;-;16;10;4,6,2,1,2,1,2,2,2,2;1110,000011,11,1,01,1,11,01,01,11
5064;lick;-;UP;John Coltrane;-;-;-;-;-;-;7;5;2,2,2,1,1;11,01,11,1,1
5065;lick;-;UP;Steve Coleman;-;-;-;-;-;-;12;8;4,2,3,2,2,1,2,1;1001,11,011,01,11,1,01,1
5066;line;-;UP;John Coltrane;-;-;-;-;-;-;26;15;2,1,2,2,3,2,2,4,2,2,3,2,1,2,3;11,1,11,11,011,01,11,0001,11,11,011,11,1,11,011
5067;lick;-;UP;John Coltrane;-;-;-;-;-;-;8;5;4,4,3,4,1;1011,0001,011,0001,1
5068;line;-;UP;Bob Berg;-;-;-;-;-;-;39;20;2,2,4,4,1,1,2,2,2,2,2,2,2,2,2,2,2,2,2,2;11,11,0011,1011,1,1,11,11,11,11,11,11,11,11,11,11,11,11,11,11
5069;lick;-;MEDIUM;Bob Berg;-;-;-;-;-;-;17;7;1,6,6,2,2,6,2;1,011011,010111,11,01,001011,11
5070;lick;-;UP;Pat Metheny;-;-;-;-;-;-;9;6;2,3,2,1,1,1;11,011,11,1,1,1
5071;lick;-;MEDIUM;Wayne Shorter;-;-;-;-;-;-;5;1;6;101111
5072;lick;-;UP;Wynton Marsalis;-;-;-;-;-;-;8;4;3,3,3,4;111,011,110,0001
5073;lick;-;UP;Zoot Sims;-;-;-;-;-;-;11;9;3,2,1,2,2,2,1,1,1;011,01,1,01,11,01,1,1,1
5074;lick;-;UP;Steve Coleman;-;-;-;-;-;-;33;18;2,2,2,4,3,2,2,2,2,2,2,2,2,2,2,2,4,2;11,11,11,0001,111,01,11,11,11,11,11,11,11,11,01,11,0001,11
5075;lick;-;MEDIUM UP;Paul Desmond;-;-;-;-;-;-;15;10;2,2,1,1,4,4,1,4,1,2;11,11,1,1,1001,0001,1,1001,1,11
5076;line;-;UP;Herbie Hancock;-;-;-;-;-;-;11;7;2,1,2,2,2,2,3;01,1,11,11,01,11,110
5077;lick;-;MEDIUM UP;Sonny Stitt;-;-;-;-;-;-;4;4;4,1,2,2;0001,1,01,01
5078;line;-;UP;John Coltrane;-;-;-;-;-;-;4;2;4,2;1001,11
5079;lick;-;MEDIUM;Miles Davis;-;-;-;-;-;-;15;8;4,2,4,1,2,4,2,4;0011,11,1110,1,11,0011,11,0001
5080;lick;-;UP;Miles Davis;-;-;-;-;-;-;9;7;4,1,4,2,1,2,1;0011,1,0001,01,1,11,1
5081;line;-;UP;Lee Konitz;-;-;-;-;-;-;67;34;2,2,2,2,2,2,2,2,2,2,1,3,4,6,4,2,4,2,4,2,2,2,2,2,2,4,2,2,2,2,2,6,2,2;11,11,11,11,11,11,11,11,11,11,1,011,0001,010011,1011,01,1011,01,1101,01,11,11,11,11,11,0001,11,11,11,11,11,110001,11,11
5082;lick;-;UP;Lee Konitz;-;-;-;-;-;-;10;5;1,2,4,3,2;1,11,1011,011,11
5083;lick;-;UP;Steve Coleman;-;-;-;-;-;-;21;9;4,2,1,4,2,4,2,2,2;1011,11,1,1110,11,1111,11,11,11
5084;lick;-;UP;Dizzy Gillespie;-;-;-;-;-;-;39;17;5,4,3,4,3,2,1,1,2,4,4,1,2,2,2,2,4;11111,0111,111,1011,011,11,1,1,01,1101,1111,1,11,11,11,01,0111
5085;lick;-;MEDIUM;Wayne Shorter;-;-;-;-;-;-;13;7;4,3,2,2,2,4,4;1101,110,11,01,01,0011,0011
5086;lick;-;UP;Gerry Mulligan;-;-;-;-;-;-;31;21;2,2,4,2,2,4,2,2,1,2,1,2,2,2,4,2,1,1,2,1,2;11,11,0001,01,11,0001,11,01,1,11,1,01,11,11,0110,11,1,1,01,1,11
5087;lick;-;UP;Gerry Mulligan;-;-;-;-;-;-;15;10;2,2,1,1,2,2,2,1,2,4;11,11,1,1,11,01,01,1,11,0011
5088;lick;-;MEDIUM;Wayne Shorter;-;-;-;-;-;-;14;4;4,6,7,1,4;0111,010111,0100011,0,1111
5089;line;-;UP;John Coltrane;-;-;-;-;-;-;12;6;3,2,2,2,2,2;011,11,11,11,11,11
5090;line;-;UP;David Liebman;-;-;-;-;-;-;42;23;2,2,1,3,2,3,3,2,1,3,4,2,1,1,2,2,2,2,2,4,3,2,4;11,01,1,110,11,111,111,11,1,111,0001,01,1,1,11,11,11,01,11,1011,011,01,1101
5091;lick;-;UP;Pat Metheny;-;-;-;-;-;-;56;40;4,2,2,2,2,2,1,1,1,1,4,2,2,2,1,2,2,1,1,1,1,1,2,2,1,1,1,2,2,2,4,2,1,2,1,1,4,2,2,2;0011,11,11,11,11,11,1,1,1,1,0011,01,01,11,1,11,01,1,1,1,1,1,01,11,1,1,1,11,11,11,0001,01,1,11,1,1,1001,11,01,01
5092;lick;-;UP;Woody Shaw;-;-;-;-;-;-;11;7;2,2,2,2,1,2,1;11,01,11,11,1,11,1
5093;lick;-;UP;Joshua Redman;-;-;-;-;-;-;7;4;1,5,2,2;1,10001,11,11
5094;line;-;UP;Chris Potter;-;-;-;-;-;-;37;18;2,2,2,2,2,2,4,4,2,3,4,2,2,2,3,2,2,2;11,01,11,11,11,11,1101,0001,11,011,1101,11,11,11,111,11,11,11
5095;line;-;UP;John Coltrane;-;-;-;-;-;-;12;6;6,4,2,4,1,1;001111,1011,11,0001,1,1
5096;line;-;UP;John Coltrane;-;-;-;-;-;-;16;7;4,2,4,3,2,2,2;1001,11,1101,111,11,11,11
5097;line;-;UP;John Coltrane;-;-;-;-;-;-;18;10;2,2,2,2,2,1,2,4,3,3;11,11,11,01,11,1,11,0001,111,011
5098;lick;-;UP;John Coltrane;-;-;-;-;-;-;14;8;3,1,1,4,2,2,1,2;011,1,1,0111,11,11,1,11
5099;line;-;MEDIUM;George Coleman;-;-;-;-;-;-;32;9;6,3,8,4,4,4,8,2,4;101111,111,00101011,1111,0111,1111,01011101,01,0111
5100;line;-;UP;John Coltrane;-;-;-;-;-;-;34;17;2,2,1,4,2,3,2,3,5,6,2,2,2,2,2,3,2;11,11,1,1001,01,111,11,011,00111,110101,11,01,11,01,01,111,11
5101;lick;-;MEDIUM;Kenny Dorham;-;-;-;-;-;-;6;3;4,1,8;0111,1,00100001
5102;line;-;UP;John Coltrane;-;-;-;-;-;-;8;5;2,2,1,2,2;01,11,1,11,11
5103;lick;-;UP;Chet Baker;-;-;-;-;-;-;11;9;1,1,1,2,2,2,1,2,1;1,1,1,01,01,11,1,11,1
5104;line;-;MEDIUM;Pepper Adams;-;-;-;-;-;-;21;9;4,4,6,8,4,1,1,4,1,4;0111,1111,000001,00001011,0111,1,0,0011,0,1111
5105;line;-;UP;Stan Getz;-;-;-;-;-;-;31;16;2,1,4,2,2,2,2,2,2,2,3,3,2,2,2,2;11,1,1011,11,01,11,11,11,11,11,111,011,01,11,11,11
5106;lick;-;UP;John Coltrane;-;-;-;-;-;-;12;6;3,3,4,3,1,2;011,011,1011,110,1,11
5107;lick;-;UP;Joe Lovano;-;-;-;-;-;-;5;4;2,1,1,1;11,1,1,1
5108;lick;-;MEDIUM UP;Fats Navarro;-;-;-;-;-;-;18;6;4,4,4,1,4,4;1110,0111,1111,1,1111,1101
5109;lick;-;UP;Herbie Hancock;-;-;-;-;-;-;7;6;2,1,1,2,1,2;11,1,1,01,1,01
5110;lick;-;MEDIUM UP;Steve Lacy;-;-;-;-;-;-;6;4;2,1,2,2;11,1,01,11
5111;lick;-;MEDIUM;Joe Henderson;-;-;-;-;-;-;7;4;2,3,2,3;01,110,01,111
5112;lick;-;MEDIUM UP;David Liebman;-;-;-;-;-;-;6;3;2,6,3;11,000101,011
5113;lick;-;MEDIUM UP;Kenny Dorham;-;-;-;-;-;-;9;4;2,2,2,3;11,11,11,111
5114;lick;-;UP;John Coltrane;-;-;-;-;-;-;7;5;1,1,2,1,4;1,1,11,1,1001
5115;line;-;MEDIUM UP;Kenny Dorham;-;-;-;-;-;-;16;8;2,2,2,4,2,2,1,4;11,11,11,0001,11,11,1,1111
5116;line;-;MEDIUM UP;Woody Shaw;-;-;-;-;-;-;19;6;2,4,4,4,4,4;01,1111,1111,1101,1101,1111
5117;line;-;MEDIUM UP;Cannonball Adderley;-;-;-;-;-;-;31;14;4,2,2,2,2,3,2,2,2,4,2,4,2,4;1111,11,11,11,11,111,11,11,11,1100,11,1001,11,1001
5118;lick;-;MEDIUM UP;Miles Davis;-;-;-;-;-;-;4;2;2,4;11,0110
5119;lick;-;UP;John Coltrane;-;-;-;-;-;-;2;1;2;11
5120;lick;-;UP;John Coltrane;-;-;-;-;-;-;3;1;4;0111
5121;lick;-;UP;Steve Coleman;-;-;-;-;-;-;45;28;2,1,2,1,1,1,4,2,2,4,2,2,1,2,2,2,4,2,2,6,4,1,4,1,1,1,1,2;01,1,01,1,1,1,1101,11,01,1011,11,11,1,11,11,11,1101,01,01,001001,0011,1,1110,1,1,1,1,11
5122;line;-;MEDIUM;Pepper Adams;-;-;-;-;-;-;36;12;4,4,4,4,4,4,4,4,4,4,3,6;1111,1111,0011,0111,1111,0011,1111,0001,1111,1001,110,101011
5123;line;-;UP;Michael Brecker;-;-;-;-;-;-;79;37;4,3,4,4,4,2,2,2,2,4,2,2,2,2,2,2,2,3,2,2,1,1,4,2,2,3,2,2,3,2,4,3,5,4,2,2,3;1100,111,1111,0001,1101,11,11,11,11,1111,11,11,01,01,11,01,11,011,11,01,1,1,0111,11,01,111,11,11,011,01,1111,011,11111,1111,11,01,011
5124;lick;-;MEDIUM;Dexter Gordon;-;-;-;-;-;-;4;2;2,2;11,11
5125;lick;-;UP;Don Ellis;-;-;-;-;-;-;9;6;1,2,2,2,2,3;1,01,01,11,11,011
5126;line;-;UP;Wynton Marsalis;-;-;-;-;-;-;37;24;1,2,2,2,2,2,2,1,1,1,4,2,4,2,2,2,2,2,1,1,2,2,2,1;1,01,11,11,11,11,11,1,1,1,1100,11,0001,11,01,11,11,11,1,1,11,11,01,1
5127;line;-;UP;John Coltrane;-;-;-;-;-;-;16;9;1,2,2,4,2,4,3,2,1;1,11,11,1110,01,0110,011,11,1
5128;lick;-;MEDIUM;Freddie Hubbard;-;-;-;-;-;-;17;7;4,2,2,4,4,3,3;1011,01,11,1011,1111,011,011
5129;line;-;MEDIUM SLOW;Pepper Adams;-;-;-;-;-;-;21;8;1,4,3,5,4,8,6,1;1,1001,111,01111,1111,10100101,100001,1
5130;lick;-;MEDIUM UP;Cannonball Adderley;-;-;-;-;-;-;16;12;2,2,4,1,1,1,1,1,1,4,1,2;11,11,1001,1,1,1,1,1,1,1001,1,01
5131;lick;-;UP;Joe Lovano;-;-;-;-;-;-;9;7;3,4,1,1,1,1,4;110,0001,1,1,1,1,1001
5132;lick;-;UP;Stan Getz;-;-;-;-;-;-;14;8;1,2,2,2,4,2,2,2;1,11,11,11,0001,11,11,11
5133;lick;-;UP;Miles Davis;-;-;-;-;-;-;11;7;2,2,2,1,2,2,2;01,11,11,1,01,11,11
5134;line;-;UP;John Coltrane;-;-;-;-;-;-;4;2;2,2;11,11
5135;line;-;UP;Joe Lovano;-;-;-;-;-;-;31;17;4,1,1,2,4,4,2,3,1,1,2,2,4,4,4,1,1;1100,1,1,11,0011,1011,11,011,1,1,01,11,1011,1001,1111,1,1
5136;lick;-;UP;John Coltrane;-;-;-;-;-;-;4;2;4,2;1100,11
5137;line;-;MEDIUM UP;Charlie Parker;-;-;-;-;-;-;14;8;4,1,1,2,2,2,2,2;0011,1,1,11,11,11,11,11
5138;lick;-;UP;Miles Davis;-;-;-;-;-;-;18;11;4,1,1,2,3,2,2,2,4,2,2;0011,1,1,01,011,11,11,01,1001,11,11
5139;line;-;MEDIUM;Joshua Redman;-;-;-;-;-;-;32;17;3,4,4,4,8,6,1,1,1,1,1,1,1,1,1,1,1;111,1111,1111,1101,00000111,011011,1,1,1,1,1,1,1,1,1,1,1
5140;line;-;UP;Steve Turre;-;-;-;-;-;-;19;11;2,2,2,2,1,2,2,2,2,2,2;01,11,11,11,1,11,11,01,11,11,11
5141;lick;-;MEDIUM SLOW;Steve Coleman;-;-;-;-;-;-;28;10;4,5,4,4,4,4,4,6,4,4;1111,10111,1011,1001,0011,1111,0011,000011,1110,0110
5142;lick;-;UP;Chet Baker;-;-;-;-;-;-;35;25;1,1,1,1,1,4,2,4,1,2,2,2,2,3,1,6,2,2,2,1,2,2,2,2,2;1,1,1,1,1,0011,11,0001,1,01,01,01,01,110,1,010001,11,11,11,1,01,11,11,01,11
5143;line;-;UP;Kenny Dorham;-;-;-;-;-;-;12;8;2,2,3,4,2,2,2,2;01,11,111,0001,01,01,01,11
5144;line;-;UP;Art Pepper;-;-;-;-;-;-;30;17;2,2,2,2,1,2,2,2,2,2,2,2,2,4,4,2,2;11,11,01,11,1,11,11,11,11,11,11,11,11,0001,0011,11,01
5145;lick;-;UP;Pepper Adams;-;-;-;-;-;-;7;4;4,2,3,2;0001,01,111,11
5146;lick;-;MEDIUM UP;Steve Lacy;-;-;-;-;-;-;21;10;3,4,6,3,2,5,2,2,3,2;110,0001,111000,110,01,01111,11,11,110,11
5147;line;-;UP;Chris Potter;-;-;-;-;-;-;9;5;2,2,2,1,2;11,11,11,1,11
5148;lick;-;UP;John Coltrane;-;-;-;-;-;-;7;4;2,2,2,2;11,11,01,11
5149;lick;-;MEDIUM UP;Joe Henderson;-;-;-;-;-;-;5;2;3,2;111,11
5150;line;-;UP;Gerry Mulligan;-;-;-;-;-;-;22;13;2,1,1,2,2,2,2,2,2,2,2,2,2;11,1,1,11,01,11,11,11,11,11,01,11,11
5151;lick;-;MEDIUM UP;Art Pepper;-;-;-;-;-;-;29;16;1,2,2,2,2,1,1,6,2,2,2,2,2,6,3,2;1,11,11,11,11,1,1,000001,11,11,11,11,11,100111,011,01
5152;lick;-;MEDIUM UP;Clifford Brown;-;-;-;-;-;-;23;16;2,1,4,2,1,4,4,1,2,2,2,2,2,2,2,1;11,1,0001,11,1,0001,0011,1,11,11,01,01,01,11,11,1
5153;line;-;UP;David Liebman;-;-;-;-;-;-;38;18;2,1,4,4,4,1,3,4,2,3,4,2,1,4,4,2,4,4;11,1,1101,1001,1101,1,111,0011,01,111,1100,01,1,1011,1011,11,1100,1011
5154;lick;-;UP;Michael Brecker;-;-;-;-;-;-;76;44;2,2,2,4,2,4,6,2,4,1,1,1,2,2,2,2,1,2,4,2,2,4,3,3,4,4,2,2,1,1,4,4,3,1,4,2,1,1,2,2,2,2,2,4;11,11,01,1001,11,0001,010101,11,0001,1,1,1,11,11,11,01,1,01,0001,11,11,1001,111,011,1011,0111,11,11,1,1,0001,0001,011,1,0111,11,1,1,11,11,11,11,11,0011
5155;lick;-;UP;Sonny Rollins;-;-;-;-;-;-;6;4;2,2,4,2;01,01,1001,11
5156;line;-;MEDIUM;Dexter Gordon;-;-;-;-;-;-;40;10;4,4,6,4,8,6,4,6,4,6;1111,1111,010111,1111,01101011,101011,1111,010011,1111,101101
5157;line;-;UP;Joe Lovano;-;-;-;-;-;-;17;9;4,2,2,1,2,2,2,2,2;1101,11,11,1,11,01,11,11,11
5158;line;-;MEDIUM;Phil Woods;-;-;-;-;-;-;21;6;4,6,4,4,8,3;1111,011101,0111,0111,10010011,111
5159;line;-;UP;John Coltrane;-;-;-;-;-;-;13;7;2,2,2,2,2,1,3;11,11,11,11,01,1,111
5160;lick;-;MEDIUM UP;Clifford Brown;-;-;-;-;-;-;22;13;2,2,2,2,3,2,1,4,2,2,2,2,1;11,11,11,01,110,11,1,0011,11,11,01,11,1
5161;lick;-;MEDIUM;J.J. Johnson;-;-;-;-;-;-;18;7;1,4,4,3,3,3,4;1,1111,1011,011,111,111,0011
5162;line;-;UP;John Coltrane;-;-;-;-;-;-;73;36;1,2,2,1,2,2,2,3,4,2,2,2,4,2,2,4,3,3,2,2,2,2,3,2,2,2,2,2,1,3,3,4,4,1,2,2;1,01,11,1,01,01,11,111,1111,11,11,11,0001,11,11,1111,011,110,11,11,11,11,011,11,11,11,11,11,1,111,111,0111,1011,1,11,11
5163;line;-;UP;Dizzy Gillespie;-;-;-;-;-;-;17;10;2,2,2,2,2,3,2,1,4,2;11,01,11,11,01,011,01,1,1011,11
5164;line;-;UP;Lee Konitz;-;-;-;-;-;-;22;13;2,4,1,1,2,4,2,3,1,2,2,2,2;11,1001,1,1,11,0110,01,110,1,11,11,11,11
5165;lick;-;UP;John Coltrane;-;-;-;-;-;-;12;8;2,4,2,2,4,2,1,2;01,1011,01,01,0011,01,1,11
5166;lick;-;MEDIUM UP;Charlie Parker;-;-;-;-;-;-;25;12;3,2,4,4,2,4,2,4,1,4,2,4;011,11,0001,1111,11,1011,01,0001,1,0111,11,1011
5167;lick;-;UP;Miles Davis;-;-;-;-;-;-;7;6;1,2,1,4,2,2;1,01,1,0001,01,11
5168;line;-;MEDIUM;Pat Martino;-;-;-;-;-;-;22;6;4,4,4,4,4,4;0111,1111,1111,1111,0111,1111
5169;line;-;MEDIUM;Stan Getz;-;-;-;-;-;-;32;10;3,5,2,3,4,4,4,4,4,2;111,10111,11,111,1111,1111,1111,1111,1011,01
5170;lick;-;MEDIUM UP;Don Ellis;-;-;-;-;-;-;8;5;3,2,1,6,6;011,11,1,000001,000011
5171;line;-;MEDIUM UP;Wynton Marsalis;-;-;-;-;-;-;39;18;2,2,1,2,2,2,6,5,4,6,2,2,2,2,2,4,6,8;01,11,1,01,01,11,101101,01001,0111,011001,11,11,01,11,11,1001,001001,11100111
5172;lick;-;UP;Pat Metheny;-;-;-;-;-;-;16;13;1,1,1,1,2,2,2,2,1,1,1,1,1;1,1,1,1,11,01,11,11,1,1,1,1,1
5173;lick;-;UP;Branford Marsalis;-;-;-;-;-;-;21;14;2,4,4,1,2,2,4,4,2,2,2,2,1,1;01,1001,0001,1,11,11,1101,1001,01,01,11,01,1,1
5174;line;-;MEDIUM;Pepper Adams;-;-;-;-;-;-;16;4;6,4,4,6;010111,1111,0111,111101
5175;line;-;UP;Sonny Rollins;-;-;-;-;-;-;12;6;2,2,2,2,2,2;11,11,11,11,11,11
5176;line;-;UP;Fats Navarro;-;-;-;-;-;-;40;17;6,2,2,2,3,2,4,2,2,2,2,3,2,2,2,6,2;111110,11,11,11,111,01,1101,11,11,11,01,011,11,11,11,111110,11
5177;lick;-;UP;Paul Desmond;-;-;-;-;-;-;8;5;1,4,2,6,2;1,0001,11,010001,11
5178;lick;-;UP;Miles Davis;-;-;-;-;-;-;6;6;1,2,2,4,2,1;1,01,01,0001,01,1
5179;line;-;UP;Sonny Rollins;-;-;-;-;-;-;20;8;2,4,4,6,3,2,2,2;01,1101,1100,110111,111,11,11,11
5180;line;-;MEDIUM UP;Charlie Parker;-;-;-;-;-;-;13;4;6,4,2,4;111001,1111,11,1101
5181;lick;-;MEDIUM UP;John Coltrane;-;-;-;-;-;-;47;20;6,4,2,2,4,4,2,4,4,4,6,1,4,6,1,2,2,3,3,6;000001,1011,01,01,1111,1101,01,1111,1110,0001,101111,1,0011,110111,1,01,01,111,110,010111
5182;lick;-;MEDIUM;Sonny Rollins;-;-;-;-;-;-;19;7;4,4,4,4,4,4,1;0110,0110,1111,0111,1111,0111,1
5183;lick;-;MEDIUM;Joshua Redman;-;-;-;-;-;-;28;13;1,3,3,2,3,3,1,1,4,1,3,3,3;1,111,111,11,111,111,1,1,0011,1,110,111,111
5184;line;-;UP;Art Pepper;-;-;-;-;-;-;28;11;4,6,6,4,4,5,4,2,3,2,4;0001,101011,000011,0011,1111,01011,1001,11,011,11,1111
5185;lick;-;MEDIUM UP;John Coltrane;-;-;-;-;-;-;20;10;4,4,3,2,3,4,2,2,1,6;1111,0001,011,01,110,1110,01,11,1,000111
5186;lick;-;UP;Herbie Hancock;-;-;-;-;-;-;13;10;2,3,2,2,1,2,1,2,4,1;11,011,01,11,1,01,1,01,0001,1
5187;line;-;UP;Bob Berg;-;-;-;-;-;-;26;13;2,2,2,2,2,2,2,2,2,2,2,4,4;11,11,11,11,11,11,11,11,11,11,11,0001,1101
5188;line;-;MEDIUM;Pepper Adams;-;-;-;-;-;-;30;9;4,4,8,4,4,6,4,3,4;0011,0011,01010011,1111,1011,101011,1111,111,1111
5189;lick;-;MEDIUM UP;Steve Lacy;-;-;-;-;-;-;27;18;2,4,1,2,2,1,1,2,2,2,5,2,1,1,1,2,2,2;11,1001,1,11,01,1,1,01,11,01,00111,11,1,1,1,11,01,11
5190;line;-;UP;John Coltrane;-;-;-;-;-;-;46;24;2,2,2,3,3,4,3,2,2,2,3,1,2,2,2,3,1,2,2,3,2,2,3,4;01,11,11,011,011,0001,111,11,11,01,110,1,11,11,11,111,1,11,01,011,11,11,111,0111
5191;line;-;UP;Pat Metheny;-;-;-;-;-;-;20;18;1,1,2,4,6,1,2,1,3,1,1,1,1,1,2,1,3,1,2;1,1,11,0110,010001,0,11,0,110,0,1,0,1,0,11,0,110,0,11
5192;lick;-;MEDIUM;Pepper Adams;-;-;-;-;-;-;8;3;1,3,4;1,111,1111
5193;line;-;UP;Michael Brecker;-;-;-;-;-;-;50;24;2,2,2,4,2,2,2,2,4,3,2,3,2,1,1,4,2,2,3,4,3,2,2,2;11,11,01,1001,11,11,11,11,1101,111,11,011,11,1,1,1101,11,11,011,0111,111,11,11,11
5194;line;-;UP;Miles Davis;-;-;-;-;-;-;15;7;4,2,2,2,2,4,2;1101,11,11,11,11,1101,01
5195;line;-;MEDIUM UP;Warne Marsh;-;-;-;-;-;-;40;23;2,2,2,1,1,1,1,1,2,4,3,3,1,2,2,2,2,2,2,2,2,2,2;11,01,11,1,1,1,1,1,11,1011,111,111,1,11,11,01,11,11,11,01,11,11,11
5196;line;-;UP;Charlie Parker;-;-;-;-;-;-;5;3;2,1,2;11,1,11
5197;line;-;UP;Don Byas;-;-;-;-;-;-;65;33;2,3,2,2,2,2,2,2,2,2,2,2,1,4,2,4,2,4,2,1,3,4,2,2,2,1,4,2,2,2,2,2,2;11,111,11,01,11,11,11,11,11,11,11,11,1,1001,11,1101,11,0110,11,1,110,0111,11,11,11,1,1001,11,11,11,11,11,11
5198;lick;-;UP;Pat Metheny;-;-;-;-;-;-;23;19;1,1,1,1,4,2,1,1,1,2,2,2,1,1,2,2,2,2,2;1,1,1,1,0001,11,1,1,1,01,01,01,1,1,01,11,11,11,01
5199;lick;-;MEDIUM UP;Miles Davis;-;-;-;-;-;-;6;5;1,1,1,4,1;1,1,1,1001,1
5200;lick;-;UP;Clifford Brown;-;-;-;-;-;-;39;17;2,2,2,2,1,1,4,3,4,2,3,4,6,4,2,4,2;11,01,01,01,1,1,1011,111,1111,11,011,1111,101011,0011,11,1111,11
5201;lick;-;MEDIUM;Dexter Gordon;-;-;-;-;-;-;7;4;2,1,4,6;01,1,1111,000001
5202;lick;-;MEDIUM UP;Art Pepper;-;-;-;-;-;-;3;2;1,2;1,11
5203;lick;-;MEDIUM;Miles Davis;-;-;-;-;-;-;19;11;2,2,2,4,2,1,1,2,2,2,2;01,11,11,1001,11,1,1,11,11,11,11
5204;line;-;UP;Paul Desmond;-;-;-;-;-;-;52;35;1,2,2,2,2,2,2,2,2,1,2,2,2,4,2,2,1,1,1,1,1,1,1,2,1,1,2,2,2,2,2,1,2,2,2;1,11,11,11,11,01,11,11,11,1,11,11,01,1001,01,11,1,1,1,1,1,1,1,11,1,1,11,11,01,01,11,1,11,11,01
5205;lick;-;UP;John Coltrane;-;-;-;-;-;-;13;8;1,3,2,2,1,3,3,4;1,011,11,01,1,011,111,0001
5206;lick;-;UP;John Coltrane;-;-;-;-;-;-;12;6;1,4,3,4,1,3;1,1001,111,1100,1,111
5207;lick;-;UP;Miles Davis;-;-;-;-;-;-;6;4;2,1,2,1;11,1,11,1
5208;lick;-;MEDIUM UP;Curtis Fuller;-;-;-;-;-;-;5;5;2,2,2,2,4;01,01,01,01,0001
5209;line;-;MEDIUM UP;Fats Navarro;-;-;-;-;-;-;29;13;1,4,2,2,1,2,3,2,3,2,2,6,6;1,1111,01,11,1,11,111,11,111,11,11,010001,011011
5210;lick;-;MEDIUM UP;John Coltrane;-;-;-;-;-;-;37;18;2,6,6,6,5,8,6,4,2,1,1,2,4,2,2,1,4,8;01,010111,000001,100001,11111,10101101,000001,1011,01,1,1,01,1001,11,01,1,1001,00001011
5211;line;-;UP;Nat Adderley;-;-;-;-;-;-;18;10;4,2,1,1,1,4,2,4,3,2;1110,11,1,1,1,1011,11,0001,111,01
5212;line;-;UP;John Coltrane;-;-;-;-;-;-;8;5;1,3,2,2,1;1,011,11,11,1
5213;lick;-;UP;Woody Shaw;-;-;-;-;-;-;13;5;2,3,4,4,3;11,111,1110,1011,011
5214;lick;-;UP;Dexter Gordon;-;-;-;-;-;-;3;2;2,1;11,1
5215;line;-;UP;Steve Coleman;-;-;-;-;-;-;43;23;2,2,2,2,2,4,2,2,2,2,2,1,2,2,3,4,2,4,2,3,2,1,4;01,11,11,11,11,1011,11,01,11,11,01,1,01,11,011,0001,11,1110,11,111,01,1,1111
5216;lick;-;UP;John Coltrane;-;-;-;-;-;-;9;5;1,2,2,2,2;1,11,11,11,11
5217;lick;-;MEDIUM UP;Joe Henderson;-;-;-;-;-;-;29;13;2,6,1,2,4,6,4,2,2,3,2,3,3;11,101101,1,11,0111,000001,1001,11,11,111,11,011,111
5218;lick;-;MEDIUM UP;Woody Shaw;-;-;-;-;-;-;20;13;2,2,2,2,2,2,4,2,2,2,2,2,4;11,01,11,01,11,01,1100,11,01,01,11,01,0011
5219;lick;-;UP;John Abercrombie;-;-;-;-;-;-;15;12;2,2,1,2,4,2,2,4,2,1,2,1;11,11,1,01,0001,11,01,0001,01,1,01,1
5220;lick;-;MEDIUM;Wayne Shorter;-;-;-;-;-;-;4;3;1,2,4;1,01,0011
5221;lick;-;MEDIUM;Wynton Marsalis;-;-;-;-;-;-;11;9;1,1,2,1,1,1,1,4,2;1,1,01,1,1,1,1,1100,11
5222;lick;-;UP;Woody Shaw;-;-;-;-;-;-;20;12;2,2,1,1,3,4,2,2,4,1,1,3;01,11,1,1,111,0001,11,11,0011,1,1,111
5223;lick;-;UP;Herbie Hancock;-;-;-;-;-;-;6;4;3,2,1,2;011,11,1,01
5224;line;-;UP;Steve Turre;-;-;-;-;-;-;7;4;2,2,2,2;11,11,11,01
5225;line;-;MEDIUM UP;Eric Dolphy;-;-;-;-;-;-;27;9;2,3,6,6,1,4,4,2,2;11,111,111101,101111,1,1111,1011,11,11
5226;lick;-;MEDIUM;Wayne Shorter;-;-;-;-;-;-;6;3;2,3,2;01,111,11
5227;lick;-;MEDIUM UP;David Liebman;-;-;-;-;-;-;8;2;4,4;1111,1111
5228;lick;-;MEDIUM;J.J. Johnson;-;-;-;-;-;-;11;4;4,5,2,1;1110,11111,11,1
5229;line;-;UP;Wayne Shorter;-;-;-;-;-;-;42;23;2,2,2,2,2,2,2,2,1,2,2,2,2,2,3,2,2,2,4,2,2,2,2;11,01,11,11,01,01,11,01,1,11,11,11,11,11,111,01,11,11,1101,11,11,11,11
5230;lick;-;MEDIUM UP;Clifford Brown;-;-;-;-;-;-;9;5;2,2,2,2,2;11,01,11,11,11
5231;line;-;MEDIUM UP;Fats Navarro;-;-;-;-;-;-;15;5;4,4,4,4,4;1101,1111,1001,0111,0111
5232;line;-;MEDIUM UP;Cannonball Adderley;-;-;-;-;-;-;19;8;2,4,4,5,2,2,1,4;11,1110,1001,11001,11,11,1,1111
5233;line;-;UP;Dexter Gordon;-;-;-;-;-;-;16;8;6,2,3,2,1,3,3,4;010111,01,011,01,1,111,111,0001
5234;lick;-;UP;Dizzy Gillespie;-;-;-;-;-;-;9;5;1,2,2,2,2;1,11,11,11,11
5235;lick;-;MEDIUM UP;Clifford Brown;-;-;-;-;-;-;8;4;3,2,6,2;011,11,000011,11
5236;lick;-;MEDIUM;Wayne Shorter;-;-;-;-;-;-;6;3;4,2,2;0111,01,11
5237;line;-;MEDIUM UP;John Coltrane;-;-;-;-;-;-;14;6;4,6,4,4,2,2;1101,000001,1101,1111,01,11
5238;lick;-;MEDIUM UP;Sonny Rollins;-;-;-;-;-;-;6;4;2,1,6,2;01,1,010001,11
5239;lick;-;MEDIUM UP;Joe Henderson;-;-;-;-;-;-;18;9;1,3,1,2,3,2,4,4,3;1,011,1,11,110,11,1111,1100,011
5240;line;-;UP;Fats Navarro;-;-;-;-;-;-;28;17;2,2,4,2,1,4,3,1,2,2,2,2,2,2,4,1,1;11,11,0011,11,1,1101,111,1,11,11,11,01,01,01,0001,1,1
5241;lick;-;MEDIUM SLOW;Hank Mobley;-;-;-;-;-;-;9;5;6,3,1,5,1;000011,011,1,00111,1
5242;lick;-;UP;J.J. Johnson;-;-;-;-;-;-;20;13;1,1,1,3,3,1,2,2,1,2,4,1,1;1,1,1,110,111,1,11,11,1,11,1001,1,1
5243;line;-;MEDIUM SLOW;Steve Coleman;-;-;-;-;-;-;23;8;7,4,4,4,7,4,4,4;1101011,0011,1111,1011,0001001,0001,1011,1011
5244;line;-;MEDIUM;Wynton Marsalis;-;-;-;-;-;-;16;11;2,2,2,1,1,1,2,4,2,1,1;11,11,11,1,1,1,11,1001,01,1,1
5245;lick;-;MEDIUM UP;John Coltrane;-;-;-;-;-;-;11;5;2,2,6,6,4;01,11,000011,000111,0111
5246;lick;-;UP;Lee Konitz;-;-;-;-;-;-;7;5;1,3,1,1,2;1,011,1,1,11
5247;line;-;UP;Branford Marsalis;-;-;-;-;-;-;18;8;3,2,4,2,4,4,2,2;111,01,1011,11,1011,1011,11,01
5248;lick;-;UP;Stan Getz;-;-;-;-;-;-;12;10;1,1,2,1,1,2,2,2,4,2;1,1,01,1,1,11,11,01,0001,01
5249;lick;-;MEDIUM UP;Clifford Brown;-;-;-;-;-;-;11;5;6,3,1,3,6;011001,011,1,111,000101
5250;line;-;MEDIUM UP;Freddie Hubbard;-;-;-;-;-;-;11;8;1,2,2,1,2,4,4,1;1,11,11,1,01,0011,0001,1
5251;lick;-;MEDIUM;Freddie Hubbard;-;-;-;-;-;-;45;14;4,2,2,4,8,7,8,7,4,8,6,4,1,4;0001,11,11,0001,11010111,1111111,00001111,1111111,0001,11011111,000011,0001,1,0111
5252;line;-;MEDIUM;Michael Brecker;-;-;-;-;-;-;24;12;2,2,2,2,4,6,1,4,3,2,2,2;11,11,11,11,1001,010011,1,0011,011,11,11,11
5253;line;-;UP;Phil Woods;-;-;-;-;-;-;32;17;2,2,2,2,2,2,1,2,2,3,2,2,2,1,4,1,2;01,11,11,11,11,11,1,11,11,111,11,11,11,1,1011,1,11
5254;line;-;UP;John Coltrane;-;-;-;-;-;-;15;9;2,2,2,1,2,2,2,3,2;11,11,01,1,11,11,01,011,11
5255;line;-;MEDIUM UP;David Liebman;-;-;-;-;-;-;21;8;4,1,1,4,3,4,2,6;1011,1,1,1011,111,1111,11,010111
5256;line;-;UP;Joe Henderson;-;-;-;-;-;-;11;7;1,2,2,2,1,3,4;1,01,01,11,1,111,1001
5257;lick;-;UP;John Coltrane;-;-;-;-;-;-;8;4;4,3,2,4;0111,011,01,1100
5258;line;-;UP;John Coltrane;-;-;-;-;-;-;10;4;1,4,4,3;1,1011,1011,111
5259;line;-;MEDIUM UP;John Coltrane;-;-;-;-;-;-;25;11;2,4,4,4,4,4,2,4,2,3,3;01,0001,1101,1111,1111,1100,01,0111,11,011,110
5260;line;-;UP;Stan Getz;-;-;-;-;-;-;22;12;2,2,2,2,2,2,1,2,2,2,2,2;11,11,11,11,11,01,1,11,11,11,11,11
5261;lick;-;UP;Michael Brecker;-;-;-;-;-;-;36;19;2,2,2,2,2,2,4,2,2,2,2,2,2,4,2,2,4,3,2;01,11,11,11,01,11,1001,11,11,11,11,11,11,0011,11,11,0111,011,01
5262;lick;-;UP;Wayne Shorter;-;-;-;-;-;-;9;5;1,1,3,3,2;1,1,011,111,11
5263;line;-;MEDIUM UP;Joe Henderson;-;-;-;-;-;-;17;8;2,2,2,5,1,1,2,4;11,11,11,01011,1,1,11,1111
5264;lick;-;MEDIUM UP;Nat Adderley;-;-;-;-;-;-;7;5;1,1,1,2,2;1,1,1,11,11
5265;line;-;MEDIUM UP;Paul Desmond;-;-;-;-;-;-;3;2;1,2;1,11
5266;lick;-;UP;Miles Davis;-;-;-;-;-;-;3;3;1,1,1;1,1,1
5267;lick;-;UP;Steve Coleman;-;-;-;-;-;-;12;6;1,2,3,4,2,2;1,11,111,1011,01,11
5268;lick;-;UP;Phil Woods;-;-;-;-;-;-;20;12;2,2,1,1,2,2,2,4,2,2,3,2;01,11,1,1,11,01,11,0011,11,11,011,11
5269;line;-;MEDIUM;Sonny Rollins;-;-;-;-;-;-;20;6;6,10,4,4,5,2;010001,0101001111,0111,1111,00111,11
5270;lick;-;UP;Sonny Rollins;-;-;-;-;-;-;10;6;2,4,4,4,3,2;01,1001,0001,1001,111,01
5271;line;-;MEDIUM UP;Fats Navarro;-;-;-;-;-;-;33;12;4,6,4,4,4,2,4,4,4,2,2,2;1111,001001,0111,0111,1111,01,1101,1111,1111,01,11,11
5272;lick;-;UP;Zoot Sims;-;-;-;-;-;-;9;5;2,2,2,2,3;11,01,11,11,011
5273;lick;-;MEDIUM UP;Chet Baker;-;-;-;-;-;-;25;14;2,4,2,2,2,2,2,2,1,2,4,2,2,2;01,0011,11,11,11,11,11,11,1,11,0011,01,11,11
5274;lick;-;UP;Woody Shaw;-;-;-;-;-;-;3;2;2,2;11,01
5275;line;-;UP;Lee Konitz;-;-;-;-;-;-;16;8;2,2,2,2,2,2,2,2;11,11,11,11,11,11,11,11
5276;lick;-;MEDIUM UP;John Coltrane;-;-;-;-;-;-;9;4;2,2,4,1;11,11,1111,1
5277;line;-;UP;Sonny Rollins;-;-;-;-;-;-;12;6;2,4,1,2,2,6;01,0001,1,11,11,011111
5278;line;-;UP;Michael Brecker;-;-;-;-;-;-;7;5;2,2,2,2,2;11,01,01,11,01
5279;lick;-;MEDIUM SLOW;Steve Coleman;-;-;-;-;-;-;30;11;4,4,4,4,3,4,4,1,4,2,2;1111,1111,1111,0001,111,1111,0111,1,1111,01,01
5280;lick;-;MEDIUM UP;Joe Henderson;-;-;-;-;-;-;13;6;2,2,5,6,2,3;11,01,10111,001001,11,011
5281;lick;-;UP;Herbie Hancock;-;-;-;-;-;-;6;4;2,3,2,1;11,011,01,1
5282;lick;-;UP;Kai Winding;-;-;-;-;-;-;14;10;2,2,4,2,4,2,2,1,4,2;01,11,0001,11,0001,01,11,1,0001,11
5283;lick;-;MEDIUM;Miles Davis;-;-;-;-;-;-;8;5;4,2,2,2,1;1001,11,01,11,1
5284;line;-;MEDIUM;Dexter Gordon;-;-;-;-;-;-;31;11;4,4,2,2,2,2,2,4,3,6,4;1111,1111,11,11,11,01,11,1111,111,011011,0111
5285;lick;-;UP;Herbie Hancock;-;-;-;-;-;-;66;49;2,2,2,2,1,2,2,4,2,3,2,1,1,2,2,2,1,2,2,2,1,2,1,4,2,2,2,2,2,2,2,1,2,2,2,2,2,2,2,1,1,1,2,2,2,2,2,2,1;01,11,11,01,1,01,11,1001,01,011,01,1,1,11,11,01,1,01,01,11,1,01,1,0001,01,11,11,01,01,01,11,1,11,11,11,01,01,01,11,1,1,1,01,01,01,01,11,11,1
5286;lick;-;MEDIUM SLOW;Joe Lovano;-;-;-;-;-;-;11;4;4,3,4,3;1111,011,0011,111
5287;line;-;UP;Stan Getz;-;-;-;-;-;-;19;10;2,2,2,2,2,2,2,2,4,4;11,01,11,11,11,11,11,11,1011,0001
5288;line;-;UP;Warne Marsh;-;-;-;-;-;-;15;7;3,2,2,4,3,2,4;111,11,11,1001,111,11,0001
5289;line;-;MEDIUM;Pepper Adams;-;-;-;-;-;-;13;4;3,6,4,4;111,111011,1111,0001
5290;lick;-;UP;Steve Coleman;-;-;-;-;-;-;39;24;2,1,1,2,2,1,1,4,2,2,2,1,1,1,1,2,3,4,1,1,4,2,3,4;11,1,1,11,11,1,1,1101,11,11,11,1,1,1,1,11,011,0001,1,1,1101,11,011,0011
5291;lick;-;UP;Art Pepper;-;-;-;-;-;-;3;3;1,1,1;1,1,1
5292;line;-;UP;Steve Coleman;-;-;-;-;-;-;27;16;1,1,2,2,2,2,2,2,2,2,2,1,2,3,2,4;1,1,11,11,11,11,01,11,11,11,11,1,11,011,11,0001
5293;line;-;UP;Chris Potter;-;-;-;-;-;-;25;12;4,2,4,2,2,2,2,1,2,1,2,3;1101,11,1111,11,11,11,11,1,11,1,11,011
5294;line;-;UP;Michael Brecker;-;-;-;-;-;-;34;17;6,2,1,1,1,1,2,2,1,6,4,4,4,4,2,2,1;111011,11,1,1,1,1,11,11,1,001001,0001,1101,1111,1111,01,11,1
5295;line;-;UP;Paul Desmond;-;-;-;-;-;-;14;8;1,2,2,2,2,2,1,4;1,11,11,11,11,11,1,1001
5296;line;-;MEDIUM SLOW;Steve Coleman;-;-;-;-;-;-;13;6;2,4,3,4,4,2;01,0001,011,1111,1111,01
5297;lick;-;UP;John Coltrane;-;-;-;-;-;-;13;7;4,2,2,2,3,1,4;1001,11,11,11,111,1,0001
5298;line;-;MEDIUM UP;Steve Lacy;-;-;-;-;-;-;30;16;1,2,2,1,2,2,2,2,2,1,4,2,6,3,2,2;1,01,11,1,11,11,11,11,11,1,1111,01,001011,111,01,11
5299;lick;-;UP;Joe Henderson;-;-;-;-;-;-;8;5;3,2,2,1,4;011,01,11,1,1001
5300;lick;-;UP;Steve Coleman;-;-;-;-;-;-;8;6;2,2,2,2,1,2;01,11,11,01,1,01
5301;lick;-;MEDIUM;Miles Davis;-;-;-;-;-;-;19;10;2,2,2,2,4,2,4,2,1,2;11,01,11,01,1101,11,1101,11,1,11
5302;line;-;MEDIUM UP;Charlie Parker;-;-;-;-;-;-;29;13;2,4,4,1,4,4,2,4,4,1,4,2,2;11,0001,1111,1,1001,1111,11,0111,1111,1,0001,11,11
5303;lick;-;MEDIUM;Dexter Gordon;-;-;-;-;-;-;11;4;4,4,4,2;0110,1111,1111,01
5304;lick;-;UP;John Coltrane;-;-;-;-;-;-;6;3;3,2,3;111,01,110
5305;lick;-;UP;Joshua Redman;-;-;-;-;-;-;14;8;2,1,5,2,4,2,4,4;11,1,10001,11,0011,11,1001,0001
5306;line;-;UP;Miles Davis;-;-;-;-;-;-;51;26;2,2,2,4,5,4,2,2,2,3,2,2,1,1,3,4,3,2,2,2,2,2,2,3,2,2;11,11,01,1111,10111,0001,01,11,11,011,11,11,1,1,111,0001,011,11,11,11,11,11,11,011,11,11
5307;lick;-;UP;John Coltrane;-;-;-;-;-;-;12;9;2,2,2,1,1,3,2,2,1;11,01,11,1,1,011,01,01,1
5308;lick;-;MEDIUM;Miles Davis;-;-;-;-;-;-;11;4;2,4,4,4;11,1110,0011,1111
5309;lick;-;UP;Miles Davis;-;-;-;-;-;-;7;6;2,4,2,1,1,1;01,0001,11,1,1,1
5310;line;-;MEDIUM;David Murray;-;-;-;-;-;-;15;5;3,4,2,4,6;011,1101,11,1111,100111
5311;lick;-;MEDIUM;Wayne Shorter;-;-;-;-;-;-;16;6;2,1,8,2,2,5;11,1,00011011,11,11,11111
5312;line;-;MEDIUM UP;David Liebman;-;-;-;-;-;-;56;18;8,6,4,4,4,4,4,3,4,2,4,5,4,3,2,2,2,2;01111011,111111,1111,1111,1011,0011,1011,011,1111,11,0011,11111,1111,111,11,01,11,01
5313;line;-;UP;Paul Desmond;-;-;-;-;-;-;47;35;1,1,1,2,2,2,2,2,1,4,2,2,2,2,2,2,1,2,2,2,1,2,2,4,2,2,1,4,1,4,1,1,1,4,1;1,1,1,01,11,11,01,11,1,1001,11,01,11,11,01,11,1,01,01,11,1,11,01,0001,11,01,1,0001,1,1001,1,1,1,0001,1
5314;line;-;UP;Lee Konitz;-;-;-;-;-;-;22;12;2,2,2,1,4,1,2,2,2,2,2,2;11,11,11,1,1101,1,01,11,11,11,11,11
5315;line;-;UP;Michael Brecker;-;-;-;-;-;-;75;35;2,2,2,2,2,5,4,4,3,2,2,2,1,1,2,2,2,2,2,2,4,3,2,2,1,4,4,2,3,2,4,2,2,3,2;11,11,11,11,11,10111,1101,1111,011,11,11,11,1,1,11,11,11,11,11,01,1111,111,01,01,1,0111,1101,11,111,11,0110,11,11,011,11
5316;lick;-;UP;Wayne Shorter;-;-;-;-;-;-;3;2;2,2;01,11
5317;lick;-;UP;Lee Konitz;-;-;-;-;-;-;16;9;2,3,2,2,2,1,2,2,2;01,011,11,11,11,1,11,11,11
5318;lick;-;MEDIUM;Branford Marsalis;-;-;-;-;-;-;11;6;2,3,2,2,2,1;11,111,11,11,01,1
5319;lick;-;UP;David Liebman;-;-;-;-;-;-;8;6;2,4,1,2,2,2;01,1101,1,01,01,01
5320;lick;-;MEDIUM;Lee Morgan;-;-;-;-;-;-;7;3;4,3,2;1110,011,11
5321;line;-;UP;John Coltrane;-;-;-;-;-;-;3;2;2,1;11,1
5322;line;-;MEDIUM;Miles Davis;-;-;-;-;-;-;20;10;5,4,2,1,1,2,6,2,2,2;01111,0111,11,1,1,01,011011,01,01,11
5323;lick;-;MEDIUM UP;Freddie Hubbard;-;-;-;-;-;-;9;7;2,2,2,4,2,1,2;01,01,01,1001,01,1,11
5324;lick;-;MEDIUM UP;Cannonball Adderley;-;-;-;-;-;-;14;7;2,4,5,2,4,2,2;11,0001,01111,11,0001,11,11
5325;line;-;UP;Joe Henderson;-;-;-;-;-;-;30;18;2,2,2,2,2,1,2,2,2,2,2,2,2,4,2,2,2,1;01,11,11,11,11,1,11,11,01,01,11,11,11,1001,01,11,11,1
5326;lick;-;UP;Miles Davis;-;-;-;-;-;-;5;3;2,2,1;11,11,1
5327;lick;-;UP;Pat Metheny;-;-;-;-;-;-;31;19;2,4,3,2,1,1,3,2,4,2,2,2,2,2,2,2,1,4,2;11,1001,011,11,1,1,011,11,0011,01,11,11,01,01,01,11,1,1001,11
5328;lick;-;MEDIUM UP;Fats Navarro;-;-;-;-;-;-;8;3;2,6,3;11,001101,111
5329;lick;-;UP;Joe Lovano;-;-;-;-;-;-;9;5;2,2,2,2,2;11,11,11,11,01
5330;lick;-;UP;John Coltrane;-;-;-;-;-;-;10;5;2,3,2,2,2;11,111,11,01,11
5331;lick;-;UP;Phil Woods;-;-;-;-;-;-;21;15;2,1,4,2,1,4,1,2,2,2,1,4,1,1,1;11,1,1101,11,1,0001,1,01,11,11,1,0001,1,1,1
5332;lick;-;UP;Miles Davis;-;-;-;-;-;-;4;3;2,1,2;01,1,11
5333;line;-;UP;Fats Navarro;-;-;-;-;-;-;31;15;1,4,1,4,2,4,2,4,2,2,2,3,2,2,2;1,1110,1,1101,11,1110,11,0001,11,11,11,111,11,11,11
5334;line;-;UP;Herbie Hancock;-;-;-;-;-;-;7;4;2,2,2,2;11,11,11,01
5335;line;-;UP;Woody Shaw;-;-;-;-;-;-;28;16;2,2,1,1,4,2,2,4,2,2,2,2,4,1,2,2;11,11,1,1,1001,11,11,1001,01,01,11,11,1101,1,11,11
5336;line;-;MEDIUM UP;Wayne Shorter;-;-;-;-;-;-;18;10;1,2,3,1,1,1,6,4,1,1;1,01,111,1,1,1,101111,0111,1,1
5337;line;-;MEDIUM UP;Wayne Shorter;-;-;-;-;-;-;27;10;1,2,2,2,3,4,4,5,6,4;1,11,11,11,111,1101,0110,10111,011101,1111
5338;lick;-;MEDIUM UP;John Coltrane;-;-;-;-;-;-;22;9;4,4,4,3,3,3,2,6,4;1001,0001,1011,110,011,111,11,101111,0011
5339;line;-;UP;John Coltrane;-;-;-;-;-;-;23;13;4,2,2,2,1,4,1,1,2,3,2,2,2;1100,11,01,11,1,1111,1,1,11,011,01,11,11
5340;lick;-;MEDIUM;Miles Davis;-;-;-;-;-;-;7;4;1,2,1,4;1,11,1,1011
5341;line;-;UP;Paul Desmond;-;-;-;-;-;-;28;18;2,2,2,1,2,2,2,2,2,2,2,4,1,1,1,4,1,4;11,01,11,1,01,11,11,11,11,11,01,1001,1,1,1,1001,1,1001
5342;line;-;MEDIUM UP;Joe Henderson;-;-;-;-;-;-;16;4;3,4,6,6;111,0111,111111,001111
5343;line;-;MEDIUM;Stan Getz;-;-;-;-;-;-;16;10;1,1,1,1,1,1,1,1,4,4;1,1,1,1,1,1,1,1,1111,1111
5344;line;-;UP;John Coltrane;-;-;-;-;-;-;2;1;2;11
5345;lick;-;UP;John Coltrane;-;-;-;-;-;-;13;7;3,2,1,3,3,2,2;111,01,1,011,011,11,11
5346;lick;-;MEDIUM;Kenny Dorham;-;-;-;-;-;-;11;6;1,3,2,3,2,2;1,111,01,011,11,11
5347;line;-;UP;Steve Turre;-;-;-;-;-;-;21;12;1,2,3,3,1,2,2,2,2,2,1,2;1,11,011,111,1,11,11,11,11,11,1,01
5348;line;-;UP;Nat Adderley;-;-;-;-;-;-;17;10;1,1,1,2,2,4,4,2,2,3;1,1,1,11,11,0001,0110,11,11,111
5349;lick;-;MEDIUM;Wayne Shorter;-;-;-;-;-;-;34;15;2,3,2,2,1,3,2,4,3,4,3,6,1,2,5;11,111,01,01,1,111,11,0011,011,1111,110,101011,1,01,11111
5350;lick;-;UP;Joe Henderson;-;-;-;-;-;-;20;13;1,4,1,2,1,4,2,2,2,1,2,2,2;1,0111,1,01,1,0001,11,11,01,1,11,11,11
5351;line;-;MEDIUM UP;Bob Berg;-;-;-;-;-;-;40;14;4,3,2,2,2,2,2,1,5,4,4,4,4,4;1011,110,11,11,01,11,11,1,11111,1111,1111,1111,1111,1111
5352;lick;-;UP;Dizzy Gillespie;-;-;-;-;-;-;10;5;2,1,2,4,2;11,1,11,1011,11
5353;lick;-;UP;Wynton Marsalis;-;-;-;-;-;-;16;12;2,1,2,1,2,2,1,1,2,1,4,1;01,1,11,1,01,11,1,1,11,1,1001,1
5354;line;-;UP;Charlie Parker;-;-;-;-;-;-;31;15;4,2,3,4,2,4,2,2,3,2,2,2,2,2,2;1001,11,111,1011,01,1011,11,11,011,11,11,01,11,11,11
5355;line;-;MEDIUM;Eric Dolphy;-;-;-;-;-;-;42;10;6,6,4,4,6,6,3,6,5,6;011011,111110,1111,1111,110111,011101,110,111101,11011,101111
5356;lick;-;MEDIUM;John Coltrane;-;-;-;-;-;-;17;5;6,4,6,4,4;010111,1111,111101,1100,1100
5357;line;-;UP;Sonny Rollins;-;-;-;-;-;-;13;10;2,2,1,1,1,2,2,1,1,4;11,11,1,1,1,01,11,1,1,0001
5358;lick;-;MEDIUM UP;Freddie Hubbard;-;-;-;-;-;-;13;7;4,2,4,2,2,2,2;0001,11,1110,11,11,01,11
5359;line;-;UP;John Coltrane;-;-;-;-;-;-;30;15;4,2,3,2,2,2,2,6,2,2,4,3,4,1,2;1011,11,011,01,11,11,11,111011,01,11,0001,011,0011,1,11
5360;lick;-;MEDIUM UP;Art Pepper;-;-;-;-;-;-;6;4;1,1,6,2;1,1,010011,01
5361;line;-;UP;Joe Henderson;-;-;-;-;-;-;52;31;2,3,2,2,2,1,3,2,2,2,2,2,1,1,2,2,1,1,1,4,2,2,4,2,3,3,3,2,2,2,4;11,011,11,01,11,1,011,11,11,11,11,01,1,1,11,11,1,1,1,1011,01,01,0001,11,011,011,011,11,11,11,1001
5362;line;-;MEDIUM;Don Ellis;-;-;-;-;-;-;40;20;6,2,2,4,2,2,1,2,5,6,4,4,4,1,2,5,2,4,2,2;110001,11,11,0111,01,01,1,11,01111,010001,0001,1101,1101,1,01,01001,11,1001,11,11
5363;lick;-;UP;Kenny Dorham;-;-;-;-;-;-;6;3;4,4,2;1110,1001,01
5364;line;-;MEDIUM UP;John Coltrane;-;-;-;-;-;-;22;8;6,4,2,6,3,4,1,5;001011,1111,11,101011,111,0001,1,01111
5365;lick;-;UP;Dizzy Gillespie;-;-;-;-;-;-;45;19;4,4,2,4,4,4,3,3,4,4,4,4,6,2,1,1,2,4,1;1111,0001,11,1011,0001,1111,111,111,0001,1111,1111,1101,011110,11,1,1,11,0001,1
5366;lick;-;UP;John Coltrane;-;-;-;-;-;-;7;4;4,3,4,1;0001,011,0111,1
5367;line;-;MEDIUM UP;David Liebman;-;-;-;-;-;-;59;18;4,3,4,6,3,3,4,4,1,5,3,3,4,4,4,8,1,1;1111,011,1111,111011,111,011,1111,1111,1,11111,111,011,1111,1111,1111,10101111,1,1
5368;lick;-;UP;John Coltrane;-;-;-;-;-;-;5;3;1,2,2;1,11,11
5369;lick;-;MEDIUM SLOW;Steve Coleman;-;-;-;-;-;-;11;4;2,4,4,3;01,1111,1111,011
5370;lick;-;UP;Joe Lovano;-;-;-;-;-;-;8;5;4,2,1,4,4;1001,11,1,0011,0001
5371;lick;-;MEDIUM;Miles Davis;-;-;-;-;-;-;6;4;2,2,7,2;01,01,1000011,01
5372;line;-;UP;Lee Konitz;-;-;-;-;-;-;40;21;1,2,4,2,2,2,2,2,2,2,4,6,4,2,2,2,2,4,2,2,2;1,11,1001,11,11,11,11,11,11,11,1101,010001,0001,11,01,11,11,1001,11,11,11
5373;lick;-;MEDIUM SLOW;Pepper Adams;-;-;-;-;-;-;10;3;4,4,4;1111,1111,1100
5374;line;-;MEDIUM;Dexter Gordon;-;-;-;-;-;-;24;8;4,4,4,4,6,4,4,2;1100,1100,0011,1111,010111,1111,1111,11
5375;lick;-;MEDIUM;Steve Coleman;-;-;-;-;-;-;8;2;4,4;1111,1111
5376;lick;-;UP;John Coltrane;-;-;-;-;-;-;12;6;3,3,1,1,2,3;011,111,1,1,11,111
5377;lick;-;UP;J.J. Johnson;-;-;-;-;-;-;6;5;1,1,2,2,2;1,1,01,11,01
5378;lick;-;MEDIUM UP;Nat Adderley;-;-;-;-;-;-;11;7;2,1,1,1,1,4,6;11,1,1,1,1,0111,010001
5379;line;-;MEDIUM UP;Sonny Rollins;-;-;-;-;-;-;24;12;3,3,2,3,1,1,2,2,6,2,2,4;011,011,11,111,1,1,11,11,001001,11,11,1101
5380;lick;-;UP;John Coltrane;-;-;-;-;-;-;4;3;2,2,4;01,11,0001
5381;line;-;UP;Woody Shaw;-;-;-;-;-;-;11;6;2,2,2,2,2,2;11,11,11,11,01,11
5382;lick;-;UP;Michael Brecker;-;-;-;-;-;-;19;9;4,2,2,2,6,2,2,4,2;0011,11,11,11,111000,11,01,0111,11
5383;lick;-;UP;J.J. Johnson;-;-;-;-;-;-;25;15;4,4,1,1,1,2,3,1,2,2,2,2,2,1,2;1011,1001,1,1,1,11,011,1,11,01,11,11,11,1,11
5384;lick;-;UP;Woody Shaw;-;-;-;-;-;-;16;11;2,1,2,1,2,3,2,4,3,3,2;11,1,01,1,01,011,01,1001,110,011,01
5385;line;-;UP;Michael Brecker;-;-;-;-;-;-;33;14;4,6,4,2,2,2,2,3,5,1,2,2,2,2;1101,111011,1011,11,11,11,11,111,10111,1,11,01,01,11
5386;lick;-;MEDIUM;Miles Davis;-;-;-;-;-;-;4;3;2,1,2;11,1,01
5387;line;-;UP;Joe Lovano;-;-;-;-;-;-;11;7;2,2,2,2,2,1,4;11,01,11,11,11,1,0001
5388;lick;-;UP;John Coltrane;-;-;-;-;-;-;5;3;3,1,4;011,1,1001
5389;line;-;UP;Lee Konitz;-;-;-;-;-;-;47;23;2,2,2,2,2,2,3,2,2,4,2,4,4,2,2,2,2,2,3,3,2,2,2;11,11,01,11,11,11,111,11,11,0001,11,0001,1101,11,11,11,11,11,111,111,11,11,11
5390;lick;-;MEDIUM UP;Art Pepper;-;-;-;-;-;-;7;4;2,2,2,1;11,11,11,1
5391;line;-;UP;John Coltrane;-;-;-;-;-;-;52;28;2,3,4,2,2,2,2,1,2,4,2,2,2,2,1,2,2,2,2,1,4,2,2,2,3,6,3,3;01,011,1100,01,11,11,11,1,11,0001,11,11,11,11,1,11,11,11,01,1,1011,11,01,11,111,100001,111,111
5392;line;-;MEDIUM UP;Clifford Brown;-;-;-;-;-;-;27;11;2,2,2,3,2,6,4,4,3,2,2;11,11,11,011,11,011110,0111,1110,111,11,11
5393;line;-;UP;Warne Marsh;-;-;-;-;-;-;55;30;2,2,2,2,2,1,1,4,2,2,2,2,2,2,2,2,2,2,1,2,2,1,4,3,2,3,2,2,2,2;11,11,11,11,11,1,1,1001,11,01,01,11,11,11,11,11,11,11,1,11,11,1,1011,111,11,011,11,11,01,11
5394;lick;-;MEDIUM;Lee Konitz;-;-;-;-;-;-;29;11;4,4,4,4,2,4,2,2,4,5,6;0011,1111,1001,1111,11,1001,11,11,0001,10111,010111
5395;line;-;MEDIUM;Bob Berg;-;-;-;-;-;-;42;12;3,5,4,6,3,4,5,4,5,6,6,6;011,01111,0111,101001,011,1111,11111,0001,11111,111011,000111,101111
5396;line;-;MEDIUM UP;John Coltrane;-;-;-;-;-;-;15;4;4,4,4,6;1110,1111,1111,011011
5397;lick;-;UP;Miles Davis;-;-;-;-;-;-;12;6;2,2,2,2,4,4;11,11,11,11,0011,1001
5398;lick;-;MEDIUM UP;Cannonball Adderley;-;-;-;-;-;-;35;17;1,4,4,4,2,2,2,3,4,2,3,2,3,2,2,1,2;1,1111,1101,1001,01,11,01,111,1001,11,111,11,111,11,11,1,01
5399;lick;-;UP;Steve Lacy;-;-;-;-;-;-;2;2;1,1;1,1
5400;line;-;UP;Herbie Hancock;-;-;-;-;-;-;18;9;2,2,3,2,2,3,3,2,2;11,01,011,11,11,111,011,11,11
5401;line;-;UP;Bob Berg;-;-;-;-;-;-;41;19;2,4,4,6,3,1,1,2,2,2,2,4,4,2,2,2,2,2,2;11,1011,1111,101110,110,1,1,11,11,11,11,1101,1001,01,11,11,11,11,11
5402;line;-;UP;Miles Davis;-;-;-;-;-;-;30;16;2,2,4,2,2,2,1,2,2,2,1,4,2,2,2,2;11,11,1011,11,11,11,1,01,11,11,1,1111,01,11,01,11
5403;line;-;UP;Joe Henderson;-;-;-;-;-;-;34;20;2,2,2,4,2,2,4,1,3,2,1,2,1,4,4,1,4,4,2,2;11,11,11,0110,01,11,0001,1,011,01,1,11,1,0111,1001,1,1101,1001,01,11
5404;lick;-;MEDIUM;Joshua Redman;-;-;-;-;-;-;5;3;2,2,2;01,11,11
5405;lick;-;UP;Pat Metheny;-;-;-;-;-;-;13;10;1,2,2,2,2,2,2,2,2,2;1,01,01,11,11,01,01,01,11,01
5406;lick;-;UP;John Coltrane;-;-;-;-;-;-;14;8;3,3,4,6,4,2,6,2;011,110,0110,100001,0001,01,010001,11
5407;lick;-;UP;Kenny Dorham;-;-;-;-;-;-;10;5;1,1,4,4,6;1,1,1101,1001,011001
5408;line;-;MEDIUM UP;Woody Shaw;-;-;-;-;-;-;27;9;2,2,4,4,3,4,6,3,6;01,11,1111,1111,111,0001,011011,111,101111
5409;lick;-;MEDIUM;Eric Dolphy;-;-;-;-;-;-;4;2;2,3;01,111
5410;line;-;MEDIUM;Gerry Mulligan;-;-;-;-;-;-;7;4;2,6,2,4;11,010001,11,0001
5411;line;-;MEDIUM UP;Miles Davis;-;-;-;-;-;-;16;8;2,2,2,2,2,2,2,2;11,11,11,11,11,11,11,11
5412;line;-;MEDIUM;John Coltrane;-;-;-;-;-;-;40;10;4,6,5,6,4,6,6,5,6,5;0111,111100,10111,001111,1111,011011,000011,11111,111011,11111
5413;line;-;UP;Joe Henderson;-;-;-;-;-;-;39;20;2,2,1,4,2,4,2,3,4,2,2,1,2,2,2,2,1,2,4,2;11,01,1,1101,11,1101,11,011,1011,11,01,1,11,11,11,11,1,11,1101,11
5414;line;-;MEDIUM;Cannonball Adderley;-;-;-;-;-;-;6;3;3,2,2;011,11,11
5415;line;-;UP;Herbie Hancock;-;-;-;-;-;-;28;14;2,3,2,2,2,2,2,2,4,2,2,4,2,2;01,111,11,11,11,11,11,11,1011,11,11,0001,11,11
5416;lick;-;MEDIUM UP;Freddie Hubbard;-;-;-;-;-;-;18;12;2,1,4,2,2,1,4,2,1,4,1,2;01,1,1001,11,11,1,0001,11,1,1001,1,11
5417;lick;-;MEDIUM UP;Freddie Hubbard;-;-;-;-;-;-;20;12;2,1,1,1,4,3,3,4,2,3,1,1;11,1,1,1,1110,111,011,1001,01,110,1,1
5418;line;-;UP;Paul Desmond;-;-;-;-;-;-;19;14;2,2,2,2,4,2,4,1,1,4,1,2,2,1;01,11,01,11,0001,01,1001,1,1,1001,1,11,01,1
5419;lick;-;UP;Woody Shaw;-;-;-;-;-;-;5;3;2,2,1;11,11,1
5420;lick;-;MEDIUM;Clifford Brown;-;-;-;-;-;-;10;4;3,4,2,4;111,0110,11,0111
5421;lick;-;MEDIUM UP;John Coltrane;-;-;-;-;-;-;8;4;1,4,1,2;1,1111,1,11
5422;lick;-;MEDIUM UP;Charlie Parker;-;-;-;-;-;-;20;9;4,2,3,1,4,1,4,2,3;1101,11,011,1,1111,1,1101,01,111
5423;line;-;MEDIUM;Milt Jackson;-;-;-;-;-;-;20;9;4,4,4,1,1,4,8,3,1;0111,1111,0001,1,1,1101,01000011,111,1
5424;lick;-;MEDIUM;Lee Morgan;-;-;-;-;-;-;9;3;4,4,3;1001,1111,111
5425;lick;-;UP;J.J. Johnson;-;-;-;-;-;-;23;13;3,2,1,2,4,4,2,4,2,2,1,2,2;011,01,1,11,1001,1001,11,0011,11,11,1,11,11
5426;line;-;MEDIUM;Don Ellis;-;-;-;-;-;-;24;12;6,2,3,2,3,4,4,4,4,6,2,2;001001,11,111,11,111,1101,0001,1101,0001,010001,01,01
5427;lick;-;UP;Joe Henderson;-;-;-;-;-;-;9;5;2,4,1,4,2;01,1011,1,1001,11
5428;line;-;UP;Miles Davis;-;-;-;-;-;-;31;17;1,1,1,1,1,2,2,2,2,1,2,4,4,2,2,2,2;1,1,1,1,1,11,11,11,11,1,11,1011,1111,11,11,11,11
5429;lick;-;UP;Joe Lovano;-;-;-;-;-;-;9;5;4,2,3,2,1;1001,11,011,11,1
5430;lick;-;MEDIUM;Miles Davis;-;-;-;-;-;-;9;5;3,2,2,2,2;011,11,11,01,11
5431;line;-;UP;John Coltrane;-;-;-;-;-;-;25;11;4,8,4,3,4,4,2,2,1,2,2;1100,00100111,1011,111,1011,0001,11,11,1,11,11
5432;line;-;UP;David Liebman;-;-;-;-;-;-;36;15;2,2,1,4,2,3,4,3,1,2,2,4,2,3,3;11,11,1,1111,11,111,1101,111,1,11,11,1111,11,111,110
5433;lick;-;MEDIUM;Paul Desmond;-;-;-;-;-;-;7;4;1,4,4,4;1,0110,0111,0001
5434;lick;-;UP;John Coltrane;-;-;-;-;-;-;14;7;2,2,3,3,1,4,3;11,01,011,011,1,1011,111
5435;lick;-;UP;Wayne Shorter;-;-;-;-;-;-;2;2;1,2;1,01
5436;line;-;UP;John Coltrane;-;-;-;-;-;-;9;5;1,2,2,2,2;1,11,11,11,11
5437;lick;-;MEDIUM UP;Cannonball Adderley;-;-;-;-;-;-;9;4;4,6,2,4;1110,010001,11,1001
5438;lick;-;UP;Pat Metheny;-;-;-;-;-;-;43;32;2,1,1,4,2,2,3,2,4,1,1,1,1,1,1,2,2,1,4,4,1,1,2,2,2,1,2,1,1,1,2,2;01,1,1,1001,11,11,111,01,0011,1,1,1,1,1,1,11,01,1,0001,0001,1,1,11,11,11,1,01,1,1,1,11,01
5439;line;-;UP;Gerry Mulligan;-;-;-;-;-;-;40;25;2,1,1,2,2,2,1,1,1,2,1,1,3,2,2,2,2,2,2,1,2,2,2,2,2;11,1,1,11,11,01,1,1,1,11,1,1,110,11,11,11,11,11,11,1,01,11,11,11,11
5440;lick;-;UP;Miles Davis;-;-;-;-;-;-;6;5;2,2,2,1,2;01,11,01,1,01
5441;line;-;MEDIUM UP;John Coltrane;-;-;-;-;-;-;24;9;6,5,1,4,4,6,4,2,2;111110,00111,1,1111,0001,010111,1111,01,01
5442;line;-;UP;Chris Potter;-;-;-;-;-;-;29;14;2,3,3,2,2,2,2,2,2,1,4,2,2,2;11,111,111,11,11,11,11,11,11,1,0011,11,11,11
5443;lick;-;MEDIUM UP;John Coltrane;-;-;-;-;-;-;4;2;2,3;01,111
5444;lick;-;MEDIUM UP;John Coltrane;-;-;-;-;-;-;18;6;2,1,4,5,8,4;01,1,1111,01111,11011011,0110
5445;lick;-;MEDIUM UP;Miles Davis;-;-;-;-;-;-;8;5;2,2,2,2,1;11,11,01,11,1
5446;lick;-;UP;Joe Lovano;-;-;-;-;-;-;13;8;4,2,2,2,2,2,1,4;1100,01,11,01,11,01,1,0111
5447;lick;-;UP;Joe Lovano;-;-;-;-;-;-;28;20;1,1,1,4,2,1,2,2,2,1,2,2,2,2,2,2,2,2,4,1;1,1,1,0110,11,1,11,01,01,1,01,11,11,11,11,01,01,11,0001,1
5448;lick;-;UP;John Coltrane;-;-;-;-;-;-;13;6;2,2,3,3,3,4;11,11,111,111,011,0001
5449;line;-;UP;John Coltrane;-;-;-;-;-;-;5;4;1,1,2,2;1,1,01,11
5450;lick;-;MEDIUM UP;Sonny Stitt;-;-;-;-;-;-;8;4;6,4,6,4;000101,0111,000001,1001
5451;lick;-;MEDIUM;Dexter Gordon;-;-;-;-;-;-;9;4;2,2,2,3;11,11,11,111
5452;line;-;MEDIUM UP;Wayne Shorter;-;-;-;-;-;-;18;9;2,2,2,4,2,2,2,2,2;11,11,11,0110,11,11,11,11,11
5453;lick;-;UP;David Liebman;-;-;-;-;-;-;4;3;1,2,2;1,01,11
5454;line;-;UP;Clifford Brown;-;-;-;-;-;-;15;7;4,1,2,4,2,2,2;1011,1,11,1011,11,11,11
5455;line;-;MEDIUM UP;Lee Morgan;-;-;-;-;-;-;34;17;4,2,2,2,2,2,2,2,2,2,2,2,4,2,2,2,4;1111,11,11,11,11,01,11,01,01,01,11,01,1110,11,11,11,1111
5456;lick;-;MEDIUM UP;Cannonball Adderley;-;-;-;-;-;-;2;2;1,1;1,1
5457;line;-;UP;John Coltrane;-;-;-;-;-;-;66;36;2,2,2,2,1,2,2,2,2,2,4,2,4,3,1,2,2,2,2,2,2,4,2,4,3,2,3,2,2,2,2,3,3,2,2,2;01,11,11,11,1,11,11,01,11,11,0001,01,1011,011,1,11,11,11,11,11,11,0011,11,1011,111,11,011,01,01,01,11,111,011,11,11,01
5458;lick;-;UP;J.J. Johnson;-;-;-;-;-;-;18;13;1,1,2,2,2,2,4,3,2,2,1,2,2;1,1,11,11,01,01,1001,011,01,01,1,01,11
5459;lick;-;MEDIUM;Dexter Gordon;-;-;-;-;-;-;12;4;2,4,6,6;01,1101,010111,010111
5460;lick;-;UP;John Coltrane;-;-;-;-;-;-;3;2;2,1;11,1
5461;lick;-;UP;John Coltrane;-;-;-;-;-;-;12;6;4,2,2,3,1,4;1101,11,11,011,1,1001
5462;line;-;MEDIUM UP;Kenny Dorham;-;-;-;-;-;-;19;9;4,1,4,1,1,1,4,6,4;1001,1,1111,1,1,1,0111,110111,0001
5463;line;-;UP;Joe Lovano;-;-;-;-;-;-;33;16;1,2,2,2,6,3,3,1,1,2,1,2,2,2,2,4;1,11,11,11,101011,111,111,1,1,11,1,11,11,01,11,1111
5464;lick;-;MEDIUM UP;Miles Davis;-;-;-;-;-;-;12;10;1,1,2,4,3,1,4,2,1,1;1,1,11,0001,110,1,0001,01,1,1
5465;lick;-;MEDIUM UP;Hank Mobley;-;-;-;-;-;-;3;2;2,2;11,01
5466;lick;-;MEDIUM UP;Art Pepper;-;-;-;-;-;-;7;3;3,2,3;011,11,111
5467;lick;-;UP;Sonny Rollins;-;-;-;-;-;-;8;6;3,2,2,2,1,1;110,01,01,11,1,1
5468;line;-;UP;Joe Lovano;-;-;-;-;-;-;20;9;2,4,4,6,2,2,2,1,1;11,1011,1110,110111,11,01,11,1,1
5469;lick;-;UP;J.J. Johnson;-;-;-;-;-;-;20;13;2,2,2,2,1,2,1,1,2,4,1,2,1;11,11,11,11,1,11,1,1,11,0011,1,01,1
5470;lick;-;MEDIUM SLOW;Michael Brecker;-;-;-;-;-;-;3;3;4,1,1;0001,1,1
5471;line;-;MEDIUM UP;Sonny Stitt;-;-;-;-;-;-;26;10;3,1,4,4,2,2,3,4,2,4;111,1,1111,1110,11,11,111,1011,11,1011
5472;lick;-;MEDIUM;Cannonball Adderley;-;-;-;-;-;-;4;4;4,1,4,1;0001,1,0001,1
5473;line;-;UP;Michael Brecker;-;-;-;-;-;-;46;21;1,4,4,2,2,1,3,2,2,2,4,3,3,2,2,3,2,2,2,2,2;1,0111,0111,11,11,1,110,11,11,11,1111,111,111,01,11,111,11,11,11,11,11
5474;line;-;MEDIUM UP;Joe Henderson;-;-;-;-;-;-;9;4;3,2,2,2;111,11,11,11
5475;lick;-;MEDIUM;Freddie Hubbard;-;-;-;-;-;-;6;4;1,6,6,1;1,000011,010001,1
5476;lick;-;MEDIUM;Stan Getz;-;-;-;-;-;-;22;13;2,1,4,3,4,2,2,4,4,3,2,2,4;11,1,0001,111,0001,11,01,0001,0001,111,11,11,0110
5477;lick;-;MEDIUM;Wynton Marsalis;-;-;-;-;-;-;13;9;2,2,2,2,2,1,1,2,2;11,01,11,01,11,1,1,01,11
5478;line;-;MEDIUM UP;Bob Berg;-;-;-;-;-;-;29;10;2,2,4,5,4,4,4,4,4,1;11,11,1111,01111,1110,1100,0111,1111,1111,1
5479;lick;-;UP;Michael Brecker;-;-;-;-;-;-;11;7;1,4,3,2,1,2,1;1,1101,111,01,1,01,1
5480;lick;-;MEDIUM UP;Gerry Mulligan;-;-;-;-;-;-;13;7;4,4,4,4,1,2,4;1001,1111,0001,1001,1,01,1001
5481;lick;-;MEDIUM;Gerry Mulligan;-;-;-;-;-;-;7;3;6,2,4;010001,11,1101
5482;lick;-;MEDIUM;Gerry Mulligan;-;-;-;-;-;-;9;5;2,4,2,1,1;11,1110,11,1,1
5483;lick;-;UP;Kenny Dorham;-;-;-;-;-;-;5;4;2,2,2,1;01,11,01,1
5484;lick;-;MEDIUM UP;John Coltrane;-;-;-;-;-;-;10;4;5,4,2,1;10111,1111,01,1
5485;line;-;MEDIUM;Wayne Shorter;-;-;-;-;-;-;19;8;3,3,3,3,4,6,4,2;110,111,111,111,0001,010101,0011,11
5486;lick;-;UP;Phil Woods;-;-;-;-;-;-;4;2;4,2;0011,11
5487;line;-;MEDIUM UP;Freddie Hubbard;-;-;-;-;-;-;20;10;2,2,2,2,6,2,6,3,2,2;01,11,11,01,010011,11,001111,011,01,11
5488;line;-;UP;Michael Brecker;-;-;-;-;-;-;65;31;2,2,2,2,2,2,3,3,3,3,2,2,2,4,2,2,3,2,2,2,2,2,3,2,2,2,2,2,4,1,2;11,11,11,01,11,11,111,011,111,111,11,11,11,1111,11,11,111,11,11,11,11,11,111,11,01,11,01,01,1011,1,11
5489;lick;-;MEDIUM UP;John Coltrane;-;-;-;-;-;-;17;8;2,1,4,5,1,4,4,2;01,1,1011,01111,1,1110,0111,01
5490;line;-;MEDIUM UP;Woody Shaw;-;-;-;-;-;-;39;11;1,4,5,4,4,4,4,6,4,4,4;1,1111,11111,0111,1111,0111,0111,110111,1011,1111,1111
5491;lick;-;MEDIUM;Charlie Parker;-;-;-;-;-;-;6;3;2,4,2;11,0110,11
5492;line;-;MEDIUM;Bob Berg;-;-;-;-;-;-;30;10;4,6,2,2,4,3,2,4,4,4;1111,001011,11,11,1111,011,11,1111,0111,1111
5493;line;-;UP;Pepper Adams;-;-;-;-;-;-;10;5;2,2,2,4,2;11,11,11,1101,01
5494;line;-;UP;Joe Henderson;-;-;-;-;-;-;21;10;3,2,2,2,2,2,1,4,4,4;111,11,11,11,11,11,1,1110,0001,1110
5495;lick;-;UP;Art Pepper;-;-;-;-;-;-;4;2;4,4;0011,1001
5496;line;-;MEDIUM SLOW;Michael Brecker;-;-;-;-;-;-;33;7;6,10,8,5,4,4,5;111110,1111111111,11101011,00111,1111,0001,10111
5497;line;-;UP;Sonny Rollins;-;-;-;-;-;-;28;15;2,2,2,2,4,2,2,2,2,4,4,4,4,2,2;01,11,11,01,0110,11,11,11,11,1001,1001,0001,1101,11,11
5498;lick;-;UP;Miles Davis;-;-;-;-;-;-;6;4;1,1,1,4;1,1,1,1110
5499;line;-;UP;Nat Adderley;-;-;-;-;-;-;17;8;4,4,2,2,2,2,4,4;1101,1011,11,01,11,11,1101,0001
5500;lick;-;MEDIUM;Milt Jackson;-;-;-;-;-;-;21;9;4,1,1,2,4,3,3,4,2;1011,1,1,11,1101,111,111,0111,11
5501;lick;-;UP;Chet Baker;-;-;-;-;-;-;7;5;6,2,2,1,2;010001,01,11,1,01
5502;lick;-;UP;Hank Mobley;-;-;-;-;-;-;10;6;4,6,2,4,2,2;0001,000001,11,1011,11,01
5503;lick;-;UP;Sonny Rollins;-;-;-;-;-;-;63;45;2,2,2,2,2,1,2,2,2,2,2,2,2,2,2,4,1,2,2,2,1,2,2,1,1,1,1,4,4,2,2,2,2,2,2,1,2,1,2,2,2,2,1,2,1;01,01,11,01,11,1,01,11,01,11,11,11,01,11,01,1001,1,01,01,01,1,11,01,1,1,1,1,1001,1101,11,01,01,11,11,11,1,01,1,11,01,11,01,1,01,1
5504;lick;-;UP;Dexter Gordon;-;-;-;-;-;-;7;4;2,2,2,4;11,11,01,1100
5505;lick;-;UP;John Coltrane;-;-;-;-;-;-;8;5;2,2,1,1,2;11,11,1,1,11
5506;lick;-;UP;David Liebman;-;-;-;-;-;-;31;17;3,2,2,2,1,2,2,4,2,2,3,3,1,2,2,2,2;011,01,11,11,1,11,11,0001,11,11,011,111,1,11,11,11,11
5507;lick;-;MEDIUM;Zoot Sims;-;-;-;-;-;-;9;6;3,1,2,1,2,4;111,1,11,1,01,0001
5508;lick;-;MEDIUM UP;Don Ellis;-;-;-;-;-;-;21;12;6,2,2,1,4,6,1,1,6,2,4,4;100011,11,11,1,1001,000101,1,1,100011,01,0001,1100
5509;lick;-;UP;Chris Potter;-;-;-;-;-;-;3;2;1,2;1,11
5510;lick;-;UP;Chris Potter;-;-;-;-;-;-;30;17;1,2,1,3,2,3,1,2,2,2,2,2,2,3,2,2,2;1,11,1,111,11,011,1,01,11,11,11,11,11,110,01,11,11
5511;lick;-;UP;David Liebman;-;-;-;-;-;-;8;5;1,2,4,2,2;1,11,1001,01,11
5512;lick;-;UP;Dexter Gordon;-;-;-;-;-;-;12;7;2,6,3,1,6,4,2;11,010001,110,1,000011,1001,01
5513;line;-;UP;Kenny Dorham;-;-;-;-;-;-;20;11;4,4,2,2,2,2,2,2,2,2,1;1101,1001,11,11,11,11,11,11,01,01,1
5514;lick;-;MEDIUM;Freddie Hubbard;-;-;-;-;-;-;68;28;4,4,4,6,1,2,6,1,6,4,4,2,4,8,8,6,4,4,4,2,5,4,4,4,2,4,3,1;1110,0001,0011,111011,1,11,000011,1,000011,1101,1111,11,0001,00001111,11111011,011111,0011,0001,0111,11,00011,1111,0001,0001,01,1011,011,1
5515;lick;-;UP;John Coltrane;-;-;-;-;-;-;5;3;2,2,2;11,01,11
5516;lick;-;MEDIUM;Branford Marsalis;-;-;-;-;-;-;22;18;1,2,1,1,1,1,1,1,1,1,1,1,2,4,1,1,2,2;1,11,1,1,1,1,1,1,1,1,1,1,11,1001,1,1,01,11
5517;lick;-;MEDIUM;Zoot Sims;-;-;-;-;-;-;10;8;1,2,4,2,1,1,1,1;1,11,1001,01,1,1,1,1
5518;lick;-;MEDIUM;Steve Turre;-;-;-;-;-;-;13;5;3,4,2,8,4;011,0111,11,00100001,1111
5519;lick;-;UP;John Coltrane;-;-;-;-;-;-;8;4;3,2,2,6;011,01,01,011110
5520;lick;-;UP;John Coltrane;-;-;-;-;-;-;11;7;4,2,2,2,4,2,4;0001,11,11,11,0001,11,0001
5521;lick;-;UP;Lee Konitz;-;-;-;-;-;-;6;5;1,1,2,2,2;1,1,01,11,01
5522;lick;-;UP;Stan Getz;-;-;-;-;-;-;10;6;2,2,2,2,2,2;11,11,11,01,01,11
5523;lick;-;MEDIUM UP;Charlie Parker;-;-;-;-;-;-;25;13;6,2,2,5,2,2,3,2,2,2,6,2,1;000011,11,11,00111,11,11,011,11,11,11,010001,01,1
5524;lick;-;MEDIUM;Dexter Gordon;-;-;-;-;-;-;12;6;6,2,2,2,6,1;101111,01,11,01,001001,1
5525;lick;-;UP;Miles Davis;-;-;-;-;-;-;11;5;1,4,4,2,2;1,1011,1101,11,11
5526;lick;-;MEDIUM;Pat Martino;-;-;-;-;-;-;4;2;2,2;11,11
5527;line;-;UP;Paul Desmond;-;-;-;-;-;-;31;18;2,2,2,2,2,2,2,4,1,2,2,2,2,4,2,1,1,1;11,11,11,11,11,11,11,1001,1,11,01,11,11,1001,11,1,1,1
5528;line;-;UP;John Coltrane;-;-;-;-;-;-;33;18;3,3,2,3,2,2,2,2,2,1,2,4,1,2,1,2,2,2;011,011,11,011,11,11,11,11,11,1,11,1101,1,01,1,11,11,11
5529;lick;-;UP;J.J. Johnson;-;-;-;-;-;-;18;13;2,2,2,2,2,2,2,2,2,2,1,2,2;01,01,11,11,01,01,01,11,01,11,1,01,11
5530;lick;-;UP;Pat Metheny;-;-;-;-;-;-;23;15;3,3,2,2,2,2,2,2,3,4,1,1,4,1,1;011,011,11,11,01,01,11,11,111,0001,1,1,0001,1,1
5531;lick;-;MEDIUM UP;Sonny Stitt;-;-;-;-;-;-;15;8;2,4,3,1,4,1,6,1,3;01,0111,111,0,0011,0,011011,0,110
5532;lick;-;UP;Phil Woods;-;-;-;-;-;-;25;13;2,4,1,2,2,4,2,4,2,2,1,2,4;01,0011,1,11,11,0011,01,1011,11,11,1,11,1111
5533;line;-;UP;Woody Shaw;-;-;-;-;-;-;52;27;2,2,1,2,2,2,1,2,2,4,2,2,2,5,2,2,2,4,3,2,4,2,4,4,2,2,2;11,11,1,11,01,11,1,11,11,0001,11,11,11,01111,11,01,11,1011,011,01,1011,11,1001,1110,01,11,11
5534;lick;-;UP;John Coltrane;-;-;-;-;-;-;3;2;4,2;0001,11
5535;lick;-;MEDIUM;Michael Brecker;-;-;-;-;-;-;47;18;4,1,2,4,6,6,1,1,2,4,2,2,4,8,12,4,4,4;1111,1,11,0111,001001,010111,1,1,11,0001,01,11,0111,01001111,100101011111,1101,0111,0001
5536;lick;-;UP;John Coltrane;-;-;-;-;-;-;4;2;4,4;1011,0001
5537;line;-;UP;Wynton Marsalis;-;-;-;-;-;-;27;15;2,4,4,2,2,2,2,2,2,2,2,2,2,2,1;11,1011,1100,11,01,11,01,11,11,11,11,01,11,11,1
5538;line;-;UP;David Liebman;-;-;-;-;-;-;67;37;2,4,2,2,2,2,3,2,2,2,2,2,1,4,3,3,2,2,1,4,2,2,2,4,1,2,3,2,4,2,3,3,3,4,2,2,2;11,0001,11,01,11,11,110,11,01,01,11,01,1,1100,111,011,11,11,1,1011,01,11,11,0111,1,01,011,01,0001,11,111,111,011,1101,11,01,11
5539;lick;-;UP;Stan Getz;-;-;-;-;-;-;26;15;2,2,1,1,2,4,2,4,2,2,2,2,2,4,2;11,11,1,1,11,0001,11,1011,11,01,11,11,01,1011,01
5540;lick;-;UP;Lee Konitz;-;-;-;-;-;-;5;2;2,3;11,111
5541;lick;-;UP;David Liebman;-;-;-;-;-;-;22;16;3,3,1,2,1,1,2,2,2,1,2,2,1,1,1,1;011,110,1,01,1,1,11,01,11,1,11,11,1,1,1,1
5542;line;-;UP;John Coltrane;-;-;-;-;-;-;25;11;2,2,4,8,4,2,2,2,2,2,2;11,11,1111,00001011,0111,01,11,11,11,11,11
5543;line;-;UP;Wayne Shorter;-;-;-;-;-;-;15;8;2,2,2,2,2,2,1,2;11,11,11,11,11,11,1,11
5544;line;-;MEDIUM UP;Clifford Brown;-;-;-;-;-;-;16;7;2,2,3,4,4,2,3;11,11,011,0111,1001,11,111
5545;lick;-;MEDIUM UP;Miles Davis;-;-;-;-;-;-;3;3;1,1,1;1,1,1
5546;lick;-;MEDIUM UP;Woody Shaw;-;-;-;-;-;-;26;13;1,4,2,2,4,3,6,2,1,2,4,1,2;1,1101,11,01,1111,110,100011,11,1,11,1001,1,11
5547;line;-;MEDIUM;Pepper Adams;-;-;-;-;-;-;15;9;1,1,4,1,4,1,4,1,4;1,0,1110,0,1111,0,0111,0,1111
5548;line;-;MEDIUM;Steve Lacy;-;-;-;-;-;-;10;5;6,4,2,2,4;101001,0110,11,01,0110
5549;lick;-;MEDIUM SLOW;Steve Coleman;-;-;-;-;-;-;27;9;4,4,4,1,4,4,4,4,4;1111,0111,1111,1,0111,1111,0011,1111,0110
5550;lick;-;MEDIUM;Dexter Gordon;-;-;-;-;-;-;9;4;1,4,2,6;1,1100,11,011011
5551;line;-;MEDIUM UP;Cannonball Adderley;-;-;-;-;-;-;14;9;1,2,2,1,6,4,2,1,2;1,11,11,1,010001,1001,01,1,11
5552;lick;-;MEDIUM UP;Steve Lacy;-;-;-;-;-;-;31;18;2,1,2,2,4,4,1,2,2,6,2,1,2,1,2,1,2,6;11,1,11,01,1001,1101,1,11,11,100111,11,1,01,1,01,1,11,000011
5553;line;-;UP;Don Byas;-;-;-;-;-;-;18;9;3,2,2,2,4,3,2,4,2;011,11,11,11,0110,110,11,1001,11
5554;line;-;UP;Paul Desmond;-;-;-;-;-;-;2;1;2;11
5555;line;-;MEDIUM UP;Joe Henderson;-;-;-;-;-;-;7;2;6,2;110111,11
5556;line;-;UP;Herbie Hancock;-;-;-;-;-;-;23;14;2,2,2,2,2,1,2,2,2,3,2,2,2,2;01,11,11,11,11,1,01,01,11,011,11,01,11,11
5557;lick;-;MEDIUM;Paul Desmond;-;-;-;-;-;-;25;11;6,2,2,1,6,5,1,4,2,3,4;010001,11,11,1,000001,01111,1,0111,11,111,1111
5558;lick;-;MEDIUM;Woody Shaw;-;-;-;-;-;-;8;5;4,2,1,4,2;0011,11,1,0001,11
5559;lick;-;MEDIUM UP;Woody Shaw;-;-;-;-;-;-;30;12;6,2,4,4,2,2,1,4,3,2,7,6;010111,11,0001,1111,11,01,1,1111,111,11,1001111,000001
5560;lick;-;UP;Pat Metheny;-;-;-;-;-;-;11;9;1,4,1,1,1,1,1,2,2;1,1001,1,1,1,1,1,11,01
5561;lick;-;MEDIUM;Joe Henderson;-;-;-;-;-;-;9;4;4,2,2,4;1111,11,11,0001
5562;line;-;MEDIUM;Hank Mobley;-;-;-;-;-;-;23;7;4,2,2,4,6,4,8;1011,11,11,1111,101111,1101,10010101
5563;lick;-;UP;David Liebman;-;-;-;-;-;-;12;5;3,3,3,3,3;011,111,011,111,011
5564;line;-;UP;Joe Henderson;-;-;-;-;-;-;14;8;2,2,1,4,2,4,2,2;11,11,1,1001,11,1100,01,11
5565;line;-;UP;John Coltrane;-;-;-;-;-;-;38;18;2,1,1,3,3,3,4,4,2,2,2,2,2,2,3,3,4,1;11,1,1,111,011,011,1101,0001,11,11,11,11,11,11,111,111,1111,1
5566;lick;-;UP;David Liebman;-;-;-;-;-;-;9;4;2,2,4,2;11,11,1101,11
5567;lick;-;UP;John Coltrane;-;-;-;-;-;-;8;5;4,2,2,2,1;0011,11,11,01,1
5568;lick;-;UP;Bob Berg;-;-;-;-;-;-;5;2;2,4;11,1110
5569;line;-;MEDIUM UP;Cannonball Adderley;-;-;-;-;-;-;28;14;2,2,2,1,4,5,1,1,1,2,4,1,4,4;11,11,11,1,1101,11111,1,1,1,01,1001,1,0111,1101
5570;lick;-;MEDIUM;John Coltrane;-;-;-;-;-;-;23;5;6,4,8,6,5;111110,0111,11111110,011111,11001
5571;lick;-;UP;John Coltrane;-;-;-;-;-;-;5;4;1,3,1,2;1,110,1,01
5572;lick;-;UP;Gerry Mulligan;-;-;-;-;-;-;10;5;4,3,1,2,2;1001,111,1,11,11
5573;line;-;UP;Dexter Gordon;-;-;-;-;-;-;19;8;2,5,4,2,6,4,2,2;11,00111,0001,11,111100,1101,11,11
5574;lick;-;MEDIUM;Joe Henderson;-;-;-;-;-;-;8;3;4,4,4;1011,0001,1111
5575;line;-;MEDIUM UP;Curtis Fuller;-;-;-;-;-;-;2;2;1,1,2;1,0,01
5576;lick;-;UP;John Coltrane;-;-;-;-;-;-;7;5;4,1,1,2,2;0001,1,1,11,11
5577;line;-;MEDIUM;Steve Turre;-;-;-;-;-;-;17;6;6,2,4,3,6,3;101101,11,1111,011,001001,111
5578;lick;-;UP;John Coltrane;-;-;-;-;-;-;11;7;2,2,2,2,2,1,4;11,01,11,11,01,1,0011
5579;lick;-;UP;Chris Potter;-;-;-;-;-;-;6;5;1,1,1,1,2;1,1,1,1,11
5580;line;-;UP;Sonny Stitt;-;-;-;-;-;-;22;11;2,2,2,6,4,2,2,2,3,2,2;11,11,11,000011,1011,11,01,01,111,11,11
5581;lick;-;UP;Pat Metheny;-;-;-;-;-;-;8;7;1,1,1,1,1,1,2;1,1,1,1,1,1,11
5582;line;-;UP;Dexter Gordon;-;-;-;-;-;-;22;11;3,2,2,2,2,4,2,1,1,3,3;111,01,11,11,11,1011,11,1,1,111,011
5583;line;-;UP;Michael Brecker;-;-;-;-;-;-;28;14;4,4,3,2,4,2,2,2,2,2,2,2,2,2;1011,1111,111,01,1001,11,11,01,11,11,11,11,01,01
5584;lick;-;UP;David Liebman;-;-;-;-;-;-;11;6;2,3,3,4,1,4;01,110,011,0111,1,0011
5585;lick;-;UP;Paul Desmond;-;-;-;-;-;-;15;11;2,2,2,1,2,2,2,1,2,2,2;11,11,01,1,01,11,11,1,01,01,01
5586;lick;-;MEDIUM;Hank Mobley;-;-;-;-;-;-;3;2;8,1;00000011,1
5587;lick;-;UP;Joe Lovano;-;-;-;-;-;-;6;5;4,1,1,4,2;1100,1,1,0001,01
5588;line;-;UP;Dizzy Gillespie;-;-;-;-;-;-;17;9;2,4,2,1,4,2,1,2,2;11,1111,11,1,1001,01,1,11,11
5589;line;-;UP;Herbie Hancock;-;-;-;-;-;-;37;20;2,2,1,2,2,3,2,3,2,2,2,2,2,2,2,1,2,2,1,2;11,11,1,11,11,011,11,011,11,11,11,11,11,11,11,1,11,11,1,11
5590;lick;-;MEDIUM;David Liebman;-;-;-;-;-;-;4;4;1,1,1,1;1,1,1,1
5591;line;-;UP;Miles Davis;-;-;-;-;-;-;15;8;3,2,2,2,2,1,3,2;111,11,01,11,11,1,011,11
5592;line;-;MEDIUM SLOW;Steve Coleman;-;-;-;-;-;-;33;9;4,4,4,4,10,4,4,6,4;1111,1110,0110,1111,1010100101,1110,1111,010111,1111
5593;lick;-;UP;John Coltrane;-;-;-;-;-;-;11;7;2,1,1,4,3,1,3;01,1,1,1001,011,1,111
5594;lick;-;MEDIUM UP;Hank Mobley;-;-;-;-;-;-;13;5;2,2,4,6,6;11,11,0111,000111,100101
5595;line;-;UP;Milt Jackson;-;-;-;-;-;-;17;9;2,2,3,2,2,1,3,2,2;11,11,111,11,11,1,111,01,01
5596;lick;-;UP;Steve Coleman;-;-;-;-;-;-;13;6;2,2,2,4,2,4;11,11,11,0111,01,1101
5597;line;-;UP;Michael Brecker;-;-;-;-;-;-;20;9;2,2,3,3,2,3,2,3,2;11,11,011,011,11,111,11,111,11
5598;lick;-;MEDIUM UP;Miles Davis;-;-;-;-;-;-;10;6;2,2,4,1,2,1;11,11,0110,1,11,1
5599;line;-;UP;Steve Coleman;-;-;-;-;-;-;30;17;2,2,2,3,3,3,2,2,1,2,2,2,2,2,2,4,2;11,01,11,011,111,111,01,11,1,11,01,01,01,11,01,1011,11
5600;line;-;UP;Miles Davis;-;-;-;-;-;-;9;4;2,2,2,4;11,11,11,1101
5601;line;-;MEDIUM;Pepper Adams;-;-;-;-;-;-;22;5;8,5,4,6,5;00110011,01111,1111,011111,11111
5602;lick;-;MEDIUM UP;Kenny Dorham;-;-;-;-;-;-;9;6;2,2,1,2,2,1;11,11,1,11,01,1
5603;lick;-;MEDIUM;Joe Henderson;-;-;-;-;-;-;10;4;7,4,2,3;0000011,1111,01,111
5604;lick;-;UP;John Coltrane;-;-;-;-;-;-;9;6;1,2,2,2,2,1;1,11,11,01,11,1
5605;lick;-;UP;Miles Davis;-;-;-;-;-;-;5;5;1,1,1,1,2;1,1,1,1,01
5606;line;-;UP;Joe Henderson;-;-;-;-;-;-;5;3;1,2,2;1,11,11
5607;lick;-;UP;Miles Davis;-;-;-;-;-;-;8;5;2,2,1,1,2;11,11,1,1,11
5608;lick;-;MEDIUM UP;Wayne Shorter;-;-;-;-;-;-;9;6;2,1,2,2,2,2;01,1,11,11,11,01
5609;line;-;MEDIUM UP;Eric Dolphy;-;-;-;-;-;-;40;15;3,6,8,4,2,1,4,2,4,2,4,3,2,6,1;111,111110,10101111,1011,01,1,1111,11,1011,11,0111,110,11,000011,1
5610;lick;-;MEDIUM;Miles Davis;-;-;-;-;-;-;10;6;2,2,2,2,1,2;11,11,01,11,1,11
5611;lick;-;UP;Phil Woods;-;-;-;-;-;-;3;2;2,1;11,1
5612;line;-;UP;Dexter Gordon;-;-;-;-;-;-;14;8;2,1,2,2,2,2,2,1;11,1,11,11,11,11,11,1
5613;lick;-;UP;John Coltrane;-;-;-;-;-;-;14;8;1,4,3,1,2,2,2,2;1,1001,111,1,11,01,11,11
5614;line;-;MEDIUM;Pepper Adams;-;-;-;-;-;-;13;4;4,4,3,5;0111,0011,111,11111
5615;lick;-;UP;John Coltrane;-;-;-;-;-;-;24;15;2,4,2,2,2,2,1,1,4,1,4,2,1,1,1;11,1011,11,11,01,11,1,1,0011,1,1011,01,1,1,1
5616;lick;-;UP;John Coltrane;-;-;-;-;-;-;3;3;2,1,2;01,1,01
5617;lick;-;UP;Joe Lovano;-;-;-;-;-;-;17;11;1,1,4,1,3,2,2,2,2,2,1;1,1,0001,1,111,11,01,11,11,11,1
5618;line;-;UP;Wayne Shorter;-;-;-;-;-;-;11;6;2,2,2,2,2,2;11,11,11,11,01,11
5619;lick;-;MEDIUM UP;Joe Henderson;-;-;-;-;-;-;9;5;4,2,4,3,2;1001,11,0001,110,11
5620;lick;-;MEDIUM;Milt Jackson;-;-;-;-;-;-;16;9;2,2,2,1,1,1,4,2,3;11,11,11,1,1,1,1001,11,111
5621;lick;-;MEDIUM UP;Don Ellis;-;-;-;-;-;-;14;8;1,1,3,5,3,2,1,1;1,1,011,01111,111,01,1,1
5622;lick;-;UP;Dexter Gordon;-;-;-;-;-;-;30;19;2,4,2,1,1,2,2,3,2,2,1,1,2,6,1,2,2,2,4;01,1111,01,1,1,01,01,111,11,11,1,1,11,010001,1,11,01,11,0001
5623;lick;-;UP;Dizzy Gillespie;-;-;-;-;-;-;23;11;4,1,2,4,6,4,4,2,2,2,2;1011,1,11,1001,111100,1111,0001,11,01,01,11
5624;lick;-;UP;Art Pepper;-;-;-;-;-;-;23;13;4,3,4,4,2,4,2,1,2,2,4,2,2;1111,110,1001,0111,01,0001,01,1,01,11,1001,11,01
5625;line;-;UP;David Liebman;-;-;-;-;-;-;33;18;4,3,6,4,4,2,1,2,2,4,4,2,2,2,2,2,2,2;1001,011,010011,1101,1011,11,1,11,11,0001,0001,11,11,11,01,01,01,11
5626;lick;-;MEDIUM;Sonny Rollins;-;-;-;-;-;-;4;2;2,4;01,1011
5627;line;-;UP;Joe Henderson;-;-;-;-;-;-;17;8;2,3,3,2,2,2,2,4;01,011,111,11,11,11,11,1101
5628;line;-;UP;Sonny Rollins;-;-;-;-;-;-;24;15;1,3,2,4,1,1,1,2,2,2,2,2,2,2,4;1,011,11,0001,1,1,1,01,11,11,11,11,11,01,1011
5629;line;-;MEDIUM UP;Kenny Dorham;-;-;-;-;-;-;29;11;5,3,3,2,1,4,3,4,6,1,6;00111,111,011,11,1,1101,111,1101,111100,1,011110
5630;lick;-;UP;Nat Adderley;-;-;-;-;-;-;2;2;1,2;1,01
5631;lick;-;UP;John Coltrane;-;-;-;-;-;-;4;2;2,2;11,11
5632;lick;-;MEDIUM;Eric Dolphy;-;-;-;-;-;-;10;6;4,2,2,2,1,1;1011,01,11,11,1,1
5633;line;-;UP;Pepper Adams;-;-;-;-;-;-;15;8;2,4,4,2,2,1,1,2;11,1001,1101,11,11,1,1,11
5634;line;-;UP;Michael Brecker;-;-;-;-;-;-;30;14;3,3,2,4,1,2,2,2,3,2,2,2,2,2;011,111,11,1111,1,01,11,11,111,11,11,11,11,11
5635;lick;-;MEDIUM;J.J. Johnson;-;-;-;-;-;-;13;8;1,2,1,2,4,1,2,4;1,11,1,11,1001,1,11,0110
5636;lick;-;UP;John Coltrane;-;-;-;-;-;-;9;6;2,1,2,2,1,2;11,1,01,11,1,11
5637;lick;-;MEDIUM UP;Art Pepper;-;-;-;-;-;-;17;9;6,2,2,2,2,2,4,1,2;101110,11,11,11,11,01,0001,1,11
5638;lick;-;UP;Joe Henderson;-;-;-;-;-;-;4;2;4,2;1001,11
5639;line;-;MEDIUM;John Coltrane;-;-;-;-;-;-;32;7;4,8,6,6,6,6,8;1100,01101011,101011,011111,111111,011111,10100111
5640;lick;-;UP;John Coltrane;-;-;-;-;-;-;2;2;1,1;1,1
5641;line;-;MEDIUM UP;Sonny Rollins;-;-;-;-;-;-;6;3;2,2,5;11,11,01001
5642;lick;-;UP;John Coltrane;-;-;-;-;-;-;4;2;1,4;1,0111
5643;lick;-;MEDIUM UP;Chet Baker;-;-;-;-;-;-;24;15;1,4,4,6,2,1,2,2,1,2,2,4,4,2,2;1,1001,0001,100101,01,1,01,11,1,01,11,1001,0011,11,11
5644;lick;-;MEDIUM;Eric Dolphy;-;-;-;-;-;-;29;12;4,3,4,2,4,2,3,8,4,1,6,6;0011,111,1110,11,1011,01,011,11101001,0011,1,100001,100011
5645;line;-;UP;Michael Brecker;-;-;-;-;-;-;77;30;5,2,3,3,4,2,1,2,2,2,2,4,4,2,3,4,4,2,1,4,6,2,3,4,5,4,2,2,2,1;00111,11,011,111,1111,01,1,11,11,11,11,1111,1111,11,111,1111,1011,11,1,1100,111011,11,111,1111,10011,1111,11,11,11,1
5646;lick;-;MEDIUM UP;Joe Henderson;-;-;-;-;-;-;12;4;4,4,4,4;1110,1001,1111,0111
5647;lick;-;MEDIUM;J.J. Johnson;-;-;-;-;-;-;9;6;1,1,1,1,2,4;1,1,1,1,11,1110
5648;line;-;MEDIUM UP;Wayne Shorter;-;-;-;-;-;-;9;4;2,1,4,2;11,1,1111,11
5649;lick;-;UP;Sonny Rollins;-;-;-;-;-;-;7;5;4,1,2,2,2;0011,1,01,01,11
5650;line;-;MEDIUM UP;Eric Dolphy;-;-;-;-;-;-;19;8;4,2,1,4,2,4,4,2;1111,11,1,0111,01,1101,1011,11
5651;lick;-;MEDIUM;Phil Woods;-;-;-;-;-;-;10;5;2,2,2,6,1;11,11,11,011001,1
5652;line;-;UP;Sonny Rollins;-;-;-;-;-;-;6;4;2,1,2,4;11,1,01,1001
5653;lick;-;UP;Joe Henderson;-;-;-;-;-;-;3;2;1,3;1,011
5654;line;-;UP;Paul Desmond;-;-;-;-;-;-;22;13;2,2,2,4,2,2,2,2,2,4,2,2,1;11,11,01,0001,11,11,11,11,11,1001,11,01,1
5655;lick;-;UP;Miles Davis;-;-;-;-;-;-;22;13;4,4,1,1,1,2,2,2,2,1,2,4,4;1001,0001,1,1,1,11,11,11,11,1,11,1001,1011
5656;lick;-;UP;Sonny Rollins;-;-;-;-;-;-;48;31;2,4,2,2,2,3,3,2,2,1,1,2,2,1,1,4,1,2,2,2,2,2,2,1,2,2,2,3,2,2,2;11,0001,11,11,11,110,110,01,11,1,1,01,11,1,1,1001,1,01,11,01,11,11,11,1,11,11,11,011,01,01,01
5657;lick;-;UP;Art Pepper;-;-;-;-;-;-;24;12;4,4,2,2,4,6,2,2,2,2,2,2;0011,1011,11,01,1011,001101,11,01,11,11,11,01
5658;line;-;MEDIUM SLOW;Joe Lovano;-;-;-;-;-;-;8;2;4,7;0111,1010111
5659;lick;-;MEDIUM;Sonny Rollins;-;-;-;-;-;-;2;2;1,1;1,1
5660;lick;-;MEDIUM;Curtis Fuller;-;-;-;-;-;-;8;5;1,2,2,2,4;1,11,01,11,0110
5661;line;-;MEDIUM SLOW;John Coltrane;-;-;-;-;-;-;17;5;4,6,4,8,4;1111,011111,1110,00001101,1001
5662;line;-;MEDIUM UP;Lee Konitz;-;-;-;-;-;-;41;20;2,4,4,1,1,1,1,1,1,1,1,2,4,2,2,2,3,3,4,1;11,1111,1111,1,1,1,1,1,1,1,1,11,1111,11,11,11,111,111,1111,1
5663;lick;-;UP;Gerry Mulligan;-;-;-;-;-;-;18;8;1,3,4,2,2,2,4,1;1,111,1101,11,11,11,1111,1
5664;lick;-;UP;Sonny Rollins;-;-;-;-;-;-;8;7;1,2,1,1,1,1,1;1,11,1,1,1,1,1
5665;lick;-;UP;Herbie Hancock;-;-;-;-;-;-;9;5;3,2,1,2,3;111,01,1,11,011
5666;line;-;UP;Joe Henderson;-;-;-;-;-;-;19;11;2,3,2,1,2,4,1,2,2,2,1;11,011,11,1,11,0111,1,11,01,11,1
5667;lick;-;MEDIUM;Freddie Hubbard;-;-;-;-;-;-;15;6;2,2,6,4,4,4;11,01,111111,0001,1111,0001
5668;line;-;UP;Michael Brecker;-;-;-;-;-;-;79;39;2,2,2,2,4,2,2,2,2,2,2,2,2,2,1,2,2,2,2,2,2,1,2,2,2,2,2,2,1,5,4,2,2,1,3,2,2,4,6;11,11,11,11,0111,11,11,11,01,11,11,11,11,11,1,11,11,11,11,11,01,1,11,11,11,11,11,11,1,11111,1101,11,11,1,011,11,11,1101,000111
5669;line;-;UP;Phil Woods;-;-;-;-;-;-;48;27;2,2,2,2,1,2,2,4,2,1,2,2,2,2,2,2,2,3,1,4,2,2,1,3,2,2,4;11,11,11,11,1,11,11,0001,11,1,11,11,11,11,11,11,11,111,1,0001,11,11,1,011,01,11,0110
5670;lick;-;MEDIUM UP;Kenny Dorham;-;-;-;-;-;-;23;13;2,2,2,1,6,2,2,2,2,3,2,2,1;11,11,11,1,000011,11,01,11,11,111,01,11,1
5671;line;-;UP;Miles Davis;-;-;-;-;-;-;11;7;2,6,1,1,1,3,1;11,100011,1,1,1,011,1
5672;lick;-;MEDIUM;Dizzy Gillespie;-;-;-;-;-;-;8;5;2,2,2,4,4;01,11,01,1001,1001
5673;line;-;UP;Chris Potter;-;-;-;-;-;-;24;12;4,1,2,3,2,3,2,2,2,3,2,2;1110,1,11,111,01,011,11,11,11,011,11,11
5674;line;-;UP;Joe Lovano;-;-;-;-;-;-;12;7;2,2,1,2,2,2,2;11,11,1,11,11,01,11
5675;lick;-;UP;Branford Marsalis;-;-;-;-;-;-;14;9;1,3,2,2,2,2,4,2,2;1,111,01,01,11,01,0111,01,01
5676;lick;-;UP;Steve Coleman;-;-;-;-;-;-;14;9;4,2,2,2,1,2,4,4,2;0001,01,11,11,1,11,0011,0001,11
5677;line;-;UP;Sonny Stitt;-;-;-;-;-;-;28;12;3,2,2,4,4,2,2,6,2,6,4,2;111,11,11,1101,0001,11,11,000011,11,111111,0001,11
5678;lick;-;MEDIUM UP;Wayne Shorter;-;-;-;-;-;-;4;4;1,2,1,4;1,01,1,0001
5679;line;-;UP;Michael Brecker;-;-;-;-;-;-;37;19;2,2,2,3,2,2,2,4,1,2,2,4,3,3,2,2,1,4,4;11,11,01,111,11,11,01,0001,1,11,11,1001,111,011,11,11,1,0111,1110
5680;line;-;UP;Steve Coleman;-;-;-;-;-;-;13;6;4,2,2,2,2,2;1101,11,11,11,11,11
5681;line;-;UP;Gerry Mulligan;-;-;-;-;-;-;47;26;2,2,1,1,4,2,2,2,2,2,2,2,2,2,2,2,2,2,2,2,2,2,2,2,2,2;11,11,1,1,1011,11,11,11,11,11,11,01,11,01,11,11,11,11,11,01,11,11,11,01,11,11
5682;lick;-;UP;Branford Marsalis;-;-;-;-;-;-;26;15;2,2,2,2,2,2,2,2,4,2,2,2,2,2,2;11,11,11,11,11,11,01,11,0011,01,01,11,11,11,01
5683;lick;-;UP;Clifford Brown;-;-;-;-;-;-;11;3;5,4,4;01111,1101,1111
5684;line;-;MEDIUM;Dexter Gordon;-;-;-;-;-;-;33;14;4,4,2,2,2,2,2,2,2,4,4,2,2,2;0011,1111,11,11,11,01,11,11,11,1111,1111,11,11,11
5685;lick;-;UP;Steve Coleman;-;-;-;-;-;-;7;4;2,2,4,2;01,11,1101,01
5686;line;-;MEDIUM UP;Joe Henderson;-;-;-;-;-;-;22;8;1,2,2,5,6,6,6,4;1,11,11,01111,100011,000011,111011,1011
5687;line;-;MEDIUM;Woody Shaw;-;-;-;-;-;-;18;7;1,2,4,4,6,1,3;1,11,1001,1101,111111,1,111
5688;line;-;UP;John Coltrane;-;-;-;-;-;-;20;10;2,1,4,4,4,2,2,2,1,4;11,1,1111,0011,1011,11,11,11,1,0001
5689;line;-;MEDIUM;Lee Konitz;-;-;-;-;-;-;36;18;6,8,2,2,2,2,1,1,2,2,6,2,2,2,2,2,2,2;010001,01000001,11,11,11,11,1,1,11,11,011011,11,11,11,11,11,11,11
5690;lick;-;MEDIUM UP;Wayne Shorter;-;-;-;-;-;-;3;3;1,1,1;1,1,1
5691;lick;-;UP;Pat Metheny;-;-;-;-;-;-;45;32;2,2,2,2,4,2,1,2,2,2,1,2,2,2,3,2,4,4,2,1,1,2,2,1,1,1,1,1,1,1,1,2;11,01,11,11,0001,01,1,11,01,11,1,11,01,11,111,01,1001,1001,11,1,1,11,01,1,1,1,1,1,1,1,1,01
5692;line;-;MEDIUM UP;John Coltrane;-;-;-;-;-;-;22;7;6,4,3,4,4,6,6;000001,1011,011,1111,0111,011101,011111
5693;lick;-;MEDIUM UP;Chet Baker;-;-;-;-;-;-;9;6;2,2,1,2,2,2;01,11,1,11,11,01
5694;lick;-;UP;Steve Coleman;-;-;-;-;-;-;11;5;4,2,2,2,2;1111,11,01,11,11
5695;line;-;UP;Don Ellis;-;-;-;-;-;-;14;9;4,2,2,2,2,2,1,1,2;0011,01,11,11,11,01,1,1,11
5696;lick;-;UP;Stan Getz;-;-;-;-;-;-;8;5;2,1,2,2,2;01,1,11,11,11
5697;line;-;MEDIUM UP;Milt Jackson;-;-;-;-;-;-;42;22;2,4,1,2,4,2,1,2,2,2,2,2,2,2,2,2,3,2,1,2,1,2;11,1110,1,11,1110,11,1,11,11,11,11,11,01,11,11,11,111,11,1,11,1,11
5698;lick;-;UP;Sonny Rollins;-;-;-;-;-;-;56;38;2,2,2,2,2,2,3,4,2,1,2,4,2,2,2,2,2,3,2,3,4,1,1,2,2,2,1,1,2,2,2,1,4,2,2,2,2,2;01,11,01,01,11,11,111,0001,11,1,11,0001,01,11,11,01,11,011,11,111,0001,1,1,01,01,01,1,1,11,11,11,1,0001,01,01,01,01,11
5699;line;-;UP;John Coltrane;-;-;-;-;-;-;36;19;4,1,2,2,2,2,2,2,1,2,2,2,2,2,2,3,3,2,2;0001,1,11,11,11,11,11,11,1,11,11,11,11,11,11,011,111,11,11
5700;lick;-;MEDIUM;Eric Dolphy;-;-;-;-;-;-;13;6;8,4,4,1,1,6;00000011,1111,1110,1,1,000011
5701;line;-;MEDIUM SLOW;Steve Coleman;-;-;-;-;-;-;73;26;2,3,4,4,4,6,3,4,4,4,3,4,4,3,4,4,3,4,4,4,2,4,4,4,4,4;11,111,1111,1111,1101,011011,011,0110,1111,1111,110,0001,1101,111,1100,0011,111,0111,1111,0011,11,0001,1111,1101,0111,0111
5702;lick;-;UP;Chris Potter;-;-;-;-;-;-;12;7;3,2,2,2,2,1,2;110,01,11,11,11,1,11
5703;lick;-;UP;Herbie Hancock;-;-;-;-;-;-;9;6;2,1,2,1,1,2;11,1,11,1,1,11
5704;line;-;MEDIUM UP;Paul Desmond;-;-;-;-;-;-;19;11;2,2,2,2,2,2,1,2,2,2,2;11,11,11,01,11,11,1,11,01,11,11
5705;lick;-;UP;J.J. Johnson;-;-;-;-;-;-;11;10;1,1,4,2,1,1,2,1,2,1;1,1,0001,11,1,1,01,1,01,1
5706;line;-;UP;John Coltrane;-;-;-;-;-;-;10;5;4,3,2,1,2;1111,011,01,1,11
5707;lick;-;UP;Don Ellis;-;-;-;-;-;-;3;3;1,1,2;1,1,01
5708;line;-;UP;David Liebman;-;-;-;-;-;-;29;17;2,2,2,2,2,4,4,1,1,1,2,3,2,2,1,2,2;11,11,01,11,11,1011,0011,1,1,1,11,011,11,11,1,11,01
5709;lick;-;MEDIUM;Miles Davis;-;-;-;-;-;-;9;6;4,1,1,2,2,6;1001,1,1,01,01,010011
5710;lick;-;UP;Stan Getz;-;-;-;-;-;-;7;5;2,2,2,2,1;11,01,01,11,1
5711;lick;-;UP;Gerry Mulligan;-;-;-;-;-;-;9;5;2,2,2,1,3;11,01,11,1,111
5712;lick;-;MEDIUM;Joe Henderson;-;-;-;-;-;-;22;5;6,7,4,4,3;111111,1111111,1111,1110,110
5713;lick;-;MEDIUM UP;Miles Davis;-;-;-;-;-;-;7;4;1,4,2,2;1,1100,11,11
5714;lick;-;MEDIUM;Clifford Brown;-;-;-;-;-;-;40;17;2,6,5,3,2,2,4,3,3,4,2,2,2,2,4,4,2;11,000001,01001,111,11,11,0111,111,111,1111,11,11,11,11,1011,0011,11
5715;line;-;MEDIUM;John Coltrane;-;-;-;-;-;-;63;17;4,4,1,6,6,8,6,4,6,4,4,4,4,4,6,6,2;1111,1001,1,011111,111011,11011111,111110,1111,101111,1100,1011,1111,0110,1111,111000,111111,01
5716;lick;-;UP;Fats Navarro;-;-;-;-;-;-;56;34;1,2,1,2,2,2,2,2,2,1,1,1,3,2,1,1,2,1,3,2,3,2,3,2,2,2,1,1,2,2,2,2,4,1;1,11,1,01,01,11,01,11,11,1,1,1,111,01,1,1,11,1,111,11,011,01,111,01,11,11,1,1,11,11,11,11,1111,1
5717;lick;-;MEDIUM;John Coltrane;-;-;-;-;-;-;30;8;4,6,6,8,4,4,4,6;1001,000011,110111,11111110,1011,1101,1111,110011
5718;lick;-;MEDIUM;Dizzy Gillespie;-;-;-;-;-;-;4;4;1,1,1,1;1,1,1,1
5719;lick;-;UP;John Coltrane;-;-;-;-;-;-;18;12;2,4,2,2,2,1,1,4,2,2,2,2;01,1011,11,11,01,1,1,1100,01,01,01,11
5720;lick;-;UP;Joe Lovano;-;-;-;-;-;-;7;5;2,1,1,3,1;11,1,1,110,1
5721;line;-;UP;Pepper Adams;-;-;-;-;-;-;13;6;3,2,2,2,4,2;111,11,11,11,1001,11
5722;line;-;UP;Steve Lacy;-;-;-;-;-;-;16;8;2,4,2,4,4,1,1,1;01,1011,11,1101,1111,1,1,1
5723;lick;-;UP;Steve Coleman;-;-;-;-;-;-;6;3;4,2,3;0001,11,111
5724;line;-;MEDIUM;Bob Berg;-;-;-;-;-;-;33;10;5,4,6,6,6,4,2,3,5,3;11111,0111,011101,011011,110011,0111,01,111,01111,110
5725;line;-;UP;John Coltrane;-;-;-;-;-;-;5;2;2,3;11,111
5726;lick;-;MEDIUM UP;Lee Morgan;-;-;-;-;-;-;23;12;2,2,3,2,1,2,4,2,4,6,3,6;01,11,011,01,1,01,0111,11,1110,000011,011,011001
5727;lick;-;UP;Paul Desmond;-;-;-;-;-;-;4;4;1,1,1,1;1,1,1,1
5728;lick;-;MEDIUM;Wayne Shorter;-;-;-;-;-;-;27;15;2,6,1,2,6,2,2,2,6,2,4,4,1,2,4;11,010101,1,11,000001,11,01,01,110101,01,0011,0110,1,11,0011
5729;line;-;UP;Steve Coleman;-;-;-;-;-;-;17;10;2,2,2,2,2,2,2,2,2,2;11,01,11,11,01,11,01,11,11,11
5730;line;-;MEDIUM;Bob Berg;-;-;-;-;-;-;17;5;3,4,4,4,4;111,1111,1111,0111,0111
5731;lick;-;UP;Pepper Adams;-;-;-;-;-;-;6;4;2,1,4,3;01,1,0110,110
5732;line;-;UP;Charlie Parker;-;-;-;-;-;-;22;10;2,2,3,2,4,2,2,2,2,3;11,11,111,11,1011,01,11,11,11,111
5733;line;-;UP;Steve Turre;-;-;-;-;-;-;6;4;3,2,1,1;011,11,1,1
5734;line;-;UP;Charlie Parker;-;-;-;-;-;-;16;9;2,2,2,1,2,4,2,2,2;01,11,11,1,11,0111,11,11,01
5735;line;-;UP;Stan Getz;-;-;-;-;-;-;30;15;2,2,2,2,4,2,4,3,2,2,2,2,2,2,2;11,11,11,11,1101,01,1110,011,11,11,11,11,11,01,11
5736;lick;-;UP;Kai Winding;-;-;-;-;-;-;11;8;2,2,1,1,2,2,1,2;01,11,1,1,11,11,1,01
5737;lick;-;MEDIUM UP;Art Pepper;-;-;-;-;-;-;2;1;2;11
5738;lick;-;UP;John Coltrane;-;-;-;-;-;-;52;31;2,2,2,3,2,1,1,2,2,4,2,4,2,2,2,3,1,2,2,2,2,1,1,1,2,4,1,4,1,2,4;11,11,11,011,11,1,1,11,01,0001,01,1001,11,11,11,011,1,11,11,11,11,1,1,1,01,1011,1,0111,1,01,1011
5739;lick;-;MEDIUM;Hank Mobley;-;-;-;-;-;-;3;2;4,6;0001,010001
5740;lick;-;MEDIUM UP;Art Pepper;-;-;-;-;-;-;5;3;2,1,4;11,1,1001
5741;line;-;UP;Lee Konitz;-;-;-;-;-;-;17;9;4,2,2,2,2,2,1,2,2;1101,11,11,11,11,11,1,11,01
5742;line;-;MEDIUM SLOW;Hank Mobley;-;-;-;-;-;-;25;9;8,1,1,4,4,4,4,6,1;00000101,1,1,1111,1111,1111,1011,110111,1
5743;line;-;UP;Dizzy Gillespie;-;-;-;-;-;-;21;12;4,2,2,2,2,1,1,1,4,2,2,4;1001,11,11,11,11,1,1,1,1011,11,11,0001
5744;lick;-;MEDIUM SLOW;Joe Lovano;-;-;-;-;-;-;2;1;3;110
5745;line;-;UP;Pepper Adams;-;-;-;-;-;-;21;12;2,2,2,2,2,2,2,2,2,4,2,1;11,11,11,11,01,01,11,11,11,1001,11,1
5746;line;-;MEDIUM UP;Sonny Stitt;-;-;-;-;-;-;43;15;1,4,2,4,4,3,4,4,4,1,3,3,6,6,4;1,0011,01,1111,1111,011,1111,0110,1110,1,111,111,101111,101101,1111
5747;lick;-;UP;John Coltrane;-;-;-;-;-;-;6;4;2,2,4,3;01,01,0001,111
5748;lick;-;UP;Dexter Gordon;-;-;-;-;-;-;26;15;4,4,2,1,4,2,4,5,2,2,2,4,2,2,2;1001,0110,11,1,0110,01,0110,01111,01,01,11,0001,11,01,11
5749;line;-;MEDIUM UP;Fats Navarro;-;-;-;-;-;-;35;15;4,2,4,5,2,2,2,5,4,2,2,2,2,1,2;0011,11,0111,10111,11,11,11,10111,0111,11,11,11,11,1,11
5750;lick;-;MEDIUM UP;Eric Dolphy;-;-;-;-;-;-;18;9;1,1,1,1,1,2,4,6,2;1,1,1,1,1,11,1111,111011,11
5751;line;-;UP;Art Pepper;-;-;-;-;-;-;21;12;2,2,2,2,4,2,2,2,2,2,2,2;01,11,11,11,0011,01,11,11,11,11,11,01
5752;line;-;UP;Miles Davis;-;-;-;-;-;-;15;10;1,1,1,1,2,4,2,2,2,2;1,1,1,1,11,1001,11,01,11,11
5753;lick;-;UP;Herbie Hancock;-;-;-;-;-;-;35;24;2,2,2,1,2,2,1,1,2,2,3,2,1,1,4,2,2,2,2,2,4,2,2,2;01,01,11,1,11,01,1,1,01,11,011,01,1,1,0110,01,11,11,11,11,0001,01,11,11
5754;lick;-;UP;John Coltrane;-;-;-;-;-;-;13;8;2,2,3,2,2,2,1,2;01,11,011,01,11,11,1,11
5755;lick;-;MEDIUM;Eric Dolphy;-;-;-;-;-;-;9;7;2,3,4,2,1,1,4;11,011,0001,01,1,1,0001
5756;line;-;MEDIUM UP;Charlie Parker;-;-;-;-;-;-;16;8;1,1,4,2,1,4,5,2;1,1,1100,11,1,1111,10101,11
5757;lick;-;MEDIUM UP;Joe Henderson;-;-;-;-;-;-;16;6;2,2,3,4,2,5;11,11,111,1110,11,10111
5758;line;-;UP;John Coltrane;-;-;-;-;-;-;15;8;3,2,3,2,1,2,2,2;011,11,011,11,1,11,11,11
5759;lick;-;UP;Dexter Gordon;-;-;-;-;-;-;19;13;2,3,1,1,4,2,2,1,2,2,1,1,2;01,011,1,1,1100,11,01,1,11,11,1,1,11
5760;line;-;UP;John Coltrane;-;-;-;-;-;-;12;6;2,2,4,2,2,3;11,01,1001,11,11,111
5761;line;-;UP;Charlie Parker;-;-;-;-;-;-;41;23;2,2,1,2,2,2,2,4,2,3,2,2,3,2,2,2,4,3,4,2,2,2,2;11,11,1,11,11,01,11,0001,11,011,11,01,011,11,01,11,0011,011,1101,11,01,11,11
5762;line;-;UP;Joe Lovano;-;-;-;-;-;-;24;14;1,1,1,2,2,2,2,2,2,3,2,2,2,2;1,1,1,01,11,11,11,11,11,111,01,11,11,11
5763;lick;-;UP;John Coltrane;-;-;-;-;-;-;8;4;2,4,2,2;11,0111,11,01
5764;lick;-;UP;Chris Potter;-;-;-;-;-;-;15;9;2,4,2,1,4,2,2,1,2;11,1100,11,1,0011,11,01,1,11
5765;lick;-;MEDIUM UP;Woody Shaw;-;-;-;-;-;-;19;10;2,2,2,6,3,4,4,2,2,4;01,11,01,000011,110,1001,0011,11,11,0111
5766;line;-;UP;Miles Davis;-;-;-;-;-;-;17;8;2,4,2,2,2,2,2,2;11,1111,11,11,11,11,11,01
5767;lick;-;UP;Joe Henderson;-;-;-;-;-;-;4;4;1,2,2,2;1,01,01,01
5768;lick;-;MEDIUM SLOW;Joe Lovano;-;-;-;-;-;-;5;2;2,4;01,1111
5769;lick;-;MEDIUM;Miles Davis;-;-;-;-;-;-;7;3;4,4,4;0001,1101,1110
5770;line;-;UP;Phil Woods;-;-;-;-;-;-;26;14;4,2,2,2,1,4,1,2,2,2,2,2,1,2;1101,11,11,11,1,1001,1,11,11,11,11,11,1,11
5771;line;-;MEDIUM UP;John Coltrane;-;-;-;-;-;-;72;27;6,3,4,4,4,4,1,1,2,2,2,1,4,6,4,4,2,6,5,4,4,4,3,1,4,4,5;011001,111,1111,1100,0011,0111,1,1,11,01,01,1,1111,111100,1101,0111,11,111100,10111,1101,0111,1111,111,1,1111,0001,11111
5772;line;-;UP;Steve Lacy;-;-;-;-;-;-;57;30;3,1,1,1,1,1,4,2,1,3,1,4,4,1,2,2,2,3,2,3,4,2,2,2,4,3,1,1,1,3;011,1,1,1,1,1,1101,11,1,111,1,1011,1001,1,11,11,11,111,11,111,1011,11,11,11,1001,111,1,1,1,111
5773;lick;-;MEDIUM UP;Paul Desmond;-;-;-;-;-;-;9;5;2,2,2,2,2;11,11,11,01,11
5774;line;-;UP;Miles Davis;-;-;-;-;-;-;12;7;2,2,2,4,4,1,1;11,11,11,0001,1011,1,1
5775;lick;-;UP;John Coltrane;-;-;-;-;-;-;11;5;2,2,2,3,4;01,11,11,111,0111
5776;lick;-;MEDIUM UP;Woody Shaw;-;-;-;-;-;-;5;1;5;11111
5777;lick;-;MEDIUM;Sonny Rollins;-;-;-;-;-;-;3;3;1,1,1;1,1,1
5778;lick;-;MEDIUM UP;Cannonball Adderley;-;-;-;-;-;-;29;13;4,2,1,1,2,8,6,3,3,1,1,1,1;1001,11,1,1,11,11111111,011011,011,111,1,1,1,1
5779;lick;-;MEDIUM UP;Art Pepper;-;-;-;-;-;-;9;5;2,2,2,2,2;11,11,11,11,01
5780;lick;-;UP;Pepper Adams;-;-;-;-;-;-;6;4;1,1,2,2;1,1,11,11
5781;line;-;MEDIUM;J.J. Johnson;-;-;-;-;-;-;12;3;6,8,3;111011,10001011,111
5782;line;-;UP;Dizzy Gillespie;-;-;-;-;-;-;51;23;4,3,4,2,6,4,2,2,3,3,2,2,3,4,2,2,3,2,2,4,2,2,1;1110,111,1110,11,100011,0111,11,11,111,111,11,01,011,1001,11,11,011,11,11,0110,11,11,1
5783;lick;-;UP;Miles Davis;-;-;-;-;-;-;18;11;1,2,2,1,4,2,2,1,2,2,3;1,11,11,1,1011,11,01,1,01,11,011
5784;line;-;UP;Steve Lacy;-;-;-;-;-;-;57;30;2,2,2,1,3,1,1,3,2,2,2,2,2,2,2,2,2,2,4,1,3,1,2,2,2,2,2,2,2,2;11,11,11,1,111,1,1,111,01,01,11,11,11,11,11,11,11,11,1011,1,111,1,11,11,11,11,11,11,11,11
5785;line;-;UP;Steve Turre;-;-;-;-;-;-;4;3;2,2,1;11,01,1
5786;line;-;UP;Sonny Rollins;-;-;-;-;-;-;5;4;2,1,1,2;11,1,1,01
5787;lick;-;UP;John Coltrane;-;-;-;-;-;-;6;3;4,3,4;1001,111,0001
5788;lick;-;MEDIUM;Charlie Parker;-;-;-;-;-;-;6;4;1,2,2,4;1,01,11,1001
5789;line;-;UP;David Liebman;-;-;-;-;-;-;10;5;4,1,2,2,3;1011,1,11,01,111
5790;lick;-;UP;Art Pepper;-;-;-;-;-;-;3;2;2,2;11,01
5791;lick;-;MEDIUM;Cannonball Adderley;-;-;-;-;-;-;10;4;2,3,3,2;11,111,111,11
5792;line;-;MEDIUM;Steve Turre;-;-;-;-;-;-;8;4;2,2,2,8;11,11,11,00100001
5793;lick;-;UP;Don Ellis;-;-;-;-;-;-;7;5;1,1,1,2,4;1,1,1,01,1101
5794;lick;-;MEDIUM UP;Art Pepper;-;-;-;-;-;-;17;7;2,2,2,4,6,2,2;11,11,11,0111,101110,11,11
5795;lick;-;MEDIUM;Miles Davis;-;-;-;-;-;-;2;2;1,1;1,1
5796;lick;-;UP;David Liebman;-;-;-;-;-;-;12;8;2,2,1,2,1,2,2,2;11,11,1,01,1,01,11,11
5797;lick;-;UP;John Abercrombie;-;-;-;-;-;-;4;3;2,1,2;01,1,11
5798;lick;-;MEDIUM UP;David Liebman;-;-;-;-;-;-;70;23;3,1,4,3,1,1,4,4,4,7,4,6,6,4,6,4,5,6,3,6,1,4,6;111,1,1111,011,1,1,0111,0001,1111,0001111,1111,000011,000111,1111,011111,1011,11111,101011,111,111011,1,0111,101011
5799;lick;-;MEDIUM SLOW;Joe Lovano;-;-;-;-;-;-;15;6;4,4,1,10,2,4;0111,0111,1,0000011001,01,1111
5800;lick;-;MEDIUM;Wayne Shorter;-;-;-;-;-;-;12;6;6,1,3,4,4,1;000111,1,011,1100,1101,1
5801;lick;-;UP;Gerry Mulligan;-;-;-;-;-;-;33;20;2,2,2,2,2,2,1,1,1,1,2,1,1,4,1,2,1,2,2,2;11,11,11,11,11,11,1,1,1,1,11,1,1,1101,1,11,1,11,11,11
5802;line;-;MEDIUM;Bob Berg;-;-;-;-;-;-;16;9;2,2,4,2,2,1,2,2,4;01,11,1110,01,11,1,11,01,0111
5803;lick;-;UP;Michael Brecker;-;-;-;-;-;-;78;38;6,4,4,6,4,2,2,3,2,2,4,3,3,3,1,1,4,3,3,4,2,6,4,2,2,2,1,4,2,4,2,2,2,2,1,1,2,4;000001,0011,1111,110111,1011,11,11,111,11,11,0111,111,011,011,1,1,0111,011,011,1111,01,110111,0001,11,11,01,1,0001,11,0001,01,01,11,01,1,1,11,0111
5804;line;-;UP;Clifford Brown;-;-;-;-;-;-;21;10;3,2,2,2,2,2,2,3,4,1;011,11,11,11,11,11,11,111,1101,1
5805;line;-;UP;Joe Henderson;-;-;-;-;-;-;21;13;2,2,2,2,2,2,2,2,2,4,2,2,2;01,11,11,11,01,11,11,01,11,0001,11,11,01
5806;lick;-;MEDIUM;Sonny Rollins;-;-;-;-;-;-;3;2;1,4;1,1100
5807;lick;-;UP;J.J. Johnson;-;-;-;-;-;-;18;13;1,2,4,2,1,1,1,2,2,2,2,4,3;1,01,1001,11,1,1,1,01,11,01,01,0011,011
5808;lick;-;MEDIUM UP;Joe Henderson;-;-;-;-;-;-;3;2;2,2;11,01
5809;line;-;MEDIUM UP;Clifford Brown;-;-;-;-;-;-;18;9;2,2,2,2,2,3,2,2,3;11,11,11,11,11,011,11,11,011
5810;lick;-;MEDIUM UP;Lee Morgan;-;-;-;-;-;-;52;26;2,3,2,2,2,4,2,2,2,2,2,2,2,2,3,3,3,2,1,6,2,6,4,5,2,2;01,111,11,01,01,0111,11,11,11,01,11,01,01,11,111,111,110,11,1,100101,01,111100,0011,11110,11,01
5811;lick;-;MEDIUM;Zoot Sims;-;-;-;-;-;-;6;6;2,4,2,2,2,1;01,0001,01,01,01,1
5812;lick;-;MEDIUM UP;Bob Berg;-;-;-;-;-;-;13;5;6,1,2,3,4;111110,1,11,011,1101
5813;line;-;MEDIUM SLOW;Steve Coleman;-;-;-;-;-;-;15;5;4,4,4,10,4;1011,0001,0111,1000010011,1111
5814;lick;-;UP;Gerry Mulligan;-;-;-;-;-;-;10;6;2,1,2,4,2,2;11,1,11,1001,11,01
5815;lick;-;UP;John Coltrane;-;-;-;-;-;-;10;5;2,1,4,2,2;11,1,1111,11,01
5816;lick;-;MEDIUM UP;John Coltrane;-;-;-;-;-;-;9;5;4,4,2,2,4;0001,0001,01,11,1111
5817;lick;-;MEDIUM UP;Paul Desmond;-;-;-;-;-;-;6;4;2,2,2,2;01,11,01,11
5818;lick;-;MEDIUM UP;Cannonball Adderley;-;-;-;-;-;-;9;4;3,4,4,6;111,1001,1001,100001
5819;lick;-;UP;John Coltrane;-;-;-;-;-;-;17;8;1,3,3,3,4,3,3,2;1,011,011,111,1001,111,011,11
5820;line;-;MEDIUM SLOW;Steve Lacy;-;-;-;-;-;-;22;7;6,10,6,3,4,2,3;100101,1010110111,010101,111,1100,11,011
5821;line;-;MEDIUM UP;Hank Mobley;-;-;-;-;-;-;20;10;4,4,3,2,2,1,1,4,3,4;0001,0001,011,11,11,1,1,1111,111,1110
5822;lick;-;UP;Wayne Shorter;-;-;-;-;-;-;16;11;1,2,1,2,2,1,4,3,2,2,2;1,11,1,01,11,1,0001,011,11,01,11
5823;lick;-;UP;Miles Davis;-;-;-;-;-;-;5;4;2,1,2,1;01,1,11,1
5824;lick;-;MEDIUM;Wayne Shorter;-;-;-;-;-;-;13;6;4,6,4,4,3,2;1101,100111,0001,0001,111,01
5825;lick;-;MEDIUM;Dexter Gordon;-;-;-;-;-;-;15;5;3,4,6,7,4;111,0111,010101,0010001,1111
5826;lick;-;MEDIUM UP;Woody Shaw;-;-;-;-;-;-;22;10;2,2,2,4,4,2,3,3,4,4;11,11,11,1001,1101,11,011,111,1100,1001
5827;lick;-;UP;Michael Brecker;-;-;-;-;-;-;11;9;1,1,1,1,1,2,1,3,2;1,1,1,1,1,01,1,111,01
5828;line;-;UP;J.J. Johnson;-;-;-;-;-;-;21;13;1,2,1,2,2,2,1,3,3,2,1,4,4;1,11,1,11,11,11,1,110,111,11,1,0001,0001
5829;line;-;UP;Charlie Parker;-;-;-;-;-;-;31;14;4,2,2,2,2,4,4,2,2,3,4,2,4,2;1001,11,11,11,11,1101,1101,11,11,111,1001,11,1101,01
5830;line;-;UP;Lee Konitz;-;-;-;-;-;-;44;22;2,2,3,4,2,2,2,4,2,2,2,2,2,2,1,1,3,4,4,1,2,2;11,11,111,0001,11,11,11,1011,11,01,11,11,11,11,1,1,111,1101,1101,1,11,11
5831;lick;-;UP;Chris Potter;-;-;-;-;-;-;11;6;2,2,2,2,4,2;11,01,11,11,1001,11
5832;lick;-;UP;Miles Davis;-;-;-;-;-;-;6;5;1,2,1,2,1;1,01,1,11,1
5833;line;-;UP;Lee Konitz;-;-;-;-;-;-;18;10;3,2,2,3,2,2,2,2,2,2;011,11,11,110,11,01,11,11,11,01
5834;lick;-;UP;Miles Davis;-;-;-;-;-;-;8;6;1,1,4,4,2,1;1,1,1001,0001,11,1
5835;line;-;MEDIUM;Clifford Brown;-;-;-;-;-;-;61;24;3,2,3,2,3,3,2,2,2,2,2,2,2,2,1,3,2,1,6,1,4,5,6,6;111,11,111,11,111,111,11,11,11,11,11,11,11,11,1,111,11,1,110111,1,1110,01111,111011,010111
5836;line;-;MEDIUM;Miles Davis;-;-;-;-;-;-;43;19;6,2,2,1,3,4,4,3,4,4,6,4,5,4,2,4,4,2,2;111010,01,11,1,111,1011,0011,011,0001,1111,001001,0111,11111,0001,01,0001,1011,11,11
5837;line;-;MEDIUM SLOW;John Coltrane;-;-;-;-;-;-;22;5;8,4,6,3,4;01111111,1111,111110,111,0111
5838;line;-;UP;Michael Brecker;-;-;-;-;-;-;10;5;2,3,1,2,2;11,111,1,11,11
5839;lick;-;UP;John Coltrane;-;-;-;-;-;-;11;6;2,3,4,3,1,2;11,011,0111,011,1,01
5840;lick;-;UP;John Coltrane;-;-;-;-;-;-;8;2;6,2;111111,11
5841;line;-;UP;Dexter Gordon;-;-;-;-;-;-;9;5;3,2,1,3,4;111,11,1,110,0001
5842;line;-;UP;Joe Henderson;-;-;-;-;-;-;14;7;2,2,2,3,4,4,2;01,11,11,011,1111,0001,11
5843;lick;-;UP;Joe Lovano;-;-;-;-;-;-;14;8;2,2,2,2,2,2,2,1;11,11,11,11,11,01,11,1
5844;line;-;MEDIUM UP;David Liebman;-;-;-;-;-;-;32;14;4,2,6,1,2,2,4,6,6,1,2,2,2,2;1111,11,001001,1,01,11,1111,101111,010101,1,11,11,01,11
5845;line;-;UP;Branford Marsalis;-;-;-;-;-;-;47;27;6,2,2,2,2,2,2,2,4,2,2,3,3,3,3,2,2,2,4,2,2,2,2,2,2,2,1;010001,11,01,01,11,01,11,01,1001,01,11,011,011,111,111,11,01,11,1011,01,11,01,11,11,01,11,1
5846;lick;-;MEDIUM;Milt Jackson;-;-;-;-;-;-;55;26;2,1,1,3,3,2,4,2,2,3,4,2,4,3,1,3,2,2,4,3,2,4,2,2,2,3;11,1,1,111,111,01,1011,01,01,111,0001,01,0111,111,1,111,11,11,0111,111,11,1011,11,11,11,111
5847;lick;-;MEDIUM SLOW;Michael Brecker;-;-;-;-;-;-;9;2;8,6;01011001,111101
5848;lick;-;UP;Steve Lacy;-;-;-;-;-;-;7;6;1,2,1,1,1,4;1,11,1,1,1,0001
5849;lick;-;MEDIUM SLOW;Steve Lacy;-;-;-;-;-;-;11;6;2,1,4,6,2,1;11,1,0111,010011,01,1
5850;line;-;MEDIUM UP;Cannonball Adderley;-;-;-;-;-;-;16;9;2,2,4,2,1,1,2,2,2;11,11,1001,11,1,1,11,11,11
5851;lick;-;MEDIUM;Steve Coleman;-;-;-;-;-;-;8;3;6,1,1,4;000111,1,0,1111
5852;lick;-;UP;Nat Adderley;-;-;-;-;-;-;7;6;1,1,1,2,2,2;1,1,1,11,01,01
5853;lick;-;MEDIUM UP;Curtis Fuller;-;-;-;-;-;-;9;5;2,2,1,2,2;11,11,1,11,11
5854;lick;-;MEDIUM;Miles Davis;-;-;-;-;-;-;5;4;4,1,1,2;0011,1,1,01
5855;line;-;UP;David Liebman;-;-;-;-;-;-;58;29;2,3,2,2,4,4,3,4,2,2,2,2,2,2,1,1,4,3,3,2,4,4,3,4,1,2,2,2,2;11,111,01,01,1110,1111,111,1001,11,11,01,11,01,11,1,1,1110,011,011,11,1001,1111,111,1001,1,11,01,01,11
5856;lick;-;UP;J.J. Johnson;-;-;-;-;-;-;13;10;2,2,2,2,2,1,2,1,2,1;01,11,01,01,11,1,01,1,11,1
5857;lick;-;UP;John Coltrane;-;-;-;-;-;-;2;2;2,2;01,01
5858;line;-;UP;Michael Brecker;-;-;-;-;-;-;46;24;3,3,4,3,5,4,4,1,2,2,2,2,3,3,2,2,2,2,2,2,2,2,2,2;011,111,0011,011,00111,1011,0001,1,11,11,11,11,011,111,11,11,01,01,01,01,11,11,11,11
5859;lick;-;MEDIUM UP;Art Pepper;-;-;-;-;-;-;11;7;3,4,1,2,1,4,2;011,1001,1,01,1,1001,11
5860;lick;-;UP;John Coltrane;-;-;-;-;-;-;4;2;2,3;11,011
5861;lick;-;UP;Sonny Stitt;-;-;-;-;-;-;4;4;1,1,1,1;1,1,1,1
5862;line;-;MEDIUM UP;John Coltrane;-;-;-;-;-;-;36;11;2,2,2,6,2,4,4,6,4,4,4;11,01,01,110111,11,1111,1111,111011,1111,1111,1111
5863;lick;-;UP;Dexter Gordon;-;-;-;-;-;-;10;7;1,2,1,4,2,3,1;1,11,1,0001,11,110,1
5864;lick;-;UP;Clifford Brown;-;-;-;-;-;-;17;8;2,2,2,2,2,4,5,1;11,11,01,11,11,0111,01111,1
5865;line;-;UP;Branford Marsalis;-;-;-;-;-;-;23;17;4,4,2,2,2,2,2,2,4,1,1,2,1,1,2,2,2;1100,1011,01,01,01,01,01,01,1011,1,1,11,1,1,01,01,01
5866;line;-;MEDIUM UP;Wynton Marsalis;-;-;-;-;-;-;49;21;3,4,2,4,3,4,4,2,2,4,3,6,2,2,4,4,2,2,2,6,3;011,1111,01,0111,111,1111,0111,01,01,1001,111,110011,01,11,1101,0001,11,01,11,110011,011
5867;lick;-;MEDIUM UP;David Liebman;-;-;-;-;-;-;40;17;5,3,6,4,3,2,3,6,1,1,1,1,1,4,7,4,1;11111,011,101011,1111,011,11,110,000111,1,1,1,1,1,0011,0001111,1111,1
5868;lick;-;MEDIUM UP;Nat Adderley;-;-;-;-;-;-;14;8;2,2,2,2,2,2,1,1;11,11,11,11,11,11,1,1
5869;lick;-;UP;Miles Davis;-;-;-;-;-;-;12;10;2,4,1,2,1,1,1,1,2,2;01,0001,1,11,1,1,1,1,01,11
5870;line;-;MEDIUM UP;John Coltrane;-;-;-;-;-;-;16;6;5,2,2,2,3,4;01111,11,11,01,111,1111
5871;line;-;MEDIUM UP;Sonny Stitt;-;-;-;-;-;-;12;5;3,3,2,2,2;111,111,11,11,11
5872;line;-;UP;Charlie Parker;-;-;-;-;-;-;32;15;2,4,2,2,1,2,2,2,2,4,2,2,2,2,2;11,1011,11,11,1,11,11,11,11,1111,11,11,11,11,11
5873;line;-;UP;David Liebman;-;-;-;-;-;-;15;8;4,2,2,2,2,2,2,2;1001,11,11,11,11,01,11,11
5874;lick;-;MEDIUM UP;John Coltrane;-;-;-;-;-;-;16;10;4,1,4,3,4,4,1,2,1,2;1001,1,0001,111,0011,0011,1,01,1,11
5875;line;-;MEDIUM;Pepper Adams;-;-;-;-;-;-;9;2;4,6;0111,111111
5876;lick;-;MEDIUM UP;Steve Lacy;-;-;-;-;-;-;5;3;2,2,2;01,11,11
5877;lick;-;MEDIUM;Charlie Parker;-;-;-;-;-;-;43;19;6,4,3,6,3,8,4,3,2,1,2,4,3,2,1,6,2,4,8;111110,0011,011,010111,111,01010001,0011,111,01,1,11,1101,011,11,1,000111,01,0001,01000001
5878;line;-;MEDIUM SLOW;Dexter Gordon;-;-;-;-;-;-;35;9;3,6,6,6,6,5,4,6,1;111,011101,011101,011101,011111,10111,1111,111111,1
5879;line;-;MEDIUM;J.J. Johnson;-;-;-;-;-;-;12;7;4,3,1,1,1,2,2;1001,111,1,1,1,11,11
5880;lick;-;UP;Art Pepper;-;-;-;-;-;-;22;12;3,4,1,3,2,4,4,2,2,2,2,2;111,0001,1,111,11,0001,1111,01,11,01,11,01
5881;lick;-;UP;John Coltrane;-;-;-;-;-;-;5;4;3,1,1,4;011,1,1,0001
5882;line;-;UP;Woody Shaw;-;-;-;-;-;-;57;27;1,2,4,1,4,2,1,4,2,2,2,6,4,3,3,4,2,2,3,4,2,2,2,2,2,3,3;1,01,1011,1,1110,11,1,1011,11,11,11,111110,0110,011,011,0001,11,11,111,1101,11,11,11,01,11,111,011
5883;lick;-;UP;Don Ellis;-;-;-;-;-;-;8;6;1,1,2,1,1,4;1,1,01,1,1,0111
5884;line;-;MEDIUM;Pat Martino;-;-;-;-;-;-;14;4;4,4,4,4;1011,1111,0111,1111
5885;line;-;MEDIUM;Cannonball Adderley;-;-;-;-;-;-;17;6;1,6,4,5,2,3;1,111011,0011,11111,01,111
5886;line;-;UP;Charlie Parker;-;-;-;-;-;-;33;18;4,2,1,2,3,2,2,1,4,3,2,2,3,6,2,2,1,3;1001,11,1,11,111,11,01,1,0111,111,11,01,110,010001,11,01,1,011
5887;line;-;MEDIUM;Bob Berg;-;-;-;-;-;-;19;9;5,1,2,2,2,4,2,2,2;01111,1,11,11,11,1111,01,01,11
5888;lick;-;MEDIUM UP;Woody Shaw;-;-;-;-;-;-;15;7;2,2,3,4,4,2,2;11,11,011,1111,0011,11,01
5889;lick;-;UP;John Coltrane;-;-;-;-;-;-;8;5;4,1,1,2,4;0111,1,1,11,0001
5890;line;-;UP;Lee Konitz;-;-;-;-;-;-;53;26;2,2,2,2,2,2,2,2,2,1,2,3,3,1,2,2,2,2,2,4,6,6,2,2,3,3;11,11,11,11,01,11,11,11,11,1,11,011,111,1,11,11,11,11,11,1101,000011,010011,11,11,111,011
5891;lick;-;MEDIUM;J.J. Johnson;-;-;-;-;-;-;11;8;2,2,2,1,2,1,2,2;01,01,11,1,01,1,11,11
5892;line;-;UP;John Coltrane;-;-;-;-;-;-;2;1;2;11
5893;lick;-;UP;Cannonball Adderley;-;-;-;-;-;-;18;11;1,2,4,2,2,2,2,3,2,2,2;1,11,1001,11,01,11,11,011,01,11,01
5894;lick;-;UP;Wayne Shorter;-;-;-;-;-;-;20;11;1,2,2,2,2,2,2,4,4,4,4;1,11,11,11,11,11,01,0001,1011,1011,0001
5895;line;-;UP;Miles Davis;-;-;-;-;-;-;16;9;2,2,2,2,1,2,2,2,2;11,11,01,11,1,11,11,11,11
5896;line;-;UP;Joe Henderson;-;-;-;-;-;-;25;15;2,2,2,4,2,2,2,2,2,2,4,2,2,2,1;11,11,11,0001,11,11,11,01,11,01,1001,01,11,11,1
5897;line;-;MEDIUM;Eric Dolphy;-;-;-;-;-;-;31;9;3,4,8,7,1,8,5,6,1;011,1111,00000111,0011111,1,01010111,11111,111110,1
5898;line;-;UP;Lee Morgan;-;-;-;-;-;-;31;18;2,2,3,2,2,1,3,2,4,2,1,2,3,2,3,2,1,2;11,11,011,11,01,1,011,11,0001,11,1,01,011,11,111,11,1,11
5899;lick;-;UP;Miles Davis;-;-;-;-;-;-;6;5;1,2,1,2,1;1,11,1,01,1
5900;lick;-;UP;John Coltrane;-;-;-;-;-;-;11;5;2,3,2,1,4;11,111,11,1,1011
5901;lick;-;MEDIUM;Stan Getz;-;-;-;-;-;-;11;5;2,3,4,3,4;11,111,0001,111,1001
5902;line;-;MEDIUM;Miles Davis;-;-;-;-;-;-;45;20;6,2,5,2,2,2,2,2,4,2,1,3,3,3,3,4,2,4,1,2;011011,01,11111,01,11,11,11,11,0111,11,1,111,111,111,111,0001,01,0111,1,11
5903;line;-;UP;Bob Berg;-;-;-;-;-;-;37;20;2,2,2,2,2,2,2,1,1,2,2,2,2,2,2,2,2,2,2,2;11,11,11,11,01,11,11,1,1,11,11,11,11,11,11,11,11,11,11,11
5904;lick;-;MEDIUM UP;Art Pepper;-;-;-;-;-;-;5;3;1,6,2;1,010001,11
5905;lick;-;MEDIUM UP;Steve Lacy;-;-;-;-;-;-;8;5;2,5,2,2,1;01,01111,01,01,1
5906;lick;-;MEDIUM UP;Curtis Fuller;-;-;-;-;-;-;12;5;2,2,6,6,6;01,01,000011,010111,010111
5907;lick;-;MEDIUM;Miles Davis;-;-;-;-;-;-;3;2;1,2;1,11
5908;lick;-;UP;John Coltrane;-;-;-;-;-;-;2;1;2;11
5909;line;-;UP;John Coltrane;-;-;-;-;-;-;6;3;2,2,2;11,11,11
5910;lick;-;MEDIUM UP;Freddie Hubbard;-;-;-;-;-;-;4;3;2,1,1;11,1,1
5911;lick;-;UP;Miles Davis;-;-;-;-;-;-;10;7;2,2,3,4,2,1,2;01,01,011,1001,11,1,01
5912;line;-;UP;David Liebman;-;-;-;-;-;-;66;36;4,2,2,1,2,2,2,2,4,2,2,1,3,1,4,4,2,2,2,2,2,2,2,2,2,2,1,6,4,1,1,3,1,2,3,2;1001,11,11,1,11,01,11,11,0001,11,11,1,111,1,0011,1111,01,11,11,11,11,01,11,11,11,11,1,101011,0001,1,1,111,1,11,111,01
5913;lick;-;MEDIUM;Dexter Gordon;-;-;-;-;-;-;5;3;2,2,2;11,01,11
5914;lick;-;UP;Steve Coleman;-;-;-;-;-;-;10;6;2,2,2,2,2,1;11,11,11,01,11,1
5915;lick;-;UP;Gerry Mulligan;-;-;-;-;-;-;8;4;2,4,2,2;11,1001,11,11
5916;lick;-;MEDIUM UP;Bob Berg;-;-;-;-;-;-;16;10;2,2,2,2,2,2,2,2,4,4;11,01,11,01,01,11,11,01,1100,1100
5917;line;-;MEDIUM UP;Sonny Rollins;-;-;-;-;-;-;34;18;2,2,3,2,2,4,2,2,6,2,2,2,2,2,2,3,4,2;01,11,011,11,01,1100,11,01,001001,11,11,01,11,11,11,111,1101,11
5918;lick;-;UP;John Coltrane;-;-;-;-;-;-;7;4;4,2,1,2;1001,11,1,11
5919;lick;-;UP;David Liebman;-;-;-;-;-;-;50;31;4,4,1,2,1,1,3,2,2,2,1,1,2,2,2,2,1,2,2,4,4,1,1,2,4,4,1,1,4,4,3;1001,1110,1,11,1,1,111,11,11,01,1,1,01,11,11,11,1,11,11,0001,0111,1,1,01,1101,0001,1,1,0001,0001,111
5920;lick;-;MEDIUM;Sonny Rollins;-;-;-;-;-;-;6;3;4,5,2;1011,01001,01
5921;lick;-;MEDIUM UP;Eric Dolphy;-;-;-;-;-;-;11;6;1,1,1,2,5,2;1,1,1,11,01111,11
5922;lick;-;MEDIUM;Joshua Redman;-;-;-;-;-;-;24;13;2,2,2,1,2,2,2,2,2,2,2,4,2;11,11,11,1,11,11,11,11,11,11,11,0001,11
5923;lick;-;UP;Wynton Marsalis;-;-;-;-;-;-;48;35;2,2,2,2,1,2,1,1,2,2,2,4,1,2,1,4,1,1,1,2,1,1,4,2,2,4,1,3,2,2,2,4,2,4,4;11,01,01,01,1,11,1,1,11,11,11,0001,1,01,1,0001,1,1,1,11,1,1,0001,01,11,0001,1,110,11,01,11,0001,11,1001,1001
5924;lick;-;MEDIUM;Joe Lovano;-;-;-;-;-;-;6;3;6,4,2;010101,0110,01
5925;lick;-;MEDIUM;Sonny Rollins;-;-;-;-;-;-;2;2;1,1;1,1
5926;lick;-;UP;John Coltrane;-;-;-;-;-;-;13;8;2,2,2,2,2,1,1,1;11,11,11,11,11,1,1,1
5927;line;-;MEDIUM;Dexter Gordon;-;-;-;-;-;-;31;9;3,6,6,4,4,3,4,6,3;111,010011,010011,1111,1111,111,1111,011110,111
5928;lick;-;UP;Michael Brecker;-;-;-;-;-;-;5;2;4,4;1111,0001
5929;lick;-;UP;Nat Adderley;-;-;-;-;-;-;4;4;1,1,1,1;1,1,1,1
5930;line;-;UP;Clifford Brown;-;-;-;-;-;-;28;15;2,2,3,2,2,2,4,4,2,2,2,2,2,2,2;01,11,011,01,11,11,1011,1011,11,01,11,01,11,11,11
5931;line;-;UP;David Liebman;-;-;-;-;-;-;72;33;3,1,1,2,3,3,3,4,3,2,2,1,3,2,1,4,2,2,2,1,2,4,3,2,2,3,1,2,1,4,6,5,4;011,1,1,11,111,111,111,1111,011,11,11,1,111,11,1,1001,01,01,01,1,11,1111,111,11,11,011,1,11,1,1101,101011,11111,1011
5932;lick;-;UP;Herbie Hancock;-;-;-;-;-;-;13;9;2,1,4,2,1,2,2,2,3;01,1,1001,01,1,11,11,01,011
5933;line;-;UP;Phil Woods;-;-;-;-;-;-;29;17;2,2,2,2,1,2,2,2,2,2,2,2,2,1,2,1,3;11,01,11,01,1,11,11,11,01,11,11,11,11,1,11,1,111
5934;line;-;UP;Joe Henderson;-;-;-;-;-;-;40;22;1,2,1,2,2,2,2,2,2,2,2,2,3,4,2,4,2,2,2,1,2,1;1,11,1,01,11,11,11,11,11,11,11,11,111,1110,11,1011,01,01,11,1,11,1
5935;lick;-;UP;Pat Metheny;-;-;-;-;-;-;18;11;2,2,2,3,2,2,1,2,2,2,2;01,11,11,111,01,11,1,01,11,01,11
5936;lick;-;MEDIUM;Sonny Rollins;-;-;-;-;-;-;3;3;1,1,2;1,1,01
5937;lick;-;MEDIUM;Dexter Gordon;-;-;-;-;-;-;5;2;8,3;00100101,011
5938;lick;-;MEDIUM;Sonny Rollins;-;-;-;-;-;-;3;3;1,1,1;1,1,1
5939;lick;-;MEDIUM;Joshua Redman;-;-;-;-;-;-;5;3;2,2,4;11,11,0001
5940;lick;-;MEDIUM;Miles Davis;-;-;-;-;-;-;13;10;2,1,1,1,1,3,1,1,1,2;11,1,1,1,1,011,1,1,1,11
5941;line;-;UP;Lee Konitz;-;-;-;-;-;-;21;10;2,2,2,2,2,3,2,2,2,2;11,11,11,11,11,111,11,11,11,11
5942;lick;-;UP;Herbie Hancock;-;-;-;-;-;-;17;10;2,3,2,2,2,2,2,2,4,4;01,110,11,01,01,11,11,11,1101,0001
5943;line;-;MEDIUM;Bob Berg;-;-;-;-;-;-;25;11;4,4,4,4,2,2,2,2,2,4,4;1111,0011,0111,0111,11,11,11,11,01,1100,1001
5944;lick;-;UP;David Liebman;-;-;-;-;-;-;9;4;3,3,2,1;111,111,11,1
5945;line;-;UP;John Coltrane;-;-;-;-;-;-;14;8;1,2,3,3,3,2,2,2;1,11,011,110,011,11,01,11
5946;lick;-;UP;Steve Coleman;-;-;-;-;-;-;28;16;4,2,2,2,1,2,4,2,2,6,4,3,4,2,2,2;0001,11,01,11,1,01,1011,01,11,001001,1001,111,0011,01,11,11
5947;lick;-;MEDIUM UP;John Coltrane;-;-;-;-;-;-;14;6;6,4,6,3,2,2;001111,0001,000111,111,01,11
5948;lick;-;MEDIUM;Stan Getz;-;-;-;-;-;-;22;10;4,4,4,2,3,4,3,3,2,2;0011,1111,0001,11,111,0011,111,111,01,01
5949;line;-;UP;John Coltrane;-;-;-;-;-;-;29;14;1,2,1,2,3,3,3,2,2,4,2,2,2,4;1,11,1,11,011,111,111,11,11,1101,01,11,11,1101
5950;line;-;MEDIUM;Lee Morgan;-;-;-;-;-;-;46;13;5,4,4,4,8,4,3,6,6,4,2,6,4;01111,1111,0111,0111,11011110,1111,011,111001,111110,0111,11,000111,0111
5951;line;-;MEDIUM UP;Hank Mobley;-;-;-;-;-;-;16;8;2,3,2,2,2,4,2,2;11,111,11,11,01,0011,11,11
5952;lick;-;MEDIUM;Wayne Shorter;-;-;-;-;-;-;5;3;2,2,2;11,01,11
5953;line;-;UP;Pat Metheny;-;-;-;-;-;-;79;48;2,2,2,1,2,2,2,2,3,2,2,2,2,2,2,2,2,2,2,2,2,2,2,2,2,2,4,4,2,2,2,2,2,2,2,3,2,2,2,2,2,2,2,2,2,2,2,2;11,01,11,1,01,01,11,01,011,11,01,11,11,01,01,11,11,11,11,11,11,11,01,11,11,01,1100,0001,01,11,11,01,11,11,11,110,01,11,11,11,11,01,11,11,01,11,11,01
5954;line;-;MEDIUM;Wynton Marsalis;-;-;-;-;-;-;30;18;1,2,3,2,2,2,1,1,2,2,4,2,2,6,2,1,1,2;1,11,011,01,11,11,1,1,11,11,1001,11,01,011101,01,1,1,11
5955;lick;-;UP;Stan Getz;-;-;-;-;-;-;15;8;4,2,2,2,2,3,2,2;1001,11,01,11,11,111,01,11
5956;line;-;UP;Woody Shaw;-;-;-;-;-;-;32;18;2,2,1,2,2,2,2,2,2,4,2,2,2,2,2,2,4,1;11,11,1,01,11,11,11,11,01,1011,11,11,11,11,11,01,1001,1
5957;line;-;UP;John Coltrane;-;-;-;-;-;-;19;11;3,4,1,1,2,2,1,4,2,4,1;011,1011,1,1,01,11,1,0001,11,1111,1
5958;lick;-;UP;Kenny Dorham;-;-;-;-;-;-;5;5;2,2,2,2,2;01,01,01,01,01
5959;lick;-;MEDIUM;Curtis Fuller;-;-;-;-;-;-;8;5;3,4,2,2,1;110,0011,01,11,1
5960;lick;-;MEDIUM UP;John Coltrane;-;-;-;-;-;-;5;4;2,3,1,1;01,110,1,1
5961;lick;-;MEDIUM;J.J. Johnson;-;-;-;-;-;-;33;17;2,1,2,2,2,1,1,1,4,6,6,6,4,6,4,3,3;11,1,11,01,11,1,1,1,0011,000011,100001,000011,1110,100001,1111,110,111
5962;line;-;MEDIUM;Milt Jackson;-;-;-;-;-;-;56;22;2,3,4,2,2,4,2,2,6,4,4,2,8,3,3,4,6,4,1,4,4,2;01,111,0111,01,11,1001,11,11,101011,1111,1101,11,01000011,011,111,1111,110111,0001,1,1101,1011,11
5963;lick;-;MEDIUM;Branford Marsalis;-;-;-;-;-;-;33;22;4,1,4,4,6,2,1,1,1,1,1,1,1,1,1,4,4,2,2,4,6,2;0001,1,1001,1001,001011,11,1,1,1,1,1,1,1,1,1,0001,0001,11,11,0111,010011,01
5964;lick;-;UP;Paul Desmond;-;-;-;-;-;-;8;5;2,4,1,4,2;11,1001,1,1001,01
5965;line;-;MEDIUM UP;Wayne Shorter;-;-;-;-;-;-;24;10;2,2,6,4,6,6,2,2,2,2;11,11,010011,0011,011011,011110,11,11,11,01
5966;line;-;UP;Art Pepper;-;-;-;-;-;-;9;5;3,2,1,2,2;110,11,1,11,11
5967;line;-;UP;Sonny Rollins;-;-;-;-;-;-;56;30;2,2,1,2,2,2,3,2,1,1,2,2,4,2,2,2,3,2,2,2,4,2,2,2,2,2,2,2,4,2;01,11,1,11,11,11,111,11,1,1,11,11,1001,11,11,11,011,11,01,11,1001,11,11,11,01,11,11,11,1110,11
5968;lick;-;MEDIUM;David Liebman;-;-;-;-;-;-;5;5;2,1,1,1,1;01,1,1,1,1
5969;lick;-;MEDIUM;Joe Henderson;-;-;-;-;-;-;17;6;4,6,3,2,3,6;1011,100011,111,01,111,100111
5970;lick;-;MEDIUM;Eric Dolphy;-;-;-;-;-;-;5;2;2,4;01,1111
5971;lick;-;MEDIUM UP;Fats Navarro;-;-;-;-;-;-;5;3;2,1,2;11,1,11
5972;line;-;UP;Branford Marsalis;-;-;-;-;-;-;21;11;2,2,1,1,2,4,2,2,2,3,2;11,11,1,1,01,1011,11,11,11,111,11
5973;lick;-;MEDIUM UP;Clifford Brown;-;-;-;-;-;-;12;7;1,3,2,2,2,2,3;1,110,01,01,11,11,111
5974;line;-;UP;John Coltrane;-;-;-;-;-;-;11;5;2,2,2,4,2;11,11,11,1111,01
5975;line;-;UP;Charlie Parker;-;-;-;-;-;-;23;12;4,2,2,2,3,3,4,2,1,1,2,4;0001,11,11,11,111,111,1001,11,1,1,01,1011
5976;lick;-;UP;John Coltrane;-;-;-;-;-;-;11;6;2,2,1,4,2,1;11,11,1,0111,11,1
5977;lick;-;UP;Michael Brecker;-;-;-;-;-;-;5;2;3,3;011,111
5978;lick;-;MEDIUM UP;Don Ellis;-;-;-;-;-;-;29;18;1,1,4,2,4,2,2,2,1,1,1,3,3,1,4,4,4,4;1,1,1011,11,0001,01,11,11,1,1,1,011,110,1,1001,1001,0111,0001
5979;lick;-;MEDIUM;Kenny Dorham;-;-;-;-;-;-;14;7;4,3,2,1,4,2,6;1011,011,11,1,0111,01,001001
5980;lick;-;UP;John Abercrombie;-;-;-;-;-;-;5;3;1,2,4;1,11,1001
5981;lick;-;MEDIUM SLOW;Hank Mobley;-;-;-;-;-;-;9;3;1,2,9;1,11,101001111
5982;lick;-;UP;John Coltrane;-;-;-;-;-;-;9;5;1,4,2,1,2;1,0111,11,1,11
5983;line;-;UP;Joe Lovano;-;-;-;-;-;-;25;12;4,4,4,1,1,2,2,3,2,2,2,4;1101,0001,0111,1,1,11,11,111,01,11,11,1111
5984;line;-;MEDIUM;J.J. Johnson;-;-;-;-;-;-;28;10;3,3,3,3,3,3,3,3,3,3;011,111,111,111,111,111,111,011,111,111
5985;lick;-;MEDIUM UP;David Liebman;-;-;-;-;-;-;65;23;8,5,5,4,6,8,1,4,5,3,4,4,5,5,3,6,6,2,2,2,2,6,6;00010111,11111,10101,1100,000011,00101011,1,0001,11111,111,1011,0111,01111,11111,011,000111,100001,11,01,11,11,110101,000101
5986;lick;-;UP;Phil Woods;-;-;-;-;-;-;49;28;2,2,1,2,2,2,2,3,1,1,2,2,4,1,4,1,2,2,2,1,2,4,2,2,2,1,4,1;11,11,1,11,11,11,11,111,1,1,01,11,1001,1,1110,1,11,11,11,1,11,1011,11,01,01,1,1011,1
5987;lick;-;MEDIUM UP;David Liebman;-;-;-;-;-;-;14;6;3,4,4,4,2,6;110,1110,0001,1111,11,000101
5988;line;-;UP;Sonny Stitt;-;-;-;-;-;-;16;9;2,6,2,1,2,2,3,2,1;11,100001,11,1,11,11,011,11,1
5989;lick;-;UP;Lee Konitz;-;-;-;-;-;-;6;3;2,3,2;11,110,11
5990;line;-;UP;John Abercrombie;-;-;-;-;-;-;34;21;1,2,1,1,4,2,2,2,2,1,2,2,4,4,4,2,2,2,1,2,2;1,11,1,1,0001,11,01,01,11,1,11,11,1011,1011,0001,11,01,11,1,11,11
5991;lick;-;MEDIUM UP;Don Ellis;-;-;-;-;-;-;18;13;4,1,4,4,2,2,4,4,4,1,1,1,6;0001,1,0001,0001,11,11,0001,1011,1001,1,1,1,000001
5992;line;-;MEDIUM UP;Fats Navarro;-;-;-;-;-;-;48;21;1,2,4,4,2,2,2,2,4,1,4,2,2,3,4,8,2,1,4,4,2;1,11,1111,1111,01,11,11,11,1001,1,1111,11,11,111,1111,00100011,11,1,0110,1101,01
5993;line;-;UP;Wynton Marsalis;-;-;-;-;-;-;18;10;2,2,2,4,3,2,1,2,2,2;11,11,11,1001,111,01,1,11,11,01
5994;line;-;MEDIUM SLOW;Steve Coleman;-;-;-;-;-;-;20;5;9,2,4,4,6;101010101,11,1111,1111,111011
5995;lick;-;MEDIUM;Eric Dolphy;-;-;-;-;-;-;2;2;1,1;1,1
5996;lick;-;MEDIUM;Charlie Parker;-;-;-;-;-;-;8;3;4,2,4;1111,01,1101
5997;lick;-;UP;John Coltrane;-;-;-;-;-;-;4;3;4,1,2;0001,1,11
5998;lick;-;UP;Wynton Marsalis;-;-;-;-;-;-;8;5;2,2,4,4,2;11,11,0001,0001,11
5999;line;-;MEDIUM;Woody Shaw;-;-;-;-;-;-;14;7;4,2,1,1,2,4,2;1110,11,1,1,11,1101,11
6000;lick;-;UP;John Coltrane;-;-;-;-;-;-;8;5;4,2,2,3,2;0011,01,01,110,11
6001;line;-;MEDIUM;Bob Berg;-;-;-;-;-;-;52;13;4,4,5,6,6,4,4,4,6,8,4,4,4;1011,1111,11111,110111,110111,1111,1101,1111,101011,01010111,1111,1111,0011
6002;lick;-;MEDIUM;Stan Getz;-;-;-;-;-;-;21;12;4,3,3,4,1,1,1,2,4,1,4,1;0001,111,111,0011,1,1,1,01,1111,1,1001,1
6003;line;-;MEDIUM UP;John Coltrane;-;-;-;-;-;-;29;13;2,3,3,3,2,2,1,2,2,2,4,3,6;11,011,111,111,11,11,1,01,01,11,1111,111,010101
6004;lick;-;UP;John Coltrane;-;-;-;-;-;-;8;5;4,1,2,2,2;1101,1,01,11,01
6005;line;-;MEDIUM;Sonny Rollins;-;-;-;-;-;-;25;8;3,1,6,7,6,4,4,6;011,1,101011,0110101,001011,1111,0111,011101
6006;line;-;UP;Lee Konitz;-;-;-;-;-;-;26;15;2,2,2,2,2,1,2,2,2,2,2,2,2,2,2;01,01,11,11,11,1,11,11,11,11,11,11,11,11,01
6007;lick;-;UP;Miles Davis;-;-;-;-;-;-;15;10;2,2,1,2,2,1,1,2,4,2;11,11,1,11,01,1,1,11,1001,01
6008;line;-;UP;John Coltrane;-;-;-;-;-;-;15;7;1,4,2,2,2,2,4;1,1011,11,11,11,01,1111
6009;line;-;MEDIUM;John Coltrane;-;-;-;-;-;-;21;6;4,6,2,6,3,4;1111,111011,11,011111,110,0111
6010;line;-;MEDIUM UP;David Liebman;-;-;-;-;-;-;12;4;4,2,4,4;1111,11,1110,1101
6011;line;-;MEDIUM UP;David Liebman;-;-;-;-;-;-;10;2;5,8;11111,10101011
6012;lick;-;UP;Zoot Sims;-;-;-;-;-;-;13;10;2,2,1,2,2,1,2,3,1,1;01,01,1,11,01,1,11,110,1,1
6013;lick;-;MEDIUM UP;Freddie Hubbard;-;-;-;-;-;-;3;3;1,1,2;1,1,01
6014;line;-;UP;Gerry Mulligan;-;-;-;-;-;-;43;25;2,2,1,1,1,2,2,2,2,2,2,2,2,2,2,2,2,2,2,1,1,4,2,2,2;11,11,1,1,1,01,11,01,11,11,11,11,11,11,11,11,11,01,11,1,1,1011,11,11,11
6015;line;-;UP;Pepper Adams;-;-;-;-;-;-;11;6;2,2,2,2,2,4;11,01,11,01,11,1110
6016;line;-;UP;Michael Brecker;-;-;-;-;-;-;75;39;2,2,2,2,2,2,2,3,1,2,2,2,2,4,2,3,3,2,4,4,3,2,1,4,6,3,1,2,2,2,3,2,4,1,1,2,2,2,1;11,11,11,11,01,11,01,011,1,11,11,01,11,1111,01,110,011,11,1101,1011,111,11,1,1101,011101,011,1,01,11,11,111,11,0110,1,1,11,01,11,1
6017;line;-;UP;Woody Shaw;-;-;-;-;-;-;59;31;2,4,2,2,4,4,2,2,2,2,3,2,2,4,2,4,1,4,3,3,2,2,2,2,1,2,2,4,4,2,2;01,1011,01,11,1001,0001,11,11,11,11,011,01,01,1101,11,1101,1,1011,011,111,01,01,11,11,1,11,11,1101,1001,11,11
6018;line;-;MEDIUM UP;John Coltrane;-;-;-;-;-;-;27;11;6,4,4,4,4,2,2,6,4,2,1;111100,0111,0011,0001,1110,11,11,110111,1110,01,1
6019;line;-;UP;John Coltrane;-;-;-;-;-;-;67;35;2,4,1,2,2,1,2,1,2,2,3,2,1,3,1,3,3,3,4,2,3,2,1,1,2,4,2,2,2,2,2,4,4,2,2;11,1101,1,11,11,1,11,1,11,11,111,11,1,011,1,111,111,011,0001,11,011,01,1,1,11,1001,11,11,11,11,11,1011,1011,11,11
6020;line;-;UP;Nat Adderley;-;-;-;-;-;-;35;15;4,2,4,4,3,2,3,3,2,3,2,2,4,2,3;0011,11,1011,1111,111,01,011,111,11,111,11,11,0111,01,011
6021;line;-;MEDIUM;Dexter Gordon;-;-;-;-;-;-;58;17;4,4,4,6,6,4,4,8,6,5,9,6,6,3,3,2,2;1111,1111,1111,101011,011100,1110,1111,01001001,011011,10111,011001101,101111,000011,111,011,11,11
6022;lick;-;UP;J.J. Johnson;-;-;-;-;-;-;26;18;2,2,1,2,2,2,2,2,4,4,1,1,2,1,4,2,2,2;01,01,1,01,11,11,01,11,0011,1001,1,1,01,1,1001,11,11,01
6023;line;-;UP;Joe Henderson;-;-;-;-;-;-;8;5;2,2,2,1,2;01,11,11,1,11
6024;lick;-;UP;Gerry Mulligan;-;-;-;-;-;-;54;34;1,3,4,2,2,1,4,3,2,2,3,2,2,2,3,1,1,1,1,2,1,1,1,2,2,2,2,1,2,2,2,2,2,2;1,110,0001,11,01,1,1001,111,11,01,011,11,11,11,111,1,1,1,1,11,1,1,1,11,11,11,11,1,11,01,11,01,01,11
6025;line;-;MEDIUM;Steve Turre;-;-;-;-;-;-;1;1;1;1
6026;line;-;UP;Steve Coleman;-;-;-;-;-;-;14;7;1,4,2,4,6,3,2;1,0001,01,1001,111111,110,01
6027;lick;-;MEDIUM SLOW;John Coltrane;-;-;-;-;-;-;16;6;2,4,4,4,4,4;01,1011,1110,1110,1111,0110
6028;lick;-;UP;Art Pepper;-;-;-;-;-;-;8;6;2,1,1,2,6,1;01,1,1,11,000011,1
6029;lick;-;MEDIUM UP;Joe Henderson;-;-;-;-;-;-;12;4;3,3,4,4;110,111,1111,1011
6030;lick;-;MEDIUM UP;David Liebman;-;-;-;-;-;-;27;11;4,6,4,7,4,3,3,4,4,2,1;0111,000101,1111,0001111,0011,011,011,0011,1011,11,1
6031;lick;-;MEDIUM;Zoot Sims;-;-;-;-;-;-;12;8;1,2,6,1,1,4,1,4;1,01,001001,1,1,0001,1,1111
6032;lick;-;UP;Stan Getz;-;-;-;-;-;-;10;6;2,2,2,2,2,2;01,11,11,11,11,01
6033;line;-;UP;Pepper Adams;-;-;-;-;-;-;9;5;2,2,2,2,3;11,01,11,11,011
6034;line;-;MEDIUM;Dexter Gordon;-;-;-;-;-;-;25;9;4,2,2,2,2,6,4,6,4;1100,11,11,11,01,001011,1111,111110,1111
6035;line;-;UP;Kenny Dorham;-;-;-;-;-;-;19;10;1,3,2,2,4,2,2,2,2,2;1,011,01,11,1111,01,11,11,11,11
6036;lick;-;UP;Art Pepper;-;-;-;-;-;-;4;3;4,1,2;0001,1,11
6037;lick;-;UP;David Liebman;-;-;-;-;-;-;4;2;2,2;11,11
6038;line;-;UP;Michael Brecker;-;-;-;-;-;-;38;17;2,2,2,2,2,4,2,2,2,3,2,4,4,2,3,3,5;11,11,01,11,01,1111,11,11,11,111,11,1001,1001,11,011,011,11111
6039;line;-;MEDIUM UP;Sonny Stitt;-;-;-;-;-;-;12;5;2,2,3,4,2;11,11,111,1101,11
6040;line;-;MEDIUM UP;Hank Mobley;-;-;-;-;-;-;23;11;2,4,4,4,4,6,4,2,2,2,2;11,0110,0111,0111,0001,011001,0001,11,11,11,11
6041;line;-;MEDIUM UP;Sonny Stitt;-;-;-;-;-;-;19;6;4,4,4,4,4,6;0111,0011,1101,1101,1110,101111
6042;lick;-;UP;Steve Coleman;-;-;-;-;-;-;31;17;2,1,1,2,2,2,2,2,2,2,2,2,1,2,4,3,5;11,1,1,11,11,11,01,11,11,01,01,01,1,11,1101,111,10111
6043;line;-;MEDIUM UP;Cannonball Adderley;-;-;-;-;-;-;41;18;2,2,1,1,2,4,4,4,2,2,2,6,6,2,2,4,2,2;11,01,1,1,11,1111,1111,1001,11,11,11,100011,101111,11,11,0011,11,11
6044;lick;-;UP;Charlie Parker;-;-;-;-;-;-;5;3;2,2,2;11,11,01
6045;line;-;MEDIUM UP;Wayne Shorter;-;-;-;-;-;-;26;9;1,2,2,6,7,6,6,4,6;1,11,01,001001,0010111,101111,100111,1001,110111
6046;lick;-;UP;J.J. Johnson;-;-;-;-;-;-;26;18;2,2,2,2,2,4,2,4,1,1,4,2,4,1,1,1,1,2;01,01,11,11,11,0011,01,1100,1,1,1001,11,0001,1,1,1,1,11
6047;lick;-;UP;Wayne Shorter;-;-;-;-;-;-;8;5;2,2,1,2,2;11,11,1,01,11
6048;lick;-;MEDIUM UP;Sonny Rollins;-;-;-;-;-;-;11;6;2,4,2,2,2,1;11,1101,11,11,01,1
6049;lick;-;MEDIUM;Wayne Shorter;-;-;-;-;-;-;10;4;2,2,6,2;11,11,101011,11
6050;lick;-;UP;Kai Winding;-;-;-;-;-;-;5;4;2,2,2,2;01,01,01,11
6051;line;-;UP;Dexter Gordon;-;-;-;-;-;-;9;4;1,3,1,6;1,110,1,111011
6052;line;-;UP;Lee Morgan;-;-;-;-;-;-;98;56;2,4,2,2,2,1,2,2,2,2,2,3,2,3,3,3,4,2,2,2,2,2,2,2,2,3,2,2,2,3,2,3,2,2,1,1,2,2,2,2,2,3,2,1,1,2,4,2,1,4,2,2,2,3,2,2;01,0110,11,11,11,1,01,11,11,11,11,111,11,111,111,111,0001,11,01,01,11,11,11,01,11,111,11,01,11,111,11,111,11,11,1,1,01,01,01,01,01,011,01,1,1,01,1011,11,1,0001,01,01,11,111,11,11
6053;lick;-;MEDIUM;Dexter Gordon;-;-;-;-;-;-;7;3;3,2,2;111,11,11
6054;lick;-;MEDIUM;Freddie Hubbard;-;-;-;-;-;-;32;12;1,6,4,1,2,5,1,3,4,4,4,4;1,111101,1011,1,01,01111,1,011,1111,1111,0011,1111
6055;lick;-;UP;Eric Dolphy;-;-;-;-;-;-;11;6;2,2,4,3,3,2;11,11,0001,110,011,11
6056;lick;-;MEDIUM;Freddie Hubbard;-;-;-;-;-;-;18;8;3,3,3,3,2,4,4,2;111,111,111,111,11,1100,0001,01
6057;lick;-;UP;Chris Potter;-;-;-;-;-;-;30;17;2,3,4,2,2,2,2,2,2,4,4,1,4,2,1,1,1;11,011,0001,01,01,11,11,11,11,1111,0001,1,1111,11,1,1,1
6058;line;-;MEDIUM UP;Warne Marsh;-;-;-;-;-;-;27;15;2,2,2,2,2,2,2,2,1,1,2,2,2,2,2;11,11,11,11,11,01,11,11,1,1,11,11,11,11,11
6059;line;-;UP;John Coltrane;-;-;-;-;-;-;12;6;3,2,2,1,2,2;111,11,11,1,11,11
6060;lick;-;UP;Stan Getz;-;-;-;-;-;-;11;7;4,4,2,2,1,1,1;1011,0001,11,11,1,1,1
6061;line;-;UP;Phil Woods;-;-;-;-;-;-;9;5;2,2,2,2,2;11,01,11,11,11
6062;line;-;UP;Michael Brecker;-;-;-;-;-;-;52;27;2,1,4,4,4,2,2,4,2,1,2,3,1,4,3,2,2,1,4,1,2,2,1,1,2,2,2;11,1,1110,1011,1011,11,11,1111,11,1,01,011,1,1111,111,01,11,1,0111,1,11,11,1,1,01,01,11
6063;line;-;UP;John Coltrane;-;-;-;-;-;-;9;5;2,2,1,2,2;11,11,1,11,11
6064;lick;-;MEDIUM UP;Gerry Mulligan;-;-;-;-;-;-;12;7;4,2,2,2,2,2,1;1001,11,11,01,11,11,1
6065;lick;-;MEDIUM;Paul Desmond;-;-;-;-;-;-;21;11;1,4,1,5,1,4,1,4,1,1,4;1,0110,1,01111,1,1111,1,0001,1,1,1111
6066;lick;-;MEDIUM SLOW;Steve Lacy;-;-;-;-;-;-;7;4;6,4,4,1;010001,1001,0011,1
6067;line;-;UP;Joe Lovano;-;-;-;-;-;-;18;6;5,3,4,2,4,3;11111,110,0111,11,1011,111
6068;lick;-;UP;Branford Marsalis;-;-;-;-;-;-;9;5;4,1,2,2,2;1110,1,01,11,11
6069;lick;-;MEDIUM;Woody Shaw;-;-;-;-;-;-;7;6;1,1,4,1,1,1;1,1,0110,1,1,1
6070;line;-;UP;John Coltrane;-;-;-;-;-;-;14;7;4,2,2,4,3,2,1;1101,01,11,1011,110,11,1
6071;line;-;UP;Pepper Adams;-;-;-;-;-;-;11;6;1,3,2,2,2,2;1,111,11,01,11,11
6072;line;-;MEDIUM UP;Charlie Parker;-;-;-;-;-;-;6;3;2,2,2;11,11,11
6073;lick;-;MEDIUM UP;Sonny Rollins;-;-;-;-;-;-;11;6;4,1,1,6,2,2;1110,1,1,010001,11,11
6074;line;-;UP;John Coltrane;-;-;-;-;-;-;2;1;6;001001
6075;lick;-;MEDIUM;Bob Berg;-;-;-;-;-;-;13;6;2,2,3,1,3,4;01,11,111,1,111,1110
6076;lick;-;UP;J.J. Johnson;-;-;-;-;-;-;16;12;2,2,1,1,1,1,1,2,2,2,2,2;11,01,1,1,1,1,1,11,11,11,01,01
6077;lick;-;UP;David Liebman;-;-;-;-;-;-;9;5;2,2,3,1,2;01,11,111,1,11
6078;line;-;UP;Dexter Gordon;-;-;-;-;-;-;41;22;1,2,2,2,2,4,4,2,2,2,2,2,2,2,2,4,1,1,2,2,2,2;1,11,11,11,11,0111,0001,11,01,11,11,11,11,11,11,1011,1,1,11,11,11,11
6079;lick;-;MEDIUM UP;John Coltrane;-;-;-;-;-;-;8;2;6,5;111000,11111
6080;lick;-;MEDIUM;Sonny Rollins;-;-;-;-;-;-;7;3;4,4,6;0011,0111,010001
6081;lick;-;UP;Art Pepper;-;-;-;-;-;-;5;2;2,4;11,0111
6082;lick;-;UP;Dexter Gordon;-;-;-;-;-;-;7;4;1,2,2,2;1,11,11,11
6083;lick;-;UP;Kai Winding;-;-;-;-;-;-;5;3;1,3,2;1,011,11
6084;lick;-;UP;Clifford Brown;-;-;-;-;-;-;11;4;6,4,2,2;101011,1111,11,01
6085;lick;-;UP;John Coltrane;-;-;-;-;-;-;21;10;3,2,1,2,4,3,2,3,1,7;111,11,1,11,0011,111,01,011,1,1001011
6086;line;-;UP;Kenny Dorham;-;-;-;-;-;-;36;17;2,3,2,2,4,4,2,2,2,2,2,4,3,2,2,2,2;11,110,11,11,1011,1011,11,11,11,11,01,1011,111,01,11,11,11
6087;lick;-;UP;Clifford Brown;-;-;-;-;-;-;7;4;3,1,2,3;011,1,11,011
6088;lick;-;MEDIUM UP;Cannonball Adderley;-;-;-;-;-;-;27;15;1,2,1,1,4,6,4,4,2,1,3,5,2,2,4;1,11,1,1,1011,000001,1001,1001,01,1,111,01111,11,01,1001
6089;line;-;UP;J.J. Johnson;-;-;-;-;-;-;12;6;1,3,4,2,2,2;1,111,1011,11,11,01
6090;line;-;UP;David Liebman;-;-;-;-;-;-;24;12;2,3,1,1,2,2,3,2,3,3,3,3;11,011,1,1,11,11,011,11,110,111,111,011
6091;lick;-;UP;John Coltrane;-;-;-;-;-;-;6;4;2,1,1,2;11,1,1,11
6092;lick;-;UP;Phil Woods;-;-;-;-;-;-;28;18;1,4,4,2,2,2,2,4,4,4,4,2,3,2,2,2,1,1;1,0001,0001,11,11,11,01,0001,0011,1001,0001,11,111,11,11,01,1,1
6093;line;-;UP;Joe Henderson;-;-;-;-;-;-;10;7;2,4,2,3,2,2,1;01,0110,01,011,11,01,1
6094;lick;-;MEDIUM;Sonny Rollins;-;-;-;-;-;-;9;3;4,6,2;0111,100111,11
6095;lick;-;MEDIUM;Gerry Mulligan;-;-;-;-;-;-;15;7;1,2,4,4,1,2,3;1,11,1101,1111,1,01,111
6096;lick;-;MEDIUM;Paul Desmond;-;-;-;-;-;-;14;6;4,6,3,4,2,1;0111,010111,111,0001,11,1
6097;line;-;MEDIUM UP;Wayne Shorter;-;-;-;-;-;-;15;9;2,4,4,4,1,1,1,2,2;01,0111,0110,1001,1,1,1,11,11
6098;lick;-;MEDIUM SLOW;Hank Mobley;-;-;-;-;-;-;27;12;2,4,6,3,3,4,8,6,3,6,3,4;01,0001,101001,111,011,1101,00000011,011001,011,000101,111,0011
6099;line;-;MEDIUM;Eric Dolphy;-;-;-;-;-;-;31;9;3,7,4,6,4,4,4,5,1;110,1111111,1110,111110,1111,1111,0001,11011,1
6100;lick;-;UP;Sonny Rollins;-;-;-;-;-;-;7;4;1,2,4,3;1,11,1100,011
6101;line;-;UP;Pat Metheny;-;-;-;-;-;-;85;54;2,2,2,2,4,2,2,2,2,2,3,2,2,2,2,2,2,2,2,2,2,2,2,4,1,1,2,2,2,1,1,1,1,3,3,2,2,2,2,4,6,1,2,1,1,1,1,1,1,1,2,1,2,1,3;11,11,11,11,1100,11,11,11,11,11,011,11,11,11,11,01,11,01,11,11,11,11,01,1101,1,1,11,11,11,1,1,1,1,111,011,11,11,11,11,1011,010001,0,01,0,1,0,1,0,1,0,11,0,01,0,110
6102;line;-;UP;Steve Coleman;-;-;-;-;-;-;30;16;2,2,2,2,3,3,3,1,2,2,2,2,2,2,2,2;11,11,11,11,111,011,111,1,01,01,11,01,11,11,11,11
6103;lick;-;UP;John Coltrane;-;-;-;-;-;-;6;5;2,4,2,1,4;11,0001,01,1,0001
6104;line;-;UP;Stan Getz;-;-;-;-;-;-;29;15;2,2,2,2,3,2,2,2,2,2,2,2,2,2,2;01,11,11,11,111,11,11,11,11,11,11,11,11,11,01
6105;line;-;UP;Wynton Marsalis;-;-;-;-;-;-;70;42;1,1,2,2,4,1,2,2,2,2,2,2,2,1,1,6,2,2,2,2,2,2,1,2,1,4,4,2,2,2,1,1,1,2,1,1,1,1,1,1,3,1;1,1,11,01,1101,1,11,11,11,11,11,11,11,1,1,001111,01,11,11,11,11,11,1,11,1,1111,1001,11,11,11,1,1,1,01,1,1,1,1,1,1,111,1
6106;lick;-;MEDIUM;Sonny Rollins;-;-;-;-;-;-;6;3;4,2,1;1111,01,1
6107;lick;-;UP;Nat Adderley;-;-;-;-;-;-;3;3;1,1,1;1,1,1
6108;lick;-;UP;Lee Konitz;-;-;-;-;-;-;26;15;2,2,1,2,3,2,1,4,1,3,2,2,2,2,2;01,01,1,11,011,11,1,0011,1,111,11,11,11,11,11
6109;line;-;MEDIUM UP;Kenny Wheeler;-;-;-;-;-;-;11;4;4,4,3,3;0110,0111,111,111
6110;line;-;MEDIUM UP;Cannonball Adderley;-;-;-;-;-;-;25;14;1,2,2,2,1,1,2,2,2,2,2,1,4,4;1,11,11,11,1,1,11,11,01,11,11,1,1111,1001
6111;line;-;UP;Clifford Brown;-;-;-;-;-;-;49;24;2,4,2,3,2,2,2,2,2,2,2,2,2,2,4,4,3,2,2,2,3,2,2,3;11,1101,11,011,11,11,01,11,01,11,11,11,11,11,1011,1011,011,11,11,11,111,11,01,011
6112;lick;-;UP;Branford Marsalis;-;-;-;-;-;-;24;17;1,1,2,2,2,2,1,1,1,1,4,2,2,2,2,2,3;1,1,01,11,11,11,1,1,1,1,0001,01,01,11,11,11,011
6113;line;-;MEDIUM UP;Cannonball Adderley;-;-;-;-;-;-;4;3;2,1,4;11,1,0001
6114;lick;-;UP;Miles Davis;-;-;-;-;-;-;13;8;1,2,4,2,2,2,2,2;1,11,1001,11,01,11,11,01
6115;lick;-;MEDIUM;John Coltrane;-;-;-;-;-;-;16;5;4,8,4,4,6;1100,00001111,1100,1111,011011
6116;line;-;MEDIUM UP;Sonny Rollins;-;-;-;-;-;-;11;5;2,6,2,2,3;01,101111,01,11,011
6117;lick;-;MEDIUM SLOW;Pepper Adams;-;-;-;-;-;-;6;2;4,3;1101,111
6118;line;-;UP;Dizzy Gillespie;-;-;-;-;-;-;5;3;1,2,2;1,11,11
6119;line;-;MEDIUM UP;Cannonball Adderley;-;-;-;-;-;-;19;7;4,4,6,4,3,3,4;0111,0011,001001,1111,011,111,1101
6120;lick;-;MEDIUM;Woody Shaw;-;-;-;-;-;-;4;2;1,3;1,111
6121;lick;-;UP;John Coltrane;-;-;-;-;-;-;7;3;2,2,4;11,11,0111
6122;lick;-;MEDIUM UP;John Coltrane;-;-;-;-;-;-;9;2;4,6;1111,111110
6123;line;-;UP;Steve Coleman;-;-;-;-;-;-;15;8;2,2,2,2,2,2,2,2;11,11,11,11,11,01,11,11
6124;line;-;UP;Bob Berg;-;-;-;-;-;-;41;20;2,2,2,2,2,2,2,2,2,2,4,2,4,2,2,2,2,2,2,2;01,11,11,11,11,11,11,11,11,01,1111,11,1011,11,11,11,11,11,11,11
6125;line;-;UP;Dexter Gordon;-;-;-;-;-;-;7;4;2,2,3,3;01,11,110,011
6126;line;-;UP;John Coltrane;-;-;-;-;-;-;14;8;2,2,4,6,2,2,2,1;11,11,0001,011101,11,01,01,1
6127;line;-;UP;J.J. Johnson;-;-;-;-;-;-;26;19;2,2,2,2,2,2,1,2,2,1,2,2,2,1,1,2,1,1,2;01,11,11,01,11,11,1,01,01,1,11,11,01,1,1,11,1,1,01
6128;line;-;MEDIUM;Clifford Brown;-;-;-;-;-;-;56;20;4,5,6,4,4,4,4,4,6,4,4,6,1,2,2,2,2,2,2,2;1101,11111,000011,0111,1111,1001,0111,1111,110111,1111,0111,110111,1,11,11,11,01,11,11,01
6129;line;-;UP;Chris Potter;-;-;-;-;-;-;10;5;3,2,2,2,2;111,11,01,11,11
6130;line;-;UP;Lee Morgan;-;-;-;-;-;-;25;14;2,2,2,2,4,4,2,2,2,2,4,2,2,3;11,11,11,11,1011,0001,11,01,01,01,0001,11,11,111
6131;lick;-;MEDIUM UP;Freddie Hubbard;-;-;-;-;-;-;15;6;4,6,4,3,4,3;1110,001111,0111,110,0001,110
6132;lick;-;UP;Wayne Shorter;-;-;-;-;-;-;8;5;4,2,2,2,2;0001,11,01,11,11
6133;line;-;MEDIUM;Freddie Hubbard;-;-;-;-;-;-;21;12;1,6,2,1,1,1,1,1,4,2,4,4;1,101001,01,1,1,1,1,1,1111,11,0001,1111
6134;line;-;UP;Dexter Gordon;-;-;-;-;-;-;24;12;4,4,2,2,6,6,2,4,3,1,1,2;0001,1011,11,11,001001,001001,11,0111,111,1,1,11
6135;line;-;UP;Stan Getz;-;-;-;-;-;-;28;15;2,2,2,2,2,2,2,2,3,2,2,2,2,4,2;11,11,11,11,01,11,11,01,111,01,11,01,11,1011,11
6136;lick;-;UP;Phil Woods;-;-;-;-;-;-;12;7;2,4,4,2,1,2,2;11,1001,0001,11,1,11,11
6137;line;-;MEDIUM;Freddie Hubbard;-;-;-;-;-;-;48;18;6,2,1,1,1,1,1,8,2,2,1,8,6,6,4,5,8,6;010111,11,1,1,1,1,1,00000111,11,11,1,00000111,101011,101011,1111,01111,11111100,011110
6138;lick;-;MEDIUM;Steve Coleman;-;-;-;-;-;-;7;2;4,6;1111,111000
6139;line;-;UP;John Coltrane;-;-;-;-;-;-;16;8;3,2,2,2,2,3,4,4;011,01,11,11,11,110,0111,0110
6140;lick;-;MEDIUM;Steve Coleman;-;-;-;-;-;-;2;2;1,1,2;1,0,01
6141;line;-;MEDIUM UP;John Coltrane;-;-;-;-;-;-;20;14;2,2,2,2,2,1,2,2,2,2,2,2,6,3;01,01,01,01,01,1,01,01,11,11,01,01,000111,111
6142;lick;-;MEDIUM UP;Art Pepper;-;-;-;-;-;-;8;3;4,4,4;0111,1001,1011
6143;lick;-;UP;John Coltrane;-;-;-;-;-;-;3;2;1,2;1,11
6144;lick;-;UP;Michael Brecker;-;-;-;-;-;-;17;11;2,2,2,2,2,1,1,4,2,2,2;11,01,11,11,01,1,1,0111,11,01,01
6145;line;-;MEDIUM UP;John Coltrane;-;-;-;-;-;-;33;11;8,6,4,2,4,4,4,2,1,4,4;00101011,011011,1111,11,0111,1111,0111,01,1,1110,1111
6146;lick;-;UP;John Coltrane;-;-;-;-;-;-;7;4;2,2,2,3;11,01,11,110
6147;lick;-;MEDIUM;Zoot Sims;-;-;-;-;-;-;17;10;6,1,1,1,4,2,2,1,4,2;010001,1,1,1,1101,11,11,1,0111,01
6148;lick;-;UP;Hank Mobley;-;-;-;-;-;-;3;2;4,2;0001,11
6149;line;-;MEDIUM UP;Sonny Stitt;-;-;-;-;-;-;15;7;1,3,4,2,2,2,2;1,111,0111,11,11,11,11
6150;lick;-;MEDIUM;Phil Woods;-;-;-;-;-;-;38;23;6,2,2,2,1,2,2,2,2,1,2,2,2,1,1,2,2,1,2,4,2,4,2;100001,11,11,11,1,11,11,11,11,1,11,11,01,1,1,01,01,1,11,1101,01,1001,11
6151;lick;-;UP;Woody Shaw;-;-;-;-;-;-;18;11;1,2,2,1,1,4,4,3,2,2,2;1,01,11,1,1,1111,1100,110,01,01,11
6152;line;-;UP;Dexter Gordon;-;-;-;-;-;-;8;4;2,2,2,4;11,11,11,1001
6153;lick;-;MEDIUM;Kenny Wheeler;-;-;-;-;-;-;11;5;4,1,4,4,1;0111,1,0111,0111,1
6154;line;-;UP;Woody Shaw;-;-;-;-;-;-;29;16;1,2,2,2,2,2,2,4,2,2,4,2,2,2,2,4;1,01,11,01,01,11,11,1011,11,11,1011,01,11,01,11,1011
6155;line;-;UP;John Coltrane;-;-;-;-;-;-;16;10;1,4,4,3,2,1,2,1,2,2;1,1011,0001,110,11,1,11,1,11,01
6156;line;-;UP;Charlie Parker;-;-;-;-;-;-;14;9;2,2,4,2,2,1,2,2,4;01,11,1101,11,01,1,01,11,0001
6157;lick;-;MEDIUM SLOW;Hank Mobley;-;-;-;-;-;-;9;4;4,4,2,9;1110,0001,01,100100101
6158;lick;-;MEDIUM UP;Steve Lacy;-;-;-;-;-;-;5;4;2,1,1,1;11,1,1,1
6159;line;-;MEDIUM UP;Kenny Dorham;-;-;-;-;-;-;24;9;1,1,4,2,1,5,5,3,8;1,1,1111,11,1,10111,10111,011,01001111
6160;lick;-;MEDIUM;Freddie Hubbard;-;-;-;-;-;-;4;3;4,1,2;0001,1,11
6161;line;-;MEDIUM;Don Ellis;-;-;-;-;-;-;19;9;4,3,2,1,2,1,6,2,5;1011,111,01,1,11,1,110001,01,01111
6162;lick;-;UP;Miles Davis;-;-;-;-;-;-;5;5;1,1,1,2,4;1,1,1,01,0001
6163;line;-;MEDIUM UP;Kenny Wheeler;-;-;-;-;-;-;9;4;3,2,3,3;011,11,111,110
6164;lick;-;MEDIUM;John Coltrane;-;-;-;-;-;-;12;5;1,4,1,4,4;1,1111,1,1111,0011
6165;line;-;UP;John Coltrane;-;-;-;-;-;-;11;6;4,4,1,2,1,2;1001,1101,1,11,1,11
6166;line;-;MEDIUM UP;Wayne Shorter;-;-;-;-;-;-;22;12;4,3,4,4,6,2,2,1,1,1,4,2;0111,110,0011,0110,100011,11,01,1,1,1,0111,01
6167;lick;-;UP;John Coltrane;-;-;-;-;-;-;6;5;2,1,4,2,1;01,1,0011,01,1
6168;line;-;UP;John Coltrane;-;-;-;-;-;-;8;4;3,2,4,2;011,11,1101,01
6169;lick;-;UP;Don Ellis;-;-;-;-;-;-;8;6;2,4,1,1,1,2;11,0001,1,1,1,11
6170;line;-;MEDIUM;Joe Lovano;-;-;-;-;-;-;54;15;4,4,4,6,5,4,4,5,6,6,3,5,6,3,4;1110,1111,1110,110011,10111,1011,1111,11111,101011,110011,110,10111,101011,111,1011
6171;lick;-;MEDIUM;Stan Getz;-;-;-;-;-;-;6;5;2,2,1,2,2;01,11,1,01,01
6172;line;-;MEDIUM UP;Art Pepper;-;-;-;-;-;-;5;3;4,1,1;0111,1,1
6173;lick;-;MEDIUM;Stan Getz;-;-;-;-;-;-;18;9;2,2,5,2,3,4,3,3,2;01,11,00011,11,111,1100,111,011,01
6174;lick;-;UP;Michael Brecker;-;-;-;-;-;-;17;9;2,4,4,4,3,2,1,4,2;11,1011,0110,0001,111,11,1,0001,11
6175;line;-;UP;Gerry Mulligan;-;-;-;-;-;-;45;25;2,2,1,1,3,2,2,2,4,2,2,2,2,1,2,2,4,3,2,2,4,3,2,2,1;11,11,1,1,011,11,01,11,1101,11,11,11,11,1,11,11,0001,110,11,11,0111,111,01,01,1
6176;lick;-;MEDIUM UP;Clifford Brown;-;-;-;-;-;-;10;5;2,2,2,4,2;11,11,11,1011,01
6177;lick;-;UP;Steve Coleman;-;-;-;-;-;-;15;10;2,2,2,1,1,2,2,2,2,1;01,11,11,1,1,01,11,11,11,1
6178;lick;-;UP;John Coltrane;-;-;-;-;-;-;11;6;1,2,3,4,3,3;1,11,011,0011,011,110
6179;lick;-;UP;John Coltrane;-;-;-;-;-;-;5;4;2,2,1,1;11,01,1,1
6180;line;-;UP;Warne Marsh;-;-;-;-;-;-;27;17;2,2,2,2,4,2,2,2,4,2,1,1,2,2,2,1,2;01,11,01,01,1001,11,01,11,0011,11,1,1,11,11,11,1,11
6181;line;-;UP;Steve Coleman;-;-;-;-;-;-;14;8;2,2,2,4,4,2,3,2;01,11,01,0111,0001,11,011,11
6182;line;-;UP;Joe Henderson;-;-;-;-;-;-;14;8;3,2,1,2,3,3,4,2;011,11,1,11,011,111,0001,01
6183;lick;-;UP;Pat Metheny;-;-;-;-;-;-;34;24;2,2,2,1,1,2,2,3,2,2,2,2,2,1,1,1,4,2,2,2,2,2,1,1;11,01,01,1,1,01,01,111,11,01,11,11,11,1,1,1,0001,11,11,01,01,11,1,1
6184;lick;-;UP;Lee Konitz;-;-;-;-;-;-;26;15;2,1,4,1,2,2,1,1,2,4,4,4,2,4,1;11,1,0001,1,11,11,1,1,11,1101,0011,1101,11,1001,1
6185;lick;-;MEDIUM UP;Clifford Brown;-;-;-;-;-;-;7;3;2,2,4;11,11,0111
6186;line;-;UP;Charlie Parker;-;-;-;-;-;-;17;9;3,1,2,1,4,2,3,2,3;011,1,11,1,1001,11,011,11,111
6187;lick;-;MEDIUM UP;Hank Mobley;-;-;-;-;-;-;9;5;1,4,3,1,1;1,0111,111,1,1
6188;lick;-;MEDIUM;Branford Marsalis;-;-;-;-;-;-;24;15;4,4,2,3,3,6,6,1,1,2,4,1,1,1,4;1110,1001,11,111,110,000011,000011,1,1,01,0001,1,1,1,0001
6189;lick;-;UP;Phil Woods;-;-;-;-;-;-;11;5;2,2,2,2,4;11,11,11,11,1011
6190;lick;-;MEDIUM;Branford Marsalis;-;-;-;-;-;-;13;5;4,6,6,1,2;0111,000001,111111,1,11
6191;lick;-;MEDIUM UP;Wayne Shorter;-;-;-;-;-;-;29;20;1,2,1,2,2,1,4,1,4,2,1,2,2,1,2,3,1,1,4,2;1,11,1,11,11,1,0111,1,0001,01,1,11,01,1,01,111,1,1,0011,01
6192;line;-;UP;Dexter Gordon;-;-;-;-;-;-;3;3;1,1,1;1,1,1
6193;lick;-;UP;John Coltrane;-;-;-;-;-;-;10;6;4,3,1,2,2,4;0011,011,1,11,11,0001
6194;line;-;UP;Joe Lovano;-;-;-;-;-;-;30;15;1,1,1,1,4,6,4,2,4,6,4,4,2,2,2;1,1,1,1,1011,110011,1001,01,1111,010011,0001,1110,11,01,11
6195;lick;-;UP;John Coltrane;-;-;-;-;-;-;15;8;3,1,2,1,4,2,3,2;111,1,11,1,0110,11,011,11
6196;lick;-;UP;Pat Metheny;-;-;-;-;-;-;10;6;2,2,2,1,2,2;01,11,11,1,11,11
6197;lick;-;MEDIUM SLOW;Joe Lovano;-;-;-;-;-;-;3;2;2,2;01,11
6198;lick;-;MEDIUM;Clifford Brown;-;-;-;-;-;-;4;3;2,2,1;01,11,1
6199;line;-;UP;Bob Berg;-;-;-;-;-;-;20;13;2,2,1,1,1,1,3,1,1,2,2,2,2;11,11,1,1,1,1,011,1,1,11,11,11,11
6200;lick;-;MEDIUM;Steve Turre;-;-;-;-;-;-;6;4;4,2,8,4;0001,11,00100001,0001
6201;line;-;UP;John Coltrane;-;-;-;-;-;-;49;29;2,2,1,2,3,2,2,2,1,2,4,6,1,4,2,2,2,1,2,2,3,1,3,2,2,2,2,2,2;11,01,1,01,011,01,11,11,1,11,1101,111110,1,0110,11,01,01,1,01,01,011,1,011,11,11,11,11,01,11
6202;line;-;UP;Branford Marsalis;-;-;-;-;-;-;28;16;1,2,2,4,4,2,2,1,2,4,4,2,2,2,2,2;1,11,11,0111,0011,11,11,1,01,1011,0001,01,01,11,11,11
6203;line;-;MEDIUM;Dexter Gordon;-;-;-;-;-;-;31;9;6,8,1,1,4,6,4,5,6;110001,10101011,1,1,1111,101111,1111,10111,011101
6204;lick;-;MEDIUM UP;Nat Adderley;-;-;-;-;-;-;14;5;3,3,3,3,4;111,111,111,111,1001
6205;lick;-;MEDIUM UP;Wayne Shorter;-;-;-;-;-;-;5;2;6,3;100011,011
6206;lick;-;UP;Steve Turre;-;-;-;-;-;-;15;12;2,2,2,2,1,1,1,1,1,1,4,2;11,01,11,01,1,1,1,1,1,1,0001,11
6207;lick;-;UP;John Coltrane;-;-;-;-;-;-;7;5;4,3,2,1,4;0001,110,01,1,1001
6208;lick;-;UP;Charlie Parker;-;-;-;-;-;-;8;5;2,3,1,2,2;11,110,1,11,01
6209;lick;-;MEDIUM;Gerry Mulligan;-;-;-;-;-;-;5;3;2,2,1;11,11,1
6210;line;-;MEDIUM SLOW;Hank Mobley;-;-;-;-;-;-;23;7;4,1,3,4,4,6,4;1111,1,111,1111,1111,101001,1111
6211;line;-;MEDIUM;Lee Morgan;-;-;-;-;-;-;71;23;4,6,8,4,1,8,4,6,4,2,1,3,1,8,6,6,8,4,4,2,6,8,3;1110,011011,10101011,0111,1,10111101,0111,111111,0111,11,1,011,1,10001111,000001,010001,01010111,0111,0110,11,100111,10001111,011
6212;lick;-;UP;Stan Getz;-;-;-;-;-;-;5;3;2,2,2;11,01,11
6213;lick;-;UP;David Liebman;-;-;-;-;-;-;28;16;2,4,2,2,1,2,2,4,4,1,2,2,4,2,1,2;11,1011,11,01,1,11,11,0011,0001,1,11,11,1001,11,1,11
6214;lick;-;MEDIUM;Steve Coleman;-;-;-;-;-;-;4;2;6,1;000111,1
6215;line;-;UP;Wynton Marsalis;-;-;-;-;-;-;54;33;2,2,3,4,2,2,2,2,2,2,2,2,2,1,1,1,1,1,3,2,2,2,2,2,1,4,1,2,2,2,2,2,2;01,11,011,1111,01,11,11,11,11,11,01,11,01,1,1,1,1,1,111,11,11,11,11,11,1,0001,1,11,01,11,01,11,01
6216;lick;-;MEDIUM UP;Cannonball Adderley;-;-;-;-;-;-;5;2;3,2;111,11
6217;lick;-;MEDIUM;Joshua Redman;-;-;-;-;-;-;7;3;3,3,1;111,111,1
6218;lick;-;MEDIUM;Dexter Gordon;-;-;-;-;-;-;13;6;2,4,2,4,2,4;11,0111,11,1101,01,0011
6219;line;-;MEDIUM UP;David Liebman;-;-;-;-;-;-;39;18;1,1,2,1,1,1,1,1,4,4,4,4,8,1,4,4,4,3;1,1,11,1,1,1,1,1,1001,1111,0011,1011,11111111,1,0001,1111,1011,011
6220;line;-;UP;Herbie Hancock;-;-;-;-;-;-;11;6;2,1,2,2,2,2;11,1,11,11,11,11
6221;lick;-;MEDIUM UP;Paul Desmond;-;-;-;-;-;-;8;6;2,1,1,1,1,2;11,1,1,1,1,11
6222;lick;-;MEDIUM;J.J. Johnson;-;-;-;-;-;-;33;18;2,2,4,4,4,2,1,1,2,2,2,2,2,2,6,4,2,2;11,11,1011,0011,0011,11,1,1,01,11,11,01,01,01,100001,1111,11,11
6223;lick;-;UP;Paul Desmond;-;-;-;-;-;-;6;4;2,2,2,2;11,11,01,01
6224;lick;-;MEDIUM UP;Cannonball Adderley;-;-;-;-;-;-;23;12;2,3,2,1,4,4,1,5,4,4,1,3;01,111,11,1,1001,1001,1,01111,0011,1001,1,110
6225;line;-;UP;Miles Davis;-;-;-;-;-;-;8;5;2,4,2,1,1;11,1001,11,1,1
6226;line;-;UP;David Liebman;-;-;-;-;-;-;33;19;2,3,2,1,4,2,2,2,2,2,1,2,2,2,3,1,1,1,2;11,011,11,1,1111,01,11,11,11,11,1,01,11,11,011,1,1,1,11
6227;lick;-;MEDIUM UP;Wayne Shorter;-;-;-;-;-;-;9;6;6,4,1,2,2,2;010001,0011,1,11,01,01
6228;lick;-;UP;John Coltrane;-;-;-;-;-;-;6;4;1,2,4,1;1,01,0111,1
6229;lick;-;MEDIUM;Sonny Rollins;-;-;-;-;-;-;14;5;2,6,4,4,2;11,011111,1101,1101,01
6230;line;-;MEDIUM;Dexter Gordon;-;-;-;-;-;-;55;17;4,3,4,6,2,4,4,4,6,4,8,2,2,6,4,3,2;1111,111,1111,011011,01,1111,1111,1100,111101,1111,00000111,11,11,011110,1111,111,11
6231;line;-;MEDIUM SLOW;Steve Coleman;-;-;-;-;-;-;33;10;4,4,4,4,4,8,4,4,4,4;1111,1110,1110,0111,0011,10101001,1111,1111,0011,1111
6232;line;-;MEDIUM;Sonny Rollins;-;-;-;-;-;-;14;6;3,1,6,3,3,3;111,1,011101,110,011,011
6233;lick;-;MEDIUM;Miles Davis;-;-;-;-;-;-;8;4;4,8,2,2;0001,11000001,11,11
6234;lick;-;UP;Chris Potter;-;-;-;-;-;-;41;22;2,2,1,1,2,2,2,2,2,2,2,2,4,3,2,2,4,2,4,2,2,3;11,11,1,1,11,01,11,01,01,11,11,11,1011,110,11,11,0001,11,1111,11,11,110
6235;lick;-;UP;Joshua Redman;-;-;-;-;-;-;22;13;2,2,4,1,1,2,4,1,5,2,1,2,4;01,11,0011,1,1,11,1101,1,10001,11,1,11,1001
6236;lick;-;UP;Gerry Mulligan;-;-;-;-;-;-;17;10;1,4,4,3,1,2,1,1,2,1;1,1011,1011,110,1,11,1,1,11,1
6237;lick;-;UP;Michael Brecker;-;-;-;-;-;-;49;27;4,3,2,3,2,4,4,2,2,2,2,2,2,1,1,1,1,2,2,2,2,2,2,2,2,3,4;1111,111,01,011,11,1011,0011,11,11,01,01,01,11,1,1,1,1,11,11,11,01,11,01,11,11,111,0011
6238;lick;-;UP;Miles Davis;-;-;-;-;-;-;17;13;3,1,1,1,1,1,2,2,2,2,4,1,2;111,1,1,1,1,1,01,01,11,01,0001,1,11
6239;line;-;MEDIUM;Bob Berg;-;-;-;-;-;-;13;4;3,3,4,4;011,111,1111,1111
6240;lick;-;MEDIUM;Curtis Fuller;-;-;-;-;-;-;11;5;4,4,4,3,4;1111,0001,0001,110,0111
6241;line;-;MEDIUM UP;Cannonball Adderley;-;-;-;-;-;-;28;14;6,1,1,4,4,4,2,2,4,4,4,4,2,1;011110,1,1,1001,1100,1001,01,11,0011,1100,1101,1101,11,1
6242;line;-;UP;Clifford Brown;-;-;-;-;-;-;10;6;2,2,2,1,2,2;01,11,11,1,11,11
6243;lick;-;MEDIUM;Freddie Hubbard;-;-;-;-;-;-;41;21;1,4,4,4,4,4,6,1,2,2,1,1,2,8,6,4,3,3,2,4,2;1,0001,0011,1001,1111,1001,101001,1,11,01,1,1,01,00000011,010001,0111,111,111,11,0011,11
6244;lick;-;MEDIUM UP;John Coltrane;-;-;-;-;-;-;6;5;6,4,4,1,1;000001,0110,0001,1,1
6245;lick;-;UP;Zoot Sims;-;-;-;-;-;-;16;10;4,2,4,3,2,2,1,2,1,2;0001,01,0001,111,11,11,1,11,1,11
6246;line;-;MEDIUM;Freddie Hubbard;-;-;-;-;-;-;3;2;2,3;01,011
6247;lick;-;MEDIUM UP;Eric Dolphy;-;-;-;-;-;-;18;7;3,6,2,2,5,2,4;111,111011,11,11,10011,11,0001
6248;lick;-;MEDIUM;Sonny Rollins;-;-;-;-;-;-;3;2;2,4;11,0001
6249;lick;-;MEDIUM UP;Joe Henderson;-;-;-;-;-;-;44;19;6,1,3,2,4,6,8,8,6,4,2,2,2,2,2,2,3,3,4;101101,1,111,01,1111,101101,00000111,00000111,101101,0011,01,11,01,11,01,11,110,110,1100
6250;lick;-;MEDIUM SLOW;John Coltrane;-;-;-;-;-;-;10;5;2,4,3,4,4;11,0001,011,1111,0001
6251;lick;-;MEDIUM UP;Hank Mobley;-;-;-;-;-;-;16;8;6,2,1,1,4,4,4,2;010001,11,1,1,0011,0011,1111,11
6252;line;-;MEDIUM UP;Bob Berg;-;-;-;-;-;-;37;11;4,6,4,4,4,4,3,2,6,6,4;1011,001101,1001,1111,1111,1111,111,11,111011,100101,1111
6253;lick;-;UP;Zoot Sims;-;-;-;-;-;-;21;13;3,2,1,2,2,1,1,6,2,1,1,1,1;111,11,1,01,11,1,1,100111,11,1,1,1,1
6254;lick;-;UP;Miles Davis;-;-;-;-;-;-;17;13;2,1,1,1,4,4,1,2,2,1,1,1,1;11,1,1,1,0001,1101,1,11,01,1,1,1,1
6255;lick;-;UP;David Liebman;-;-;-;-;-;-;2;2;4,1;0001,1
6256;line;-;MEDIUM;Dexter Gordon;-;-;-;-;-;-;23;7;4,6,5,4,4,2,2;1111,101101,01111,0111,1111,11,11
6257;lick;-;UP;John Coltrane;-;-;-;-;-;-;24;13;2,2,2,2,3,2,2,2,2,4,2,2,1;11,11,01,01,111,11,11,01,11,0111,11,11,1
6258;lick;-;MEDIUM UP;John Coltrane;-;-;-;-;-;-;39;20;2,1,1,1,6,5,6,5,1,2,2,2,2,1,1,1,1,4,5,2;11,1,1,1,111100,10111,010111,01111,1,01,11,11,11,1,1,1,1,1100,01011,01
6259;lick;-;UP;Steve Coleman;-;-;-;-;-;-;6;3;2,3,2;11,011,11
6260;lick;-;UP;Joe Henderson;-;-;-;-;-;-;2;1;2;11
6261;lick;-;UP;Kenny Dorham;-;-;-;-;-;-;45;24;2,2,2,2,2,3,4,6,2,2,2,2,2,4,4,2,2,6,2,2,2,4,4,2;11,11,11,01,01,111,0011,011001,11,11,11,01,11,0001,1001,11,01,011001,11,11,01,1001,1110,01
6262;line;-;UP;Steve Lacy;-;-;-;-;-;-;19;10;2,2,2,2,2,4,2,2,1,2;11,11,11,11,11,1101,11,01,1,11
6263;lick;-;UP;Charlie Parker;-;-;-;-;-;-;11;7;2,1,2,2,1,2,2;11,1,01,11,1,11,11
6264;line;-;MEDIUM;Pepper Adams;-;-;-;-;-;-;16;9;6,1,1,6,1,1,1,3,1,6;000111,1,0,101011,0,1,0,110,0,110111
6265;lick;-;UP;Bob Berg;-;-;-;-;-;-;9;9;2,1,1,1,1,1,1,1,1;01,1,1,1,1,1,1,1,1
6266;lick;-;MEDIUM;Sonny Rollins;-;-;-;-;-;-;2;2;1,1;1,1
6267;lick;-;UP;Dexter Gordon;-;-;-;-;-;-;16;8;2,3,1,2,3,4,2,3;11,111,1,11,111,0001,01,111
6268;line;-;MEDIUM;Joe Lovano;-;-;-;-;-;-;30;8;6,6,6,5,4,4,3,3;011111,011011,110011,10111,1011,1111,111,111
6269;line;-;MEDIUM UP;Curtis Fuller;-;-;-;-;-;-;3;2;1,1,4;1,0,0011
6270;line;-;UP;Art Pepper;-;-;-;-;-;-;15;7;2,4,6,6,4,2,1;11,0001,001001,011011,0111,11,1
6271;lick;-;MEDIUM UP;Curtis Fuller;-;-;-;-;-;-;5;2;2,6;01,010111
6272;line;-;UP;Michael Brecker;-;-;-;-;-;-;23;13;2,3,1,2,1,2,4,3,2,2,2,2,2;01,011,1,11,1,11,0011,110,11,11,11,11,11
6273;line;-;MEDIUM UP;Kenny Dorham;-;-;-;-;-;-;13;9;2,2,2,2,2,2,1,1,1;11,11,11,01,01,11,1,1,1
6274;line;-;UP;John Coltrane;-;-;-;-;-;-;30;15;2,2,2,1,2,2,2,2,2,4,3,2,4,4,1;11,11,11,1,01,11,11,11,11,0011,111,11,1001,1111,1
6275;line;-;UP;Steve Turre;-;-;-;-;-;-;19;11;1,2,2,2,3,1,2,2,2,2,2;1,01,01,11,111,1,11,11,11,11,11
6276;lick;-;UP;Don Ellis;-;-;-;-;-;-;8;6;4,2,1,2,2,1;0001,11,1,11,01,1
6277;lick;-;UP;Kai Winding;-;-;-;-;-;-;8;5;2,1,2,4,2;11,1,11,1001,01
6278;lick;-;MEDIUM;Michael Brecker;-;-;-;-;-;-;4;2;2,2;11,11
6279;lick;-;MEDIUM UP;Paul Desmond;-;-;-;-;-;-;16;12;4,1,1,1,1,2,2,2,2,3,1,1;1001,1,1,1,1,01,11,01,11,011,1,1
6280;lick;-;MEDIUM UP;Paul Desmond;-;-;-;-;-;-;14;10;2,2,2,2,2,2,2,2,1,1;01,11,01,01,01,11,11,11,1,1
6281;line;-;UP;Joe Lovano;-;-;-;-;-;-;19;10;4,1,2,3,1,1,4,2,2,2;1111,1,01,111,1,1,1011,11,01,11
6282;lick;-;UP;Kenny Dorham;-;-;-;-;-;-;6;3;2,4,2;11,1101,01
6283;line;-;MEDIUM UP;Sonny Stitt;-;-;-;-;-;-;21;7;3,4,1,4,8,2,4;111,1111,1,0001,01111111,11,1011
6284;lick;-;UP;Joe Lovano;-;-;-;-;-;-;3;2;1,2;1,11
6285;lick;-;MEDIUM UP;John Coltrane;-;-;-;-;-;-;30;15;4,6,1,1,3,1,2,3,2,2,2,1,2,2,6;1100,010101,1,1,111,1,11,110,11,01,11,1,11,11,101111
6286;lick;-;UP;John Coltrane;-;-;-;-;-;-;3;2;2,3;01,011
6287;lick;-;UP;John Coltrane;-;-;-;-;-;-;5;3;2,1,2;11,1,11
6288;lick;-;MEDIUM UP;Gerry Mulligan;-;-;-;-;-;-;10;6;4,2,4,2,2,2;1001,11,0001,01,11,11
6289;line;-;UP;Stan Getz;-;-;-;-;-;-;43;24;2,2,2,2,2,2,2,2,2,2,2,2,2,2,2,1,1,2,2,2,2,2,2,2;11,11,01,11,11,11,11,11,11,11,01,01,11,11,11,1,1,11,11,11,11,11,11,11
6290;lick;-;MEDIUM UP;Miles Davis;-;-;-;-;-;-;9;6;4,2,2,1,1,1;1001,11,11,1,1,1
6291;lick;-;UP;Dexter Gordon;-;-;-;-;-;-;21;13;2,2,1,3,2,1,1,4,2,1,2,2,6;11,11,1,011,11,1,1,1001,01,1,11,11,000011
6292;line;-;MEDIUM;Don Ellis;-;-;-;-;-;-;35;20;2,2,6,2,2,2,5,1,1,2,2,2,5,1,4,4,2,6,2,6;01,01,010111,01,11,11,01011,1,1,01,11,11,01001,1,1011,0001,11,010001,01,010001
6293;line;-;UP;Michael Brecker;-;-;-;-;-;-;24;11;2,2,2,4,2,2,2,1,4,4,3;11,11,11,1111,11,11,11,1,0001,1111,110
6294;line;-;UP;John Coltrane;-;-;-;-;-;-;32;16;2,2,3,3,2,2,2,1,3,2,2,2,2,3,2,2;11,01,111,111,01,11,11,1,111,01,11,11,11,111,11,11
6295;lick;-;MEDIUM;J.J. Johnson;-;-;-;-;-;-;7;4;2,3,3,1;11,011,110,1
6296;line;-;MEDIUM UP;Cannonball Adderley;-;-;-;-;-;-;24;11;2,2,1,4,4,2,6,4,4,2,2;11,11,1,1011,0011,01,111111,1011,1001,01,01
6297;lick;-;UP;Pat Metheny;-;-;-;-;-;-;9;6;1,2,2,2,1,1;1,11,11,11,1,1
6298;lick;-;UP;Charlie Parker;-;-;-;-;-;-;16;10;2,2,2,4,2,2,3,1,2,2;01,11,11,1001,01,11,110,1,01,11
6299;line;-;UP;Paul Desmond;-;-;-;-;-;-;11;9;1,1,1,1,4,1,1,2,2;1,1,1,1,1001,1,1,01,11
6300;line;-;UP;Sonny Rollins;-;-;-;-;-;-;18;12;2,1,2,2,1,1,2,2,2,2,2,2;01,1,11,01,1,1,11,11,01,11,11,11
6301;line;-;MEDIUM UP;Eric Dolphy;-;-;-;-;-;-;16;5;4,4,4,6,4;0111,0111,1011,101011,1011
6302;line;-;MEDIUM SLOW;Joe Lovano;-;-;-;-;-;-;21;5;6,6,8,5,4;101101,010111,00011111,01111,1111
6303;line;-;UP;Joe Lovano;-;-;-;-;-;-;13;6;2,2,4,1,2,4;11,11,0111,1,11,1011
6304;lick;-;MEDIUM SLOW;Steve Lacy;-;-;-;-;-;-;5;2;6,2;010011,11
6305;line;-;UP;Joe Henderson;-;-;-;-;-;-;64;37;2,2,2,2,3,2,1,2,4,2,2,2,2,2,2,3,1,3,2,2,1,2,2,2,1,1,2,1,2,3,2,2,1,4,1,4,2;11,11,11,01,011,11,1,11,1101,01,11,01,11,11,11,111,1,111,11,01,1,11,11,11,1,1,11,1,11,011,11,11,1,0001,1,1001,11
6306;line;-;UP;Joe Lovano;-;-;-;-;-;-;43;21;2,4,2,2,4,2,1,2,1,2,4,4,4,4,1,2,3,2,2,2,2;11,1101,11,11,1111,11,1,11,1,01,1101,0111,1101,0001,1,11,011,11,11,11,11
6307;line;-;MEDIUM UP;Charlie Parker;-;-;-;-;-;-;16;8;4,2,3,4,4,2,2,1;1110,11,111,0011,0001,11,11,1
6308;lick;-;UP;Miles Davis;-;-;-;-;-;-;20;13;2,1,1,1,2,4,2,2,4,2,2,2,2;11,1,1,1,01,0001,11,11,1001,11,01,11,11
6309;lick;-;UP;Woody Shaw;-;-;-;-;-;-;19;12;2,8,2,2,2,2,8,2,2,2,1,3;11,00000011,11,11,01,01,00000011,01,11,01,1,011
6310;line;-;MEDIUM UP;Miles Davis;-;-;-;-;-;-;11;7;1,2,2,3,4,2,2;1,11,11,011,0001,11,01
6311;lick;-;UP;John Coltrane;-;-;-;-;-;-;2;1;2;11
6312;line;-;UP;Chris Potter;-;-;-;-;-;-;58;31;2,2,2,2,2,2,2,2,2,2,3,2,2,2,2,2,2,2,2,2,2,2,2,2,2,2,2,2,2,2,2;01,11,11,11,11,11,11,11,11,11,011,11,11,11,01,11,11,01,11,11,11,11,11,11,11,01,11,11,11,11,11
6313;line;-;UP;David Liebman;-;-;-;-;-;-;18;8;3,1,1,4,4,3,4,4;111,1,1,0011,1001,111,1011,1011
6314;lick;-;MEDIUM;Sonny Rollins;-;-;-;-;-;-;10;4;4,4,2,3;0111,1101,11,011
6315;line;-;MEDIUM;Dexter Gordon;-;-;-;-;-;-;8;2;6,4;110101,1111
6316;line;-;MEDIUM;David Liebman;-;-;-;-;-;-;22;5;6,6,3,4,6;111111,111011,110,1011,111111
6317;line;-;UP;John Coltrane;-;-;-;-;-;-;33;18;4,2,2,2,2,2,2,4,2,2,3,2,1,2,2,3,1,2;0001,11,11,11,11,11,11,1101,11,11,011,11,1,01,11,011,1,11
6318;lick;-;UP;Michael Brecker;-;-;-;-;-;-;3;2;2,2;11,01
6319;line;-;UP;John Coltrane;-;-;-;-;-;-;32;18;2,1,2,2,2,2,2,2,3,2,2,2,2,3,2,3,2,2;11,1,11,01,11,11,11,11,011,11,11,11,11,011,11,011,01,01
6320;lick;-;UP;John Coltrane;-;-;-;-;-;-;6;5;2,2,1,1,2;01,01,1,1,11
6321;line;-;UP;Herbie Hancock;-;-;-;-;-;-;47;25;2,2,2,2,2,3,2,2,2,2,2,2,2,2,2,2,2,4,2,2,2,2,2,2,1;11,11,11,01,11,011,11,11,11,11,11,11,11,11,01,01,11,1110,11,11,11,11,11,11,1
6322;lick;-;UP;Pat Metheny;-;-;-;-;-;-;7;7;4,4,2,2,2,2,1;0001,0001,01,01,01,01,1
6323;lick;-;UP;Zoot Sims;-;-;-;-;-;-;16;10;1,1,2,1,2,1,2,3,2,2;1,1,11,1,11,1,11,011,11,11
6324;line;-;UP;Herbie Hancock;-;-;-;-;-;-;17;10;2,2,4,4,4,2,2,2,1,2;11,11,1001,1001,0001,11,11,11,1,01
6325;line;-;MEDIUM UP;John Coltrane;-;-;-;-;-;-;6;4;4,2,2,1;0001,11,11,1
6326;lick;-;MEDIUM UP;John Coltrane;-;-;-;-;-;-;38;20;6,4,1,6,8,4,2,1,1,3,3,4,1,1,1,2,2,1,6,4;100001,1111,1,000001,10101101,0011,11,1,1,110,111,0011,1,1,1,11,11,1,100001,0011
6327;lick;-;MEDIUM UP;Art Pepper;-;-;-;-;-;-;16;9;2,2,4,4,2,1,1,1,1;11,11,1011,1101,11,1,1,1,1
6328;lick;-;UP;Gerry Mulligan;-;-;-;-;-;-;4;3;2,2,2;11,01,01
6329;lick;-;UP;Herbie Hancock;-;-;-;-;-;-;10;6;2,2,1,2,2,2;11,11,1,01,11,11
6330;lick;-;MEDIUM SLOW;John Coltrane;-;-;-;-;-;-;8;3;2,4,4;11,1111,0011
6331;line;-;MEDIUM SLOW;Joe Lovano;-;-;-;-;-;-;30;13;3,2,6,2,1,1,1,4,1,1,1,4,7;111,11,010111,11,1,1,1,1111,1,1,1,1111,1010111
6332;lick;-;MEDIUM SLOW;Steve Coleman;-;-;-;-;-;-;23;7;4,4,4,4,4,4,4;1111,0111,0111,1111,1111,1110,1001
6333;line;-;UP;Joe Lovano;-;-;-;-;-;-;34;17;3,1,3,3,1,4,4,2,2,2,2,1,1,4,4,3,4;110,1,111,011,1,1001,1110,11,11,11,11,1,1,1100,1111,111,0001
6334;line;-;UP;Dizzy Gillespie;-;-;-;-;-;-;48;23;3,2,2,2,2,4,3,4,3,3,3,3,2,2,2,1,1,2,2,2,3,2,2;111,11,01,11,11,1001,011,1011,111,111,111,111,11,11,11,1,1,11,11,11,111,01,01
6335;line;-;MEDIUM UP;John Coltrane;-;-;-;-;-;-;43;11;4,2,4,6,4,4,10,4,3,4,4;0111,01,0111,111111,1111,1111,1011100111,1111,111,1111,1111
6336;lick;-;UP;Woody Shaw;-;-;-;-;-;-;3;3;2,1,2;01,1,01
6337;lick;-;UP;Sonny Rollins;-;-;-;-;-;-;8;6;2,2,2,2,4,4;01,01,11,01,0001,1001
6338;line;-;MEDIUM;John Coltrane;-;-;-;-;-;-;10;3;3,5,3;111,11111,110
6339;line;-;MEDIUM;Milt Jackson;-;-;-;-;-;-;50;20;1,4,2,2,2,3,1,1,4,4,6,4,2,4,4,4,2,8,4,4;1,0001,11,01,11,111,1,1,0111,1111,011101,1111,11,1111,1101,1001,11,01000101,1111,0111
6340;line;-;UP;Dexter Gordon;-;-;-;-;-;-;7;3;2,2,3;11,11,111
6341;lick;-;MEDIUM;Stan Getz;-;-;-;-;-;-;14;6;2,4,3,2,6,4;11,1001,011,11,101011,0110
6342;lick;-;UP;Joe Henderson;-;-;-;-;-;-;11;5;2,4,4,4,4;01,1110,0001,0011,1111
6343;line;-;UP;Art Pepper;-;-;-;-;-;-;11;6;2,2,2,2,3,3;01,11,11,11,011,011
6344;lick;-;UP;Joe Henderson;-;-;-;-;-;-;3;2;2,2;01,11
6345;lick;-;MEDIUM;Stan Getz;-;-;-;-;-;-;27;12;2,3,3,6,2,1,2,3,3,4,2,4;11,111,111,000011,11,1,01,111,011,1001,11,1111
6346;line;-;UP;John Coltrane;-;-;-;-;-;-;13;6;2,3,4,2,2,2;11,011,1011,11,11,11
6347;line;-;UP;David Liebman;-;-;-;-;-;-;28;11;5,5,6,4,3,4,2,1,2,2,1;11111,01111,011011,1011,111,1011,01,1,11,01,1
6348;lick;-;MEDIUM UP;Wayne Shorter;-;-;-;-;-;-;9;6;1,2,1,2,2,2;1,11,1,11,01,11
6349;line;-;UP;Miles Davis;-;-;-;-;-;-;26;14;2,1,1,2,2,2,2,2,2,4,2,2,2,4;01,1,1,11,11,11,11,11,11,0001,11,11,11,1111
6350;line;-;UP;Joe Lovano;-;-;-;-;-;-;4;4;2,1,2,1;01,1,01,1
6351;lick;-;UP;Stan Getz;-;-;-;-;-;-;3;3;1,1,1;1,1,1
6352;lick;-;UP;Joe Lovano;-;-;-;-;-;-;5;3;2,2,1;11,11,1
6353;line;-;MEDIUM UP;Woody Shaw;-;-;-;-;-;-;31;9;4,4,4,6,3,5,4,4,4;0111,0111,1111,110111,111,10001,1110,1111,1111
6354;lick;-;MEDIUM UP;Sonny Stitt;-;-;-;-;-;-;17;8;2,4,6,4,2,2,2,5;01,0011,000101,0111,11,11,01,10111
6355;line;-;UP;Phil Woods;-;-;-;-;-;-;53;28;2,2,2,2,2,2,2,3,2,2,3,2,1,1,2,2,1,2,2,2,2,2,1,4,2,4,2,3;01,11,11,11,11,11,11,011,11,11,011,11,1,1,01,11,1,11,11,11,11,11,1,1011,11,1111,01,111
6356;lick;-;MEDIUM;Sonny Rollins;-;-;-;-;-;-;7;3;4,2,4;1111,11,0001
6357;lick;-;MEDIUM UP;Art Pepper;-;-;-;-;-;-;9;5;6,2,2,2,2;010011,11,11,01,01
6358;lick;-;UP;John Coltrane;-;-;-;-;-;-;10;5;2,2,2,1,3;11,11,11,1,111
6359;lick;-;UP;John Coltrane;-;-;-;-;-;-;7;3;4,2,2;1111,01,11
6360;lick;-;MEDIUM SLOW;Steve Coleman;-;-;-;-;-;-;5;2;4,4;0011,0111
6361;lick;-;UP;David Liebman;-;-;-;-;-;-;6;3;4,3,4;0001,011,1011
6362;line;-;MEDIUM SLOW;Steve Coleman;-;-;-;-;-;-;54;17;4,4,4,4,8,4,4,1,4,4,4,4,4,8,4,1,4;1111,0111,0110,1110,10110011,1111,1111,1,1111,1110,0110,1111,1101,00101011,1111,1,1011
6363;line;-;MEDIUM UP;Kenny Dorham;-;-;-;-;-;-;11;8;1,2,2,1,2,2,1,1;1,01,11,1,11,11,1,1
6364;line;-;UP;Pepper Adams;-;-;-;-;-;-;8;4;4,2,3,2;1001,11,111,01
6365;lick;-;MEDIUM;Clifford Brown;-;-;-;-;-;-;6;3;2,2,3;11,11,011
6366;lick;-;UP;Steve Coleman;-;-;-;-;-;-;33;19;1,1,2,2,3,2,1,3,3,4,1,1,2,1,4,1,4,3,3;1,1,11,01,110,11,1,011,111,1011,1,1,11,1,1101,1,0001,111,011
6367;lick;-;UP;John Coltrane;-;-;-;-;-;-;7;4;2,4,4,3;01,0011,0001,111
6368;line;-;UP;Miles Davis;-;-;-;-;-;-;21;14;3,3,1,1,1,1,1,1,2,2,1,2,2,2;111,111,1,1,1,1,1,1,11,11,1,11,01,01
6369;lick;-;UP;Stan Getz;-;-;-;-;-;-;7;4;3,1,2,2;111,1,01,11
6370;lick;-;MEDIUM UP;Wayne Shorter;-;-;-;-;-;-;8;6;2,1,1,4,2,1;01,1,1,0111,01,1
6371;line;-;UP;Pat Metheny;-;-;-;-;-;-;30;20;2,2,2,2,2,1,2,4,2,2,2,2,1,1,1,4,2,2,1,4;11,11,11,01,01,1,11,0110,11,01,11,01,1,1,1,1100,11,11,1,0001
6372;lick;-;MEDIUM UP;Miles Davis;-;-;-;-;-;-;8;6;2,1,1,1,2,1;11,1,1,1,11,1
6373;line;-;MEDIUM SLOW;Michael Brecker;-;-;-;-;-;-;16;4;9,8,6,3;001010101,00000111,111111,111
6374;lick;-;UP;Sonny Rollins;-;-;-;-;-;-;13;7;4,4,1,2,2,2,2;0001,1110,1,11,11,11,11
6375;line;-;MEDIUM UP;John Coltrane;-;-;-;-;-;-;23;9;4,4,6,4,2,2,6,4,1;1111,0111,111111,0001,11,01,111100,0001,1
6376;line;-;UP;Pepper Adams;-;-;-;-;-;-;9;5;2,2,2,2,2;11,01,11,11,11
6377;lick;-;MEDIUM UP;John Coltrane;-;-;-;-;-;-;18;10;4,2,2,1,1,2,1,6,1,2;1101,11,11,1,1,01,1,101011,1,11
6378;line;-;UP;Dexter Gordon;-;-;-;-;-;-;22;11;2,4,2,2,2,2,2,2,2,2,2;11,0111,11,11,11,11,11,01,11,11,11
6379;lick;-;MEDIUM UP;Paul Desmond;-;-;-;-;-;-;10;6;1,2,2,4,2,2;1,11,11,0001,11,11
6380;lick;-;MEDIUM;Steve Lacy;-;-;-;-;-;-;13;9;1,1,4,2,1,6,2,2,4;1,1,0111,11,1,000001,01,11,0001
6381;line;-;UP;Sonny Rollins;-;-;-;-;-;-;27;15;3,2,2,2,1,1,1,2,2,2,2,2,2,2,2;111,11,11,11,1,1,1,11,11,11,11,11,01,11,11
6382;lick;-;MEDIUM UP;Hank Mobley;-;-;-;-;-;-;32;15;2,4,4,1,4,4,1,2,3,1,4,1,2,3,3;11,1100,1001,1,0111,0111,1,11,111,1,1111,1,11,111,011
6383;lick;-;MEDIUM;David Murray;-;-;-;-;-;-;9;4;4,2,1,1,6;1111,11,1,0,000011
6384;line;-;MEDIUM;Bob Berg;-;-;-;-;-;-;50;16;3,3,3,4,6,6,4,6,2,4,4,4,4,6,6,7;111,011,011,1100,011101,111011,1111,011011,11,1111,0001,0111,1100,001011,100111,1011011
6385;line;-;UP;Clifford Brown;-;-;-;-;-;-;20;10;2,1,4,2,3,2,2,3,3,2;11,1,1011,01,111,01,11,111,110,11
6386;line;-;MEDIUM;Lee Morgan;-;-;-;-;-;-;34;18;2,2,2,2,2,3,1,3,3,2,2,4,1,1,1,1,8,3;11,01,01,11,11,110,1,110,111,11,11,1111,1,1,1,1,01000011,111
6387;lick;-;UP;Kenny Dorham;-;-;-;-;-;-;12;6;3,4,6,5,1,2;011,1101,000101,00011,1,11
6388;lick;-;MEDIUM;Stan Getz;-;-;-;-;-;-;7;3;4,6,4;1001,111000,1100
6389;lick;-;UP;Kai Winding;-;-;-;-;-;-;5;3;2,1,2;11,1,11
6390;lick;-;MEDIUM UP;Woody Shaw;-;-;-;-;-;-;15;6;2,2,2,4,4,4;11,11,01,1111,1001,1111
6391;lick;-;MEDIUM UP;Sonny Rollins;-;-;-;-;-;-;3;3;1,1,1;1,1,1
6392;line;-;MEDIUM UP;Milt Jackson;-;-;-;-;-;-;47;25;2,2,1,4,1,2,2,2,2,1,2,2,3,1,4,2,2,2,2,2,2,3,2,2,4;11,11,1,1110,1,11,11,11,11,1,11,11,111,1,1001,11,11,01,11,11,11,111,11,01,1001
6393;lick;-;UP;Miles Davis;-;-;-;-;-;-;11;10;2,1,4,2,2,1,2,1,1,1;11,1,0001,01,01,1,01,1,1,1
6394;lick;-;UP;David Liebman;-;-;-;-;-;-;44;27;2,2,2,1,1,2,2,2,2,4,2,2,2,2,2,2,2,2,1,2,3,2,1,2,4,1,2;01,11,11,1,1,01,11,11,11,1001,11,11,11,11,11,11,01,01,1,11,110,11,1,11,0011,1,01
6395;line;-;UP;Phil Woods;-;-;-;-;-;-;20;11;2,2,2,1,2,2,2,2,2,2,2;01,11,11,1,11,11,11,11,11,11,11
6396;line;-;MEDIUM;Steve Lacy;-;-;-;-;-;-;26;16;2,1,1,2,6,4,1,1,2,2,2,6,1,4,2,2;11,1,1,11,001011,0110,1,1,01,01,11,000001,1,0111,11,11
6397;line;-;UP;Clifford Brown;-;-;-;-;-;-;55;32;2,2,1,1,2,2,4,2,2,4,2,2,2,2,1,1,1,1,3,2,2,1,4,2,2,2,3,1,2,2,2,2;11,11,1,1,11,11,1101,01,11,1101,01,11,01,11,1,1,1,1,111,11,11,1,1001,11,11,11,011,1,11,11,01,11
6398;line;-;UP;Wayne Shorter;-;-;-;-;-;-;43;23;2,3,2,2,2,2,2,2,2,2,2,1,4,4,2,1,1,1,2,2,2,2,2;11,111,11,11,11,11,11,11,11,01,11,1,1011,1001,11,1,1,1,11,11,11,11,11
6399;line;-;MEDIUM UP;Kenny Dorham;-;-;-;-;-;-;20;8;2,2,3,1,1,4,6,3;11,11,111,1,1,1111,110111,011
6400;line;-;UP;Warne Marsh;-;-;-;-;-;-;22;10;4,4,4,2,2,2,2,2,3,2;1101,1011,1001,11,11,11,11,11,011,11
6401;lick;-;MEDIUM;David Liebman;-;-;-;-;-;-;5;4;1,1,2,1;1,1,11,1
6402;line;-;UP;John Coltrane;-;-;-;-;-;-;23;14;2,2,1,4,1,2,4,2,2,4,2,2,2,1;11,01,1,1011,1,01,1011,01,01,0111,11,01,11,1
6403;lick;-;MEDIUM UP;Curtis Fuller;-;-;-;-;-;-;2;1;2;11
6404;lick;-;UP;John Coltrane;-;-;-;-;-;-;3;1;4;0111
6405;line;-;UP;John Coltrane;-;-;-;-;-;-;20;11;2,2,3,2,2,2,2,2,1,2,2;01,11,111,11,11,01,11,11,1,11,11
6406;lick;-;MEDIUM;Dexter Gordon;-;-;-;-;-;-;5;4;2,2,2,1;11,01,01,1
6407;lick;-;UP;Chet Baker;-;-;-;-;-;-;3;2;2,2;01,11
6408;line;-;UP;Woody Shaw;-;-;-;-;-;-;49;27;2,4,1,2,4,2,3,2,2,2,1,4,2,2,2,2,2,4,2,2,3,2,2,2,4,2,2;11,1001,1,11,1011,01,011,11,01,11,1,1001,11,11,11,11,11,1011,11,11,011,01,01,11,0001,11,11
6409;line;-;UP;Dizzy Gillespie;-;-;-;-;-;-;20;12;2,2,1,2,2,2,1,2,4,2,2,3;11,11,1,01,11,01,1,11,0110,11,01,111
6410;lick;-;UP;John Coltrane;-;-;-;-;-;-;9;3;6,6,2;000111,101011,11
6411;line;-;UP;J.J. Johnson;-;-;-;-;-;-;15;10;1,3,2,1,1,2,2,2,4,2;1,011,11,1,1,11,11,11,0001,01
6412;line;-;UP;Michael Brecker;-;-;-;-;-;-;45;24;3,4,2,2,2,3,3,4,3,2,2,4,2,2,2,2,2,2,3,2,2,2,2,2;011,1011,11,01,11,011,011,0111,011,11,11,1101,01,11,01,01,01,11,011,11,11,01,11,11
6413;line;-;UP;John Coltrane;-;-;-;-;-;-;14;9;1,2,2,1,1,3,2,2,2;1,11,11,1,1,011,11,01,11
6414;lick;-;MEDIUM;Zoot Sims;-;-;-;-;-;-;13;10;2,1,2,2,1,2,3,1,1,4;01,1,11,11,1,01,011,1,1,0001
6415;line;-;UP;David Liebman;-;-;-;-;-;-;73;41;1,1,4,4,2,2,3,4,2,2,1,2,2,2,1,2,2,2,2,2,2,2,2,2,1,2,1,1,2,2,2,2,2,2,4,2,3,4,2,2,4;1,1,0001,1111,01,01,111,1001,01,11,1,11,11,11,1,11,11,11,11,01,11,11,11,01,1,11,1,1,11,01,11,11,11,11,1101,11,011,1101,11,01,0111
6416;line;-;MEDIUM;Branford Marsalis;-;-;-;-;-;-;109;33;4,4,4,4,5,4,2,4,8,5,1,3,3,6,1,2,2,4,4,6,8,8,7,7,1,1,6,6,4,6,4,4,6;1111,0001,1111,1111,01111,0111,01,1111,10000101,01011,1,111,011,010011,1,01,11,1111,1011,101001,10111111,10010101,0111111,0111111,1,1,011111,011111,1111,011111,1111,0011,111101
6417;lick;-;UP;Joe Lovano;-;-;-;-;-;-;10;5;3,2,2,4,2;011,11,11,1001,11
6418;lick;-;MEDIUM UP;Cannonball Adderley;-;-;-;-;-;-;12;5;4,2,4,2,4;1111,11,1001,11,0110
6419;lick;-;UP;John Coltrane;-;-;-;-;-;-;9;5;2,2,2,2,1;11,11,11,11,1
6420;lick;-;UP;John Coltrane;-;-;-;-;-;-;8;5;4,2,2,2,2;0001,01,11,11,11
6421;line;-;UP;Steve Coleman;-;-;-;-;-;-;24;14;2,2,2,2,1,2,2,3,4,2,2,1,2,2;11,01,11,11,1,11,11,011,0011,11,01,1,11,11
6422;lick;-;UP;Bob Berg;-;-;-;-;-;-;5;2;2,3;11,111
6423;lick;-;MEDIUM UP;Wayne Shorter;-;-;-;-;-;-;6;5;1,2,2,2,2;1,01,01,11,01
6424;lick;-;UP;Steve Coleman;-;-;-;-;-;-;6;3;2,2,2;11,11,11
6425;line;-;MEDIUM SLOW;Steve Coleman;-;-;-;-;-;-;43;17;4,4,3,4,2,4,4,4,4,4,2,4,6,2,4,4,4;1111,1100,011,0001,11,1111,1110,0110,1111,0001,01,1011,110101,11,0011,0110,1111
6426;lick;-;MEDIUM SLOW;Michael Brecker;-;-;-;-;-;-;32;7;5,4,4,8,6,4,6;11111,1111,1101,00111111,111101,1111,011111
6427;line;-;UP;Charlie Parker;-;-;-;-;-;-;21;9;4,2,2,5,2,2,2,2,2;1101,11,11,10111,11,11,11,11,11
6428;lick;-;UP;Woody Shaw;-;-;-;-;-;-;9;4;1,1,4,4;1,1,1111,1011
6429;line;-;MEDIUM UP;Steve Lacy;-;-;-;-;-;-;23;15;2,6,3,1,5,6,2,1,2,2,2,2,2,2,4;01,000001,110,1,00111,001001,11,1,11,01,11,01,01,11,0001
6430;line;-;UP;John Coltrane;-;-;-;-;-;-;32;17;5,6,2,2,2,2,2,1,2,2,2,4,4,2,4,4,2;01011,001011,01,01,11,01,11,1,01,11,01,0001,1111,01,1011,1011,11
6431;line;-;UP;Stan Getz;-;-;-;-;-;-;48;26;2,2,2,2,2,2,2,2,1,2,2,1,2,2,2,2,2,2,2,2,2,2,2,2,2,2;11,11,11,11,11,11,11,11,1,11,11,1,11,11,11,11,11,11,11,01,01,11,11,11,11,11
6432;lick;-;MEDIUM;Joshua Redman;-;-;-;-;-;-;13;7;1,4,3,2,2,2,4;1,1100,111,11,11,11,0001
6433;line;-;UP;Woody Shaw;-;-;-;-;-;-;34;19;4,2,2,2,1,2,4,2,2,2,3,3,3,4,2,4,2,4,4;0001,01,11,11,1,01,1001,11,01,11,011,110,111,1011,01,1101,11,1001,0001
6434;line;-;UP;Charlie Parker;-;-;-;-;-;-;29;14;6,3,2,4,2,2,2,4,2,2,4,2,4,2;010001,111,11,1001,11,11,11,0110,11,11,1001,11,1001,11
6435;line;-;MEDIUM;Gerry Mulligan;-;-;-;-;-;-;24;14;2,1,1,4,2,6,6,2,4,4,2,2,2,2;01,1,1,1001,11,010001,010001,01,1001,0011,11,11,11,11
6436;line;-;MEDIUM;Wayne Shorter;-;-;-;-;-;-;21;8;2,2,3,3,4,4,4,4;01,11,111,111,0111,0011,1111,0111
6437;line;-;UP;Sonny Rollins;-;-;-;-;-;-;60;30;2,2,2,4,2,2,2,2,2,1,2,2,3,2,1,2,2,4,2,2,2,2,2,1,2,4,4,2,2,2;11,01,11,0111,11,11,11,11,11,1,11,11,111,11,1,01,11,1110,11,11,11,11,11,1,11,1111,0011,11,11,11
6438;line;-;UP;Dizzy Gillespie;-;-;-;-;-;-;4;3;2,1,2;01,1,11
6439;lick;-;MEDIUM;Miles Davis;-;-;-;-;-;-;9;6;1,2,1,2,2,1;1,11,1,11,11,1
6440;lick;-;MEDIUM UP;Freddie Hubbard;-;-;-;-;-;-;3;2;1,2;1,11
6441;line;-;UP;John Coltrane;-;-;-;-;-;-;18;9;2,2,4,2,3,2,2,2,3;11,11,1101,11,011,11,01,11,011
6442;line;-;UP;John Coltrane;-;-;-;-;-;-;8;5;2,2,2,2,2;11,11,01,01,11
6443;lick;-;UP;Herbie Hancock;-;-;-;-;-;-;9;5;3,1,2,2,2;011,1,11,11,11
6444;line;-;MEDIUM UP;Wayne Shorter;-;-;-;-;-;-;14;5;3,4,6,6,2;011,1111,010111,000011,11
6445;line;-;MEDIUM SLOW;Michael Brecker;-;-;-;-;-;-;14;4;5,4,4,5;00111,0110,1111,11111
6446;lick;-;UP;David Liebman;-;-;-;-;-;-;3;2;4,1;1100,1
6447;line;-;MEDIUM UP;Kenny Dorham;-;-;-;-;-;-;26;9;2,4,2,2,6,4,6,4,3;11,1111,11,01,111111,0111,010011,0110,111
6448;lick;-;UP;Zoot Sims;-;-;-;-;-;-;25;15;3,2,2,2,2,2,3,2,2,2,2,2,1,2,1;111,11,11,11,01,11,011,11,01,01,01,11,1,11,1
6449;line;-;UP;Clifford Brown;-;-;-;-;-;-;24;13;4,2,4,2,2,2,1,1,1,4,2,2,2;1011,01,1101,11,11,11,1,1,1,1100,11,11,11
6450;lick;-;UP;Joe Henderson;-;-;-;-;-;-;6;4;2,2,2,1;01,11,11,1
6451;lick;-;UP;Steve Coleman;-;-;-;-;-;-;12;8;2,2,4,2,1,2,2,4;01,01,0001,11,1,11,11,1001
6452;line;-;MEDIUM UP;Milt Jackson;-;-;-;-;-;-;46;22;2,2,3,2,2,1,2,2,2,2,2,2,4,2,2,2,2,3,2,2,6,2;11,11,111,11,01,1,11,11,11,11,11,11,1110,11,11,11,11,111,11,11,100011,11
6453;lick;-;MEDIUM;John Coltrane;-;-;-;-;-;-;21;5;6,6,4,4,4;111110,010111,1111,1111,1111
6454;line;-;MEDIUM UP;John Coltrane;-;-;-;-;-;-;29;8;4,4,6,6,4,4,6,8;0111,1111,111011,111110,1111,1111,000001,00010011
6455;line;-;UP;Wynton Marsalis;-;-;-;-;-;-;35;19;2,1,1,1,1,2,2,2,1,2,2,2,4,2,2,4,2,4,4;11,1,1,1,1,01,11,11,1,11,11,11,1110,01,11,1101,11,1011,1101
6456;line;-;UP;Chris Potter;-;-;-;-;-;-;63;31;2,2,2,2,2,4,2,2,2,2,2,2,2,2,2,2,1,2,2,2,3,3,4,2,2,3,2,2,2,2,2;11,11,11,11,11,1011,11,11,11,11,11,11,01,11,01,11,1,11,11,11,011,111,1101,11,11,111,11,11,11,11,11
6457;lick;-;UP;Pat Metheny;-;-;-;-;-;-;13;9;1,1,1,1,4,2,1,1,2;1,1,1,1,1011,11,1,1,11
6458;line;-;UP;Michael Brecker;-;-;-;-;-;-;5;2;3,2;111,11
6459;lick;-;MEDIUM;David Liebman;-;-;-;-;-;-;11;4;4,4,3,6;0011,1111,011,010101
6460;line;-;MEDIUM UP;Cannonball Adderley;-;-;-;-;-;-;13;5;3,2,4,4,4;011,11,1011,1111,1001
6461;line;-;UP;John Coltrane;-;-;-;-;-;-;27;18;2,2,2,2,2,2,4,2,2,1,1,2,2,2,2,2,2,2;11,01,11,01,01,01,0011,11,11,1,1,11,11,01,11,01,11,01
6462;line;-;MEDIUM UP;Charlie Parker;-;-;-;-;-;-;29;10;2,4,4,4,4,3,1,4,4,1;01,1111,1111,1111,0111,111,1,1111,1111,1
6463;line;-;MEDIUM UP;Sonny Rollins;-;-;-;-;-;-;37;18;4,4,5,6,2,2,2,2,2,1,2,2,2,4,4,1,2,2;0110,1101,01001,010001,11,11,11,11,11,1,11,11,11,1111,0111,1,01,11
6464;lick;-;MEDIUM;Dexter Gordon;-;-;-;-;-;-;3;2;1,4;1,1001
6465;line;-;UP;Joe Lovano;-;-;-;-;-;-;12;5;3,4,4,2,2;011,1111,0011,11,11
6466;lick;-;UP;Joshua Redman;-;-;-;-;-;-;3;2;1,4;1,0110
6467;lick;-;MEDIUM UP;Clifford Brown;-;-;-;-;-;-;9;6;1,2,1,3,1,2;1,11,1,011,1,11
6468;lick;-;UP;Don Ellis;-;-;-;-;-;-;1;1;2;01
6469;lick;-;UP;John Coltrane;-;-;-;-;-;-;3;2;2,2;11,01
6470;line;-;UP;Joe Henderson;-;-;-;-;-;-;19;12;4,4,2,2,2,2,1,2,3,4,3,4;0001,0011,01,01,01,01,1,11,011,1101,011,1100
6471;line;-;UP;John Coltrane;-;-;-;-;-;-;14;7;2,2,2,6,1,2,2;11,01,11,101011,1,11,11
6472;lick;-;UP;John Coltrane;-;-;-;-;-;-;4;2;2,2;11,11
6473;line;-;UP;Herbie Hancock;-;-;-;-;-;-;6;3;2,2,2;11,11,11
6474;lick;-;UP;Joshua Redman;-;-;-;-;-;-;10;5;4,4,1,5,2;0001,1111,1,10001,11
6475;line;-;UP;David Liebman;-;-;-;-;-;-;36;17;4,2,2,2,1,1,3,4,2,1,2,2,4,4,2,2,2;1011,11,01,01,1,1,111,1111,11,1,11,11,1111,0111,11,11,11
6476;line;-;UP;Sonny Stitt;-;-;-;-;-;-;22;11;4,3,2,2,2,2,2,4,2,2,2;1001,111,11,11,11,11,01,1011,11,11,01
6477;lick;-;MEDIUM;Miles Davis;-;-;-;-;-;-;5;2;2,4;11,1011
6478;lick;-;MEDIUM UP;John Coltrane;-;-;-;-;-;-;12;6;1,6,1,6,2,6;1,011011,1,000111,01,000011
6479;lick;-;UP;Branford Marsalis;-;-;-;-;-;-;62;45;4,2,2,2,1,1,1,1,2,1,1,3,2,2,2,2,3,3,2,2,4,1,1,1,1,2,2,4,4,4,4,1,2,1,4,1,4,1,2,1,1,1,2,2,2;0001,01,01,01,1,1,1,1,01,1,1,111,11,11,01,11,110,111,01,01,1011,1,1,1,1,01,01,1001,1001,1101,0001,1,11,1,0011,1,0001,1,01,1,1,1,01,11,01
6480;lick;-;UP;John Coltrane;-;-;-;-;-;-;11;7;4,1,2,2,2,4,2;0011,1,11,01,01,1001,11
6481;lick;-;MEDIUM UP;Paul Desmond;-;-;-;-;-;-;3;2;6,2;100001,01
6482;lick;-;MEDIUM;Freddie Hubbard;-;-;-;-;-;-;14;4;6,4,6,1;111111,0011,111110,1
6483;lick;-;UP;J.J. Johnson;-;-;-;-;-;-;22;16;2,2,2,2,2,1,1,1,3,2,1,1,1,1,1,4;11,01,01,11,11,1,1,1,011,11,1,1,1,1,1,1001
6484;line;-;UP;John Coltrane;-;-;-;-;-;-;23;12;2,4,4,2,2,2,4,2,2,2,2,2;11,1101,1101,11,01,11,0001,11,01,11,11,11
6485;line;-;UP;John Coltrane;-;-;-;-;-;-;2;1;2;11
6486;lick;-;UP;John Coltrane;-;-;-;-;-;-;10;5;2,2,2,3,2;11,11,01,111,11
6487;line;-;MEDIUM SLOW;Joe Lovano;-;-;-;-;-;-;30;9;5,8,8,6,6,3,4,1,4;11111,00000001,00001111,101111,111111,011,0111,1,0111
6488;line;-;UP;Dexter Gordon;-;-;-;-;-;-;30;15;1,1,2,2,2,2,2,2,6,4,2,2,2,2,4;1,1,11,11,11,11,11,01,001001,1111,11,11,01,11,1111
6489;lick;-;UP;Phil Woods;-;-;-;-;-;-;43;28;2,2,1,1,1,1,2,2,1,2,3,2,1,1,1,2,2,2,2,1,2,2,2,2,2,2,1,2;11,11,1,1,1,1,11,11,1,11,110,11,1,1,1,11,11,11,11,1,11,01,11,01,11,01,1,11
6490;lick;-;MEDIUM;Freddie Hubbard;-;-;-;-;-;-;13;5;4,6,1,2,1;1111,011111,1,11,1
6491;lick;-;UP;Charlie Parker;-;-;-;-;-;-;12;7;4,1,2,2,2,2,1;0111,1,11,11,11,01,1
6492;lick;-;UP;Kai Winding;-;-;-;-;-;-;5;3;2,4,2;11,0001,11
6493;lick;-;MEDIUM;Stan Getz;-;-;-;-;-;-;9;4;2,6,3,3;01,000101,111,111
6494;lick;-;UP;Charlie Parker;-;-;-;-;-;-;6;4;1,4,1,2;1,1101,1,01
6495;lick;-;MEDIUM;Steve Turre;-;-;-;-;-;-;4;3;4,1,6;0001,1,010001
6496;lick;-;MEDIUM UP;Woody Shaw;-;-;-;-;-;-;34;15;4,6,3,4,3,4,4,4,4,2,1,2,4,4,4;0001,000001,111,0011,111,0011,1110,1111,1101,11,1,11,1001,0011,1101
6497;lick;-;MEDIUM;Bob Berg;-;-;-;-;-;-;4;1;5;01111
6498;line;-;UP;Phil Woods;-;-;-;-;-;-;23;14;3,1,4,1,2,2,2,2,2,2,2,2,2,1;111,1,0110,1,11,01,11,11,01,11,11,11,01,1
6499;line;-;UP;Joe Lovano;-;-;-;-;-;-;22;11;4,4,3,2,2,2,2,2,2,2,2;0111,1101,011,11,11,01,11,11,01,11,11
6500;line;-;UP;Steve Coleman;-;-;-;-;-;-;19;8;2,2,2,2,2,4,4,4;11,01,11,11,11,1011,0111,1111
6501;line;-;UP;Steve Coleman;-;-;-;-;-;-;61;32;2,2,2,2,1,4,2,1,6,1,4,4,2,2,2,3,2,2,2,2,2,2,2,3,2,2,1,4,2,4,2,1;11,11,11,11,1,0011,11,1,111011,1,0111,1001,11,01,11,011,01,11,11,11,11,11,01,110,11,11,1,1111,11,1001,01,1
6502;lick;-;UP;John Coltrane;-;-;-;-;-;-;5;3;2,1,2;11,1,11
6503;lick;-;UP;Joe Lovano;-;-;-;-;-;-;11;7;3,1,4,1,4,1,1;111,1,1001,1,1001,1,1
6504;line;-;MEDIUM UP;David Liebman;-;-;-;-;-;-;36;14;6,4,2,4,5,4,2,6,4,3,3,4,2,2;010111,1111,11,0011,00111,0111,11,001001,1100,111,111,0111,01,11
6505;line;-;MEDIUM SLOW;Joe Lovano;-;-;-;-;-;-;36;9;6,6,5,4,6,4,4,6,6;111111,111110,11111,0111,011111,1111,0001,001011,010111
6506;line;-;UP;Woody Shaw;-;-;-;-;-;-;18;9;2,4,2,2,2,1,2,4,3;11,1101,11,11,11,1,11,0001,111
6507;lick;-;UP;Dexter Gordon;-;-;-;-;-;-;10;6;3,1,1,3,4,5;011,1,1,111,0001,00101
6508;lick;-;UP;Wynton Marsalis;-;-;-;-;-;-;22;15;1,2,2,2,2,2,1,1,4,2,2,1,1,1,2;1,11,11,11,11,11,1,1,0001,11,01,1,1,1,11
6509;lick;-;MEDIUM UP;John Coltrane;-;-;-;-;-;-;16;7;3,3,3,3,3,4,3;110,011,110,110,111,1001,111
6510;line;-;UP;Steve Coleman;-;-;-;-;-;-;26;13;4,2,2,3,3,2,2,2,2,2,1,2,2;1101,01,11,110,111,11,11,11,11,11,1,11,11
6511;line;-;UP;Woody Shaw;-;-;-;-;-;-;50;24;2,2,4,4,2,2,4,2,4,2,4,4,2,3,3,3,3,2,2,2,2,3,3,4;11,11,1001,0001,11,11,1001,11,1011,01,1001,1001,01,011,111,011,111,11,11,11,11,111,011,1011
6512;lick;-;UP;Michael Brecker;-;-;-;-;-;-;4;3;2,2,1;01,11,1
6513;lick;-;MEDIUM UP;David Liebman;-;-;-;-;-;-;8;3;3,2,4;111,11,1011
6514;lick;-;MEDIUM;Joe Henderson;-;-;-;-;-;-;6;4;6,1,1,6;011101,1,0,000001
6515;line;-;UP;Miles Davis;-;-;-;-;-;-;22;12;2,2,4,4,1,1,4,2,2,2,2,3;01,01,1011,1001,1,1,1011,11,11,01,11,111
6516;line;-;UP;Sonny Rollins;-;-;-;-;-;-;55;28;1,2,3,2,2,2,2,4,2,2,2,2,2,2,2,2,2,2,2,4,3,1,1,4,3,2,2,2;1,11,011,11,11,11,11,1111,11,11,11,11,11,11,11,11,11,11,11,0011,111,1,1,1001,011,11,11,01
6517;lick;-;UP;Joshua Redman;-;-;-;-;-;-;12;8;1,4,3,4,2,2,2,1;1,1001,111,0001,01,11,01,1
6518;lick;-;UP;Joe Lovano;-;-;-;-;-;-;6;5;1,1,1,2,1;1,1,1,11,1
6519;line;-;UP;Chris Potter;-;-;-;-;-;-;39;21;2,3,2,2,2,2,2,2,1,3,2,1,4,3,2,3,2,2,3,2,2;11,011,11,11,11,11,11,11,1,111,11,1,0001,011,11,011,11,01,111,01,11
6520;lick;-;UP;Phil Woods;-;-;-;-;-;-;7;5;1,1,1,2,2;1,1,1,11,11
6521;lick;-;UP;John Coltrane;-;-;-;-;-;-;9;5;2,2,4,3,1;01,11,1110,011,1
6522;lick;-;MEDIUM;Joshua Redman;-;-;-;-;-;-;26;13;2,2,3,1,3,3,1,2,3,4,2,3,1;11,11,111,1,111,111,1,11,110,0011,11,110,1
6523;lick;-;MEDIUM UP;Paul Desmond;-;-;-;-;-;-;9;7;1,2,2,2,2,1,1;1,01,11,11,01,1,1
6524;lick;-;MEDIUM;Miles Davis;-;-;-;-;-;-;9;6;1,2,2,2,4,4;1,01,11,01,0001,1011
6525;line;-;UP;Miles Davis;-;-;-;-;-;-;11;7;1,1,3,2,2,3,2;1,1,110,01,11,011,11
6526;line;-;MEDIUM;Wayne Shorter;-;-;-;-;-;-;18;8;6,4,3,3,3,2,4,1;010101,0011,111,111,111,11,0001,1
6527;line;-;MEDIUM;Curtis Fuller;-;-;-;-;-;-;25;10;4,2,1,4,3,4,4,2,2,6;1110,11,1,0001,110,1111,1111,11,11,010111
6528;line;-;UP;Art Pepper;-;-;-;-;-;-;7;4;3,2,2,2;011,11,11,01
6529;lick;-;MEDIUM;Miles Davis;-;-;-;-;-;-;16;10;1,4,4,2,4,4,6,2,2,4;1,1100,0001,11,0001,0001,000001,11,11,0111
6530;lick;-;UP;Dexter Gordon;-;-;-;-;-;-;2;2;2,1;01,1
6531;lick;-;MEDIUM UP;Wayne Shorter;-;-;-;-;-;-;6;5;2,2,1,1,1;01,11,1,1,1
6532;lick;-;UP;Gerry Mulligan;-;-;-;-;-;-;3;2;1,2;1,11
6533;lick;-;MEDIUM;Miles Davis;-;-;-;-;-;-;9;5;4,4,2,2,1;0001,0111,11,11,1
6534;line;-;UP;Michael Brecker;-;-;-;-;-;-;15;10;1,2,2,3,2,2,2,1,1,2;1,11,11,111,01,11,01,1,1,01
6535;lick;-;UP;J.J. Johnson;-;-;-;-;-;-;4;4;2,2,1,2;01,01,1,01
6536;lick;-;UP;Art Pepper;-;-;-;-;-;-;12;6;4,2,2,4,1,3;1111,01,11,1001,1,011
6537;line;-;UP;Miles Davis;-;-;-;-;-;-;14;8;2,4,1,4,4,1,1,1;11,0001,1,1111,0111,1,1,1
6538;lick;-;MEDIUM;Miles Davis;-;-;-;-;-;-;12;8;1,4,4,2,2,4,2,2;1,0111,0001,11,11,0001,01,01
6539;lick;-;MEDIUM UP;Lee Morgan;-;-;-;-;-;-;25;12;4,2,2,4,5,4,6,4,2,2,2,4;1110,01,01,0011,11110,1011,100001,0011,01,01,11,0111
6540;lick;-;MEDIUM;Sonny Rollins;-;-;-;-;-;-;6;5;1,1,1,1,2;1,1,1,1,11
6541;lick;-;UP;John Coltrane;-;-;-;-;-;-;8;5;1,1,3,1,4;1,1,110,1,1110
6542;lick;-;MEDIUM;Sonny Rollins;-;-;-;-;-;-;8;6;1,2,1,2,2,4;1,01,1,11,11,0001
6543;lick;-;UP;Clifford Brown;-;-;-;-;-;-;13;5;4,6,4,2,2;0111,011101,1101,01,11
6544;line;-;UP;Steve Coleman;-;-;-;-;-;-;27;10;2,4,5,4,4,2,3,2,4,3;11,1111,11111,1001,1001,01,111,11,1111,011
6545;lick;-;UP;John Coltrane;-;-;-;-;-;-;3;2;4,2;0011,01
6546;line;-;UP;David Liebman;-;-;-;-;-;-;59;27;3,2,1,2,2,4,2,2,4,4,4,3,2,2,3,2,4,2,4,4,4,1,3,2,2,2,2;011,11,1,01,11,0110,11,11,1111,1111,0001,111,11,01,111,01,1101,11,1111,0111,0111,1,011,11,11,11,11
6547;lick;-;MEDIUM;Wayne Shorter;-;-;-;-;-;-;17;5;4,4,3,6,4;0011,1111,111,111001,1111
6548;lick;-;UP;Joe Henderson;-;-;-;-;-;-;5;3;2,1,4;11,1,1001
6549;line;-;MEDIUM UP;Joe Henderson;-;-;-;-;-;-;11;4;4,3,2,2;1111,111,11,11
6550;lick;-;MEDIUM UP;Wayne Shorter;-;-;-;-;-;-;13;7;1,1,4,2,2,6,2;1,1,0011,11,01,011011,11
6551;line;-;UP;Herbie Hancock;-;-;-;-;-;-;25;14;2,1,2,1,4,3,2,2,2,2,2,2,2,2;01,1,11,1,0110,111,11,01,11,11,11,11,11,11
6552;line;-;UP;Wynton Marsalis;-;-;-;-;-;-;128;74;4,2,1,1,2,2,6,2,2,2,2,2,1,1,2,2,2,2,2,2,1,1,1,2,1,1,1,1,1,2,2,2,1,4,2,2,2,4,2,2,2,2,2,2,3,3,2,2,4,2,2,3,2,2,2,4,2,2,1,1,1,1,1,2,2,2,3,2,2,2,2,1,1,4;1110,11,1,1,11,11,011100,11,11,11,11,11,1,1,11,11,11,11,11,01,1,1,1,11,1,1,1,1,1,11,01,11,1,1001,01,11,11,1101,11,01,11,11,11,11,011,111,11,11,1001,11,11,111,11,11,11,1001,11,11,1,1,1,1,1,11,11,11,110,01,11,11,11,1,1,1001
6553;lick;-;UP;John Coltrane;-;-;-;-;-;-;4;2;2,4;11,0011
6554;lick;-;MEDIUM;John Coltrane;-;-;-;-;-;-;29;9;6,6,6,1,4,6,4,1,4;111111,011011,110111,1,1110,011011,0001,1,1111
6555;lick;-;MEDIUM UP;Don Ellis;-;-;-;-;-;-;35;18;2,3,5,3,5,3,2,2,1,1,3,3,2,2,1,4,2,6;11,110,01001,011,01001,110,11,11,1,1,111,111,11,01,1,1001,11,101001
6556;line;-;UP;Paul Desmond;-;-;-;-;-;-;35;22;2,1,2,4,2,2,1,1,1,4,2,2,4,2,2,1,4,1,2,2,2,2;11,1,11,1001,11,11,1,1,1,1001,01,11,0001,11,11,1,1001,1,11,11,01,11
6557;line;-;MEDIUM SLOW;Michael Brecker;-;-;-;-;-;-;43;11;6,1,4,5,8,6,4,4,4,5,8;111110,1,1110,11111,01111111,111111,1111,0001,1110,00111,00011111
6558;line;-;UP;John Coltrane;-;-;-;-;-;-;34;18;2,2,1,1,1,1,4,4,2,1,4,2,2,2,3,2,2,2;11,11,1,1,1,1,1011,1111,11,1,0110,11,11,11,111,11,11,01
6559;lick;-;MEDIUM UP;Miles Davis;-;-;-;-;-;-;10;6;6,2,1,2,2,2;000011,11,1,11,11,01
