id;mlu;style;tempo;performer;feel;barsspan;startbar;startbeat;endbar;endbeat;notes;length;divisions;rhythm
1_2;line;COOL;UP;Art Pepper;SWING;5;3;3;7;3;28;17;1,2,2,2,1,2,1,2,2,2,2,3,4,2,2,2,2;1,11,11,01,1,11,1,01,11,11,11,011,1001,11,11,11,01
1_3;line;COOL;UP;Art Pepper;SWING;2;9;1;10;3;12;6;2,2,2,4,4,2;01,11,11,1001,0111,11
1_4;line;COOL;UP;Art Pepper;SWING;5;11;3;15;2;27;16;1,2,2,2,2,1,1,2,2,1,1,2,1,2,4,2;1,11,11,11,11,1,1,11,11,1,1,11,1,01,1111,11
1_5;lick;COOL;UP;Art Pepper;SWING;2;16;4;17;1;2;2;4,2;0001,01
1_6;lick;COOL;UP;Art Pepper;SWING;1;18;1;18;3;4;3;1,4,1;1,1001,1
1_7;lick;COOL;UP;Art Pepper;SWING;2;19;3;20;1;5;3;1,4,2;1,1001,11
1_8;line;COOL;UP;Art Pepper;SWING;2;21;3;22;3;10;5;2,2,2,2,2;11,11,11,11,11
1_9;line;COOL;UP;Art Pepper;SWING;2;23;2;24;3;9;6;4,2,2,1,2,4;0001,01,11,1,11,1001
1_10;lick;COOL;UP;Art Pepper;SWING;2;25;3;26;4;7;6;2,2,2,4,1,1;01,01,11,0001,1,1
1_11;line;COOL;UP;Art Pepper;SWING;4;28;1;31;2;16;10;1,1,1,1,2,2,2,2,2,2;1,1,1,1,11,11,11,11,11,11
1_12;line;COOL;UP;Art Pepper;SWING;1;33;1;33;3;5;3;2,4,2;01,1001,11
1_13;line;COOL;UP;Art Pepper;SWING;4;35;2;38;3;27;14;2,2,2,2,2,2,2,4,2,2,2,1,4,4;01,11,11,11,11,11,11,1110,11,11,01,1,0011,1101
1_14;line;COOL;UP;Art Pepper;SWING;4;39;3;42;4;21;13;4,2,2,4,2,2,2,2,2,2,2,2,2;0001,01,01,1001,11,11,11,11,11,11,01,11,01
1_15;line;COOL;UP;Art Pepper;SWING;4;44;1;47;2;22;12;4,3,2,2,2,2,2,2,2,1,2,2;0011,011,01,11,11,11,11,11,11,1,11,11
1_16;lick;COOL;UP;Art Pepper;SWING;2;48;4;49;1;2;2;2,2;01,01
1_17;lick;COOL;UP;Art Pepper;SWING;4;49;4;52;3;13;8;4,4,4,2,2,1,3,2;0001,0001,0001,11,11,1,111,11
1_18;lick;COOL;UP;Art Pepper;SWING;1;53;3;53;4;2;2;4,2;0001,01
1_19;lick;COOL;UP;Art Pepper;SWING;1;54;3;54;4;2;2;4,2;0001,01
1_20;lick;COOL;UP;Art Pepper;SWING;1;56;1;56;3;7;3;3,2,2;111,11,11
1_22;line;COOL;UP;Art Pepper;SWING;3;60;1;62;1;17;8;2,2,4,2,3,2,4,2;11,11,1011,11,111,11,1001,01
1_23;line;COOL;UP;Art Pepper;SWING;3;63;1;65;3;16;11;4,2,4,2,2,2,2,1,1,4,2;1001,11,0011,01,11,11,01,1,1,0001,01
1_24;lick;COOL;UP;Art Pepper;SWING;1;66;2;66;3;2;2;2,2;01,01
1_26;line;COOL;UP;Art Pepper;SWING;5;68;2;72;3;32;18;2,3,3,2,2,4,6,2,2,1,2,2,2,2,2,1,2,2;01,011,111,01,11,1101,001001,01,11,1,11,11,11,11,11,1,01,11
1_29;line;COOL;UP;Art Pepper;SWING;2;80;3;81;3;9;5;2,4,4,4,2;01,0001,0011,1011,11
1_30;lick;COOL;UP;Art Pepper;SWING;3;82;3;84;4;12;9;2,2,1,2,4,4,1,3,2;01,01,1,01,0001,0001,1,111,11
1_31;line;COOL;UP;Art Pepper;SWING;7;85;4;91;3;37;20;2,2,4,2,3,1,2,2,2,2,1,2,2,2,3,2,2,2,1,1;01,11,0111,01,111,1,11,11,11,11,1,11,11,11,111,11,11,11,1,1
1_33;line;COOL;UP;Art Pepper;SWING;2;96;3;97;2;5;4;4,2,2,1;0001,01,11,1
1_36;lick;COOL;UP;Art Pepper;SWING;1;106;1;106;3;5;3;4,3,2;0001,011,11
1_37;lick;COOL;UP;Art Pepper;SWING;1;107;2;107;3;2;2;2,2;01,01
1_38;lick;COOL;UP;Art Pepper;SWING;1;108;2;108;3;3;2;3,2;011,01
1_39;line;COOL;UP;Art Pepper;SWING;4;109;2;112;2;15;11;4,4,2,2,3,2,4,4,2,2,2;0001,0001,01,01,011,01,0001,0011,11,11,01
1_41;line;COOL;UP;Art Pepper;SWING;4;115;3;118;3;19;10;2,3,2,3,1,2,2,2,2,2;11,011,11,011,1,11,11,11,11,11
1_42;line;COOL;UP;Art Pepper;SWING;3;119;3;121;1;12;7;1,1,2,2,2,2,2;1,1,11,11,11,11,11
1_43;lick;COOL;UP;Art Pepper;SWING;2;121;3;122;1;3;3;4,2,2;0001,01,01
1_44;lick;COOL;UP;Art Pepper;SWING;5;122;4;126;3;19;12;4,4,2,2,2,2,4,3,4,2,4,2;0001,0001,01,11,01,01,0001,011,1011,11,1011,01
1_45;line;COOL;UP;Art Pepper;SWING;3;127;1;129;1;15;9;4,1,2,2,2,4,2,2,2;0001,1,11,01,11,1011,01,11,11
2_3;lick;COOL;UP;Art Pepper;SWING;1;3;2;3;3;3;2;2,2;01,11
2_4;lick;COOL;UP;Art Pepper;SWING;1;4;3;4;4;2;2;2,1;01,1
2_5;lick;COOL;UP;Art Pepper;SWING;1;5;2;5;3;3;2;4,2;0011,01
2_6;lick;COOL;UP;Art Pepper;SWING;2;6;1;7;1;6;4;4,6,2,2;0011,000001,01,11
2_7;lick;COOL;UP;Art Pepper;SWING;1;8;2;8;4;4;3;4,2,1;0011,01,1
2_8;lick;COOL;UP;Art Pepper;SWING;3;9;2;11;3;12;8;2,2,2,1,2,4,4,1;01,11,11,1,01,1100,1001,1
2_9;lick;COOL;UP;Art Pepper;SWING;4;13;1;16;1;17;11;2,2,2,2,2,2,1,1,1,2,2;01,11,11,11,11,11,1,1,1,01,11
2_10;lick;COOL;UP;Art Pepper;SWING;3;17;2;19;2;13;7;2,2,2,4,2,2,4;01,01,11,1001,11,11,1011
2_11;lick;COOL;UP;Art Pepper;SWING;4;20;2;23;2;14;8;3,2,1,2,2,2,2,1;011,11,1,11,11,11,11,1
2_15;line;COOL;UP;Art Pepper;SWING;1;32;1;32;4;11;4;4,3,6,4;0011,111,011100,1011
2_16;lick;COOL;UP;Art Pepper;SWING;1;33;2;33;3;3;2;5,2;00011,01
2_17;lick;COOL;UP;Art Pepper;SWING;1;34;2;34;4;4;3;2,2,1;01,11,1
2_18;line;COOL;UP;Art Pepper;SWING;3;35;2;37;1;14;8;3,2,2,2,1,2,2,2;011,01,11,11,1,11,11,11
2_19;lick;COOL;UP;Art Pepper;SWING;2;38;4;39;3;5;3;4,1,1;0111,1,1
2_20;line;COOL;UP;Art Pepper;SWING;1;40;2;40;4;9;3;4,4,1;1111,1111,1
2_21;lick;COOL;UP;Art Pepper;SWING;2;41;3;42;4;14;6;2,2,4,4,3,1;11,01,1111,1110,111,1
2_22;line;COOL;UP;Art Pepper;SWING;4;44;2;47;2;27;13;2,4,3,2,2,4,2,1,2,2,2,2,2;11,1011,111,11,11,1011,01,1,11,11,11,11,11
2_23;lick;COOL;UP;Art Pepper;SWING;1;49;2;49;3;4;2;4,2;1001,11
2_24;lick;COOL;UP;Art Pepper;SWING;4;50;3;53;2;20;11;4,4,2,2,2,2,4,2,1,6,2;1001,0001,11,01,11,11,1001,11,1,100011,11
2_25;line;COOL;UP;Art Pepper;SWING;1;55;2;55;4;12;3;6,6,4;111101,011011,0111
2_26;line;COOL;UP;Art Pepper;SWING;4;56;4;59;2;24;11;4,2,2,2,4,4,2,2,2,2,2;0011,11,11,11,1101,0111,11,11,11,11,11
2_27;lick;COOL;UP;Art Pepper;SWING;1;61;1;61;3;8;3;2,4,2;11,1111,11
2_28;lick;COOL;UP;Art Pepper;SWING;3;62;2;64;4;25;11;6,6,2,4,4,2,6,1,4,3,4;000001,000011,11,0111,1011,11,001111,1,0001,111,1101
2_29;line;COOL;UP;Art Pepper;SWING;5;67;1;71;2;30;17;2,2,4,2,2,2,2,2,1,4,4,2,3,1,2,2,2;01,11,1011,11,11,11,11,11,1,1011,1001,01,110,1,01,11,01
2_30;line;COOL;UP;Art Pepper;SWING;2;72;4;73;3;13;4;6,4,6,4;000011,1111,111010,1101
2_31;lick;COOL;UP;Art Pepper;SWING;4;74;2;77;4;22;13;4,4,4,2,3,2,2,2,6,2,4,2,1;0001,0001,0011,01,110,11,11,11,100101,01,1001,11,1
2_32;lick;COOL;UP;Art Pepper;SWING;1;79;1;79;4;4;3;4,2,1;1001,01,1
2_33;lick;COOL;UP;Art Pepper;SWING;3;80;3;82;2;11;7;2,4,3,2,2,2,1;11,1001,110,01,11,01,1
2_35;line;COOL;UP;Art Pepper;SWING;3;85;1;87;3;19;11;4,4,2,2,2,2,2,2,2,1,1;0011,0011,01,11,11,11,11,11,11,1,1
2_36;line;COOL;UP;Art Pepper;SWING;5;88;3;92;4;27;18;2,6,4,4,2,4,2,2,2,2,1,1,1,2,1,2,4,1;01,100101,0001,0001,11,0001,11,11,01,01,1,1,1,11,1,01,1111,1
2_37;lick;COOL;UP;Art Pepper;SWING;3;93;3;95;3;18;8;4,2,4,2,4,1,3,2;1111,01,1011,11,0111,1,011,11
2_40;lick;COOL;UP;Art Pepper;SWING;1;100;2;100;3;4;2;2,2;11,11
2_42;line;COOL;UP;Art Pepper;SWING;6;102;2;107;2;36;19;6,1,4,2,2,2,2,2,4,2,2,2,4,2,2,2,2,4,1;000001,1,0001,11,11,11,11,11,1111,11,11,11,1001,11,11,11,11,1001,1
2_43;lick;COOL;UP;Art Pepper;SWING;2;109;1;110;3;13;5;6,4,4,1,3;001101,0111,0111,1,111
2_44;lick;COOL;UP;Art Pepper;SWING;2;111;2;112;3;12;6;3,1,2,4,5,1;011,1,11,0011,01111,1
2_45;line;COOL;UP;Art Pepper;SWING;2;113;2;114;3;19;5;3,4,6,4,6;111,1111,011011,0111,110111
2_46;lick;COOL;UP;Art Pepper;SWING;2;115;2;116;3;13;5;4,3,3,4,3;0111,110,011,1111,110
2_47;lick;COOL;UP;Art Pepper;SWING;3;117;3;119;4;17;8;2,2,4,1,4,4,6,1;01,11,0001,1,0111,1110,111101,1
2_48;line;COOL;UP;Art Pepper;SWING;1;120;1;120;4;15;4;5,4,6,6;01011,0111,111011,111100
2_49;line;COOL;UP;Art Pepper;SWING;2;121;2;122;3;15;6;6,4,2,3,4,3;000011,1011,01,111,1111,110
2_50;line;COOL;UP;Art Pepper;SWING;2;123;1;124;3;25;7;4,5,3,8,6,4,4;0001,10111,111,01010111,101011,1111,1111
2_53;lick;COOL;UP;Art Pepper;SWING;4;127;3;130;4;18;13;4,1,4,2,2,2,1,1,2,2,4,1,6;0001,1,0001,01,01,01,1,1,11,11,1011,1,100001
2_54;lick;COOL;UP;Art Pepper;SWING;2;131;3;132;4;8;5;4,2,2,4,4;0011,01,01,1001,1001
3_1;line;COOL;MEDIUM UP;Art Pepper;LATIN;2;0;1;1;1;12;5;5,2,4,6,1;00011,11,0111,011011,1
3_2;lick;COOL;MEDIUM UP;Art Pepper;LATIN;1;1;3;1;4;5;2;4,3;1011,110
3_3;lick;COOL;MEDIUM UP;Art Pepper;LATIN;1;2;1;2;4;9;4;8,3,3,3;00000011,011,111,110
3_5;line;COOL;MEDIUM UP;Art Pepper;LATIN;1;5;3;5;4;5;2;4,4;0011,1110
3_6;lick;COOL;MEDIUM UP;Art Pepper;LATIN;1;6;1;6;4;9;4;6,4,4,2;000001,0111,1101,11
3_7;lick;COOL;MEDIUM UP;Art Pepper;LATIN;1;7;3;7;3;2;1;3;110
3_8;line;COOL;MEDIUM UP;Art Pepper;LATIN;1;8;2;8;4;11;3;4,4,3;1111,1111,111
3_11;lick;COOL;MEDIUM UP;Art Pepper;LATIN;2;13;2;14;4;15;7;2,1,4,4,4,4,2;11,1,0011,1011,1101,1001,11
3_13;lick;COOL;MEDIUM UP;Art Pepper;LATIN;2;19;3;20;4;17;6;1,4,4,1,6,2;1,1111,1111,1,110111,11
3_14;lick;COOL;MEDIUM UP;Art Pepper;LATIN;1;21;3;21;4;3;2;6,2;000101,01
3_15;lick;COOL;MEDIUM UP;Art Pepper;LATIN;1;22;2;22;4;8;3;4,2,2;1111,11,11
3_16;line;COOL;MEDIUM UP;Art Pepper;LATIN;4;23;3;26;1;21;11;2,4,6,4,2,2,1,2,2,2,1;11,1101,010011,1011,11,11,1,01,11,01,1
3_26;line;COOL;MEDIUM UP;Art Pepper;LATIN;2;37;3;38;4;14;6;4,4,1,2,4,2;0011,1111,1,11,0111,11
3_27;line;COOL;MEDIUM UP;Art Pepper;LATIN;2;39;3;40;3;18;5;6,4,1,6,4;101011,1111,1,011111,1111
3_28;line;COOL;MEDIUM UP;Art Pepper;LATIN;1;41;2;41;4;10;3;4,6,4;0011,110111,0111
3_29;lick;COOL;MEDIUM UP;Art Pepper;LATIN;1;43;1;43;4;10;4;6,1,6,3;010011,1,100011,111
3_30;line;COOL;MEDIUM UP;Art Pepper;LATIN;2;44;2;45;1;13;4;4,5,4,1;1111,10111,1111,1
3_37;lick;COOL;MEDIUM UP;Art Pepper;LATIN;1;56;2;56;4;5;3;2,6,1;01,100011,1
3_39;lick;COOL;MEDIUM UP;Art Pepper;LATIN;1;58;1;58;4;11;4;3,4,4,2;011,1111,1101,11
3_40;lick;COOL;MEDIUM UP;Art Pepper;LATIN;1;59;2;59;3;5;2;4,4;0011,1110
3_41;lick;COOL;MEDIUM UP;Art Pepper;LATIN;1;60;1;60;3;7;3;2,6,2;11,100011,11
3_42;lick;COOL;MEDIUM UP;Art Pepper;LATIN;1;61;2;61;4;8;3;4,4,4;0011,1011,1110
3_43;line;COOL;MEDIUM UP;Art Pepper;LATIN;1;62;2;62;4;9;3;4,4,4;0011,1111,1110
4_1;line;COOL;MEDIUM UP;Art Pepper;SWING;5;-1;1;3;4;35;20;2,2,2,5,2,4,2,2,1,4,2,2,2,2,2,2,2,2,4,4;01,01,11,10011,01,1001,11,11,1,0001,11,11,11,11,11,11,11,11,1001,0001
4_2;lick;COOL;MEDIUM UP;Art Pepper;SWING;1;5;1;5;3;6;3;2,4,2;11,1001,11
4_3;lick;COOL;MEDIUM UP;Art Pepper;SWING;4;6;2;9;2;25;13;4,1,2,1,2,2,3,2,3,2,2,2,2;0111,1,11,1,11,11,011,11,011,11,11,11,11
4_4;lick;COOL;MEDIUM UP;Art Pepper;SWING;2;11;1;12;1;5;3;2,2,1;11,11,1
4_5;lick;COOL;MEDIUM UP;Art Pepper;SWING;4;12;3;15;2;17;10;3,2,2,2,4,1,2,2,2,4;011,11,11,11,0001,1,11,11,11,0001
4_6;lick;COOL;MEDIUM UP;Art Pepper;SWING;2;16;3;17;1;5;3;4,2,2;1001,01,11
4_7;lick;COOL;MEDIUM UP;Art Pepper;SWING;2;17;4;18;3;7;4;4,2,2,2;0001,11,11,11
4_8;lick;COOL;MEDIUM UP;Art Pepper;SWING;5;19;2;23;3;24;17;6,4,2,2,2,1,1,1,4,6,2,2,2,2,1,4,4;000001,0001,11,11,01,1,1,1,0001,010001,01,11,11,11,1,0001,1001
4_9;lick;COOL;MEDIUM UP;Art Pepper;SWING;2;25;1;26;2;8;6;4,2,2,4,2,1;0001,11,01,1001,01,1
4_10;lick;COOL;MEDIUM UP;Art Pepper;SWING;5;27;2;31;1;26;15;3,4,2,2,1,2,2,2,2,3,2,1,2,2,2;011,1001,01,01,1,11,11,11,11,011,11,1,11,11,11
4_11;lick;COOL;MEDIUM UP;Art Pepper;SWING;3;31;3;33;4;10;10;2,1,2,1,1,1,1,4,2,1;01,1,01,1,1,1,1,0001,01,1
4_12;lick;COOL;MEDIUM UP;Art Pepper;SWING;3;34;3;36;1;13;7;2,2,6,2,1,2,2;11,11,001011,11,1,11,01
4_13;lick;COOL;MEDIUM UP;Art Pepper;SWING;1;37;3;37;4;4;2;4,1;1011,1
4_14;lick;COOL;MEDIUM UP;Art Pepper;SWING;4;38;3;41;2;21;12;1,2,2,2,2,2,1,4,2,4,6,2;1,11,11,11,11,11,1,0001,11,1101,010001,01
4_15;lick;COOL;MEDIUM UP;Art Pepper;SWING;1;42;2;42;3;3;2;2,4;01,1001
4_16;lick;COOL;MEDIUM UP;Art Pepper;SWING;1;44;1;44;2;3;2;1,2;1,11
4_17;lick;COOL;MEDIUM UP;Art Pepper;SWING;3;45;1;47;4;17;9;2,2,1,6,2,6,2,6,2;01,11,1,010011,11,010011,11,010001,01
4_18;lick;COOL;MEDIUM UP;Art Pepper;SWING;2;48;3;49;1;3;2;1,2;1,11
4_19;lick;COOL;MEDIUM UP;Art Pepper;SWING;3;49;4;51;2;10;6;4,2,1,2,2,2;0001,11,1,11,11,11
4_20;line;COOL;MEDIUM UP;Art Pepper;SWING;1;53;1;53;4;12;4;4,4,4,1;1011,1111,1111,1
4_21;lick;COOL;MEDIUM UP;Art Pepper;SWING;2;54;3;55;1;5;3;1,2,2;1,11,11
4_22;lick;COOL;MEDIUM UP;Art Pepper;SWING;2;55;3;56;1;4;3;2,4,4;11,0001,0001
4_23;lick;COOL;MEDIUM UP;Art Pepper;SWING;2;56;3;57;3;6;5;1,1,1,4,2;1,1,1,0001,11
4_26;lick;COOL;MEDIUM UP;Art Pepper;SWING;2;63;2;64;4;10;7;2,2,2,2,2,2,2;01,11,01,01,11,11,01
4_28;lick;COOL;MEDIUM UP;Art Pepper;SWING;2;67;1;68;4;11;7;1,2,2,4,2,1,4;1,11,11,0001,11,1,1001
4_29;lick;COOL;MEDIUM UP;Art Pepper;SWING;1;70;1;70;4;11;4;4,5,6,1;1111,01111,010001,1
4_30;lick;COOL;MEDIUM UP;Art Pepper;SWING;2;71;2;72;2;8;4;2,6,2,1;01,101110,11,1
4_31;lick;COOL;MEDIUM UP;Art Pepper;SWING;2;72;4;73;3;5;4;2,1,4,1;01,1,1001,1
4_32;lick;COOL;MEDIUM UP;Art Pepper;SWING;1;74;2;74;3;4;2;2,2;11,11
4_33;lick;COOL;MEDIUM UP;Art Pepper;SWING;3;76;1;78;3;18;9;4,4,1,2,2,4,2,2,2;1001,1001,1,11,11,0111,11,11,11
4_37;line;COOL;MEDIUM UP;Art Pepper;SWING;4;84;1;87;4;26;16;4,2,2,2,4,2,4,2,1,1,1,1,1,6,2,1;1011,11,11,11,1011,11,1001,11,1,1,1,1,1,000001,01,1
4_38;lick;COOL;MEDIUM UP;Art Pepper;SWING;2;88;3;89;1;4;3;4,2,1;0001,11,1
4_39;lick;COOL;MEDIUM UP;Art Pepper;SWING;1;89;3;89;4;3;2;4,2;0001,11
4_40;lick;COOL;MEDIUM UP;Art Pepper;SWING;2;91;1;92;3;13;7;2,4,1,6,1,4,2;01,1011,1,000001,1,1111,11
4_41;lick;COOL;MEDIUM UP;Art Pepper;SWING;5;93;1;97;1;27;16;6,3,1,1,1,1,2,2,2,4,2,2,2,2,2,1;000011,011,1,1,1,1,11,11,11,1011,11,11,01,11,11,1
4_42;lick;COOL;MEDIUM UP;Art Pepper;SWING;2;97;4;98;1;6;2;6,2;100111,11
4_43;lick;COOL;MEDIUM UP;Art Pepper;SWING;2;99;1;100;1;13;5;5,6,2,4,1;10111,010111,01,1101,1
4_44;lick;COOL;MEDIUM UP;Art Pepper;SWING;1;100;3;100;4;3;2;2,2;01,11
4_45;lick;COOL;MEDIUM UP;Art Pepper;SWING;1;102;1;102;3;4;3;1,2,1;1,11,1
4_46;lick;COOL;MEDIUM UP;Art Pepper;SWING;2;104;1;105;4;11;7;1,2,2,2,2,2,2;1,01,11,01,11,11,11
4_48;lick;COOL;MEDIUM UP;Art Pepper;SWING;1;108;1;108;3;4;3;1,2,2;1,01,11
4_49;lick;COOL;MEDIUM UP;Art Pepper;SWING;3;109;4;111;4;15;9;1,4,2,2,2,1,4,2,1;1,1011,11,11,11,1,1001,01,1
4_50;lick;COOL;MEDIUM UP;Art Pepper;SWING;2;112;3;113;1;5;3;4,2,4;1001,01,1001
4_51;lick;COOL;MEDIUM UP;Art Pepper;SWING;3;113;4;115;3;16;8;2,2,2,2,2,2,4,6;01,11,11,11,11,11,1101,010001
4_52;lick;COOL;MEDIUM UP;Art Pepper;SWING;4;116;4;119;1;10;9;2,4,4,2,1,1,1,1,1;01,1001,0001,01,1,1,1,1,1
4_53;lick;COOL;MEDIUM UP;Art Pepper;SWING;2;120;1;121;1;7;5;2,2,2,1,1;01,11,11,1,1
4_54;lick;COOL;MEDIUM UP;Art Pepper;SWING;1;122;2;122;3;3;2;2,4;01,1001
4_55;lick;COOL;MEDIUM UP;Art Pepper;SWING;4;123;2;126;4;23;13;2,4,4,2,4,2,1,2,2,2,2,6,2;01,1001,1001,01,0011,11,1,11,01,11,11,010011,11
31_2;line;POSTBOP;UP;Bob Berg;SWING;7;9;3;15;2;38;23;2,2,2,2,2,2,2,2,1,4,1,1,1,1,2,3,1,2,2,2,2,2,2;11,11,11,11,11,11,11,11,1,0011,1,1,1,1,11,011,1,01,01,11,11,11,11
31_3;lick;POSTBOP;UP;Bob Berg;SWING;4;16;3;19;1;15;9;2,2,2,2,2,2,1,1,1;11,11,11,11,11,11,1,1,1
31_4;line;POSTBOP;UP;Bob Berg;SWING;5;19;3;23;1;29;15;2,2,2,2,2,2,2,2,2,2,2,2,2,2,1;11,11,11,11,11,11,11,11,11,11,11,11,11,11,1
31_5;lick;POSTBOP;UP;Bob Berg;SWING;2;24;3;25;1;5;3;2,3,1;01,111,1
31_6;lick;POSTBOP;UP;Bob Berg;SWING;1;25;2;25;4;5;3;2,4,1;01,1011,1
31_7;lick;POSTBOP;UP;Bob Berg;SWING;1;26;2;26;3;5;2;3,4;111,1100
31_8;lick;POSTBOP;UP;Bob Berg;SWING;2;26;4;27;2;5;3;2,3,1;01,111,1
31_9;lick;POSTBOP;UP;Bob Berg;SWING;2;27;3;28;1;5;3;2,3,1;01,111,1
31_10;lick;POSTBOP;UP;Bob Berg;SWING;1;28;2;28;3;4;2;2,4;01,1110
31_11;line;POSTBOP;UP;Bob Berg;SWING;2;29;3;30;1;6;3;4,2,1;0111,11,1
31_12;line;POSTBOP;UP;Bob Berg;SWING;6;30;3;35;1;37;19;2,2,2,2,2,2,4,2,2,2,2,2,2,2,2,2,2,2,1;11,11,11,11,11,11,1011,01,11,11,11,11,11,11,11,11,11,11,1
31_14;line;POSTBOP;UP;Bob Berg;SWING;5;38;3;42;3;26;16;2,2,2,2,2,2,2,2,1,3,1,4,4,1,1,1;11,11,11,11,11,11,11,11,1,011,1,1001,0001,1,1,1
31_15;line;POSTBOP;UP;Bob Berg;SWING;4;43;2;46;1;23;12;2,2,2,2,2,2,2,2,2,2,2,1;11,11,11,11,11,11,11,11,11,11,11,1
31_16;line;POSTBOP;UP;Bob Berg;SWING;5;47;1;51;4;39;20;2,2,2,2,2,2,2,2,4,2,4,2,2,2,2,2,1,1,1,1;01,11,11,11,11,11,11,11,1111,11,1111,11,11,11,11,11,1,1,1,1
31_17;line;POSTBOP;UP;Bob Berg;SWING;7;53;1;59;2;48;26;2,2,2,2,2,2,2,2,2,2,2,2,1,1,2,2,2,2,2,2,2,2,2,2,2,1;01,11,11,11,11,11,11,11,11,11,11,11,1,1,11,11,11,11,11,11,11,11,11,11,11,1
31_18;lick;POSTBOP;UP;Bob Berg;SWING;1;60;1;60;2;3;2;2,1;11,1
31_19;line;POSTBOP;UP;Bob Berg;SWING;2;61;3;62;4;12;6;2,3,2,1,4,1;11,111,11,1,1101,1
31_20;line;POSTBOP;UP;Bob Berg;SWING;2;63;3;64;4;13;6;4,2,2,2,2,4;1011,01,11,11,11,1011
31_26;line;POSTBOP;UP;Bob Berg;SWING;4;83;3;86;1;21;11;2,2,2,2,2,2,2,2,2,4,2;01,11,11,11,11,11,11,11,11,1101,01
31_27;line;POSTBOP;UP;Bob Berg;SWING;3;86;3;88;3;10;7;2,2,2,4,2,4,2;11,11,11,0001,01,0001,01
31_28;line;POSTBOP;UP;Bob Berg;SWING;6;89;3;94;2;39;20;2,2,2,2,2,2,2,2,2,2,2,2,2,2,2,2,2,2,2,1;11,11,11,11,11,11,11,11,11,11,11,11,11,11,11,11,11,11,11,1
31_32;line;POSTBOP;UP;Bob Berg;SWING;4;109;3;112;4;28;14;2,2,2,2,2,2,2,2,2,2,2,2,2,3;11,11,11,11,11,11,11,11,11,11,11,11,11,110
31_33;line;POSTBOP;UP;Bob Berg;SWING;5;113;3;117;3;24;13;2,2,4,2,2,2,2,2,2,2,2,1,2;01,11,1001,11,11,11,11,11,11,11,11,1,11
31_34;line;POSTBOP;UP;Bob Berg;SWING;4;118;3;121;3;24;13;2,2,2,2,2,2,2,2,4,3,2,2,1;01,11,11,11,11,11,11,11,1011,011,01,11,1
31_35;line;POSTBOP;UP;Bob Berg;SWING;3;122;1;124;2;17;10;1,2,2,2,2,2,2,2,1,2;1,01,11,11,11,11,11,11,1,11
31_36;line;POSTBOP;UP;Bob Berg;SWING;7;126;1;132;3;30;17;2,2,4,2,2,2,2,2,2,2,2,2,2,2,1,1,1;01,11,1011,01,11,11,11,11,11,11,11,11,11,11,1,1,1
31_38;line;POSTBOP;UP;Bob Berg;SWING;6;138;1;143;3;39;20;2,2,2,2,2,2,2,2,2,2,4,2,2,2,2,2,2,2,1,1;11,11,11,11,11,11,11,11,11,11,0111,11,11,11,11,11,11,11,1,1
32_7;line;POSTBOP;UP;Bob Berg;SWING;3;26;1;28;1;16;9;2,2,2,2,2,2,2,2,1;01,11,11,11,11,11,11,11,1
32_11;line;POSTBOP;UP;Bob Berg;SWING;5;29;4;33;3;32;16;5,4,4,3,2,2,4,2,2,2,2,4,3,2,2,1;00111,0111,0011,011,11,01,1101,01,11,11,11,1101,011,01,11,1
32_17;line;POSTBOP;UP;Bob Berg;SWING;7;43;4;49;3;48;21;1,2,4,2,2,3,4,2,2,2,3,2,4,2,2,2,2,4,4,6,3;1,11,1101,01,11,110,1011,11,01,11,111,01,1011,01,11,11,11,1111,1111,101110,111
32_20;line;POSTBOP;UP;Bob Berg;SWING;3;56;3;58;3;20;9;2,4,3,2,2,2,2,2,4;01,1111,011,11,11,11,11,11,1011
32_23;line;POSTBOP;UP;Bob Berg;SWING;6;68;2;73;1;39;20;2,2,2,2,2,4,2,2,2,2,2,4,2,4,2,3,4,1,1,2;11,11,11,11,11,1011,01,11,11,11,11,1011,01,1101,01,110,1011,1,1,11
32_24;line;POSTBOP;UP;Bob Berg;SWING;5;73;4;77;3;34;16;4,4,2,2,2,4,2,4,4,4,4,3,1,4,2,1;0011,0111,11,11,11,1011,11,1011,0011,0011,0110,111,1,1001,11,1
32_25;line;POSTBOP;UP;Bob Berg;SWING;2;78;2;79;3;13;6;2,4,3,2,4,3;11,1110,110,11,0110,011
32_29;line;POSTBOP;UP;Bob Berg;SWING;3;84;1;86;1;18;9;2,6,4,4,2,2,2,3,2;01,000011,1011,0011,11,11,11,011,11
32_30;line;POSTBOP;UP;Bob Berg;SWING;1;86;3;86;4;3;2;4,4;0001,0110
32_32;line;POSTBOP;UP;Bob Berg;SWING;2;93;2;94;3;15;6;6,3,2,2,4,4;010011,111,11,11,1001,1101
33_5;line;POSTBOP;MEDIUM;Bob Berg;SWING;4;6;3;9;4;24;13;7,2,3,2,6,2,2,4,2,4,2,2,2;0001101,01,011,11,001110,11,01,1001,01,1001,01,11,11
33_9;line;POSTBOP;MEDIUM;Bob Berg;SWING;3;15;3;17;4;32;10;5,6,4,4,5,4,8,4,2,1;01111,101011,0111,1111,11111,1101,01000101,0111,11,1
33_11;line;POSTBOP;MEDIUM;Bob Berg;SWING;3;22;1;24;1;24;9;2,4,4,4,4,2,2,2,2;01,1111,1111,1111,1101,11,11,11,11
33_12;lick;POSTBOP;MEDIUM;Bob Berg;SWING;2;24;4;25;1;5;2;3,2;111,11
33_13;lick;POSTBOP;MEDIUM;Bob Berg;SWING;2;25;4;26;4;9;5;4,2,4,2,4;0001,01,1011,11,1100
33_14;line;POSTBOP;MEDIUM;Bob Berg;SWING;5;27;2;31;1;53;16;5,3,4,6,8,4,4,4,4,2,2,2,4,3,4,4;01111,111,1111,110111,01010111,1111,1110,1111,1111,11,11,11,0011,111,1111,1100
33_15;line;POSTBOP;MEDIUM;Bob Berg;SWING;2;32;2;33;1;11;4;4,4,4,1;0011,1111,1111,1
33_16;lick;POSTBOP;MEDIUM;Bob Berg;SWING;4;34;3;37;4;29;14;4,5,1,1,2,6,2,2,2,4,2,2,2,4;0001,01111,1,1,11,001111,11,11,11,1011,11,11,01,1001
33_17;line;POSTBOP;MEDIUM;Bob Berg;SWING;4;38;4;41;2;24;11;4,6,2,2,2,3,2,4,3,1,2;1111,010011,11,11,11,011,11,0011,011,1,11
33_18;line;POSTBOP;MEDIUM;Bob Berg;SWING;4;42;1;45;3;52;15;3,4,4,6,6,2,4,8,5,6,6,3,2,4,6;011,1111,1111,110111,010111,11,1111,10110011,01111,011101,011011,111,01,0111,001011
33_19;line;POSTBOP;MEDIUM;Bob Berg;SWING;2;46;1;47;1;15;5;4,4,4,5,1;0011,1111,0111,11111,1
33_20;line;POSTBOP;MEDIUM;Bob Berg;SWING;3;47;2;49;1;30;8;6,6,4,4,6,4,2,7;000011,010111,1011,1110,111110,1111,11,1111111
33_21;line;POSTBOP;MEDIUM;Bob Berg;SWING;3;49;3;51;2;27;8;6,4,4,6,8,4,4,3;011011,1111,1101,001011,00101011,0111,0111,111
33_24;line;POSTBOP;MEDIUM;Bob Berg;SWING;4;59;2;62;2;32;12;5,4,4,3,5,6,4,1,6,6,2,4;00111,0111,1111,111,11111,011111,0111,1,000001,000001,01,1001
33_26;line;POSTBOP;MEDIUM;Bob Berg;SWING;4;65;3;68;2;32;12;8,6,2,4,5,4,2,2,2,4,2,4;00110101,010001,11,1111,11111,1111,11,11,01,0001,01,1111
33_27;lick;POSTBOP;MEDIUM;Bob Berg;SWING;4;68;4;71;2;32;11;4,2,5,2,4,1,6,6,6,4,4;0001,11,11111,11,0110,1,011011,011011,011011,1111,1101
33_30;line;POSTBOP;MEDIUM;Bob Berg;SWING;5;79;3;83;1;57;15;4,4,4,6,4,4,6,4,4,6,4,5,6,4,4;1101,0111,1111,101111,1111,1111,111101,1101,1111,011011,0111,11111,101001,1111,1110
33_31;line;POSTBOP;MEDIUM;Bob Berg;SWING;4;83;3;86;1;28;10;4,5,4,3,4,3,4,2,2,1;1111,10111,1111,011,0111,111,0111,11,11,1
33_33;line;POSTBOP;MEDIUM;Bob Berg;SWING;5;89;2;93;4;48;19;6,3,4,2,4,4,2,2,3,2,2,4,3,4,4,4,6,10,1;000011,110,1101,11,0001,0001,11,11,011,01,11,1111,110,1110,1111,1111,100111,1010011011,1
33_34;lick;POSTBOP;MEDIUM;Bob Berg;SWING;1;94;1;94;4;9;4;2,2,4,4;01,11,0111,1110
33_35;line;POSTBOP;MEDIUM;Bob Berg;SWING;4;95;2;98;2;34;13;1,6,4,5,5,6,4,4,2,2,2,2,1;1,001111,0111,00111,01111,101111,1111,1101,11,01,11,01,1
33_36;lick;POSTBOP;MEDIUM;Bob Berg;SWING;2;98;3;99;2;6;4;1,2,3,1;1,11,110,1
33_37;lick;POSTBOP;MEDIUM;Bob Berg;SWING;3;99;4;101;4;14;9;3,1,1,2,1,2,2,2,2;111,1,1,11,1,11,11,01,01
34_1;line;POSTBOP;MEDIUM;Bob Berg;LATIN;2;-15;3;-14;3;16;5;2,4,4,4,4;01,1111,1111,1111,1110
34_2;line;POSTBOP;MEDIUM;Bob Berg;LATIN;2;-14;4;-13;4;16;5;4,4,4,5,3;0001,1111,1111,11111,011
34_3;line;POSTBOP;MEDIUM;Bob Berg;LATIN;4;-11;1;-8;2;16;8;2,6,4,1,2,3,2,1;01,110111,0111,1,01,111,01,1
34_4;lick;POSTBOP;MEDIUM;Bob Berg;LATIN;1;-7;1;-7;4;14;4;5,6,6,4;00111,100111,010111,1101
34_5;line;POSTBOP;MEDIUM;Bob Berg;LATIN;1;-3;1;-3;4;13;4;4,4,4,4;0111,1111,1111,1001
34_11;lick;POSTBOP;MEDIUM;Bob Berg;LATIN;2;9;2;10;1;12;4;4,4,2,4;0111,1111,11,1110
34_12;lick;POSTBOP;MEDIUM;Bob Berg;LATIN;3;10;4;12;1;13;5;3,3,4,4,4;011,110,1101,0111,1110
34_13;line;POSTBOP;MEDIUM;Bob Berg;LATIN;3;13;2;15;1;30;8;6,4,4,4,4,4,4,4;110011,0111,1111,1111,1111,1110,1111,1111
34_15;line;POSTBOP;MEDIUM;Bob Berg;LATIN;3;21;2;23;4;48;11;5,4,8,4,4,4,8,5,6,6,4;01111,0111,10110011,0111,1111,1111,10111101,11111,111111,111111,1100
34_17;lick;POSTBOP;MEDIUM;Bob Berg;LATIN;2;26;2;27;3;14;6;2,2,4,4,4,2;11,11,0001,1111,0111,11
34_18;line;POSTBOP;MEDIUM;Bob Berg;LATIN;4;28;2;31;3;42;14;4,4,4,4,6,3,4,3,4,2,4,7,6,1;0111,1111,1111,1111,111011,111,1111,011,0011,01,0011,1001011,000111,1
34_21;lick;POSTBOP;MEDIUM;Bob Berg;LATIN;2;35;4;36;4;15;5;8,1,4,4,8;00001111,1,1110,0111,00001111
34_22;line;POSTBOP;MEDIUM;Bob Berg;LATIN;3;37;2;39;3;37;10;4,4,5,4,4,4,6,7,8,6;0111,1111,11111,1111,1110,1111,101011,0101001,01010101,011100
34_25;line;POSTBOP;MEDIUM;Bob Berg;LATIN;3;44;1;46;3;30;9;4,6,7,4,4,4,4,4,1;1110,111011,0101011,0111,1111,1100,1111,1111,1
34_27;line;POSTBOP;MEDIUM;Bob Berg;LATIN;3;47;4;49;4;31;9;4,4,4,4,4,4,4,4,4;0111,0011,1111,1111,1111,1111,1111,1111,1100
34_32;line;POSTBOP;MEDIUM;Bob Berg;LATIN;2;60;1;61;4;31;8;4,4,6,3,6,5,6,2;1111,1111,111011,111,111011,01111,011011,11
34_33;lick;POSTBOP;MEDIUM;Bob Berg;LATIN;1;62;2;62;2;3;1;4;1110
34_34;lick;POSTBOP;MEDIUM;Bob Berg;LATIN;3;62;4;64;3;18;7;4,3,1,4,4,6,4;0111,011,1,1110,1110,001011,1110
34_37;line;POSTBOP;MEDIUM;Bob Berg;LATIN;3;68;1;70;2;36;10;4,8,4,4,4,4,5,3,4,6;1101,11010101,0111,1111,1111,1111,11111,111,1110,000011
34_38;line;POSTBOP;MEDIUM;Bob Berg;LATIN;4;70;4;73;1;34;10;6,2,4,4,4,4,4,6,4,4;000001,11,1111,1111,1111,1111,1111,110111,0111,1110
34_39;lick;POSTBOP;MEDIUM;Bob Berg;LATIN;2;73;3;74;4;15;6;4,6,2,2,3,4;0111,110001,11,11,111,0011
34_40;line;POSTBOP;MEDIUM;Bob Berg;LATIN;3;75;3;77;2;29;8;4,4,4,6,6,4,4,3;0111,1111,1111,110111,010111,0110,1111,111
34_41;lick;POSTBOP;MEDIUM;Bob Berg;LATIN;1;78;1;78;1;2;1;3;110
34_42;lick;POSTBOP;MEDIUM;Bob Berg;LATIN;1;78;3;78;3;2;1;4;0011
34_43;lick;POSTBOP;MEDIUM;Bob Berg;LATIN;1;79;1;79;4;8;4;4,6,1,3;1100,101001,1,011
34_44;line;POSTBOP;MEDIUM;Bob Berg;LATIN;3;80;1;82;1;25;9;6,6,4,4,2,6,6,3,5;000001,010011,0111,1011,11,110101,010101,011,11011
34_45;line;POSTBOP;MEDIUM;Bob Berg;LATIN;2;82;3;83;2;12;4;6,4,4,4;010101,0111,0111,0111
34_46;line;POSTBOP;MEDIUM;Bob Berg;LATIN;4;83;4;86;1;25;9;3,3,3,4,6,7,4,1,2;111,111,111,0111,010101,1011011,0111,1,01
34_48;line;POSTBOP;MEDIUM;Bob Berg;LATIN;3;88;4;90;4;22;9;6,6,6,3,1,2,4,1,2;011011,011011,011011,111,1,11,0001,1,11
34_49;line;POSTBOP;MEDIUM;Bob Berg;LATIN;2;91;1;92;3;20;7;6,6,4,4,4,4,2;000001,011011,0111,1111,1111,1110,01
34_50;line;POSTBOP;MEDIUM;Bob Berg;LATIN;2;92;4;93;4;9;5;2,2,2,2,1;11,11,11,11,1
35_1;lick;POSTBOP;MEDIUM UP;Bob Berg;SWING;2;0;1;1;1;9;5;2,3,4,4,2;01,011,1100,0110,11
35_2;lick;POSTBOP;MEDIUM UP;Bob Berg;SWING;2;2;1;3;4;12;8;2,4,4,2,2,2,2,2;01,0011,0110,01,11,01,11,01
35_3;line;POSTBOP;MEDIUM UP;Bob Berg;SWING;2;4;4;5;1;5;2;4,3;0111,110
35_4;line;POSTBOP;MEDIUM UP;Bob Berg;SWING;3;5;4;7;3;28;8;6,6,6,3,4,4,4,1;101101,010111,010111,111,1111,1111,1111,1
35_5;lick;POSTBOP;MEDIUM UP;Bob Berg;SWING;7;8;4;14;1;41;22;6,1,2,1,2,4,2,2,2,2,2,2,2,2,2,2,2,2,1,2,1,1;001101,1,11,1,01,1111,11,11,11,11,11,11,11,11,11,11,11,11,1,11,1,1
35_6;lick;POSTBOP;MEDIUM UP;Bob Berg;SWING;3;15;3;17;1;11;7;2,2,2,4,2,1,4;01,11,11,1001,01,1,1100
35_7;line;POSTBOP;MEDIUM UP;Bob Berg;SWING;4;17;3;20;4;29;14;4,6,2,6,2,4,2,2,2,1,3,2,1,4;0001,011011,11,001001,11,1101,11,11,11,1,111,11,1,1001
35_8;line;POSTBOP;MEDIUM UP;Bob Berg;SWING;3;22;2;24;1;31;8;4,6,6,4,6,4,4,1;1111,011011,111110,1111,110111,1111,1111,1
35_9;lick;POSTBOP;MEDIUM UP;Bob Berg;SWING;2;24;2;25;1;9;4;2,2,4,2;01,11,1111,11
35_10;lick;POSTBOP;MEDIUM UP;Bob Berg;SWING;2;25;4;26;2;6;2;3,4;111,1110
35_11;lick;POSTBOP;MEDIUM UP;Bob Berg;SWING;1;26;4;26;4;3;1;3;111
35_12;line;POSTBOP;MEDIUM UP;Bob Berg;SWING;3;27;2;29;3;35;10;4,4,4,3,4,4,4,4,4,4;1111,1111,1110,111,1111,1111,1111,1111,1001,1110
35_13;line;POSTBOP;MEDIUM UP;Bob Berg;SWING;2;30;1;31;2;9;6;2,1,3,1,2,1;11,1,110,1,11,1
35_14;lick;POSTBOP;MEDIUM UP;Bob Berg;SWING;2;32;4;33;2;8;3;3,4,3;111,0110,111
35_15;lick;POSTBOP;MEDIUM UP;Bob Berg;SWING;2;34;2;35;1;8;4;3,4,2,2;111,0110,11,01
35_16;line;POSTBOP;MEDIUM UP;Bob Berg;SWING;5;35;2;39;1;31;16;2,2,1,2,2,2,4,2,2,1,2,4,2,6,2,4;01,11,1,11,11,11,1001,01,11,1,11,1101,01,010111,11,1101
35_17;lick;POSTBOP;MEDIUM UP;Bob Berg;SWING;2;40;4;41;4;10;5;4,2,6,2,1;1101,11,010101,01,1
35_18;lick;POSTBOP;MEDIUM UP;Bob Berg;SWING;2;42;4;43;4;5;3;3,2,2;110,11,01
35_19;line;POSTBOP;MEDIUM UP;Bob Berg;SWING;5;44;3;48;2;46;16;4,4,4,4,3,4,4,4,2,2,2,2,2,2,2,1;1111,1111,1111,1111,111,1111,1111,1111,11,11,11,11,11,11,11,1
35_20;line;POSTBOP;MEDIUM UP;Bob Berg;SWING;3;48;4;50;3;12;6;2,4,1,2,4,6;01,1110,1,11,1001,100101
35_21;lick;POSTBOP;MEDIUM UP;Bob Berg;SWING;1;51;1;51;2;3;2;4,2;0001,11
35_22;lick;POSTBOP;MEDIUM UP;Bob Berg;SWING;1;52;2;52;4;5;3;2,2,1;11,11,1
35_23;line;POSTBOP;MEDIUM UP;Bob Berg;SWING;4;53;2;56;4;32;15;3,2,2,2,2,2,2,2,2,2,2,2,2,4,2;111,11,11,11,11,11,11,11,11,11,11,11,11,1110,11
35_24;lick;POSTBOP;MEDIUM UP;Bob Berg;SWING;2;57;3;58;4;14;6;2,2,6,2,4,3;01,11,001111,11,1101,011
35_25;lick;POSTBOP;MEDIUM UP;Bob Berg;SWING;5;59;3;63;2;46;15;4,2,6,4,4,4,4,2,2,4,2,2,2,4,2;1111,11,111110,1111,1111,1111,1111,11,11,1111,11,11,11,1101,11
35_26;lick;POSTBOP;MEDIUM UP;Bob Berg;SWING;6;64;3;69;1;31;19;2,2,2,1,2,1,2,1,2,1,2,1,2,1,2,2,2,2,4;11,11,11,1,11,1,11,1,11,1,11,1,11,1,11,11,01,11,1100
35_27;line;POSTBOP;MEDIUM UP;Bob Berg;SWING;5;73;2;77;1;59;16;4,4,4,4,4,5,6,4,6,6,6,6,3,4,4,1;1111,1111,1111,1111,1111,10111,011101,1110,110111,010111,010111,011011,111,1111,1110,1
35_28;line;POSTBOP;MEDIUM UP;Bob Berg;SWING;5;81;1;85;1;33;17;2,2,2,2,2,2,2,2,2,2,2,1,1,5,2,2,1;11,11,11,11,11,11,11,11,11,11,11,1,1,10111,11,11,1
35_29;line;POSTBOP;MEDIUM UP;Bob Berg;SWING;2;88;4;89;3;12;4;4,3,4,4;0011,111,1111,1110
35_30;line;POSTBOP;MEDIUM UP;Bob Berg;SWING;4;90;1;93;1;50;13;4,4,4,5,4,4,4,4,4,6,4,3,1;1111,1111,1111,11111,1111,1111,1111,1111,1111,110111,1111,111,1
37_1;line;POSTBOP;MEDIUM UP;Bob Berg;LATIN;3;-1;1;1;1;31;9;2,4,4,4,4,4,4,4,1;11,1111,1111,1111,1111,1111,1111,1111,1
37_2;lick;POSTBOP;MEDIUM UP;Bob Berg;LATIN;2;1;4;2;1;5;2;3,4;110,1101
37_3;lick;POSTBOP;MEDIUM UP;Bob Berg;LATIN;3;2;4;4;1;11;6;4,1,2,2,2,6;1101,1,11,11,01,010001
37_4;lick;POSTBOP;MEDIUM UP;Bob Berg;LATIN;2;4;4;5;2;5;3;4,4,1;1100,1100,1
37_5;line;POSTBOP;MEDIUM UP;Bob Berg;LATIN;5;5;3;9;1;55;15;4,4,6,4,6,3,6,3,6,4,4,4,4,4,1;0011,1111,101011,0111,111011,111,111011,111,111011,1111,1111,1111,1111,1111,1
37_6;line;POSTBOP;MEDIUM UP;Bob Berg;LATIN;5;9;4;13;3;54;16;4,4,4,4,4,4,4,4,1,2,6,6,4,4,4,4;1100,1111,1111,1111,1111,1111,1111,1111,1,01,001011,101011,1111,1111,1111,1110
37_7;line;POSTBOP;MEDIUM UP;Bob Berg;LATIN;3;15;1;17;1;33;9;4,4,4,4,4,6,5,4,2;0111,1111,1111,1111,1111,011011,01111,1111,11
37_8;lick;POSTBOP;MEDIUM UP;Bob Berg;LATIN;3;17;3;19;3;14;6;5,6,2,2,3,1;00111,011100,11,11,111,1
37_9;line;POSTBOP;MEDIUM UP;Bob Berg;LATIN;5;20;1;24;2;51;17;4,4,4,4,4,4,4,4,4,4,6,1,2,1,2,2,4;0011,1111,1011,1111,1111,1111,1111,1111,1111,1111,101111,1,11,1,11,01,1001
37_11;line;POSTBOP;MEDIUM UP;Bob Berg;LATIN;5;29;3;33;1;59;15;6,4,4,6,4,4,4,6,5,4,4,4,4,6,4;001101,1111,1111,101111,1111,1111,1111,011011,01111,1111,1111,1111,1111,011111,1100
37_12;lick;POSTBOP;MEDIUM UP;Bob Berg;LATIN;7;33;3;39;2;63;22;4,2,1,4,2,4,4,2,2,4,3,4,4,4,4,6,4,4,4,5,4,1;0001,11,1,0011,01,1011,0011,01,11,1011,011,1111,1111,1111,1111,110111,1111,1111,1111,11111,1111,1
37_13;line;POSTBOP;MEDIUM UP;Bob Berg;LATIN;1;40;1;40;4;12;4;6,5,3,2;001101,01111,111,11
37_15;line;POSTBOP;MEDIUM UP;Bob Berg;LATIN;3;43;2;45;4;42;11;4,4,4,4,5,4,4,4,4,4,4;0111,1011,1111,1111,10111,1111,1111,1111,1111,1111,1111
37_16;line;POSTBOP;MEDIUM UP;Bob Berg;LATIN;3;46;3;48;1;24;7;6,4,4,4,4,4,1;011011,1111,1111,1111,0111,1111,1
37_18;lick;POSTBOP;MEDIUM UP;Bob Berg;LATIN;5;53;3;57;2;41;14;3,1,3,3,6,4,6,4,3,4,4,4,4,1;011,1,110,111,100011,0111,111101,1101,111,1111,1011,1111,1111,1
37_19;lick;POSTBOP;MEDIUM UP;Bob Berg;LATIN;4;57;4;60;1;23;10;2,2,2,4,2,4,4,4,2,4;01,01,11,1001,11,1111,1111,1100,01,1111
37_20;lick;POSTBOP;MEDIUM UP;Bob Berg;LATIN;4;60;4;63;1;20;10;3,2,4,3,3,1,2,4,2,1;011,11,1111,011,011,1,11,0110,11,1
37_21;lick;POSTBOP;MEDIUM UP;Bob Berg;LATIN;3;63;3;65;1;16;7;2,2,2,3,6,3,4;01,11,11,111,010111,110,1100
39_2;lick;POSTBOP;MEDIUM;Branford Marsalis;SWING;2;3;1;4;1;4;3;1,1,2;1,1,11
39_3;lick;POSTBOP;MEDIUM;Branford Marsalis;SWING;2;4;3;5;3;3;3;1,1,1;1,1,1
39_4;lick;POSTBOP;MEDIUM;Branford Marsalis;SWING;9;6;2;14;1;30;27;2,1,1,4,1,1,1,1,1,1,1,1,1,1,1,4,2,4,1,1,4,1,1,1,8,1,1;11,1,1,0001,1,1,1,1,1,1,1,1,1,1,1,1001,01,0001,1,1,1100,1,1,1,00000001,1,1
39_5;line;POSTBOP;MEDIUM;Branford Marsalis;SWING;7;15;3;21;1;41;23;2,2,2,4,2,1,4,2,2,4,6,2,8,2,2,2,1,1,1,1,4,4,4;01,11,11,1001,11,1,1101,11,11,1001,010011,11,10000101,01,11,11,1,1,1,1,1100,0001,1001
39_6;lick;POSTBOP;MEDIUM;Branford Marsalis;SWING;3;22;1;24;4;19;10;4,4,4,2,4,1,1,2,4,1;1111,1110,1110,11,1001,1,1,01,0001,1
39_7;lick;POSTBOP;MEDIUM;Branford Marsalis;SWING;3;25;2;27;1;10;6;4,1,4,1,2,1;1101,1,1001,1,11,1
39_8;line;POSTBOP;MEDIUM;Branford Marsalis;SWING;4;28;3;31;1;27;11;2,4,4,4,4,4,4,1,1,1,1;01,1111,0111,1111,1111,1111,1110,1,1,1,1
39_9;line;POSTBOP;MEDIUM;Branford Marsalis;SWING;6;31;4;36;4;63;21;2,2,4,2,2,2,3,6,4,5,8,4,6,1,4,4,4,4,4,6,1;01,11,1101,11,11,11,111,010011,1101,01111,01101011,1110,111101,1,1111,1111,1111,1011,1111,101011,1
39_10;lick;POSTBOP;MEDIUM;Branford Marsalis;SWING;6;37;4;42;1;30;18;2,2,2,2,2,3,2,1,6,6,4,4,4,2,4,4,8,1;01,01,01,01,01,111,11,1,100011,000011,0001,1001,1001,11,1001,1001,10000001,1
39_11;line;POSTBOP;MEDIUM;Branford Marsalis;SWING;4;43;1;46;4;60;16;4,4,4,4,4,4,6,3,4,4,4,4,6,5,4,4;0011,1111,1111,1111,1111,1111,101101,111,1111,1111,1111,1111,101011,01111,1111,1110
39_12;lick;POSTBOP;MEDIUM;Branford Marsalis;SWING;2;47;4;48;2;13;3;4,6,6;0111,111011,111110
39_13;line;POSTBOP;MEDIUM;Branford Marsalis;SWING;3;49;3;51;4;61;10;8,6,9,7,7,6,8,8,7,1;00111111,111111,110111111,1111111,0111111,111111,11110111,10111111,1111111,1
39_14;line;POSTBOP;MEDIUM;Branford Marsalis;SWING;2;52;1;53;1;26;5;6,6,6,6,6;001111,011111,111111,111111,111110
39_15;lick;POSTBOP;MEDIUM;Branford Marsalis;SWING;3;54;3;56;1;5;5;2,1,1,1,1;01,1,1,1,1
39_16;lick;POSTBOP;MEDIUM;Branford Marsalis;SWING;5;56;3;60;3;20;15;4,1,1,1,1,2,2,2,4,1,1,2,2,1,1;0001,1,1,1,1,11,11,11,1001,1,1,01,11,1,1
39_17;lick;POSTBOP;MEDIUM;Branford Marsalis;SWING;2;61;1;62;4;10;8;2,1,1,1,1,6,4,2;11,1,1,1,1,000001,0001,11
39_18;lick;POSTBOP;MEDIUM;Branford Marsalis;SWING;2;64;1;65;4;10;6;6,1,1,1,2,4;100011,1,1,1,11,1001
39_19;lick;POSTBOP;MEDIUM;Branford Marsalis;SWING;2;66;4;67;4;6;4;8,1,1,1;10000101,1,1,1
39_20;lick;POSTBOP;MEDIUM;Branford Marsalis;SWING;2;68;2;69;2;8;5;4,4,2,4,2;1001,1001,11,0001,01
39_21;lick;POSTBOP;MEDIUM;Branford Marsalis;SWING;4;69;3;72;4;13;8;4,1,2,3,3,2,2,2;0001,1,01,011,110,11,11,11
39_22;line;POSTBOP;MEDIUM;Branford Marsalis;SWING;4;73;1;76;2;31;14;2,4,3,6,4,3,3,4,2,2,4,4,6,3;01,0110,110,110011,1011,011,011,1011,11,11,0011,0011,000101,011
39_23;line;POSTBOP;MEDIUM;Branford Marsalis;SWING;10;76;3;85;1;103;33;2,3,3,3,2,8,1,3,3,3,6,4,4,3,6,4,6,4,4,5,1,6,6,8,6,1,6,8,5,8,7,5,1;01,111,011,111,11,10100101,1,111,111,011,101001,0111,1101,111,100001,0111,101011,0011,0111,11111,1,000111,111101,00000011,011111,1,101111,00000111,11111,01011011,1111111,11111,1
39_24;lick;POSTBOP;MEDIUM;Branford Marsalis;SWING;4;86;3;89;1;16;11;1,2,3,2,2,4,1,1,1,1,1;1,01,111,11,11,1001,1,1,1,1,1
39_25;lick;POSTBOP;MEDIUM;Branford Marsalis;SWING;4;89;3;92;3;18;12;1,4,1,1,2,2,2,2,1,6,2,1;1,0111,1,1,01,01,01,11,1,010011,11,1
39_26;lick;POSTBOP;MEDIUM;Branford Marsalis;SWING;2;93;1;94;2;11;6;7,2,2,2,1,1;1000111,01,11,11,1,1
39_27;lick;POSTBOP;MEDIUM;Branford Marsalis;SWING;2;94;4;95;3;3;3;1,1,1;1,1,1
39_28;lick;POSTBOP;MEDIUM;Branford Marsalis;SWING;3;97;1;99;1;15;9;4,1,2,2,3,2,8,2,1;0110,1,11,01,011,11,10001001,01,1
39_29;line;POSTBOP;MEDIUM;Branford Marsalis;SWING;3;99;3;101;3;19;9;3,2,2,2,4,2,3,3,1;011,11,11,11,1011,11,011,111,1
39_30;line;POSTBOP;MEDIUM;Branford Marsalis;SWING;4;102;4;105;4;44;13;4,6,6,8,5,5,3,4,6,4,8,5,4;0011,010101,010011,01010101,01111,01011,111,1110,011110,1111,10101011,01111,1100
39_34;lick;POSTBOP;MEDIUM;Branford Marsalis;SWING;3;110;4;112;1;9;4;4,4,4,2;1011,0111,0001,11
39_35;line;POSTBOP;MEDIUM;Branford Marsalis;SWING;2;113;1;114;3;21;7;4,8,6,4,4,4,3;0111,10010101,010001,0001,1111,1111,111
39_36;lick;POSTBOP;MEDIUM;Branford Marsalis;SWING;3;115;3;117;1;9;7;8,4,1,1,1,1,1;01000011,0001,1,1,1,1,1
39_37;lick;POSTBOP;MEDIUM;Branford Marsalis;SWING;5;117;3;121;2;41;16;4,2,4,4,3,4,4,6,2,3,4,4,6,7,3,1;0001,11,0111,0111,111,0111,0111,100111,11,110,0011,0111,001011,0010101,111,1
40_1;lick;POSTBOP;MEDIUM;Branford Marsalis;SWING;3;0;1;2;1;7;4;2,1,4,3;01,1,0011,111
40_2;line;POSTBOP;MEDIUM;Branford Marsalis;SWING;4;2;4;5;1;26;10;4,1,2,4,5,6,6,6,1,1;0001,1,01,1111,11111,010111,010111,011011,1,1
40_3;lick;POSTBOP;MEDIUM;Branford Marsalis;SWING;7;5;3;11;1;36;22;1,4,4,4,6,1,2,3,2,1,3,1,4,4,4,1,1,3,2,4,4,4;1,0001,0001,0001,010011,1,11,111,01,1,110,1,1101,0001,0001,1,1,111,11,1001,1100,1001
40_4;lick;POSTBOP;MEDIUM;Branford Marsalis;SWING;4;12;2;15;3;35;12;3,2,4,1,1,2,1,4,5,6,6,4;111,11,1001,1,1,11,1,1101,11111,111111,111111,1110
40_5;lick;POSTBOP;MEDIUM;Branford Marsalis;SWING;6;16;4;21;2;35;19;6,2,2,4,4,2,4,1,1,1,2,2,1,2,2,2,3,6,2;000011,01,01,0001,0111,11,1101,1,1,1,11,11,1,11,11,11,011,100111,11
40_6;lick;POSTBOP;MEDIUM;Branford Marsalis;SWING;2;21;4;22;1;6;2;3,3;111,111
40_7;lick;POSTBOP;MEDIUM;Branford Marsalis;SWING;3;22;3;24;4;18;10;6,3,2,6,2,3,2,3,3,1;000011,011,11,000001,11,110,11,110,110,1
42_1;lick;POSTBOP;UP;Branford Marsalis;SWING;2;0;1;1;1;4;4;2,2,1,1;01,01,1,1
42_2;lick;POSTBOP;UP;Branford Marsalis;SWING;3;1;3;3;1;7;6;2,2,2,2,1,2;01,01,01,01,1,11
42_3;lick;POSTBOP;UP;Branford Marsalis;SWING;4;3;3;6;4;19;13;2,2,2,2,4,2,2,2,2,2,2,4,4;01,11,01,01,1001,01,11,01,01,11,11,1001,0001
42_4;line;POSTBOP;UP;Branford Marsalis;SWING;5;8;3;12;4;31;17;2,2,3,2,4,4,2,1,1,1,1,2,2,2,2,4,3;11,11,111,11,1001,1001,01,1,1,1,1,11,11,11,11,1101,011
42_5;lick;POSTBOP;UP;Branford Marsalis;SWING;3;13;4;15;1;10;6;1,2,2,2,2,1;1,11,11,11,11,1
42_6;line;POSTBOP;UP;Branford Marsalis;SWING;6;16;1;21;1;41;21;2,4,2,3,2,4,4,2,2,2,2,2,2,2,2,4,2,4,2,2,1;01,1011,01,111,11,1011,0011,01,11,11,11,11,11,11,11,1011,01,1011,01,11,1
42_7;lick;POSTBOP;UP;Branford Marsalis;SWING;3;21;2;23;1;9;8;1,1,1,1,1,1,2,2;1,1,1,1,1,1,11,01
42_8;lick;POSTBOP;UP;Branford Marsalis;SWING;7;24;3;30;4;31;22;4,2,1,1,1,4,2,2,2,2,2,1,2,2,2,2,1,4,4,4,2,2;0001,11,1,1,1,1001,01,11,11,11,11,1,11,01,01,01,1,1001,1001,0001,01,01
42_9;lick;POSTBOP;UP;Branford Marsalis;SWING;5;31;2;35;4;22;15;4,4,4,4,1,1,4,1,2,1,1,2,4,2,3;0001,0001,0001,1001,1,1,0001,1,11,1,1,11,1011,01,111
42_10;line;POSTBOP;UP;Branford Marsalis;SWING;5;36;3;40;3;30;17;2,2,2,2,2,3,4,4,2,3,2,4,4,4,4,4,2;01,11,11,11,11,111,0001,0001,01,111,01,1001,0011,0011,0011,0011,01
42_11;line;POSTBOP;UP;Branford Marsalis;SWING;5;41;1;45;1;33;17;2,4,2,4,4,2,2,4,4,3,4,2,2,2,4,2,1;01,1011,01,1011,0011,01,11,1011,0111,011,0011,01,11,11,1011,01,1
42_12;line;POSTBOP;UP;Branford Marsalis;SWING;3;45;3;47;3;18;9;2,2,2,2,4,2,2,4,2;11,11,11,11,1011,11,01,1011,01
42_13;lick;POSTBOP;UP;Branford Marsalis;SWING;9;48;3;56;2;35;27;2,4,4,4,4,2,2,2,2,2,2,2,1,1,4,4,4,4,1,1,2,2,4,4,4,4,1;01,1001,0001,1001,0001,01,01,01,01,01,01,01,1,1,1001,0001,1001,0001,1,1,11,11,1001,0001,1001,0001,1
42_15;lick;POSTBOP;UP;Branford Marsalis;SWING;4;58;1;61;1;18;12;4,4,4,4,4,2,4,2,2,2,2,1;0001,0001,1001,0001,0001,11,0011,01,11,11,11,1
42_16;line;POSTBOP;UP;Branford Marsalis;SWING;5;61;3;65;1;24;14;2,3,3,2,2,2,2,4,2,2,1,1,4,1;11,111,011,01,11,11,11,1101,01,01,1,1,1001,1
42_17;lick;POSTBOP;UP;Branford Marsalis;SWING;4;65;3;68;2;13;9;4,1,3,4,4,2,2,4,2;1100,1,110,0001,0001,01,01,1011,01
42_18;lick;POSTBOP;UP;Branford Marsalis;SWING;2;69;1;70;3;8;6;4,2,4,4,2,4;0001,01,1001,0001,01,1001
42_19;line;POSTBOP;UP;Branford Marsalis;SWING;3;71;1;73;3;21;11;2,2,4,3,2,4,3,2,4,3,2;01,01,1101,011,11,0011,011,01,1011,011,11
42_20;line;POSTBOP;UP;Branford Marsalis;SWING;3;73;4;75;2;12;7;4,2,2,3,2,2,2;0001,01,01,111,11,11,11
42_21;line;POSTBOP;UP;Branford Marsalis;SWING;5;75;4;79;3;32;16;4,2,2,4,2,3,4,3,2,2,2,2,3,2,2,3;0001,01,11,1011,11,011,0011,011,11,11,11,11,111,11,11,011
42_22;lick;POSTBOP;UP;Branford Marsalis;SWING;3;80;4;82;4;13;9;4,2,2,4,4,2,2,2,1;0001,01,01,1001,0011,01,11,11,1
42_23;lick;POSTBOP;UP;Branford Marsalis;SWING;6;83;1;88;1;37;20;2,3,2,2,1,4,2,4,1,1,1,3,2,3,2,3,3,2,3,3;01,111,01,11,1,1011,01,1011,1,1,1,110,11,111,11,011,011,11,011,011
42_24;lick;POSTBOP;UP;Branford Marsalis;SWING;3;88;4;90;3;9;8;4,2,2,2,2,2,2,4;0001,01,01,01,01,11,01,0001
42_25;line;POSTBOP;UP;Branford Marsalis;SWING;2;91;2;92;3;12;6;4,2,2,2,3,1;1011,01,11,11,111,1
42_26;line;POSTBOP;UP;Branford Marsalis;SWING;5;92;4;96;3;29;16;4,2,4,3,4,2,4,4,2,2,2,2,2,2,3,2;0001,01,0011,011,0011,01,1011,0011,11,01,11,11,11,11,111,01
42_27;lick;POSTBOP;UP;Branford Marsalis;SWING;2;97;1;98;1;6;5;2,2,2,2,2;01,01,01,01,11
42_28;line;POSTBOP;UP;Branford Marsalis;SWING;6;98;4;103;2;30;19;2,1,2,1,2,2,4,2,2,1,2,3,2,3,2,3,2,1,4;01,1,11,1,11,01,1001,01,01,1,11,011,01,111,01,111,01,1,1110
42_30;lick;POSTBOP;UP;Branford Marsalis;SWING;3;109;4;111;3;11;8;4,2,2,4,2,2,1,1;0001,01,01,1001,11,11,1,1
42_32;lick;POSTBOP;UP;Branford Marsalis;SWING;6;116;4;121;1;18;13;4,4,1,3,4,1,1,1,1,4,4,1,1;0001,1001,1,110,1001,1,1,1,1,1001,1001,1,1
42_33;lick;POSTBOP;UP;Branford Marsalis;SWING;3;121;4;123;1;9;5;2,2,3,3,4;01,11,111,011,0001
42_34;lick;POSTBOP;UP;Branford Marsalis;SWING;3;123;4;125;2;9;5;2,2,4,4,1;01,11,1101,0011,1
42_35;lick;POSTBOP;UP;Branford Marsalis;SWING;4;125;4;128;1;14;8;2,2,2,4,1,4,2,4;01,11,11,1011,1,1001,01,1001
42_36;lick;POSTBOP;UP;Branford Marsalis;SWING;5;128;3;132;2;21;14;4,2,2,2,4,2,2,2,4,2,2,2,2,2;0011,01,11,11,0111,01,01,01,0001,01,11,11,01,01
42_37;lick;POSTBOP;UP;Branford Marsalis;SWING;6;133;1;138;1;33;19;2,4,2,4,2,2,2,2,2,2,2,2,1,4,2,2,3,3,2;11,1011,01,0110,01,01,01,11,11,11,01,01,1,1101,01,11,111,110,11
42_38;line;POSTBOP;UP;Branford Marsalis;SWING;8;138;3;145;1;51;27;4,2,4,2,4,2,2,4,4,2,4,4,2,3,4,2,2,2,2,3,2,3,3,3,4,2,1;0001,01,0001,01,1011,01,11,1011,0011,01,1011,1101,11,011,0011,11,01,11,11,111,01,111,011,111,0011,01,1
42_39;lick;POSTBOP;UP;Branford Marsalis;SWING;3;145;2;147;2;21;9;4,2,3,2,3,6,3,4,1;0001,01,110,01,111,110111,111,1111,1
42_40;line;POSTBOP;UP;Branford Marsalis;SWING;7;147;4;153;3;46;24;4,2,4,2,2,4,3,3,4,2,2,2,4,2,3,3,3,3,2,2,4,2,2,1;0001,11,0110,11,01,1011,011,011,0110,11,11,11,1101,01,111,011,011,011,01,11,1011,11,01,1
42_41;lick;POSTBOP;UP;Branford Marsalis;SWING;3;154;1;156;1;10;8;4,2,2,4,4,4,4,4;0001,01,01,0001,1001,0001,1001,0001
42_42;lick;POSTBOP;UP;Branford Marsalis;SWING;10;157;1;166;2;32;27;2,2,2,2,2,2,2,2,1,4,4,4,4,1,1,1,1,1,2,1,4,1,2,4,1,4,4;11,11,01,01,11,01,01,11,1,1001,0001,0001,0001,1,1,1,1,1,01,1,0001,1,01,0001,1,0001,0001
42_43;line;POSTBOP;UP;Branford Marsalis;SWING;8;166;4;173;3;25;19;4,4,3,2,2,4,2,2,2,1,1,4,1,1,1,1,1,1,1;0001,0001,011,11,01,1011,01,11,11,1,1,0001,1,1,1,1,1,1,1
42_44;line;POSTBOP;UP;Branford Marsalis;SWING;3;174;1;176;3;21;11;2,2,2,2,2,4,2,3,2,3,1;11,11,11,11,11,1011,11,011,01,110,1
42_45;lick;POSTBOP;UP;Branford Marsalis;SWING;3;176;4;178;2;10;5;3,2,2,2,4;011,01,11,11,1011
42_46;line;POSTBOP;UP;Branford Marsalis;SWING;9;179;1;187;4;60;35;2,2,2,2,2,4,2,4,2,2,3,2,1,1,2,2,2,2,2,2,2,2,2,2,2,2,2,1,4,2,4,1,2,2,1;01,01,11,11,11,1011,01,1011,11,01,110,11,1,1,11,11,11,11,11,11,11,11,11,11,11,11,01,1,1001,01,0011,1,11,01,1
42_47;lick;POSTBOP;UP;Branford Marsalis;SWING;2;188;1;189;2;8;6;2,2,2,2,2,1;01,11,01,11,01,1
42_48;lick;POSTBOP;UP;Branford Marsalis;SWING;3;190;1;192;3;19;11;2,2,2,2,2,2,6,4,1,2,2;01,11,11,11,11,11,100011,0001,1,11,01
42_51;lick;POSTBOP;UP;Branford Marsalis;SWING;5;196;3;200;3;19;14;2,2,1,2,1,1,2,2,2,2,2,2,2,1;01,01,1,01,1,1,11,01,11,11,11,11,01,1
42_52;lick;POSTBOP;UP;Branford Marsalis;SWING;7;201;1;207;3;31;22;1,1,1,1,2,2,2,2,4,1,3,2,2,4,1,1,2,2,2,2,2,4;1,1,1,1,01,01,01,11,1001,1,011,01,01,1011,1,1,01,01,01,11,11,1101
42_53;lick;POSTBOP;UP;Branford Marsalis;SWING;3;208;1;210;3;13;11;2,2,2,2,4,1,1,1,4,2,1;01,01,01,01,1100,1,1,1,1001,01,1
43_1;lick;POSTBOP;UP;Branford Marsalis;SWING;4;1;2;4;1;10;8;1,1,1,2,2,4,2,1;1,1,1,11,01,1001,01,1
43_2;lick;POSTBOP;UP;Branford Marsalis;SWING;3;5;1;7;1;10;9;1,1,1,2,1,1,1,1,1;1,1,1,11,1,1,1,1,1
43_3;line;POSTBOP;UP;Branford Marsalis;SWING;4;7;3;10;1;18;11;6,4,3,2,1,1,1,2,1,1,1;010011,1101,011,11,1,1,1,11,1,1,1
43_4;line;POSTBOP;UP;Branford Marsalis;SWING;5;10;4;14;3;30;16;4,2,3,2,4,2,2,2,2,2,2,2,2,2,2,1;0001,11,011,11,1001,11,11,11,11,11,11,11,11,11,11,1
43_5;lick;POSTBOP;UP;Branford Marsalis;SWING;6;15;1;20;3;39;22;2,4,1,2,2,2,3,1,1,2,2,2,2,2,2,2,1,2,1,2,2,2;11,1011,1,01,11,11,110,1,1,11,11,11,11,11,11,11,1,11,1,11,11,11
43_6;lick;POSTBOP;UP;Branford Marsalis;SWING;4;21;1;24;2;19;12;2,2,2,2,2,2,2,1,2,2,2,6;01,01,01,01,01,11,11,1,11,11,11,100101
43_7;line;POSTBOP;UP;Branford Marsalis;SWING;4;25;1;28;1;23;13;1,1,4,2,2,2,2,2,2,2,2,2,1;1,1,1100,11,11,11,11,11,11,11,11,11,1
43_8;line;POSTBOP;UP;Branford Marsalis;SWING;3;28;3;30;3;16;9;2,2,1,2,2,2,2,2,1;11,11,1,11,11,11,11,11,1
43_9;lick;POSTBOP;UP;Branford Marsalis;SWING;4;31;1;34;3;23;15;2,2,2,2,1,1,2,1,2,1,4,1,2,2,1;11,11,01,11,1,1,11,1,11,1,1001,1,11,11,1
43_10;line;POSTBOP;UP;Branford Marsalis;SWING;5;35;2;39;2;29;17;2,2,6,2,2,2,2,1,1,4,2,2,2,2,2,2,1;01,11,100011,01,11,11,11,1,1,1001,11,11,11,01,11,11,1
43_11;lick;POSTBOP;UP;Branford Marsalis;SWING;7;41;1;47;3;46;24;2,2,4,2,2,4,1,2,2,2,2,2,6,2,2,2,2,2,2,3,2,2,2,1;11,11,1001,11,11,1001,1,11,11,11,01,11,100011,11,11,11,11,11,11,011,11,11,11,1
43_12;lick;POSTBOP;UP;Branford Marsalis;SWING;11;48;1;58;1;54;36;2,4,1,1,1,1,2,1,1,1,2,2,2,2,2,1,6,6,2,2,2,2,2,2,2,2,3,2,1,2,1,4,2,2,2,2;01,0111,1,1,1,1,11,1,1,1,11,11,11,11,11,1,100001,000011,01,11,11,01,01,11,01,01,011,01,1,11,1,1001,01,11,01,11
43_14;line;POSTBOP;UP;Branford Marsalis;SWING;3;61;2;63;4;20;11;2,2,2,2,1,2,2,2,2,4,2;11,11,11,11,1,11,11,11,11,1100,01
43_15;lick;POSTBOP;UP;Branford Marsalis;SWING;3;65;4;67;1;14;6;2,3,3,3,3,1;01,111,111,111,111,1
43_16;lick;POSTBOP;UP;Branford Marsalis;SWING;7;68;1;74;4;44;24;1,1,1,1,2,2,4,2,2,2,2,2,2,2,2,2,2,2,2,4,2,2,6,6;1,1,1,1,11,11,1011,01,11,11,11,11,11,11,11,11,11,11,11,1001,01,11,100011,000011
43_17;lick;POSTBOP;UP;Branford Marsalis;SWING;5;75;4;79;1;24;13;4,4,2,4,2,4,1,1,4,6,2,4,1;0001,0111,01,1111,01,1011,1,1,1101,000011,01,1001,1
43_18;lick;POSTBOP;UP;Branford Marsalis;SWING;13;79;3;91;3;52;45;2,2,2,2,2,2,2,2,2,2,2,2,2,2,2,4,1,1,1,2,2,2,2,2,2,2,2,2,4,4,2,2,6,2,2,2,2,2,2,4,1,2,4,2,1;11,11,11,11,11,01,01,01,01,01,01,01,01,01,01,1001,1,1,1,01,01,01,01,01,01,01,01,01,0001,0001,01,01,000011,01,01,01,01,01,01,0001,1,01,0001,01,1
43_19;line;POSTBOP;UP;Branford Marsalis;SWING;6;92;4;97;3;46;20;2,1,2,2,2,4,2,6,2,6,2,2,3,3,2,3,2,4,4,4;01,1,11,11,11,1011,11,010001,11,101001,11,11,111,111,11,111,11,1011,0111,1011
43_20;line;POSTBOP;UP;Branford Marsalis;SWING;5;98;3;102;4;28;18;2,1,2,1,2,2,4,2,4,2,1,1,1,1,2,2,1,2;11,1,11,1,11,11,1011,01,1001,01,1,1,1,1,11,11,1,11
43_21;line;POSTBOP;UP;Branford Marsalis;SWING;5;103;3;107;1;27;14;4,2,2,2,2,2,2,2,2,2,1,2,2,1;1011,11,11,11,11,11,11,11,11,11,1,11,11,1
43_22;lick;POSTBOP;UP;Branford Marsalis;SWING;6;107;2;112;4;42;23;2,6,2,1,2,2,2,2,2,2,2,2,2,2,1,2,2,2,2,2,2,2,1;01,010011,11,1,11,11,11,11,11,11,11,11,11,11,1,01,11,11,11,11,11,11,1
43_23;line;POSTBOP;UP;Branford Marsalis;SWING;2;113;1;114;4;14;8;4,2,2,2,2,2,2,1;0001,11,11,11,11,11,11,1
43_24;line;POSTBOP;UP;Branford Marsalis;SWING;5;115;1;119;1;28;17;2,2,2,2,2,2,2,1,4,2,2,2,2,2,1,2,1;01,11,11,11,11,11,11,1,0001,11,11,11,11,11,1,01,1
43_25;lick;POSTBOP;UP;Branford Marsalis;SWING;5;119;2;123;1;27;16;2,2,2,4,2,2,2,2,2,2,2,2,2,1,1,1;01,01,01,1110,11,11,11,11,11,11,11,11,11,1,1,1
43_26;lick;POSTBOP;UP;Branford Marsalis;SWING;6;125;1;130;3;20;10;2,2,2,2,2,2,2,2,2,2;11,11,11,11,11,11,11,11,11,11
43_27;line;POSTBOP;UP;Branford Marsalis;SWING;7;131;2;137;1;48;24;2,2,4,2,2,2,4,2,2,2,1,1,1,1,2,2,4,3,3,3,3,3,3,1;11,11,1001,11,11,11,0001,11,11,11,1,1,1,1,01,11,1011,111,111,111,111,111,111,1
43_28;lick;POSTBOP;UP;Branford Marsalis;SWING;4;137;3;140;3;23;13;2,2,1,4,2,2,2,2,2,2,2,2,1;11,11,1,0001,11,11,11,11,11,11,11,11,1
43_29;line;POSTBOP;UP;Branford Marsalis;SWING;8;141;3;148;1;25;25;4,2,2,4,2,2,2,2,2,2,2,2,2,2,2,2,2,2,4,2,2,2,2,2,2;0001,01,01,0001,01,01,01,01,01,01,01,01,01,01,01,01,01,01,0001,01,01,01,01,01,01
43_30;line;POSTBOP;UP;Branford Marsalis;SWING;5;149;3;153;3;34;17;2,4,4,2,2,2,2,2,2,2,2,2,2,4,2,2,3;11,1001,1001,11,11,11,11,11,11,11,11,11,11,1011,01,11,110
43_31;lick;POSTBOP;UP;Branford Marsalis;SWING;4;154;1;157;4;26;15;2,1,2,1,2,2,1,2,2,2,2,2,2,2,1;11,1,11,1,11,11,1,11,11,11,11,11,11,11,1
43_32;line;POSTBOP;UP;Branford Marsalis;SWING;8;158;1;165;1;50;26;2,2,2,4,2,6,2,4,6,2,4,2,1,1,1,1,1,2,6,4,1,5,4,3,3,4;01,11,11,1011,01,100101,11,1011,000011,01,1001,11,1,1,1,1,1,01,010001,0111,1,00111,1011,111,111,1100
43_34;lick;POSTBOP;UP;Branford Marsalis;SWING;12;170;1;181;1;69;40;1,3,2,1,3,1,1,3,1,2,3,4,1,4,2,4,2,2,1,4,2,3,2,2,2,2,1,1,1,1,1,4,4,4,2,1,4,1,1,1;1,111,11,1,111,1,1,111,1,01,011,1101,1,1101,11,1001,11,11,1,1101,01,111,11,11,11,11,1,1,1,1,1,0001,1001,1001,11,1,1011,1,1,1
43_35;line;POSTBOP;UP;Branford Marsalis;SWING;8;181;4;188;3;50;27;3,2,2,2,1,2,2,2,2,4,2,2,2,2,2,1,2,2,2,2,2,2,4,1,4,2,1;111,11,11,11,1,01,11,11,11,1011,01,11,11,11,11,1,01,11,11,11,11,11,1011,1,1001,11,1
43_36;lick;POSTBOP;UP;Branford Marsalis;SWING;6;189;1;194;2;22;17;2,2,2,4,1,2,2,1,2,2,1,1,1,1,1,1,2;11,11,11,0001,1,11,01,1,11,01,1,1,1,1,1,1,01
43_37;lick;POSTBOP;UP;Branford Marsalis;SWING;7;195;1;201;1;23;17;2,2,1,2,2,4,1,1,4,2,2,1,2,1,1,1,2;01,01,1,11,01,0111,1,1,1001,01,01,1,11,1,1,1,11
47_3;lick;HARDBOP;MEDIUM;Cannonball Adderley;SWING;1;8;1;8;4;7;4;2,3,1,1;11,111,1,1
47_4;lick;HARDBOP;MEDIUM;Cannonball Adderley;SWING;2;9;1;10;3;13;7;2,3,1,2,3,1,1;11,111,1,11,111,1,1
47_6;lick;HARDBOP;MEDIUM;Cannonball Adderley;SWING;2;12;4;13;2;8;3;2,2,4;11,11,1111
47_7;lick;HARDBOP;MEDIUM;Cannonball Adderley;SWING;3;13;3;15;2;20;8;3,2,3,3,3,2,2,3;011,11,111,111,111,11,11,111
47_8;line;HARDBOP;MEDIUM;Cannonball Adderley;SWING;2;16;1;17;1;17;5;5,4,5,4,2;00011,1111,11111,1111,11
47_9;lick;HARDBOP;MEDIUM;Cannonball Adderley;SWING;2;17;3;18;1;4;3;4,1,4;0001,1,1001
47_10;line;HARDBOP;MEDIUM;Cannonball Adderley;SWING;2;18;3;19;1;7;3;4,5,2;0001,10111,11
47_11;line;HARDBOP;MEDIUM;Cannonball Adderley;SWING;2;19;3;20;1;7;3;8,3,2;00010101,011,11
47_12;line;HARDBOP;MEDIUM;Cannonball Adderley;SWING;3;20;3;22;4;26;10;5,3,2,4,2,6,4,6,4,2;00011,111,01,1111,11,100011,0011,110111,0111,11
47_13;line;HARDBOP;MEDIUM;Cannonball Adderley;SWING;4;22;4;25;1;30;10;2,2,8,4,6,6,6,6,2,2;11,01,10101011,0111,110111,010111,010111,011011,01,11
47_14;lick;HARDBOP;MEDIUM;Cannonball Adderley;SWING;4;25;3;28;1;21;9;2,3,4,2,6,2,6,2,2;01,111,1011,11,100011,01,111110,01,11
47_15;line;HARDBOP;MEDIUM;Cannonball Adderley;SWING;4;28;3;31;2;40;12;8,4,4,6,3,6,4,4,4,4,8,2;00000001,0111,1111,110111,111,111011,0111,1111,1111,1111,10000101,01
47_17;line;HARDBOP;MEDIUM;Cannonball Adderley;SWING;2;34;2;35;3;13;6;2,2,2,2,3,2;11,11,11,11,111,11
47_18;line;HARDBOP;MEDIUM;Cannonball Adderley;SWING;2;36;2;37;1;14;4;4,4,6,2;1111,1111,110111,01
47_19;line;HARDBOP;MEDIUM;Cannonball Adderley;SWING;2;37;3;38;1;8;3;6,4,4;001011,0111,1001
47_20;line;HARDBOP;MEDIUM;Cannonball Adderley;SWING;3;38;3;40;4;16;9;6,3,1,2,2,2,2,2,1;000011,111,1,11,01,11,11,11,1
47_21;line;HARDBOP;MEDIUM;Cannonball Adderley;SWING;2;41;1;42;1;9;5;2,3,1,1,2;11,111,1,1,11
47_22;line;HARDBOP;MEDIUM;Cannonball Adderley;SWING;2;42;4;43;4;7;5;2,1,2,1,6;11,1,11,1,100001
47_23;line;HARDBOP;MEDIUM;Cannonball Adderley;SWING;4;43;4;46;1;21;10;6,1,3,2,3,2,6,2,2,1;100001,1,110,11,111,11,111110,11,11,1
47_24;line;HARDBOP;MEDIUM;Cannonball Adderley;SWING;4;46;3;49;1;36;10;4,6,6,6,4,8,6,4,4,2;0011,111111,110111,010111,0111,10101011,011011,0111,1001,11
47_25;line;HARDBOP;MEDIUM;Cannonball Adderley;SWING;5;49;4;53;1;27;13;1,6,4,2,2,2,4,3,2,3,3,2,2;1,100001,0011,11,11,11,1001,111,11,111,111,01,11
47_26;line;HARDBOP;MEDIUM;Cannonball Adderley;SWING;2;53;3;54;1;7;3;6,8,1;000101,01010101,1
47_27;line;HARDBOP;MEDIUM;Cannonball Adderley;SWING;1;54;2;54;4;9;3;6,8,6;010111,01010101,010011
47_28;line;HARDBOP;MEDIUM;Cannonball Adderley;SWING;2;54;4;55;4;16;5;6,4,5,4,1;010011,1111,11111,1111,1
47_29;line;HARDBOP;MEDIUM;Cannonball Adderley;SWING;1;56;1;56;4;16;4;4,6,4,4;1111,111111,0111,1110
47_32;line;HARDBOP;MEDIUM;Cannonball Adderley;SWING;3;61;4;63;1;18;6;4,1,6,4,4,2;1001,1,101111,1111,1111,11
48_1;lick;POSTBOP;MEDIUM UP;Cannonball Adderley;SWING;5;1;4;5;3;33;15;2,1,4,6,6,1,2,2,4,4,2,2,3,4,4;11,1,0111,011111,011011,1,01,01,1001,0001,11,11,111,0111,1100
48_2;lick;POSTBOP;MEDIUM UP;Cannonball Adderley;SWING;2;6;2;7;2;10;5;2,8,4,5,1;11,00100001,0001,01111,1
48_4;line;POSTBOP;MEDIUM UP;Cannonball Adderley;SWING;5;11;2;15;4;49;18;6,4,5,6,4,4,6,3,1,4,2,8,4,2,2,6,2,1;010001,0111,11111,011011,1111,1111,111111,110,1,1110,11,00000011,1100,11,11,010001,11,1
48_5;line;POSTBOP;MEDIUM UP;Cannonball Adderley;SWING;4;16;1;19;4;29;14;2,4,2,2,4,1,2,2,6,3,4,4,4,4;01,0011,11,11,0011,1,01,11,001001,011,0001,1111,1111,1101
48_6;lick;POSTBOP;MEDIUM UP;Cannonball Adderley;SWING;1;20;2;20;3;5;2;4,6;0001,010111
48_7;line;POSTBOP;MEDIUM UP;Cannonball Adderley;SWING;2;21;1;22;4;20;8;2,2,2,3,4,3,3,4;01,11,11,111,1101,111,111,0111
48_10;lick;POSTBOP;MEDIUM UP;Cannonball Adderley;SWING;2;29;2;30;2;14;5;2,1,5,4,2;11,1,11111,1111,11
48_11;lick;POSTBOP;MEDIUM UP;Cannonball Adderley;SWING;2;30;4;31;3;8;4;2,2,3,2;11,11,110,11
48_12;lick;POSTBOP;MEDIUM UP;Cannonball Adderley;SWING;2;32;2;33;1;5;4;1,1,1,4;1,1,1,1001
48_13;lick;POSTBOP;MEDIUM UP;Cannonball Adderley;SWING;2;34;2;35;1;6;4;1,1,2,4;1,1,11,1001
48_14;line;POSTBOP;MEDIUM UP;Cannonball Adderley;SWING;5;35;4;39;2;40;14;6,8,1,4,3,3,2,3,6,4,4,4,4,1;101011,01010101,1,1001,111,011,11,111,011110,1111,1001,1111,1111,1
48_16;line;POSTBOP;MEDIUM UP;Cannonball Adderley;SWING;3;44;2;46;1;20;8;4,2,2,6,4,4,4,4;0001,01,11,011111,1101,1110,1001,1110
48_17;line;POSTBOP;MEDIUM UP;Cannonball Adderley;SWING;6;46;3;51;4;44;18;3,4,4,4,4,4,4,4,1,4,6,1,4,2,2,1,1,1;011,1111,1111,1111,1111,1111,1111,1101,1,1001,011011,1,0001,01,11,1,1,1
48_18;line;POSTBOP;MEDIUM UP;Cannonball Adderley;SWING;4;52;2;55;3;40;14;6,4,4,4,2,4,2,2,1,6,4,6,4,1;011011,1111,1111,1001,01,0111,01,11,1,011011,1111,111101,1111,1
48_20;line;POSTBOP;MEDIUM UP;Cannonball Adderley;SWING;5;57;3;61;1;31;15;4,4,4,4,2,2,2,2,1,2,1,1,1,1,2;0011,1111,1111,1111,11,11,11,11,1,11,1,1,1,1,11
48_21;lick;POSTBOP;MEDIUM UP;Cannonball Adderley;SWING;2;62;1;63;4;9;7;2,3,1,1,4,2,2;01,011,1,1,1001,01,01
49_1;lick;HARDBOP;UP;Cannonball Adderley;SWING;1;1;1;1;2;2;2;1,2;1,01
49_2;lick;HARDBOP;UP;Cannonball Adderley;SWING;2;2;1;3;2;8;6;1,3,4,2,1,2;1,011,1001,01,1,01
49_3;lick;HARDBOP;UP;Cannonball Adderley;SWING;2;3;4;4;4;7;5;2,2,1,4,2;01,11,1,1001,01
49_4;lick;HARDBOP;UP;Cannonball Adderley;SWING;3;5;2;7;2;17;9;2,2,2,2,2,2,2,2,3;01,11,11,01,11,11,11,11,111
49_5;line;HARDBOP;UP;Cannonball Adderley;SWING;2;8;1;9;1;13;5;4,4,6,3,1;1001,0111,101011,111,1
49_6;lick;HARDBOP;UP;Cannonball Adderley;SWING;2;9;2;10;4;14;7;2,2,2,3,2,4,4;01,11,11,011,11,1101,1001
49_7;line;HARDBOP;UP;Cannonball Adderley;SWING;6;11;2;16;4;31;20;6,2,1,2,4,2,1,1,1,2,1,2,2,2,2,2,2,2,2,2;000001,01,1,11,0111,01,1,1,1,01,1,01,11,11,11,11,11,11,11,11
49_8;lick;HARDBOP;UP;Cannonball Adderley;SWING;5;17;2;21;2;27;17;2,1,1,4,4,2,2,2,3,2,2,2,4,4,2,1,2;01,1,1,1001,0001,01,01,01,110,11,11,11,1111,1001,11,1,01
49_9;lick;HARDBOP;UP;Cannonball Adderley;SWING;1;22;1;22;4;5;4;2,1,1,1;11,1,1,1
49_10;lick;HARDBOP;UP;Cannonball Adderley;SWING;4;23;2;26;4;22;13;2,1,4,2,2,6,1,1,1,2,4,2,3;01,1,1011,11,11,000011,1,1,1,11,1001,01,111
49_11;lick;HARDBOP;UP;Cannonball Adderley;SWING;7;27;4;33;3;49;24;2,2,1,4,4,1,6,2,2,6,2,2,2,1,4,2,3,2,2,2,2,3,2,4;11,11,1,1101,0001,1,001111,11,11,010111,11,01,11,1,1001,11,111,11,11,11,11,011,11,1001
49_12;lick;HARDBOP;UP;Cannonball Adderley;SWING;1;34;2;34;4;5;3;2,2,2;01,11,11
49_13;lick;HARDBOP;UP;Cannonball Adderley;SWING;1;35;2;35;4;6;3;4,3,2;0011,110,11
49_14;lick;HARDBOP;UP;Cannonball Adderley;SWING;2;36;2;37;4;12;7;2,2,2,6,2,2,2;01,11,11,100011,01,11,01
49_15;line;HARDBOP;UP;Cannonball Adderley;SWING;6;38;3;43;2;42;20;2,3,2,2,2,2,2,2,1,2,5,4,3,2,2,2,2,3,3,1;11,111,11,11,11,11,11,11,1,11,00011,1101,011,11,11,11,11,111,111,1
49_16;line;HARDBOP;UP;Cannonball Adderley;SWING;4;43;4;46;1;35;10;6,4,4,3,4,6,4,6,4,4;000011,0111,1111,111,1111,001111,0111,110111,1111,1110
49_17;line;HARDBOP;UP;Cannonball Adderley;SWING;4;46;3;49;1;22;11;3,2,2,2,2,2,4,2,2,2,4;111,01,11,11,11,11,1001,11,11,11,1001
49_18;lick;HARDBOP;UP;Cannonball Adderley;SWING;3;49;3;51;3;18;9;2,3,2,2,2,2,6,1,4;11,011,11,11,11,11,010011,1,1001
49_19;lick;HARDBOP;UP;Cannonball Adderley;SWING;3;52;2;54;4;17;11;2,2,2,1,2,4,1,2,2,1,2;01,01,01,1,11,0111,1,11,11,1,11
49_20;lick;HARDBOP;UP;Cannonball Adderley;SWING;4;55;2;58;1;23;12;2,2,4,2,2,2,2,2,2,1,2,2;11,11,1111,11,11,11,01,01,11,1,11,11
49_21;lick;HARDBOP;UP;Cannonball Adderley;SWING;3;58;4;60;4;21;9;6,1,4,2,4,2,2,4,4;000011,1,1111,11,1110,11,11,1011,1001
49_22;line;HARDBOP;UP;Cannonball Adderley;SWING;2;61;4;62;4;6;4;1,4,4,2;1,1001,1001,01
49_23;line;HARDBOP;UP;Cannonball Adderley;SWING;2;63;4;64;4;7;5;1,1,1,4,2;1,1,1,1001,11
49_24;lick;HARDBOP;UP;Cannonball Adderley;SWING;5;65;4;69;4;30;16;1,4,3,1,2,3,2,6,2,2,3,2,2,1,4,2;1,1001,110,1,11,011,11,010111,11,11,011,11,11,1,1001,01
49_25;lick;HARDBOP;UP;Cannonball Adderley;SWING;3;70;3;72;1;11;7;2,2,1,2,4,2,2;11,11,1,01,1001,11,01
50_1;lick;HARDBOP;MEDIUM UP;Cannonball Adderley;SWING;2;0;1;1;1;7;4;2,2,1,2;11,11,1,11
50_2;lick;HARDBOP;MEDIUM UP;Cannonball Adderley;SWING;2;2;3;3;1;4;2;6,4;010001,1001
50_3;lick;HARDBOP;MEDIUM UP;Cannonball Adderley;SWING;3;3;3;5;1;9;5;4,6,2,3,6;0001,010001,11,110,100001
50_4;lick;HARDBOP;MEDIUM UP;Cannonball Adderley;SWING;2;6;2;7;1;4;3;1,1,2;1,1,11
50_5;lick;HARDBOP;MEDIUM UP;Cannonball Adderley;SWING;7;7;3;13;2;26;17;8,2,2,2,1,1,4,1,4,2,1,4,2,2,1,4,2;00000011,11,11,11,1,1,0001,1,0001,11,1,0011,11,11,1,1001,01
50_6;lick;HARDBOP;MEDIUM UP;Cannonball Adderley;SWING;2;14;3;15;1;4;2;4,2;1001,11
50_7;line;HARDBOP;MEDIUM UP;Cannonball Adderley;SWING;3;16;1;18;3;17;9;4,2,1,4,4,2,2,2,2;0001,11,1,1100,1101,11,11,11,11
50_8;line;HARDBOP;MEDIUM UP;Cannonball Adderley;SWING;6;19;1;24;1;32;16;2,2,2,1,6,1,4,1,4,2,4,4,6,4,2,2;01,11,11,1,100011,1,1001,1,1101,11,1001,1101,010011,1001,11,11
50_9;line;HARDBOP;MEDIUM UP;Cannonball Adderley;SWING;4;24;3;27;3;19;10;8,4,2,2,2,2,3,3,2,2;00000011,0001,11,11,11,11,011,011,11,11
50_10;lick;HARDBOP;MEDIUM UP;Cannonball Adderley;SWING;2;28;2;29;1;6;3;2,2,2;11,11,11
50_11;lick;HARDBOP;MEDIUM UP;Cannonball Adderley;SWING;2;29;3;30;1;3;2;1,4;1,1001
50_12;lick;HARDBOP;MEDIUM UP;Cannonball Adderley;SWING;2;30;3;31;1;3;2;1,2;1,11
50_13;lick;HARDBOP;MEDIUM UP;Cannonball Adderley;SWING;2;31;3;32;1;4;2;1,4;1,1101
50_14;lick;HARDBOP;MEDIUM UP;Cannonball Adderley;SWING;8;32;3;39;1;45;20;4,1,1,1,4,4,2,2,4,2,3,4,2,2,8,2,4,4,4,3;1101,1,1,1,1110,1001,11,11,1001,11,111,1101,11,11,00100011,11,1101,0111,1110,110
50_15;lick;HARDBOP;MEDIUM UP;Cannonball Adderley;SWING;3;39;3;41;2;11;6;3,5,4,4,1,1;110,01111,1001,0001,1,1
50_16;lick;HARDBOP;MEDIUM UP;Cannonball Adderley;SWING;3;42;2;44;1;13;6;2,2,6,3,1,4;11,11,010011,011,1,1101
50_17;line;HARDBOP;MEDIUM UP;Cannonball Adderley;SWING;5;44;3;48;1;24;11;1,2,5,6,4,6,2,2,4,1,1;1,11,11011,111110,1001,010011,01,11,1001,1,1
50_18;line;HARDBOP;MEDIUM UP;Cannonball Adderley;SWING;4;48;3;51;2;16;9;1,4,2,2,2,2,2,2,1;1,1001,11,11,11,11,11,11,1
50_19;lick;HARDBOP;MEDIUM UP;Cannonball Adderley;SWING;2;52;1;53;2;14;4;4,8,6,1;0011,11111111,100011,1
50_21;line;HARDBOP;MEDIUM UP;Cannonball Adderley;SWING;6;56;3;61;1;28;14;1,4,4,4,2,2,2,4,2,1,1,2,1,2;1,1110,1111,1101,11,11,11,1100,11,1,1,11,1,11
50_22;lick;HARDBOP;MEDIUM UP;Cannonball Adderley;SWING;3;61;3;63;1;8;4;4,1,3,2;1100,1,111,11
50_23;line;HARDBOP;MEDIUM UP;Cannonball Adderley;SWING;7;63;3;69;2;29;16;2,2,6,2,4,2,2,4,2,1,1,2,2,4,2,1;01,11,100011,11,1011,01,11,1100,11,1,1,11,11,1001,11,1
50_24;line;HARDBOP;MEDIUM UP;Cannonball Adderley;SWING;4;70;2;73;3;22;11;2,4,2,2,2,2,2,2,4,1,6;11,1001,01,11,11,11,11,11,0111,1,100011
50_25;lick;HARDBOP;MEDIUM UP;Cannonball Adderley;SWING;3;74;3;76;1;12;5;6,1,2,4,4;010111,1,11,1110,1001
50_26;line;HARDBOP;MEDIUM UP;Cannonball Adderley;SWING;5;76;3;80;2;26;12;1,2,3,4,2,1,2,2,2,4,4,4;1,11,111,1011,11,1,11,11,11,1111,1101,0001
50_27;line;HARDBOP;MEDIUM UP;Cannonball Adderley;SWING;3;81;1;83;3;33;9;2,6,3,6,5,6,4,5,4;01,110111,111,111111,11111,011011,0111,11001,0111
50_28;line;HARDBOP;MEDIUM UP;Cannonball Adderley;SWING;3;84;2;86;3;27;8;6,6,2,6,6,6,4,1;010111,011111,11,101111,111110,000011,1110,1
50_29;line;HARDBOP;MEDIUM UP;Cannonball Adderley;SWING;3;87;1;89;1;22;7;4,3,4,4,4,4,4;0001,111,1111,1111,1111,1111,1001
50_30;lick;HARDBOP;MEDIUM UP;Cannonball Adderley;SWING;2;89;3;90;1;4;2;2,4;11,1001
50_31;lick;HARDBOP;MEDIUM UP;Cannonball Adderley;SWING;2;90;3;91;1;3;2;1,4;1,1001
50_32;lick;HARDBOP;MEDIUM UP;Cannonball Adderley;SWING;3;91;3;93;1;9;5;2,4,2,2,1;11,1001,11,11,1
50_34;lick;HARDBOP;MEDIUM UP;Cannonball Adderley;SWING;1;97;3;97;3;1;1;1;1
50_35;lick;HARDBOP;MEDIUM UP;Cannonball Adderley;SWING;2;98;2;99;3;7;5;2,4,1,1,1;11,1001,1,1,1
50_36;lick;HARDBOP;MEDIUM UP;Cannonball Adderley;SWING;2;100;2;101;3;8;5;4,2,1,1,2;1011,01,1,1,11
50_37;lick;HARDBOP;MEDIUM UP;Cannonball Adderley;SWING;2;102;2;103;2;7;4;2,1,6,4;11,1,100011,1001
50_38;lick;HARDBOP;MEDIUM UP;Cannonball Adderley;SWING;1;103;2;103;2;1;1;4;1001
50_39;lick;HARDBOP;MEDIUM UP;Cannonball Adderley;SWING;2;104;1;105;3;8;6;6,6,2,4,6,2;000001,000001,01,1001,000101,01
50_40;line;HARDBOP;MEDIUM UP;Cannonball Adderley;SWING;4;106;1;109;1;17;10;4,2,2,1,2,6,2,2,2,1;0001,01,11,1,11,100011,11,11,11,1
50_41;line;HARDBOP;MEDIUM UP;Cannonball Adderley;SWING;3;109;2;111;3;16;8;4,2,2,4,3,2,2,1;1001,11,11,1101,011,11,11,1
50_42;lick;HARDBOP;MEDIUM UP;Cannonball Adderley;SWING;3;112;2;114;3;14;8;1,1,1,5,2,2,1,4;1,1,1,01111,11,11,1,1100
50_43;line;HARDBOP;MEDIUM UP;Cannonball Adderley;SWING;4;115;1;118;1;22;10;2,4,4,2,1,2,2,2,4,2;11,1101,1001,11,1,11,11,11,1111,11
50_44;line;HARDBOP;MEDIUM UP;Cannonball Adderley;SWING;5;118;3;122;3;28;13;6,2,3,2,4,2,2,4,2,2,1,1,4;000011,11,111,11,1011,11,11,1111,11,11,1,1,1100
50_45;line;HARDBOP;MEDIUM UP;Cannonball Adderley;SWING;3;123;1;125;1;15;7;6,6,2,2,2,2,1;000011,110011,11,11,11,11,1
50_50;line;HARDBOP;MEDIUM UP;Cannonball Adderley;SWING;4;136;1;139;2;25;11;4,4,2,1,4,4,6,4,4,6,1;0001,1001,01,1,1001,1111,011110,0011,1011,111100,1
50_51;lick;HARDBOP;MEDIUM UP;Cannonball Adderley;SWING;2;140;2;141;1;4;3;6,2,4;100001,01,1001
50_53;line;HARDBOP;MEDIUM UP;Cannonball Adderley;SWING;3;146;1;148;1;24;7;4,4,6,12,6,4,1;0011,1111,110111,100010100111,110011,0011,1
50_54;line;HARDBOP;MEDIUM UP;Cannonball Adderley;SWING;4;149;1;152;1;22;10;4,2,4,4,2,2,4,2,2,1;0011,11,1110,1011,11,11,1011,11,11,1
50_55;line;HARDBOP;MEDIUM UP;Cannonball Adderley;SWING;2;152;2;153;3;12;5;4,6,2,6,2;1011,001001,11,100111,01
50_56;line;HARDBOP;MEDIUM UP;Cannonball Adderley;SWING;5;154;3;158;1;18;10;2,2,2,2,2,6,2,2,1,4;01,11,11,11,11,010001,11,11,1,1001
50_57;lick;HARDBOP;MEDIUM UP;Cannonball Adderley;SWING;2;158;3;159;1;3;2;1,2;1,11
50_58;lick;HARDBOP;MEDIUM UP;Cannonball Adderley;SWING;3;159;3;161;1;7;5;1,2,1,2,1;1,11,1,11,1
51_1;lick;HARDBOP;MEDIUM UP;Cannonball Adderley;SWING;2;0;4;1;1;3;2;1,2;1,11
51_2;lick;HARDBOP;MEDIUM UP;Cannonball Adderley;SWING;1;2;3;2;4;6;2;3,3;111,111
51_3;lick;HARDBOP;MEDIUM UP;Cannonball Adderley;SWING;2;4;2;5;1;7;4;1,3,1,4;1,111,1,1001
51_4;line;HARDBOP;MEDIUM UP;Cannonball Adderley;SWING;1;6;2;6;4;5;3;1,4,4;1,1001,1001
51_5;lick;HARDBOP;MEDIUM UP;Cannonball Adderley;SWING;2;8;1;9;1;13;5;4,4,2,2,4;1111,1101,11,11,1001
51_6;lick;HARDBOP;MEDIUM UP;Cannonball Adderley;SWING;2;10;2;11;1;11;4;3,4,5,2;111,1111,10101,01
51_7;line;HARDBOP;MEDIUM UP;Cannonball Adderley;SWING;6;12;2;17;3;38;21;2,2,2,4,2,2,2,4,4,1,4,1,2,1,4,2,2,4,4,1,1;11,11,11,1011,11,11,11,1001,0111,1,1001,1,11,1,1001,11,11,1001,0001,1,1
51_8;line;HARDBOP;MEDIUM UP;Cannonball Adderley;SWING;2;18;2;19;2;9;5;2,2,4,2,1;11,11,1001,11,1
51_9;line;HARDBOP;MEDIUM UP;Cannonball Adderley;SWING;6;20;1;25;1;39;21;2,2,2,2,3,2,2,2,6,2,1,4,2,4,1,2,1,2,2,1,4;01,11,11,11,111,11,11,11,100011,01,1,1111,11,1001,1,11,1,11,01,1,1001
51_10;lick;HARDBOP;MEDIUM UP;Cannonball Adderley;SWING;2;26;1;27;1;8;5;4,2,2,1,2;0001,11,11,1,11
51_11;lick;HARDBOP;MEDIUM UP;Cannonball Adderley;SWING;5;28;1;32;1;33;16;2,1,1,4,3,5,2,2,3,2,4,2,2,2,2,2;01,1,1,1001,111,10111,11,11,111,11,1011,01,11,11,11,11
51_13;line;HARDBOP;MEDIUM UP;Cannonball Adderley;SWING;1;34;2;34;4;9;3;4,4,1;1111,1111,1
51_14;line;HARDBOP;MEDIUM UP;Cannonball Adderley;SWING;2;35;1;36;1;13;5;3,6,4,3,1;011,011011,0111,111,1
51_15;lick;HARDBOP;MEDIUM UP;Cannonball Adderley;SWING;4;36;3;39;3;27;13;4,2,2,4,2,4,2,1,4,2,3,3,4;1001,11,11,1001,11,1001,11,1,1001,11,111,111,1001
51_16;lick;HARDBOP;MEDIUM UP;Cannonball Adderley;SWING;2;40;2;41;4;11;7;1,2,4,4,2,1,1;1,11,0110,1001,11,1,1
51_17;lick;HARDBOP;MEDIUM UP;Cannonball Adderley;SWING;3;42;1;44;4;23;12;6,4,2,3,2,6,2,4,1,2,4,2;000001,0001,01,111,11,011011,11,1011,1,11,1001,01
51_18;line;HARDBOP;MEDIUM UP;Cannonball Adderley;SWING;5;45;3;49;1;33;14;5,2,1,4,2,6,4,3,3,6,1,1,1,2;10111,11,1,1011,11,101011,0110,111,111,101101,1,1,1,11
51_22;line;HARDBOP;MEDIUM UP;Cannonball Adderley;SWING;6;60;1;65;1;44;20;4,1,2,1,2,4,2,3,4,4,2,2,2,2,2,4,1,4,5,1;0001,1,11,1,11,1111,11,111,1111,1001,01,11,11,11,11,1111,1,0011,11111,1
52_1;line;BEBOP;MEDIUM UP;Charlie Parker;SWING;4;0;4;3;2;20;11;2,1,2,1,2,1,4,2,1,5,2;01,1,11,1,11,1,0111,11,1,01111,11
52_2;line;BEBOP;MEDIUM UP;Charlie Parker;SWING;4;4;4;7;3;26;12;4,4,6,2,2,2,2,2,2,2,4,2;0001,1001,111001,11,11,11,11,11,11,11,1101,11
52_3;line;BEBOP;MEDIUM UP;Charlie Parker;SWING;3;9;2;11;3;21;10;4,3,6,4,2,2,6,1,4,1;0011,111,010011,1001,11,11,010001,1,1101,1
52_4;lick;BEBOP;MEDIUM UP;Charlie Parker;SWING;2;13;1;14;3;15;7;4,2,4,4,3,3,2;0001,01,1011,1011,011,111,11
52_5;line;BEBOP;MEDIUM UP;Charlie Parker;SWING;2;15;2;16;2;11;5;4,2,2,6,4;0001,11,11,010111,0011
52_6;line;BEBOP;MEDIUM UP;Charlie Parker;SWING;2;16;4;17;3;8;4;2,5,2,1;01,01111,11,1
52_7;lick;BEBOP;MEDIUM UP;Charlie Parker;SWING;2;18;3;19;3;11;5;4,2,6,2,2;0110,11,010011,11,11
52_8;lick;BEBOP;MEDIUM UP;Charlie Parker;SWING;3;21;2;23;1;31;8;4,4,4,6,4,8,4,1;0111,1111,1111,110111,0111,11110111,1111,1
52_9;lick;BEBOP;MEDIUM UP;Charlie Parker;SWING;1;23;2;23;3;4;2;6,2;000011,11
52_10;line;BEBOP;MEDIUM UP;Charlie Parker;SWING;5;24;2;28;2;38;16;4,2,4,3,4,2,2,4,2,2,4,4,4,2,2,2;0001,11,1001,111,1101,11,11,0111,11,01,1111,1101,1111,11,11,11
52_11;line;BEBOP;MEDIUM UP;Charlie Parker;SWING;3;29;4;31;2;13;7;2,4,2,4,2,4,2;01,1001,01,0111,01,1111,01
52_12;line;BEBOP;MEDIUM UP;Charlie Parker;SWING;3;31;4;33;1;13;6;6,6,4,2,6,2;000001,001111,1001,11,001001,11
52_13;line;BEBOP;MEDIUM UP;Charlie Parker;SWING;3;33;4;35;2;17;7;6,4,2,3,4,2,4;000011,1111,11,111,1101,01,1100
52_14;line;BEBOP;MEDIUM UP;Charlie Parker;SWING;4;36;1;39;3;20;10;4,1,4,4,1,4,1,6,6,2;0001,1,0001,1111,1,1111,1,100011,010001,11
52_15;lick;BEBOP;MEDIUM UP;Charlie Parker;SWING;1;41;2;41;4;6;3;2,6,2;01,010011,11
52_16;lick;BEBOP;MEDIUM UP;Charlie Parker;SWING;1;42;2;42;3;5;2;2,4;11,1101
52_17;line;BEBOP;MEDIUM UP;Charlie Parker;SWING;4;43;2;46;2;28;12;4,4,2,4,2,2,2,5,2,2,2,2;0001,1011,11,1111,11,11,11,01111,11,11,11,11
52_18;line;BEBOP;MEDIUM UP;Charlie Parker;SWING;3;46;4;48;4;16;9;4,4,2,2,2,2,2,2,2;0001,0111,01,11,11,11,01,11,11
53_1;line;BEBOP;MEDIUM UP;Charlie Parker;SWING;4;0;4;3;2;24;11;2,6,2,2,2,4,3,4,2,4,2;01,011100,11,11,11,1001,111,0111,11,1011,01
53_2;lick;BEBOP;MEDIUM UP;Charlie Parker;SWING;4;4;3;7;4;26;13;4,4,4,3,1,2,6,2,1,4,6,1,4;0001,1001,1001,110,1,11,010011,11,1,1011,000111,1,1101
53_3;lick;BEBOP;MEDIUM UP;Charlie Parker;SWING;2;8;4;9;3;9;4;2,4,2,2;11,0111,11,11
53_4;line;BEBOP;MEDIUM UP;Charlie Parker;SWING;2;10;1;11;3;26;7;4,4,6,8,5,5,1;0011,1111,111110,10010111,11111,10111,1
53_5;line;BEBOP;MEDIUM UP;Charlie Parker;SWING;5;12;4;16;1;33;13;2,3,4,4,2,2,2,4,2,4,2,4,2;01,111,1011,1011,11,11,11,0111,11,1111,11,1111,11
53_6;lick;BEBOP;MEDIUM UP;Charlie Parker;SWING;4;17;1;20;4;32;16;6,6,2,5,1,4,2,2,2,6,4,2,2,3,3,1;000011,000011,11,01111,1,1001,01,11,01,000111,1101,11,11,011,110,1
53_7;line;BEBOP;MEDIUM UP;Charlie Parker;SWING;3;21;2;23;3;29;10;2,4,4,6,4,4,4,4,4,1;01,1111,1100,000011,1110,1111,1111,1111,1111,1
53_9;line;BEBOP;MEDIUM UP;Charlie Parker;SWING;4;25;4;28;1;19;10;2,3,2,2,2,2,2,2,1,4;01,111,11,11,11,11,11,11,1,1001
53_10;lick;BEBOP;MEDIUM UP;Charlie Parker;SWING;3;29;1;31;3;21;10;4,1,2,4,4,2,4,3,6,2;0001,1,11,1101,0001,11,1111,011,001101,11
53_11;line;BEBOP;MEDIUM UP;Charlie Parker;SWING;3;33;1;35;2;32;10;2,5,3,2,6,5,4,4,5,3;01,11111,111,01,111101,10111,0111,1110,11111,110
53_12;line;BEBOP;MEDIUM UP;Charlie Parker;SWING;3;35;3;37;2;18;7;4,1,4,4,4,4,1;0001,1,1111,1011,1111,1111,1
55_1;lick;BEBOP;UP;Charlie Parker;SWING;3;-1;3;1;2;13;8;2,1,2,2,2,4,2,2;01,1,11,11,11,0011,01,11
55_2;lick;BEBOP;UP;Charlie Parker;SWING;2;2;4;3;3;6;4;2,2,2,1;01,11,11,1
55_3;line;BEBOP;UP;Charlie Parker;SWING;3;5;1;7;1;18;9;6,4,2,2,2,2,2,2,1;000011,1011,11,11,11,11,11,11,1
55_5;lick;BEBOP;UP;Charlie Parker;SWING;2;8;3;9;4;10;6;2,1,2,3,1,1;11,1,11,111,1,1
55_6;lick;BEBOP;UP;Charlie Parker;SWING;2;10;2;11;1;6;4;2,2,2,1;01,11,11,1
55_8;lick;BEBOP;UP;Charlie Parker;SWING;2;15;3;16;4;11;6;2,3,2,2,2,1;01,111,11,11,11,1
55_9;lick;BEBOP;UP;Charlie Parker;SWING;3;17;1;19;3;21;11;2,2,2,2,2,2,2,2,2,4,1;01,11,11,11,11,11,11,11,11,1101,1
55_10;lick;BEBOP;UP;Charlie Parker;SWING;7;21;2;27;2;50;24;2,3,2,4,2,2,2,2,1,2,2,2,2,2,2,2,2,2,2,2,2,4,2,2;11,111,11,1111,11,11,11,11,1,11,11,11,11,11,11,11,11,11,11,11,11,1001,11,11
55_11;lick;BEBOP;UP;Charlie Parker;SWING;2;29;1;30;2;12;6;2,3,1,3,3,1;01,111,1,111,111,1
55_12;lick;BEBOP;UP;Charlie Parker;SWING;3;30;4;32;1;13;6;2,5,2,3,4,1;01,10111,01,111,1110,1
55_13;lick;BEBOP;UP;Charlie Parker;SWING;4;32;3;35;3;26;13;4,1,2,3,4,2,2,2,2,4,2,2,1;1101,1,11,111,1110,11,11,11,11,0011,01,11,1
55_14;line;BEBOP;UP;Charlie Parker;SWING;5;37;1;41;4;40;20;4,3,4,2,4,2,2,4,4,3,2,2,1,2,2,2,2,2,2,2;0011,111,1011,01,1101,11,01,1011,0011,011,11,11,1,11,11,11,11,01,11,11
55_15;line;BEBOP;UP;Charlie Parker;SWING;5;43;3;47;1;27;15;2,2,1,2,2,3,6,3,3,2,1,2,4,2,1;11,11,1,11,11,110,100001,011,011,11,1,11,1011,01,1
55_18;line;BEBOP;UP;Charlie Parker;SWING;3;50;2;52;1;15;8;2,2,2,2,2,2,2,2;01,11,11,11,11,11,11,11
55_19;lick;BEBOP;UP;Charlie Parker;SWING;3;53;3;55;1;14;7;2,3,2,2,2,2,2;11,111,11,11,01,11,11
55_20;lick;BEBOP;UP;Charlie Parker;SWING;3;57;1;59;2;20;10;4,4,2,2,2,2,2,2,2,2;0001,0111,11,11,11,11,11,11,11,11
55_21;lick;BEBOP;UP;Charlie Parker;SWING;4;60;1;63;3;31;15;2,3,2,2,4,3,2,4,2,2,2,2,1,4,6;01,111,11,11,0111,011,11,0011,11,11,11,11,1,1001,100011
58_1;lick;BEBOP;MEDIUM;Charlie Parker;SWING;2;0;2;1;1;5;4;2,1,3,1;01,1,011,1
58_2;lick;BEBOP;MEDIUM;Charlie Parker;SWING;3;1;3;3;2;16;8;2,6,1,4,3,8,2,1;01,011011,1,1001,011,10010011,01,1
58_3;line;BEBOP;MEDIUM;Charlie Parker;SWING;2;4;1;5;3;22;7;4,5,8,3,8,2,2;0011,10111,10001011,111,11000111,11,11
58_4;lick;BEBOP;MEDIUM;Charlie Parker;SWING;1;6;3;6;4;7;2;6,6;100101,001111
58_5;lick;BEBOP;MEDIUM;Charlie Parker;SWING;2;7;2;8;2;13;5;4,6,6,4,1;0011,101011,010111,0011,1
58_6;line;BEBOP;MEDIUM;Charlie Parker;SWING;3;8;3;10;1;25;7;4,4,8,4,3,6,4;0011,1111,01101001,1111,111,101111,1011
58_7;lick;BEBOP;MEDIUM;Charlie Parker;SWING;2;10;3;11;2;14;4;4,6,6,2;1111,011011,101011,11
58_8;lick;BEBOP;MEDIUM;Charlie Parker;SWING;2;12;2;13;1;7;3;4,6,2;1100,000111,11
58_9;lick;BEBOP;MEDIUM;Charlie Parker;SWING;3;13;4;15;2;20;7;4,2,4,2,4,4,3;1111,01,1011,11,1111,0111,111
58_10;lick;BEBOP;MEDIUM;Charlie Parker;SWING;2;16;1;17;4;15;6;4,8,4,8,4,1;0011,00000101,0111,10100101,0111,1
58_11;lick;BEBOP;MEDIUM;Charlie Parker;SWING;2;18;1;19;2;11;6;2,1,2,2,2,6;01,1,11,11,11,100011
58_12;lick;BEBOP;MEDIUM;Charlie Parker;SWING;2;19;4;20;4;11;5;6,2,2,2,4;000011,11,11,11,0111
58_13;lick;BEBOP;MEDIUM;Charlie Parker;SWING;3;21;2;23;3;18;10;2,4,8,6,2,1,6,3,2,1;01,1101,01000001,010001,11,1,000101,011,11,1
58_14;lick;BEBOP;MEDIUM;Charlie Parker;SWING;2;24;1;25;1;12;5;4,6,4,4,6;0001,000111,0011,0111,010101
59_1;lick;BEBOP;UP;Charlie Parker;SWING;2;1;1;2;4;13;8;2,3,4,3,2,4,2,2;01,011,0001,111,11,1001,01,01
59_2;lick;BEBOP;UP;Charlie Parker;SWING;2;5;2;6;4;11;7;2,4,2,2,1,4,2;11,1001,11,01,1,1001,01
59_3;line;BEBOP;UP;Charlie Parker;SWING;2;7;2;8;3;12;6;2,4,2,2,2,4;01,0110,11,11,11,1101
59_4;line;BEBOP;UP;Charlie Parker;SWING;2;9;3;10;3;9;5;4,2,2,2,1;1001,11,11,11,1
59_5;line;BEBOP;UP;Charlie Parker;SWING;7;11;2;17;3;51;26;2,2,1,2,3,2,4,1,2,3,2,2,2,2,3,4,2,4,2,2,2,2,2,2,2,2;01,11,1,11,111,11,0111,1,11,011,11,11,11,11,110,1001,01,1101,11,11,11,11,11,11,11,11
59_6;line;BEBOP;UP;Charlie Parker;SWING;4;19;3;22;2;25;12;4,2,2,3,2,2,2,4,2,4,4,2;1011,11,01,111,11,11,11,0111,01,1011,0011,01
59_7;line;BEBOP;UP;Charlie Parker;SWING;6;23;2;28;1;40;20;3,4,2,2,2,3,2,2,2,2,2,4,2,2,2,4,2,2,2,1;111,0110,11,11,11,110,11,11,11,11,01,1101,11,11,11,1001,11,11,11,1
59_8;lick;BEBOP;UP;Charlie Parker;SWING;1;29;3;29;3;2;1;2;11
59_9;line;BEBOP;UP;Charlie Parker;SWING;6;33;1;38;3;44;23;2,1,2,3,2,2,2,2,2,2,4,4,2,2,4,2,2,2,2,2,2,3,1;11,1,11,111,11,11,11,11,11,11,1001,0110,11,11,1001,01,11,11,11,11,01,111,1
59_10;line;BEBOP;UP;Charlie Parker;SWING;6;39;3;44;1;37;19;1,4,4,2,2,2,4,2,2,4,2,2,2,2,2,2,2,2,1;1,1110,1101,01,11,11,1011,01,11,1011,01,11,11,11,11,11,11,11,1
59_11;line;BEBOP;UP;Charlie Parker;SWING;3;45;3;47;3;18;9;2,2,3,2,2,3,4,2,2;11,11,011,11,11,011,0110,11,11
59_12;line;BEBOP;UP;Charlie Parker;SWING;2;49;1;50;2;12;6;4,2,2,4,3,2;1011,11,11,1001,011,01
59_13;line;BEBOP;UP;Charlie Parker;SWING;5;50;4;54;1;25;14;3,2,2,4,2,2,2,2,2,4,2,2,1,2;011,11,11,1101,01,11,11,11,01,1001,11,01,1,11
59_14;line;BEBOP;UP;Charlie Parker;SWING;2;54;2;55;4;12;7;2,4,2,2,2,4,2;01,0110,11,11,11,1001,01
59_15;line;BEBOP;UP;Charlie Parker;SWING;3;57;3;59;3;17;9;2,2,2,2,2,4,2,2,1;11,11,11,11,11,1011,01,11,1
59_16;line;BEBOP;UP;Charlie Parker;SWING;4;61;2;64;1;23;12;2,4,4,2,4,2,2,3,3,2,3,4;01,1011,0011,01,1011,01,11,011,011,11,011,1001
59_17;line;BEBOP;UP;Charlie Parker;SWING;4;65;2;68;1;24;12;2,2,2,2,4,2,4,2,1,2,2,4;11,11,11,11,1011,01,0110,11,1,11,11,0111
59_18;line;BEBOP;UP;Charlie Parker;SWING;4;69;1;72;2;22;13;2,2,3,2,1,2,2,2,2,2,2,2,2;01,01,111,01,1,01,11,11,11,11,11,11,11
59_19;lick;BEBOP;UP;Charlie Parker;SWING;3;73;2;75;1;13;8;4,2,4,2,3,2,3,1;0001,01,1100,11,110,11,110,1
59_20;line;BEBOP;UP;Charlie Parker;SWING;3;75;3;77;1;13;7;2,2,2,2,2,4,2;01,11,11,11,11,1101,01
59_21;line;BEBOP;UP;Charlie Parker;SWING;6;78;1;83;3;45;23;2,2,2,4,2,2,2,2,3,2,2,2,2,2,2,2,1,3,4,2,2,2,4;01,11,11,1110,01,11,11,11,011,11,11,11,11,11,11,11,1,111,1001,11,11,11,1001
59_22;lick;BEBOP;UP;Charlie Parker;SWING;2;85;2;86;3;10;6;4,2,2,2,3,4;0001,01,11,11,110,1001
59_23;line;BEBOP;UP;Charlie Parker;SWING;6;87;3;92;1;36;19;2,4,2,4,2,2,3,2,2,3,2,1,2,2,2,2,2,2,1;01,0111,11,0110,11,11,111,01,11,011,11,1,11,11,11,11,11,11,1
59_24;line;BEBOP;UP;Charlie Parker;SWING;5;93;3;97;1;24;14;2,2,2,1,2,2,2,2,2,2,2,2,2,1;11,11,11,1,01,11,11,01,11,11,11,11,11,1
60_1;lick;BEBOP;MEDIUM UP;Charlie Parker;LATIN;3;0;3;2;2;12;8;2,4,2,4,2,2,2,2;01,0011,11,1001,01,01,11,01
60_2;lick;BEBOP;MEDIUM UP;Charlie Parker;LATIN;3;2;4;4;1;13;6;2,4,6,2,4,2;01,0111,000101,01,1111,11
60_3;line;BEBOP;MEDIUM UP;Charlie Parker;LATIN;3;5;1;7;4;26;12;4,3,2,2,4,2,2,2,2,4,2,2;0001,111,11,11,0111,11,11,11,11,0111,11,11
60_4;lick;BEBOP;MEDIUM UP;Charlie Parker;LATIN;2;8;2;9;1;6;4;2,1,2,2;01,1,11,11
60_5;line;BEBOP;MEDIUM UP;Charlie Parker;LATIN;4;10;1;13;2;43;14;4,4,4,4,4,5,1,4,3,6,4,4,6,1;0001,1111,1111,1111,1111,10101,1,1111,111,000011,1111,1011,101111,1
60_6;line;BEBOP;MEDIUM UP;Charlie Parker;LATIN;2;14;1;15;4;29;8;2,4,4,4,4,6,1,6;11,1111,1111,1111,1111,101111,1,101111
60_7;line;BEBOP;MEDIUM UP;Charlie Parker;LATIN;2;16;2;17;2;17;5;4,4,5,6,4;0011,1111,10111,101111,1100
60_8;lick;BEBOP;MEDIUM UP;Charlie Parker;LATIN;4;18;1;21;1;27;12;2,4,2,2,4,2,2,4,2,4,6,1;01,1101,01,11,1101,11,11,1011,11,0111,011011,1
60_9;lick;BEBOP;MEDIUM UP;Charlie Parker;LATIN;3;21;4;23;1;12;6;2,2,2,4,2,1;01,11,11,1111,11,1
60_10;lick;BEBOP;MEDIUM UP;Charlie Parker;LATIN;4;23;2;26;1;19;9;4,2,4,2,2,6,2,4,1;0001,11,1101,11,11,100101,11,1011,1
60_11;line;BEBOP;MEDIUM UP;Charlie Parker;LATIN;4;27;1;30;2;39;14;2,4,5,4,5,4,4,2,2,2,4,2,1,1;01,1111,01111,1111,11111,0111,1111,11,11,11,1111,11,1,1
60_12;lick;BEBOP;MEDIUM UP;Charlie Parker;LATIN;2;30;4;31;4;8;4;2,2,4,6;01,11,1100,010011
60_13;line;BEBOP;MEDIUM UP;Charlie Parker;LATIN;2;32;4;33;1;5;2;4,1;1111,1
61_1;line;BEBOP;UP;Charlie Parker;SWING;3;0;4;2;3;12;8;2,4,2,2,2,1,2,1;01,1001,11,11,11,1,01,1
61_2;lick;BEBOP;UP;Charlie Parker;SWING;2;2;4;3;3;8;4;2,4,2,2;01,1011,11,11
61_3;line;BEBOP;UP;Charlie Parker;SWING;3;5;1;7;3;20;10;1,2,2,3,2,2,2,4,2,2;1,11,11,011,11,11,11,1011,11,11
61_4;line;BEBOP;UP;Charlie Parker;SWING;4;9;1;12;1;24;12;4,2,1,2,4,4,2,4,2,2,2,1;0011,11,1,11,0111,1101,11,1001,11,11,11,1
61_5;lick;BEBOP;UP;Charlie Parker;SWING;2;12;2;13;1;7;4;2,2,2,2;01,11,11,11
61_6;lick;BEBOP;UP;Charlie Parker;SWING;5;14;2;18;1;32;16;2,2,1,2,1,2,2,6,2,4,4,5,2,1,4,2;11,11,1,11,1,11,11,010011,11,1011,1011,00111,01,1,0111,01
61_7;line;BEBOP;UP;Charlie Parker;SWING;3;18;4;20;1;13;6;4,2,4,2,4,2;0001,11,1111,01,0111,11
61_8;line;BEBOP;UP;Charlie Parker;SWING;3;21;1;23;2;19;10;4,2,2,2,1,4,4,2,1,2;0001,11,11,11,1,1101,1101,11,1,11
61_9;line;BEBOP;UP;Charlie Parker;SWING;4;24;2;27;3;26;14;2,3,2,1,2,2,1,2,5,2,2,2,2,1;01,111,11,1,11,11,1,01,10111,11,11,11,11,1
61_10;lick;BEBOP;UP;Charlie Parker;SWING;3;28;4;30;2;13;7;2,4,2,2,1,2,4;01,1001,11,11,1,11,1011
61_11;line;BEBOP;UP;Charlie Parker;SWING;3;30;4;32;4;20;9;2,3,6,2,2,2,3,4,4;01,111,010001,11,11,11,111,1110,1001
63_1;line;BEBOP;MEDIUM UP;Charlie Parker;SWING;3;-7;3;-5;3;19;9;4,2,2,2,3,3,4,4,2;1111,11,11,11,011,011,1001,0001,11
63_2;line;BEBOP;MEDIUM UP;Charlie Parker;SWING;1;-4;2;-4;4;7;3;4,6,1;0011,011011,1
63_3;line;BEBOP;MEDIUM UP;Charlie Parker;SWING;2;-3;2;-2;2;13;5;2,6,3,2,2;01,111011,111,11,11
63_4;line;BEBOP;MEDIUM UP;Charlie Parker;SWING;3;-2;3;0;3;21;9;6,5,4,4,2,6,1,2,2;000001,10111,1011,1101,11,010101,1,11,11
63_5;lick;BEBOP;MEDIUM UP;Charlie Parker;SWING;2;1;2;2;3;12;5;3,4,2,4,1;111,1101,11,0111,1
63_6;line;BEBOP;MEDIUM UP;Charlie Parker;SWING;5;3;2;7;1;33;16;4,4,4,2,2,2,2,2,4,2,2,2,2,1,2,3;0001,1110,1101,11,11,11,11,11,0111,11,11,11,11,1,01,111
63_7;lick;BEBOP;MEDIUM UP;Charlie Parker;SWING;2;7;3;8;2;5;4;2,2,2,2;01,11,01,01
63_8;line;BEBOP;MEDIUM UP;Charlie Parker;SWING;3;9;3;11;4;24;10;4,4,5,4,4,3,4,4,3,1;0001,0111,01011,1101,1011,011,1101,0111,011,1
63_9;line;BEBOP;MEDIUM UP;Charlie Parker;SWING;2;12;3;13;1;8;3;6,4,6;000011,0111,111000
63_10;lick;BEBOP;MEDIUM UP;Charlie Parker;SWING;3;13;3;15;3;18;9;4,4,2,2,2,2,2,4,2;0001,0001,11,11,11,11,11,1111,11
63_11;line;BEBOP;MEDIUM UP;Charlie Parker;SWING;4;17;2;20;1;24;12;2,2,2,2,2,2,2,2,5,2,1,1;11,11,11,11,11,11,11,11,01111,11,1,1
63_12;line;BEBOP;MEDIUM UP;Charlie Parker;SWING;2;21;3;22;1;10;3;2,4,6;01,1111,101111
63_13;line;BEBOP;MEDIUM UP;Charlie Parker;SWING;4;22;3;25;1;24;11;4,4,2,2,4,2,2,5,2,2,1;0001,0111,11,11,0111,11,11,01111,11,11,1
63_14;lick;BEBOP;MEDIUM UP;Charlie Parker;SWING;1;25;3;25;4;4;2;2,2;11,11
63_15;line;BEBOP;MEDIUM UP;Charlie Parker;SWING;3;27;2;29;1;17;8;4,2,2,4,2,2,6,1;0011,11,11,1111,11,11,010001,1
63_16;line;BEBOP;MEDIUM UP;Charlie Parker;SWING;4;29;2;32;4;31;14;4,6,2,4,4,2,2,2,2,2,2,2,6,2;0001,011011,11,0111,1001,11,11,11,11,11,11,11,001011,11
64_2;lick;BEBOP;UP;Charlie Parker;SWING;3;5;2;7;2;17;9;4,8,2,3,2,3,2,4,2;0001,00000011,01,111,11,011,11,1001,11
64_3;lick;BEBOP;UP;Charlie Parker;SWING;3;8;3;10;2;9;6;2,2,1,2,2,2;01,01,1,11,11,11
64_4;line;BEBOP;UP;Charlie Parker;SWING;6;10;4;15;3;39;20;2,2,5,3,2,2,4,2,3,2,1,4,2,4,3,2,2,2,4,1;01,11,01011,111,11,11,1011,01,011,01,1,1011,11,1011,011,01,11,11,1001,1
64_6;line;BEBOP;UP;Charlie Parker;SWING;5;20;4;24;2;33;15;2,4,2,4,2,2,2,5,2,4,3,2,4,3,1;11,1110,11,1001,11,11,11,10111,11,0011,111,01,1001,111,1
64_7;lick;BEBOP;UP;Charlie Parker;SWING;3;24;4;26;2;10;7;2,1,2,2,2,1,1;01,1,11,11,11,1,1
64_8;line;BEBOP;UP;Charlie Parker;SWING;5;27;3;31;2;28;15;2,2,1,2,2,2,3,2,2,3,2,4,4,2,1;11,11,1,01,11,11,011,11,11,111,11,1101,0011,01,1
64_9;line;BEBOP;UP;Charlie Parker;SWING;4;32;4;35;1;20;10;2,4,4,2,2,2,2,2,3,1;11,1001,1110,11,11,11,11,11,011,1
64_11;lick;BEBOP;UP;Charlie Parker;SWING;2;38;3;39;3;9;5;2,2,2,4,2;01,11,11,1001,11
64_12;lick;BEBOP;UP;Charlie Parker;SWING;2;41;1;42;2;9;6;2,2,2,1,1,2;11,11,01,1,1,11
64_13;lick;BEBOP;UP;Charlie Parker;SWING;2;43;2;44;4;11;6;2,4,2,1,2,2;11,1110,11,1,11,01
64_14;line;BEBOP;UP;Charlie Parker;SWING;3;45;3;47;2;18;8;2,4,2,3,2,3,2,4;11,1001,11,111,11,011,11,0111
64_16;lick;BEBOP;UP;Charlie Parker;SWING;3;53;1;55;3;24;11;3,2,2,4,2,2,6,2,5,2,2;111,11,11,1011,01,11,010011,01,10111,01,11
64_17;lick;BEBOP;UP;Charlie Parker;SWING;4;56;4;59;3;16;10;2,2,4,1,4,2,2,3,2,1;11,11,0011,1,1001,01,01,110,11,1
64_18;line;BEBOP;UP;Charlie Parker;SWING;4;60;1;63;2;24;14;4,3,2,3,2,2,2,2,4,2,1,2,2,2;0001,011,11,111,01,11,11,11,1011,01,1,01,11,01
64_19;line;BEBOP;UP;Charlie Parker;SWING;2;64;1;65;1;9;5;4,4,2,4,1;0001,1011,11,0110,1
65_1;lick;BEBOP;MEDIUM;Charlie Parker;SWING;3;1;1;3;1;17;9;4,2,7,6,2,6,4,2,2;0001,01,1001001,011001,01,001001,0110,11,11
65_2;line;BEBOP;MEDIUM;Charlie Parker;SWING;2;4;3;5;3;14;5;5,4,4,2,4;01111,1111,1011,01,1100
65_3;line;BEBOP;MEDIUM;Charlie Parker;SWING;2;6;1;7;4;27;8;2,4,6,3,8,4,6,4;01,1111,110111,111,00010011,1111,110111,0110
65_4;line;BEBOP;MEDIUM;Charlie Parker;SWING;2;8;2;9;1;15;4;5,6,4,4;01111,101101,1011,1111
65_5;lick;BEBOP;MEDIUM;Charlie Parker;SWING;2;9;3;10;1;9;3;2,6,3;01,111110,111
65_6;line;BEBOP;MEDIUM;Charlie Parker;SWING;4;10;2;13;3;25;14;4,1,5,2,2,2,4,2,2,4,4,2,2,1;0001,1,01111,11,11,01,1101,01,11,1001,0001,11,11,1
65_7;line;BEBOP;MEDIUM;Charlie Parker;SWING;2;14;2;15;1;16;4;6,4,6,4;010111,1101,111111,1110
65_8;line;BEBOP;MEDIUM;Charlie Parker;SWING;1;15;2;15;4;7;3;6,4,1;000011,1111,1
65_9;lick;BEBOP;MEDIUM;Charlie Parker;SWING;1;16;2;16;3;5;2;7,1;0110101,1
65_11;line;BEBOP;MEDIUM;Charlie Parker;SWING;4;18;3;21;3;25;12;6,6,6,4,6,3,4,1,2,2,4,2;000001,001011,001001,0011,000101,110,1101,1,11,11,0111,11
65_12;lick;BEBOP;MEDIUM;Charlie Parker;SWING;1;22;2;22;4;5;3;3,1,1;111,1,1
65_13;line;BEBOP;MEDIUM;Charlie Parker;SWING;1;23;1;23;4;9;4;4,1,6,4;0001,1,010111,1110
65_14;line;BEBOP;MEDIUM;Charlie Parker;SWING;1;24;1;24;4;8;4;4,1,5,4;0001,1,00111,1110
65_15;line;BEBOP;MEDIUM;Charlie Parker;SWING;3;25;2;27;1;30;8;6,6,4,6,8,2,4,6;011101,011101,1111,101101,01011011,11,1111,111000
65_16;line;BEBOP;MEDIUM;Charlie Parker;SWING;1;27;2;27;4;9;3;2,6,3;01,110111,111
65_18;line;BEBOP;MEDIUM;Charlie Parker;SWING;3;30;3;32;2;28;8;6,6,5,6,5,3,4,4;000011,010111,01111,110111,01111,111,1111,1100
65_19;lick;BEBOP;MEDIUM;Charlie Parker;SWING;6;32;4;37;2;45;19;3,4,4,4,4,4,8,4,2,5,5,2,4,3,6,2,4,3,2;011,0110,0011,1101,0001,0011,01010001,1101,11,01001,00111,11,0111,111,011101,01,1110,111,01
66_1;lick;BEBOP;MEDIUM UP;Charlie Parker;SWING;3;1;1;3;1;20;9;2,4,2,2,2,2,2,3,4;01,1101,11,11,11,11,11,111,1101
66_2;line;BEBOP;MEDIUM UP;Charlie Parker;SWING;5;4;2;8;2;48;17;4,4,3,4,1,4,6,4,1,4,3,4,6,6,3,4,2;1111,1111,111,1111,1,0011,101011,1111,1,0011,111,1100,000101,100111,111,1011,11
66_3;lick;BEBOP;MEDIUM UP;Charlie Parker;SWING;6;9;1;14;1;41;20;2,3,2,3,6,2,4,2,2,4,2,2,2,2,2,5,2,2,2,1;01,011,11,011,010011,11,1001,11,01,1111,11,11,11,11,11,00111,11,11,11,1
66_4;lick;BEBOP;MEDIUM UP;Charlie Parker;SWING;2;15;1;16;1;7;4;1,4,2,4;1,1001,11,1001
66_5;lick;BEBOP;MEDIUM UP;Charlie Parker;SWING;3;17;2;19;2;17;8;4,4,6,2,4,6,4,2;0001,0111,010001,11,1101,010001,1001,11
66_6;line;BEBOP;MEDIUM UP;Charlie Parker;SWING;1;20;1;20;3;6;3;4,3,2;0001,111,11
66_7;line;BEBOP;MEDIUM UP;Charlie Parker;SWING;5;21;2;25;1;40;16;4,4,4,4,6,4,1,2,4,2,5,4,4,2,4,1;0001,0111,1111,0111,111011,1111,1,01,1100,01,01111,1001,1001,11,1111,1
66_8;lick;BEBOP;MEDIUM UP;Charlie Parker;SWING;3;25;2;27;3;14;9;6,1,4,1,4,2,2,5,1;000001,1,0001,1,1100,01,11,01111,1
66_9;lick;BEBOP;MEDIUM UP;Charlie Parker;SWING;2;29;1;30;2;11;6;2,4,2,2,1,4;01,1011,11,11,1,1001
66_10;line;BEBOP;MEDIUM UP;Charlie Parker;SWING;4;30;4;33;2;24;11;4,2,6,2,4,2,3,2,2,2,1;0001,11,001111,11,1101,11,111,11,11,11,1
67_1;lick;BEBOP;UP;Charlie Parker;SWING;2;1;1;2;3;11;7;6,2,2,2,2,1,1;101011,01,11,01,01,1,1
67_2;line;BEBOP;UP;Charlie Parker;SWING;3;2;4;4;2;13;7;4,3,3,2,2,2,2;0001,011,011,11,11,11,11
67_3;line;BEBOP;UP;Charlie Parker;SWING;3;4;4;6;1;12;6;2,2,4,2,2,2;11,11,0111,01,11,11
67_4;lick;BEBOP;UP;Charlie Parker;SWING;2;6;3;7;3;10;5;2,2,2,2,2;11,11,11,11,11
67_5;lick;BEBOP;UP;Charlie Parker;SWING;2;9;2;10;1;5;4;4,2,2,1;0011,01,01,1
67_6;line;BEBOP;UP;Charlie Parker;SWING;3;11;1;13;3;22;11;2,4,2,2,2,2,2,2,3,2,2;01,1011,11,11,11,11,11,11,011,11,11
67_7;lick;BEBOP;UP;Charlie Parker;SWING;3;14;2;16;1;16;8;2,2,4,2,4,2,2,2;01,11,1101,01,1011,11,11,11
67_8;lick;BEBOP;UP;Charlie Parker;SWING;4;17;2;20;3;24;13;2,3,1,3,1,2,2,2,2,2,2,2,2;01,111,1,111,1,11,11,11,11,11,01,11,11
67_9;line;BEBOP;UP;Charlie Parker;SWING;5;21;2;25;1;30;15;2,4,4,2,2,2,3,2,4,2,2,2,4,4,2;01,1101,0011,11,11,11,111,11,1101,11,11,11,0001,0011,01
67_10;line;BEBOP;UP;Charlie Parker;SWING;4;27;1;30;2;26;14;4,2,2,4,2,2,2,2,2,2,2,2,4,1;0011,01,11,0011,11,11,11,11,11,11,11,11,0110,1
67_11;line;BEBOP;UP;Charlie Parker;SWING;2;30;3;31;1;6;3;2,2,2;11,11,11
67_12;lick;BEBOP;UP;Charlie Parker;SWING;2;33;2;34;4;9;7;1,1,1,1,2,2,2;1,1,1,1,11,01,11
67_13;line;BEBOP;UP;Charlie Parker;SWING;5;35;1;39;2;34;18;2,4,2,4,3,2,2,2,2,3,2,2,2,1,2,2,1,1;01,1011,01,1011,011,11,11,11,11,111,11,11,11,1,11,11,1,1
67_14;lick;BEBOP;UP;Charlie Parker;SWING;4;40;4;43;1;14;9;4,4,2,3,4,2,2,2,1;0001,1011,01,111,1001,01,01,01,1
67_15;line;BEBOP;UP;Charlie Parker;SWING;2;44;1;45;2;17;6;4,2,3,4,4,3;0111,11,111,1111,1011,110
67_16;lick;BEBOP;UP;Charlie Parker;SWING;2;45;3;46;2;5;4;4,2,2,1;0001,01,11,1
67_17;lick;BEBOP;UP;Charlie Parker;SWING;3;46;3;48;1;13;7;2,2,2,2,4,2,1;11,11,11,11,1001,11,1
67_18;line;BEBOP;UP;Charlie Parker;SWING;6;50;3;55;2;38;20;4,2,2,2,2,2,1,4,1,2,2,2,2,2,2,4,2,2,1,1;1001,11,11,11,11,11,1,1001,1,11,11,11,11,11,11,1111,11,11,1,1
67_19;lick;BEBOP;UP;Charlie Parker;SWING;2;57;2;58;4;14;7;4,2,2,2,4,2,1;1011,11,11,01,1101,11,1
67_20;lick;BEBOP;UP;Charlie Parker;SWING;2;59;2;60;3;11;5;2,3,2,2,2;11,111,11,11,11
67_21;lick;BEBOP;UP;Charlie Parker;SWING;2;61;2;62;3;10;5;2,4,2,2,2;01,1101,11,11,11
67_22;line;BEBOP;UP;Charlie Parker;SWING;3;63;1;65;1;17;9;2,2,2,2,4,2,1,3,2;11,11,11,11,1101,01,1,011,11
68_1;lick;BEBOP;UP;Charlie Parker;SWING;2;0;2;1;1;10;4;6,4,6,2;000001,1101,010111,11
68_2;line;BEBOP;UP;Charlie Parker;SWING;2;1;3;2;2;9;4;2,4,4,2;01,1011,0111,11
68_3;line;BEBOP;UP;Charlie Parker;SWING;4;2;3;5;3;29;13;2,2,4,2,2,2,2,3,2,4,2,5,1;01,11,1111,11,11,11,11,011,11,1101,11,10111,1
68_5;line;BEBOP;UP;Charlie Parker;SWING;3;9;4;11;1;11;6;2,2,2,2,2,2;01,11,11,11,11,11
68_6;line;BEBOP;UP;Charlie Parker;SWING;4;11;2;14;1;21;12;2,2,4,2,2,2,2,4,4,1,2,2;01,11,1001,11,11,11,01,1001,0011,1,11,11
68_7;lick;BEBOP;UP;Charlie Parker;SWING;2;14;4;15;2;3;3;2,1,1;01,1,1
68_8;line;BEBOP;UP;Charlie Parker;SWING;4;17;1;20;1;23;11;4,2,4,2,3,4,2,2,3,2,2;0001,01,1101,11,011,1011,11,11,111,11,11
68_9;line;BEBOP;UP;Charlie Parker;SWING;3;21;1;23;3;23;11;3,3,2,2,2,2,2,4,4,2,2;011,111,11,11,11,11,11,0011,0011,11,11
68_10;lick;BEBOP;UP;Charlie Parker;SWING;3;23;4;25;1;9;6;2,2,1,2,3,1;01,11,1,11,011,1
68_11;lick;BEBOP;UP;Charlie Parker;SWING;3;25;3;27;1;11;7;2,2,2,2,2,2,2;01,11,11,01,01,11,11
68_12;lick;BEBOP;UP;Charlie Parker;SWING;3;27;2;29;1;14;8;4,2,2,2,4,1,1,2;0011,11,11,11,1001,1,1,11
68_13;lick;BEBOP;UP;Charlie Parker;SWING;1;30;2;30;4;3;2;4,2;0001,11
68_14;line;BEBOP;UP;Charlie Parker;SWING;2;31;3;32;3;11;5;3,4,2,2,4;011,1101,11,11,1001
71_1;lick;COOL;UP;Chet Baker;SWING;5;1;2;5;3;24;14;2,2,2,2,2,4,1,2,2,1,2,4,2,1;11,11,11,11,11,1001,1,11,11,1,11,0011,01,1
71_2;line;COOL;UP;Chet Baker;SWING;2;6;3;7;3;10;5;2,2,2,2,2;11,11,11,11,11
71_6;lick;COOL;UP;Chet Baker;SWING;3;22;4;24;2;11;7;2,1,3,2,2,1,2;01,1,110,11,11,1,11
71_7;lick;COOL;UP;Chet Baker;SWING;2;24;4;25;3;4;3;2,1,2;01,1,11
71_8;line;COOL;UP;Chet Baker;SWING;6;26;1;31;3;34;18;2,2,2,2,4,2,2,2,4,2,1,2,2,2,2,2,1,1;01,11,11,11,1011,11,11,11,1111,01,1,11,11,11,11,11,1,1
71_9;lick;COOL;UP;Chet Baker;SWING;1;32;1;32;2;4;2;2,2;11,11
71_10;lick;COOL;UP;Chet Baker;SWING;1;33;1;33;2;4;2;2,2;11,11
71_11;lick;COOL;UP;Chet Baker;SWING;4;34;1;37;2;16;9;2,2,2,2,2,2,2,2,2;01,01,11,11,11,11,11,11,11
72_1;lick;COOL;MEDIUM UP;Chet Baker;SWING;5;1;1;5;4;24;16;2,2,2,2,1,2,2,1,4,2,1,2,1,1,1,4;01,01,11,11,1,11,11,1,0110,11,1,11,1,1,1,1001
72_2;lick;COOL;MEDIUM UP;Chet Baker;SWING;5;7;2;11;4;22;15;2,2,4,2,2,2,3,1,1,1,1,1,2,2,2;11,01,1100,01,11,11,111,1,1,1,1,1,01,01,11
72_3;lick;COOL;MEDIUM UP;Chet Baker;SWING;5;13;1;17;4;29;17;6,2,2,2,2,2,2,1,3,2,6,2,1,1,2,1,2;000011,11,11,11,11,11,11,1,111,11,010001,01,1,1,01,1,11
72_4;lick;COOL;MEDIUM UP;Chet Baker;SWING;6;19;2;24;4;30;18;4,2,2,2,2,1,1,1,2,1,2,2,2,2,1,3,2,4;0011,11,11,11,11,1,1,1,01,1,11,11,11,11,1,110,11,1001
72_5;lick;COOL;MEDIUM UP;Chet Baker;SWING;5;25;3;29;4;20;13;2,2,1,1,2,2,4,2,3,1,1,1,2;01,11,1,1,11,01,1001,11,111,1,1,1,11
72_6;line;COOL;MEDIUM UP;Chet Baker;SWING;4;30;3;33;1;17;11;2,1,1,2,1,2,2,2,3,2,1;01,1,1,01,1,11,11,11,111,11,1
73_1;lick;COOL;MEDIUM UP;Chet Baker;SWING;3;-1;1;1;1;12;9;2,6,2,1,1,2,2,1,1;01,100001,01,1,1,11,11,1,1
73_2;lick;COOL;MEDIUM UP;Chet Baker;SWING;1;3;3;3;3;2;1;2;11
73_3;lick;COOL;MEDIUM UP;Chet Baker;SWING;4;4;1;7;3;25;14;2,2,2,2,2,4,2,4,2,2,2,2,2,1;11,11,11,11,11,1001,01,0001,11,11,11,11,11,1
73_5;line;COOL;MEDIUM UP;Chet Baker;SWING;8;14;2;21;2;42;26;2,2,2,2,2,2,2,2,2,2,2,2,2,1,2,2,2,1,1,2,2,2,2,2,2,2;01,11,11,11,11,11,11,11,11,11,11,11,01,1,01,01,11,1,1,01,01,11,11,11,01,11
73_7;lick;COOL;MEDIUM UP;Chet Baker;SWING;3;24;4;26;3;10;7;2,2,6,2,2,2,2;01,01,000101,01,01,11,11
73_8;line;COOL;MEDIUM UP;Chet Baker;SWING;6;27;2;32;4;42;21;4,2,2,6,2,2,2,2,2,4,2,2,2,2,2,2,2,1,4,4,2;1001,11,11,100111,11,11,11,11,11,1100,11,11,01,11,01,11,11,1,0011,1110,11
74_1;lick;COOL;MEDIUM UP;Chet Baker;SWING;5;-4;3;0;2;30;16;1,2,2,2,6,2,4,4,4,3,2,2,6,2,2,2;1,11,11,11,100101,01,1011,0011,0011,011,11,11,100001,01,01,11
74_3;lick;COOL;MEDIUM UP;Chet Baker;SWING;2;4;2;5;1;6;4;3,1,2,1;111,1,01,1
74_4;lick;COOL;MEDIUM UP;Chet Baker;SWING;5;5;3;9;2;22;13;2,2,1,1,2,2,4,2,4,2,2,2,1;01,11,1,1,11,11,0001,11,0111,11,11,11,1
74_5;lick;COOL;MEDIUM UP;Chet Baker;SWING;5;9;4;13;2;24;14;2,2,2,1,2,4,2,2,4,2,2,2,1,4;01,11,11,1,01,0111,11,11,1001,11,11,11,1,0001
74_6;lick;COOL;MEDIUM UP;Chet Baker;SWING;2;14;1;15;2;9;6;2,2,1,1,2,2;01,11,1,1,11,11
74_7;lick;COOL;MEDIUM UP;Chet Baker;SWING;6;17;1;22;4;31;19;4,1,2,1,1,2,4,4,4,2,4,2,1,4,2,1,2,1,4;1101,1,11,1,1,11,0001,0011,1011,11,1001,11,1,1001,01,1,01,1,1001
74_8;lick;COOL;MEDIUM UP;Chet Baker;SWING;9;24;2;32;1;47;29;2,2,1,2,1,2,1,2,2,4,4,2,2,4,6,6,4,6,6,2,2,4,1,4,5,2,1,1,1;01,11,1,11,1,11,1,11,11,0001,0001,11,01,1001,101001,000001,0001,000001,001001,11,11,1101,1,1101,01001,11,1,1,1
74_9;lick;COOL;MEDIUM UP;Chet Baker;SWING;3;32;4;34;1;7;5;1,2,2,2,2;1,11,01,01,11
75_1;lick;COOL;MEDIUM UP;Chet Baker;SWING;2;2;3;3;4;8;6;2,1,1,2,2,2;01,1,1,01,11,11
75_2;line;COOL;MEDIUM UP;Chet Baker;SWING;4;5;1;8;1;21;12;2,2,4,2,2,2,2,2,2,2,2,2;01,11,1011,11,11,01,11,11,01,11,11,01
75_3;lick;COOL;MEDIUM UP;Chet Baker;SWING;9;8;4;16;2;45;27;2,4,1,2,1,2,2,2,2,2,2,2,2,1,2,1,2,2,2,4,2,2,2,2,2,1,1;01,1011,1,11,1,11,11,01,01,11,11,11,11,1,11,1,11,11,11,1001,11,11,01,11,11,1,1
75_4;lick;COOL;MEDIUM UP;Chet Baker;SWING;4;17;1;20;3;26;15;1,2,2,1,2,2,2,2,2,2,2,6,4,2,1;1,11,11,1,01,11,11,11,01,11,11,010001,0111,11,1
75_5;lick;COOL;MEDIUM UP;Chet Baker;SWING;4;20;4;23;2;21;11;2,1,2,2,2,2,2,2,2,2,2;11,1,11,11,11,11,11,11,11,11,11
76_4;lick;COOL;UP;Chet Baker;SWING;2;17;1;18;1;5;5;2,1,1,2,1;01,1,1,01,1
76_5;line;COOL;UP;Chet Baker;SWING;4;18;4;21;1;15;9;2,2,2,1,2,2,2,2,2;01,11,11,1,11,01,11,11,11
76_6;lick;COOL;UP;Chet Baker;SWING;2;21;4;22;2;3;3;1,2,1;1,01,1
76_7;lick;COOL;UP;Chet Baker;SWING;10;22;3;31;4;32;25;2,1,6,2,2,2,6,2,1,1,1,1,4,2,1,1,2,2,2,1,2,1,1,4,2;01,1,100001,01,01,11,010001,11,1,1,1,1,1001,01,1,1,11,01,01,1,01,1,1,1001,01
77_1;lick;COOL;UP;Chet Baker;SWING;2;1;1;2;3;8;6;2,1,1,1,4,2;01,1,1,1,1001,11
77_2;lick;COOL;UP;Chet Baker;SWING;1;3;1;3;3;2;2;2,1;01,1
77_4;line;COOL;UP;Chet Baker;SWING;3;5;3;7;1;12;7;2,2,2,2,2,2,1;01,11,11,11,11,11,1
77_6;lick;COOL;UP;Chet Baker;SWING;2;9;2;10;1;5;4;4,2,4,1;0001,01,1001,1
77_7;lick;COOL;UP;Chet Baker;SWING;2;10;3;11;3;6;5;4,2,1,2,2;0001,01,1,11,01
77_8;lick;COOL;UP;Chet Baker;SWING;8;12;3;19;1;44;25;2,2,1,4,2,2,3,1,2,2,2,2,2,2,2,2,2,2,2,2,2,2,3,2,3;01,01,1,1001,01,11,011,1,11,11,01,01,11,11,11,11,11,11,11,11,11,11,111,11,110
77_9;line;COOL;UP;Chet Baker;SWING;5;19;3;23;2;23;14;2,2,2,2,2,2,2,1,2,1,2,4,2,4;01,11,11,11,11,11,11,1,01,1,11,1001,01,1001
77_10;lick;COOL;UP;Chet Baker;SWING;2;25;3;26;3;2;2;1,1;1,1
77_11;lick;COOL;UP;Chet Baker;SWING;3;28;1;30;2;10;7;1,2,2,1,4,1,2;1,11,11,1,1001,1,01
77_12;line;COOL;UP;Chet Baker;SWING;11;30;4;40;3;59;32;2,2,4,2,2,2,2,2,2,2,2,2,4,2,2,4,1,1,1,4,4,2,3,2,2,2,2,2,2,2,2,2;01,11,1011,11,11,11,11,11,11,11,11,11,1001,11,11,1001,1,1,1,0001,0001,01,111,11,11,11,11,11,11,11,11,11
77_13;line;COOL;UP;Chet Baker;SWING;5;41;4;45;3;34;16;2,2,2,2,4,2,2,2,2,4,2,2,2,2,4,1;11,11,11,11,1011,11,11,11,11,1011,11,11,11,11,1011,1
77_15;lick;COOL;UP;Chet Baker;SWING;5;47;3;51;2;17;14;1,2,2,1,2,1,2,2,1,1,4,2,2,2;1,11,01,1,01,1,11,01,1,1,0011,01,01,01
77_16;lick;COOL;UP;Chet Baker;SWING;2;53;1;54;2;8;6;2,2,1,4,2,1;01,01,1,0011,11,1
77_17;line;COOL;UP;Chet Baker;SWING;8;55;1;62;2;63;30;2,2,4,2,2,2,2,2,2,2,2,2,2,2,2,2,2,2,2,2,2,2,2,6,4,3,2,2,4,2;11,11,1011,11,11,11,11,11,11,11,11,11,11,11,11,11,11,11,11,11,11,11,11,010011,1011,011,01,11,1111,01
77_18;lick;COOL;UP;Chet Baker;SWING;4;62;4;65;3;12;10;2,2,1,1,2,4,2,1,1,1;01,11,1,1,01,1001,01,1,1,1
78_1;lick;POSTBOP;UP;Chris Potter;SWING;3;0;4;2;3;6;6;2,2,2,1,1,1;01,01,01,1,1,1
78_2;lick;POSTBOP;UP;Chris Potter;SWING;2;3;3;4;3;6;3;2,2,2;11,11,11
78_3;lick;POSTBOP;UP;Chris Potter;SWING;3;6;2;8;4;15;9;2,3,2,1,4,4,2,2,1;11,111,11,1,0001,0110,11,01,1
78_4;line;POSTBOP;UP;Chris Potter;SWING;4;10;3;13;2;22;12;2,4,2,2,2,4,2,1,2,2,1,2;11,1011,01,11,11,0011,11,1,11,11,1,11
78_5;lick;POSTBOP;UP;Chris Potter;SWING;3;15;3;17;4;14;10;2,2,2,2,3,2,4,2,1,1;01,11,11,11,110,01,0001,01,1,1
78_6;line;POSTBOP;UP;Chris Potter;SWING;7;19;3;25;4;51;26;4,2,2,2,2,2,2,2,2,2,2,3,2,2,3,2,2,2,3,2,1,2,2,2,2,1;0001,11,11,11,11,11,11,11,11,11,11,111,11,11,111,11,11,11,111,11,1,01,11,11,11,1
78_7;line;POSTBOP;UP;Chris Potter;SWING;8;27;1;34;3;63;31;4,2,2,2,2,2,2,1,4,2,2,3,2,2,2,2,2,2,2,2,2,2,2,3,2,2,2,2,2,2,2;0011,11,11,11,11,11,11,1,1101,11,11,011,11,11,11,11,11,11,11,11,11,11,11,111,11,11,11,11,11,11,11
78_8;line;POSTBOP;UP;Chris Potter;SWING;2;36;1;37;3;14;7;2,3,2,2,2,2,2;01,111,11,11,11,11,11
78_9;line;POSTBOP;UP;Chris Potter;SWING;4;38;3;41;3;24;12;2,2,2,2,3,2,2,1,3,2,2,1;11,11,11,11,111,11,11,1,111,11,11,1
78_10;lick;POSTBOP;UP;Chris Potter;SWING;2;42;1;43;3;11;6;2,2,2,4,1,1;11,11,11,1011,1,1
78_11;lick;POSTBOP;UP;Chris Potter;SWING;2;45;4;46;1;3;2;2,2;01,11
78_12;lick;POSTBOP;UP;Chris Potter;SWING;2;47;2;48;2;7;4;3,2,1,2;110,11,1,11
78_13;line;POSTBOP;UP;Chris Potter;SWING;6;49;3;54;2;41;20;2,2,3,1,3,4,3,2,4,2,4,2,2,2,3,2,2,4,2,2;01,01,111,1,111,1011,011,11,0011,11,1001,11,11,11,111,11,11,1011,11,01
78_14;line;POSTBOP;UP;Chris Potter;SWING;5;55;2;59;3;37;18;3,2,4,2,2,3,2,2,3,2,3,2,1,2,2,2,2,2;111,11,1110,11,11,111,11,11,011,11,111,11,1,11,11,01,01,11
78_15;line;POSTBOP;UP;Chris Potter;SWING;8;60;4;67;3;52;28;4,2,2,2,2,2,2,2,2,2,2,2,2,2,2,4,2,2,2,1,2,2,2,2,2,2,2,1;0001,11,11,11,11,11,11,11,11,11,11,11,11,11,11,1101,01,11,11,1,11,11,11,01,11,11,11,1
78_16;lick;POSTBOP;UP;Chris Potter;SWING;2;67;4;68;2;3;3;2,2,1;01,01,1
78_17;lick;POSTBOP;UP;Chris Potter;SWING;1;68;3;68;4;3;2;2,2;01,11
78_18;lick;POSTBOP;UP;Chris Potter;SWING;2;69;2;70;3;8;6;2,2,2,3,2,4;01,01,01,011,01,1001
78_19;line;POSTBOP;UP;Chris Potter;SWING;6;71;3;76;2;35;18;2,2,2,2,1,4,2,2,3,4,3,2,2,2,2,2,4,2;11,11,11,01,1,1011,11,11,111,1111,011,01,11,11,11,11,0001,01
78_20;lick;POSTBOP;UP;Chris Potter;SWING;2;77;1;78;3;11;7;2,2,2,2,1,2,2;01,11,11,11,1,01,11
78_21;line;POSTBOP;UP;Chris Potter;SWING;4;79;3;82;4;31;14;2,3,2,2,2,2,4,4,4,2,5,2,4,1;01,111,11,11,11,11,1111,0110,1011,11,01111,11,0001,1
78_22;lick;POSTBOP;UP;Chris Potter;SWING;1;83;3;83;3;1;1;1;1
78_23;lick;POSTBOP;UP;Chris Potter;SWING;1;84;3;84;3;2;1;2;11
78_24;lick;POSTBOP;UP;Chris Potter;SWING;1;86;1;86;1;1;1;2;01
78_25;lick;POSTBOP;UP;Chris Potter;SWING;2;86;4;87;1;2;2;2,2;01,01
78_26;lick;POSTBOP;UP;Chris Potter;SWING;2;87;3;88;3;7;5;2,1,1,2,1;11,1,1,11,1
78_27;line;POSTBOP;UP;Chris Potter;SWING;5;89;2;93;3;29;18;1,1,2,2,2,1,2,2,2,2,2,2,2,2,2,2,1,2;1,1,11,01,11,1,11,11,11,11,11,11,11,01,11,11,1,01
78_28;line;POSTBOP;UP;Chris Potter;SWING;7;94;3;100;2;44;24;2,2,2,2,2,2,2,2,2,2,2,2,2,2,2,2,2,1,1,2,2,2,2,2;11,11,11,11,11,11,11,11,01,11,11,11,11,11,11,11,01,1,1,11,11,11,11,11
78_29;line;POSTBOP;UP;Chris Potter;SWING;3;101;1;103;4;24;11;4,4,2,3,2,4,2,4,2,2,1;0001,1111,11,011,11,1101,11,1111,11,01,1
78_30;line;POSTBOP;UP;Chris Potter;SWING;7;105;1;111;3;50;27;2,2,2,2,2,1,4,2,2,2,3,2,3,2,1,4,2,1,3,2,2,2,1,2,4,2,2;01,11,11,11,11,1,1101,11,11,11,011,11,011,11,1,1101,11,1,011,11,11,11,1,01,1101,11,01
78_31;lick;POSTBOP;UP;Chris Potter;SWING;4;112;3;115;4;13;11;4,2,2,4,2,4,2,4,4,1,2;0001,11,01,0001,01,1001,01,0001,0001,1,01
78_32;lick;POSTBOP;UP;Chris Potter;SWING;5;117;1;121;3;19;14;4,1,1,1,1,1,1,2,2,2,2,2,2,1;1100,1,1,1,1,1,1,01,01,11,11,11,11,1
78_33;line;POSTBOP;UP;Chris Potter;SWING;4;122;3;125;3;23;13;2,2,4,2,2,2,2,2,2,2,2,2,1;11,11,0110,11,11,11,11,01,11,11,01,11,1
78_34;lick;POSTBOP;UP;Chris Potter;SWING;2;125;4;126;3;4;3;2,2,1;01,11,1
78_35;lick;POSTBOP;UP;Chris Potter;SWING;2;127;1;128;4;11;7;4,2,2,2,1,1,2;0001,11,11,11,1,1,11
81_1;lick;POSTBOP;UP;Chris Potter;SWING;1;3;3;3;4;3;2;2,2;11,01
81_3;line;POSTBOP;UP;Chris Potter;SWING;7;11;1;17;3;43;27;3,2,2,1,4,2,2,1,1,2,2,1,4,3,2,2,2,2,2,2,2,2,2,2,2,2,1;011,01,01,1,1100,01,01,1,1,01,01,1,1001,011,11,11,11,11,11,11,11,11,11,11,11,11,1
81_4;line;POSTBOP;UP;Chris Potter;SWING;4;19;2;22;3;27;14;4,2,2,2,2,2,2,2,4,2,2,2,4,1;0111,11,11,11,11,11,11,01,1101,11,11,11,0001,1
81_5;lick;POSTBOP;UP;Chris Potter;SWING;7;24;1;30;3;42;22;4,2,2,2,2,2,2,3,2,2,2,2,2,2,2,2,2,3,2,2,2,2;1110,11,11,11,11,11,01,110,11,01,01,01,11,11,11,11,11,111,11,11,11,11
81_6;line;POSTBOP;UP;Chris Potter;SWING;7;32;3;38;4;51;25;2,2,2,2,2,2,2,2,2,3,2,2,2,3,2,1,1,3,3,2,2,2,3,2,1;11,11,11,11,11,11,11,11,11,111,11,11,11,111,01,1,1,111,111,11,11,11,111,11,1
81_7;lick;POSTBOP;UP;Chris Potter;SWING;2;39;4;40;3;7;4;4,2,4,1;0011,11,1001,1
81_8;lick;POSTBOP;UP;Chris Potter;SWING;6;41;3;46;2;28;17;2,2,2,2,1,2,2,2,4,1,1,2,2,2,3,2,2;11,01,11,11,1,11,01,01,1101,1,1,11,11,11,011,11,01
81_9;line;POSTBOP;UP;Chris Potter;SWING;6;47;4;52;3;39;20;2,2,2,2,2,2,2,2,2,2,1,2,2,2,3,2,4,2,4,4;01,01,11,11,11,11,11,11,11,11,1,11,11,11,111,11,1011,11,0011,1100
81_10;line;POSTBOP;UP;Chris Potter;SWING;6;53;3;58;3;36;19;2,2,2,2,2,2,2,2,2,2,2,2,2,2,1,3,2,2,1;11,11,11,11,11,11,11,11,11,11,11,11,11,11,1,111,11,01,1
81_11;lick;POSTBOP;UP;Chris Potter;SWING;2;61;1;62;1;6;4;4,4,1,1;1001,1100,1,1
81_12;line;POSTBOP;UP;Chris Potter;SWING;6;63;2;68;3;41;22;2,2,1,2,2,2,2,2,2,2,2,2,2,2,2,2,3,2,2,2,2,1;11,01,1,11,11,11,11,11,11,11,11,11,11,11,11,11,011,11,11,11,11,1
81_13;line;POSTBOP;UP;Chris Potter;SWING;7;69;3;75;3;50;25;2,1,4,2,2,2,2,2,2,2,2,2,4,2,2,2,2,2,2,2,2,2,2,2,2;11,1,1101,11,11,11,11,11,11,11,11,11,1001,11,11,11,11,11,11,11,11,11,11,11,11
81_14;lick;POSTBOP;UP;Chris Potter;SWING;7;76;3;82;4;36;19;2,2,2,2,2,2,2,2,2,2,2,2,2,2,2,1,2,2,1;11,11,11,11,11,11,11,11,11,11,11,11,11,11,11,1,11,11,1
81_15;lick;POSTBOP;UP;Chris Potter;SWING;4;85;1;88;4;30;16;2,2,2,2,2,2,2,2,2,2,1,1,3,2,2,1;11,11,11,11,11,11,11,11,11,11,1,1,111,11,11,1
81_16;lick;POSTBOP;UP;Chris Potter;SWING;5;90;1;94;2;46;18;4,2,4,2,3,2,4,3,2,2,2,3,2,1,4,4,6,3;0011,11,1110,11,110,11,1111,111,11,11,11,111,01,1,1111,1011,111101,111
81_17;lick;POSTBOP;UP;Chris Potter;SWING;7;96;1;102;1;31;22;1,2,2,4,4,4,2,1,4,2,2,1,1,2,1,1,1,1,2,2,2,2;1,11,11,0001,0001,1001,01,1,1001,01,01,1,1,11,1,1,1,1,11,11,11,11
81_18;line;POSTBOP;UP;Chris Potter;SWING;10;103;2;112;3;70;35;2,2,2,3,2,2,2,2,2,2,2,2,2,2,2,3,2,2,2,2,2,2,2,2,2,2,2,2,2,2,2,4,2,2,1;11,11,11,111,11,11,11,11,11,11,11,11,11,11,11,011,11,11,11,11,11,11,11,11,11,11,11,11,11,11,11,0110,11,11,1
81_19;line;POSTBOP;UP;Chris Potter;SWING;9;113;3;121;4;57;31;2,3,2,2,3,1,2,2,2,3,2,2,2,2,2,4,2,2,2,2,2,1,1,2,4,2,2,1,2,1,1;11,111,11,11,111,1,11,11,01,111,11,11,11,11,11,1110,11,11,11,11,11,1,1,11,1001,11,01,1,01,1,1
81_20;line;POSTBOP;UP;Chris Potter;SWING;8;123;1;130;4;56;31;2,2,2,2,2,2,1,3,3,2,2,1,2,2,2,2,4,3,1,4,4,2,3,2,1,2,1,1,1,3,1;11,11,11,11,11,11,1,111,011,11,11,1,11,11,01,11,0111,011,1,1101,1100,11,111,11,1,01,1,1,1,110,1
81_21;lick;POSTBOP;UP;Chris Potter;SWING;2;131;2;132;4;5;5;2,1,2,1,1;01,1,01,1,1
81_22;lick;POSTBOP;UP;Chris Potter;SWING;2;133;2;134;4;5;5;2,1,2,1,1;01,1,01,1,1
81_23;lick;POSTBOP;UP;Chris Potter;SWING;2;135;3;136;4;7;6;1,1,1,1,2,1;1,1,1,1,11,1
81_24;lick;POSTBOP;UP;Chris Potter;SWING;1;137;2;137;4;2;2;2,1;01,1
81_25;lick;POSTBOP;UP;Chris Potter;SWING;4;138;3;141;4;23;13;2,1,1,2,4,2,2,2,2,1,2,4,2;11,1,1,11,0110,11,11,11,11,1,11,1100,11
81_26;lick;POSTBOP;UP;Chris Potter;SWING;3;143;1;145;3;21;11;2,2,2,3,2,2,2,2,2,2,1;01,11,11,111,11,11,11,11,11,11,1
81_27;line;POSTBOP;UP;Chris Potter;SWING;2;146;3;147;3;9;5;2,2,2,2,1;11,11,11,11,1
81_28;lick;POSTBOP;UP;Chris Potter;SWING;9;148;2;156;3;69;34;2,4,2,2,2,2,2,2,2,4,1,4,3,3,2,2,2,2,2,2,2,2,2,2,2,2,2,2,2,3,2,1,4,1;11,1110,11,11,11,11,11,11,11,1001,1,1100,111,011,11,11,11,11,11,11,11,11,11,11,11,11,11,11,11,111,11,1,1110,1
81_30;lick;POSTBOP;UP;Chris Potter;SWING;2;163;4;164;4;7;5;4,2,2,1,1;0001,11,11,1,1
81_31;line;POSTBOP;UP;Chris Potter;SWING;6;166;3;171;3;47;21;2,2,2,2,2,2,2,2,4,1,4,2,2,2,3,2,3,4,4,3,1;11,11,11,11,11,11,11,11,1101,1,1111,11,11,11,111,11,111,1001,1110,111,1
81_32;line;POSTBOP;UP;Chris Potter;SWING;6;172;3;177;2;48;20;8,2,3,3,4,3,3,2,4,2,3,3,2,2,4,2,2,1,4,2;01111100,11,111,111,1001,111,011,11,1101,11,011,011,11,11,1110,11,11,1,1101,11
81_33;lick;POSTBOP;UP;Chris Potter;SWING;14;177;4;190;3;73;51;2,2,1,4,2,1,2,2,1,2,1,1,2,2,1,2,2,1,2,1,2,2,2,2,2,1,2,2,1,4,2,1,2,3,3,2,4,1,2,2,1,2,2,1,2,2,2,2,2,1,1;01,11,1,0001,11,1,01,11,1,01,1,1,01,11,1,01,11,1,01,1,11,01,11,11,11,1,11,11,1,0011,01,1,01,011,110,01,1101,1,01,11,1,01,11,1,01,11,11,11,11,1,1
81_34;line;POSTBOP;UP;Chris Potter;SWING;6;191;1;196;3;40;21;2,2,2,2,2,2,2,2,1,2,2,2,2,2,2,2,2,2,2,2,1;11,11,11,11,11,11,11,11,1,11,11,11,11,11,11,11,11,11,11,11,1
81_35;lick;POSTBOP;UP;Chris Potter;SWING;8;197;3;204;1;57;27;4,2,1,4,2,2,4,2,2,2,2,3,2,3,4,2,3,2,2,2,2,2,2,2,2,2,2;0111,11,1,1111,11,11,0111,11,11,11,11,110,11,111,0011,11,011,11,11,11,11,11,11,11,11,01,11
81_36;lick;POSTBOP;UP;Chris Potter;SWING;8;205;3;212;2;59;28;2,2,2,2,2,2,2,2,4,2,4,2,4,3,2,2,2,2,2,2,2,2,2,2,2,2,2,1;11,11,11,11,11,11,11,11,1011,11,1111,11,1011,111,01,11,11,11,11,11,11,11,11,11,11,11,11,1
81_37;lick;POSTBOP;UP;Chris Potter;SWING;8;213;2;220;3;62;30;2,2,4,2,2,4,2,2,2,2,2,4,2,2,2,2,2,2,2,2,2,2,2,2,3,2,2,2,2,1;11,11,1011,11,11,1011,11,11,11,11,11,1110,11,11,11,11,11,11,11,11,11,11,11,11,011,11,11,11,11,1
81_38;lick;POSTBOP;UP;Chris Potter;SWING;6;221;3;226;4;43;22;2,2,2,2,2,3,2,2,2,2,2,4,2,2,2,2,2,2,2,2,2,1;11,11,11,11,11,111,11,11,11,11,11,0111,01,01,11,11,11,11,11,11,11,1
81_39;line;POSTBOP;UP;Chris Potter;SWING;6;227;3;232;4;42;22;2,2,2,2,2,4,2,2,2,2,2,2,2,2,1,3,2,1,3,3,3,1;11,11,11,11,11,0011,11,11,11,11,11,11,11,01,1,111,11,1,110,111,011,1
81_40;lick;POSTBOP;UP;Chris Potter;SWING;3;234;1;236;4;26;12;4,4,4,3,3,1,2,1,2,4,4,1;0111,1100,1110,110,111,1,11,1,11,1100,1111,1
81_41;lick;POSTBOP;UP;Chris Potter;SWING;6;238;1;243;3;40;17;2,3,3,2,3,2,6,2,4,2,4,4,1,3,1,1,4;11,111,111,11,111,11,110011,11,1111,01,1111,1110,1,110,1,1,1100
81_42;lick;POSTBOP;UP;Chris Potter;SWING;3;246;1;248;4;15;12;1,1,1,2,2,2,2,2,1,1,1,2;1,1,1,11,01,01,01,11,1,1,1,11
81_43;lick;POSTBOP;UP;Chris Potter;SWING;6;249;3;254;3;26;20;2,2,2,2,1,1,1,4,2,2,2,2,1,1,1,2,1,2,2,2;11,01,01,01,1,1,1,0111,01,01,01,01,1,1,1,01,1,11,11,11
81_44;lick;POSTBOP;UP;Chris Potter;SWING;3;255;2;257;4;18;9;2,2,2,2,2,3,2,2,2;11,11,11,11,11,011,11,11,11
81_45;lick;POSTBOP;UP;Chris Potter;SWING;5;258;4;262;1;11;6;3,2,2,2,2,2;011,11,11,11,01,11
81_46;lick;POSTBOP;UP;Chris Potter;SWING;5;262;4;266;3;18;9;2,2,2,1,2,3,3,3,4;11,11,11,1,01,111,111,011,1001
81_47;line;POSTBOP;UP;Chris Potter;SWING;2;267;2;268;4;8;6;1,4,4,1,1,2;1,1001,0001,1,1,11
81_48;line;POSTBOP;UP;Chris Potter;SWING;5;270;1;274;4;31;18;2,2,2,4,2,2,2,2,4,2,2,2,1,1,1,2,2,1;01,11,11,0110,11,11,11,11,1001,11,11,11,1,1,1,11,11,1
81_49;line;POSTBOP;UP;Chris Potter;SWING;4;275;2;278;1;25;12;3,2,2,2,2,3,2,2,2,2,2,2;111,11,11,11,11,011,11,11,11,11,11,11
81_50;line;POSTBOP;UP;Chris Potter;SWING;3;279;1;281;2;20;10;4,3,4,2,2,2,2,1,2,2;1101,011,1101,11,11,11,11,1,11,01
81_51;lick;POSTBOP;UP;Chris Potter;SWING;3;282;1;284;4;12;11;2,1,1,1,1,1,1,1,2,2,1;01,1,1,1,1,1,1,1,11,01,1
81_52;line;POSTBOP;UP;Chris Potter;SWING;4;285;2;288;4;30;15;3,3,2,2,3,2,2,3,2,3,2,2,2,2,3;011,011,11,11,011,11,11,011,11,011,11,11,11,11,011
87_3;lick;HARDBOP;UP;Clifford Brown;SWING;2;5;3;6;1;4;3;2,2,1;01,11,1
87_4;lick;HARDBOP;UP;Clifford Brown;SWING;3;6;3;8;1;16;7;2,4,2,2,4,2,2;11,0111,11,11,0111,11,11
87_6;lick;HARDBOP;UP;Clifford Brown;SWING;3;13;2;15;2;32;9;6,4,4,5,6,4,3,5,4;111111,1011,1111,00111,010011,1110,011,11111,1110
87_9;lick;HARDBOP;UP;Clifford Brown;SWING;5;23;4;27;4;32;16;2,2,2,2,3,1,2,1,2,4,3,4,2,2,4,4;01,11,11,11,111,1,11,1,11,1110,110,1001,11,11,1011,1100
87_10;lick;HARDBOP;UP;Clifford Brown;SWING;2;28;1;29;4;13;8;2,2,4,2,1,2,1,1;01,11,0111,11,1,11,1,1
87_11;lick;HARDBOP;UP;Clifford Brown;SWING;1;30;1;30;4;8;4;2,2,4,1;01,11,1111,1
87_14;lick;HARDBOP;UP;Clifford Brown;SWING;1;37;2;37;3;3;2;2,4;01,0011
87_15;lick;HARDBOP;UP;Clifford Brown;SWING;1;38;2;38;4;3;3;2,2,1;01,01,1
87_16;lick;HARDBOP;UP;Clifford Brown;SWING;1;39;1;39;4;8;4;2,3,2,2;01,111,11,11
87_18;lick;HARDBOP;UP;Clifford Brown;SWING;7;42;2;48;1;39;24;4,4,6,2,2,4,4,7,6,2,2,4,2,2,2,2,1,1,1,1,4,1,3,1;0001,0001,000011,11,01,0001,0001,0011111,010001,01,11,0001,11,11,11,11,1,1,1,1,1001,1,111,1
87_19;lick;HARDBOP;UP;Clifford Brown;SWING;2;48;4;49;3;9;4;4,4,4,1;0011,1011,1011,1
87_21;line;HARDBOP;UP;Clifford Brown;SWING;7;52;3;58;3;54;24;6,2,2,4,2,2,3,2,2,2,3,2,2,6,5,6,2,2,2,2,2,2,2,1;000011,11,11,0111,11,11,011,11,11,11,111,11,11,010111,01111,100011,11,11,11,11,11,11,11,1
87_22;lick;HARDBOP;UP;Clifford Brown;SWING;3;59;2;61;1;17;8;5,2,2,1,5,2,4,2;10111,11,11,1,01111,11,0001,01
87_23;line;HARDBOP;UP;Clifford Brown;SWING;2;62;2;63;4;13;7;2,2,2,2,2,2,2;01,11,11,11,11,11,11
87_25;line;HARDBOP;UP;Clifford Brown;SWING;2;67;1;68;3;11;7;2,2,2,2,2,2,1;01,11,11,11,01,11,1
87_27;lick;HARDBOP;UP;Clifford Brown;SWING;1;71;2;71;4;3;2;4,2;0001,11
87_29;lick;HARDBOP;UP;Clifford Brown;SWING;2;79;4;80;1;3;2;2,2;01,11
87_30;line;HARDBOP;UP;Clifford Brown;SWING;8;81;1;88;2;60;29;2,4,2,2,1,2,1,2,2,2,2,2,2,6,2,4,2,2,2,2,2,2,3,2,2,3,2,4,1;01,1001,01,11,1,01,1,11,11,11,11,11,11,011101,11,1111,11,11,11,11,11,11,111,11,11,111,11,1111,1
87_31;lick;HARDBOP;UP;Clifford Brown;SWING;5;89;1;93;1;64;17;6,4,4,4,5,4,4,3,6,4,4,4,6,4,4,3,1;011111,1111,1111,1111,10111,1111,1111,111,011101,1111,1111,1111,101011,1111,1111,111,1
87_32;lick;HARDBOP;UP;Clifford Brown;SWING;2;93;4;94;4;12;5;2,6,2,5,1;01,011101,11,01111,1
88_1;lick;HARDBOP;UP;Clifford Brown;SWING;3;0;2;2;3;16;10;2,3,4,2,2,2,2,2,2,2;01,111,1011,01,01,11,01,01,01,11
88_2;line;HARDBOP;UP;Clifford Brown;SWING;3;3;2;5;4;21;11;2,4,2,2,2,2,2,1,2,4,1;11,1011,01,11,11,11,11,1,11,1011,1
88_3;line;HARDBOP;UP;Clifford Brown;SWING;2;6;1;7;3;12;6;2,2,2,2,2,2;11,11,11,11,11,11
88_4;line;HARDBOP;UP;Clifford Brown;SWING;7;8;3;14;3;47;25;2,2,2,2,2,2,2,2,2,2,2,2,2,2,2,2,2,2,2,2,2,2,1,2,2;01,11,11,11,11,11,11,11,11,11,11,11,11,11,11,11,11,11,11,11,11,11,1,01,11
88_5;line;HARDBOP;UP;Clifford Brown;SWING;2;14;4;15;4;10;5;2,2,3,3,2;01,11,111,011,11
88_6;line;HARDBOP;UP;Clifford Brown;SWING;4;16;4;19;3;22;12;2,2,2,2,2,2,2,2,2,3,4,2;01,11,01,11,11,11,11,11,11,111,0001,11
88_7;line;HARDBOP;UP;Clifford Brown;SWING;3;21;1;23;3;21;11;4,2,2,2,4,2,2,4,2,2,1;0111,01,11,11,1011,01,11,1101,01,11,1
88_8;line;HARDBOP;UP;Clifford Brown;SWING;7;24;2;30;2;51;25;2,2,2,2,2,2,2,2,2,2,2,4,2,2,2,2,2,2,2,2,2,2,2,2,4;11,11,11,11,11,11,11,11,11,11,11,1011,01,11,11,11,11,11,11,11,11,11,11,11,0111
88_10;line;HARDBOP;UP;Clifford Brown;SWING;2;38;1;39;3;12;7;2,2,2,2,2,2,1;01,11,11,11,11,11,1
88_11;lick;HARDBOP;UP;Clifford Brown;SWING;3;40;3;42;4;12;9;2,2,1,2,2,1,1,2,1;01,11,1,11,11,1,1,01,1
88_12;line;HARDBOP;UP;Clifford Brown;SWING;5;43;2;47;3;33;18;2,1,2,2,2,2,2,2,2,2,2,2,2,2,2,2,2,1;11,1,01,11,11,11,11,11,11,11,11,11,11,11,11,11,11,1
88_13;lick;HARDBOP;UP;Clifford Brown;SWING;2;48;4;49;3;5;4;2,1,2,1;01,1,11,1
88_14;line;HARDBOP;UP;Clifford Brown;SWING;3;50;1;52;2;16;10;4,4,2,2,1,2,2,2,1,1;1011,0011,01,01,1,11,11,11,1,1
88_15;lick;HARDBOP;UP;Clifford Brown;SWING;2;53;1;54;4;14;8;2,1,2,2,1,2,4,1;01,1,11,11,1,11,1111,1
88_16;line;HARDBOP;UP;Clifford Brown;SWING;5;55;1;59;4;39;20;2,2,2,4,2,2,2,2,2,2,2,2,2,2,2,2,2,2,2,2;01,11,11,1011,01,11,11,11,11,11,11,11,11,11,11,11,11,11,11,11
88_17;line;HARDBOP;UP;Clifford Brown;SWING;3;60;1;62;3;22;11;2,2,2,4,2,1,3,2,3,2,1;01,11,11,1011,11,1,111,11,111,11,1
88_18;lick;HARDBOP;UP;Clifford Brown;SWING;2;63;1;64;4;14;8;2,3,4,3,3,2,2,2;01,011,0011,011,011,01,11,11
89_1;lick;HARDBOP;MEDIUM UP;Clifford Brown;A:LATIN/B:SWING;2;0;2;1;1;8;4;3,2,2,3;111,01,11,011
89_2;lick;HARDBOP;MEDIUM UP;Clifford Brown;A:LATIN/B:SWING;5;2;3;6;1;22;11;2,4,2,2,4,3,4,2,1,2,4;01,0011,11,11,0111,011,1011,11,1,01,1101
89_3;lick;HARDBOP;MEDIUM UP;Clifford Brown;A:LATIN/B:SWING;2;7;1;8;1;10;5;2,3,2,3,1;01,111,11,111,1
89_6;line;HARDBOP;MEDIUM UP;Clifford Brown;A:LATIN/B:SWING;2;17;1;18;3;17;7;4,4,4,1,4,4,1;0011,1111,1101,1,0011,1111,1
89_7;lick;HARDBOP;MEDIUM UP;Clifford Brown;A:LATIN/B:SWING;2;19;1;20;4;16;8;4,3,6,4,4,4,3,4;0011,110,000101,0110,0011,1100,011,1100
89_8;line;HARDBOP;MEDIUM UP;Clifford Brown;A:LATIN/B:SWING;5;21;2;25;1;34;16;2,3,1,2,2,2,4,3,2,2,2,2,3,2,2,2;01,111,1,11,11,11,1111,111,11,11,11,11,011,11,11,11
89_9;line;HARDBOP;MEDIUM UP;Clifford Brown;A:LATIN/B:SWING;2;26;1;27;3;9;6;2,2,2,2,2,1;01,11,11,11,01,1
89_10;lick;HARDBOP;MEDIUM UP;Clifford Brown;A:LATIN/B:SWING;5;28;1;32;1;25;16;2,4,2,2,1,4,1,4,2,2,3,1,4,1,2,1;01,1001,11,11,1,0110,1,0110,11,11,111,1,0001,1,01,1
89_11;lick;HARDBOP;MEDIUM UP;Clifford Brown;A:LATIN/B:SWING;9;32;4;40;1;59;30;4,2,2,4,4,3,4,6,2,2,2,4,2,2,2,2,2,1,2,2,2,2,2,2,2,2,2,2,6,2;1110,11,11,0110,1001,011,0111,011001,01,11,11,0110,11,01,11,11,11,1,01,11,11,11,11,11,11,11,11,11,010001,11
89_12;line;HARDBOP;MEDIUM UP;Clifford Brown;A:LATIN/B:SWING;5;41;1;45;4;38;16;2,2,3,3,2,2,2,3,1,4,4,2,1,6,6,1;01,11,011,111,11,11,11,111,1,1111,1111,11,1,000111,110111,1
89_13;lick;HARDBOP;MEDIUM UP;Clifford Brown;A:LATIN/B:SWING;3;46;2;48;1;13;7;4,3,1,4,2,2,4;0011,111,1,0011,11,01,1100
89_14;line;HARDBOP;MEDIUM UP;Clifford Brown;A:LATIN/B:SWING;10;48;4;57;2;76;35;2,2,2,3,1,2,2,2,4,2,2,2,2,2,2,4,2,2,2,6,2,2,2,6,2,2,2,2,2,4,2,2,2,2,2;01,11,11,110,1,11,11,11,1111,11,11,11,11,11,11,0111,11,11,11,011110,11,11,11,111110,11,11,11,11,11,0110,11,11,11,11,11
89_15;lick;HARDBOP;MEDIUM UP;Clifford Brown;A:LATIN/B:SWING;2;58;2;59;1;11;4;3,2,6,8;111,01,011011,01000011
89_16;lick;HARDBOP;MEDIUM UP;Clifford Brown;A:LATIN/B:SWING;2;60;1;61;2;12;6;4,4,3,6,3,2;0001,0111,011,101001,011,01
89_17;lick;HARDBOP;MEDIUM UP;Clifford Brown;A:LATIN/B:SWING;4;62;1;65;1;23;13;4,2,2,2,2,2,4,2,1,3,1,2,1;0011,11,11,01,11,11,1110,11,1,110,1,11,1
90_1;line;HARDBOP;UP;Clifford Brown;SWING;9;-1;3;7;2;50;31;4,2,2,2,2,3,2,4,2,4,2,2,2,2,2,2,1,2,1,1,1,1,1,1,1,1,1,2,2,4,4;1011,11,01,11,11,111,11,1101,01,1011,01,11,11,11,11,11,1,11,1,1,1,1,1,1,1,1,1,01,01,1001,0001
90_2;lick;HARDBOP;UP;Clifford Brown;SWING;3;9;2;11;1;14;7;2,2,2,1,4,4,4;11,11,11,1,1011,1011,0001
90_3;line;HARDBOP;UP;Clifford Brown;SWING;9;11;4;19;4;64;33;2,4,3,3,2,2,2,2,2,2,2,2,2,2,2,2,4,2,2,2,2,2,2,2,2,2,4,2,2,2,2,1,1;01,0111,011,011,01,11,11,11,11,11,11,11,11,11,11,11,1001,11,11,11,11,11,11,11,11,11,1101,11,11,11,11,1,1
90_4;lick;HARDBOP;UP;Clifford Brown;SWING;2;20;3;21;3;8;5;1,2,2,2,1;1,11,11,11,1
90_5;lick;HARDBOP;UP;Clifford Brown;SWING;2;22;2;23;4;10;7;2,1,4,1,2,1,1;01,1,1101,1,11,1,1
90_7;line;HARDBOP;UP;Clifford Brown;SWING;4;28;2;31;4;32;15;4,3,2,2,2,3,3,2,2,3,2,3,2,3,3;1011,011,01,11,11,111,011,11,11,011,11,011,01,111,111
90_9;lick;HARDBOP;UP;Clifford Brown;SWING;2;34;4;35;1;3;2;4,2;1001,01
90_10;line;HARDBOP;UP;Clifford Brown;SWING;5;36;2;40;4;35;19;4,4,2,2,2,2,2,4,2,2,3,2,2,3,2,3,2,2,1;0001,0110,01,11,11,11,11,1011,01,11,111,11,11,011,01,111,11,01,1
90_12;line;HARDBOP;UP;Clifford Brown;SWING;4;44;1;47;1;24;12;3,2,4,3,4,3,2,2,3,2,4,2;111,11,1011,011,0001,011,11,01,111,11,0011,01
90_14;lick;HARDBOP;UP;Clifford Brown;SWING;3;55;4;57;2;12;7;2,2,1,2,2,2,2;11,11,1,11,11,11,01
90_15;line;HARDBOP;UP;Clifford Brown;SWING;11;58;1;68;4;88;44;2,3,2,2,4,2,2,2,2,2,2,3,3,2,2,3,3,2,3,2,2,3,2,2,4,2,2,4,2,2,2,4,2,4,2,1,2,4,3,1,2,2,2,4;01,111,11,01,1111,11,11,11,11,11,11,011,011,11,11,011,011,11,011,01,11,111,11,01,1001,01,01,1011,01,11,11,1101,01,1111,11,1,11,1011,011,1,11,11,11,1011
90_16;lick;HARDBOP;UP;Clifford Brown;SWING;3;69;3;71;1;13;7;4,2,3,3,2,2,2;0001,11,011,011,11,11,11
90_17;line;HARDBOP;UP;Clifford Brown;SWING;2;72;2;73;3;12;6;2,3,3,3,2,1;11,111,011,111,01,1
90_18;lick;HARDBOP;UP;Clifford Brown;SWING;1;74;1;74;3;3;3;4,2,1;0001,01,1
90_19;line;HARDBOP;UP;Clifford Brown;SWING;9;75;1;83;1;65;32;4,2,2,2,2,4,3,2,2,1,3,3,2,2,2,4,3,2,4,2,2,4,3,2,2,2,2,3,6,2,2,2;0001,01,11,11,11,1011,011,11,11,1,111,011,11,11,11,0001,011,11,1111,01,11,1101,011,11,11,01,11,111,100011,11,11,11
90_20;lick;HARDBOP;UP;Clifford Brown;SWING;4;84;3;87;3;13;8;4,2,2,2,1,2,2,1;1100,11,11,11,1,11,01,1
90_21;lick;HARDBOP;UP;Clifford Brown;SWING;9;89;1;97;1;56;31;4,1,3,2,3,4,2,2,2,2,2,2,4,4,3,3,2,4,2,4,2,2,4,2,2,2,2,2,2,4,2;0001,1,111,11,011,0111,11,01,01,01,01,01,1011,0001,011,011,11,1001,01,1011,01,11,1011,01,11,11,11,11,11,1011,01
91_1;line;HARDBOP;UP;Clifford Brown;SWING;4;0;1;3;1;27;13;2,2,2,2,2,3,2,2,2,3,2,2,2;11,11,11,11,11,111,11,11,11,011,11,11,11
91_2;lick;HARDBOP;UP;Clifford Brown;SWING;2;4;3;5;3;6;4;3,4,2,2;011,0001,11,01
91_3;line;HARDBOP;UP;Clifford Brown;SWING;3;6;3;8;4;16;10;2,2,2,2,3,3,1,2,2,1;11,01,01,01,111,011,1,11,11,1
91_4;line;HARDBOP;UP;Clifford Brown;SWING;2;9;3;10;3;8;5;2,2,4,1,1;01,11,1011,1,1
91_5;line;HARDBOP;UP;Clifford Brown;SWING;4;11;3;14;1;22;11;3,3,2,3,1,3,1,4,1,2,2;011,110,11,111,1,111,1,1101,1,11,11
91_6;line;HARDBOP;UP;Clifford Brown;SWING;3;14;2;16;3;21;10;3,1,2,3,3,4,3,3,2,4;011,1,11,110,111,1100,110,110,11,1101
91_7;line;HARDBOP;UP;Clifford Brown;SWING;4;17;1;20;3;31;15;2,4,1,2,2,2,2,2,2,4,2,2,2,1,4;11,1101,1,11,01,11,11,11,11,0111,11,11,11,1,1111
91_8;line;HARDBOP;UP;Clifford Brown;SWING;3;21;1;23;2;18;10;2,3,2,3,1,2,4,2,2,1;01,111,01,111,1,11,1011,11,01,1
91_9;lick;HARDBOP;UP;Clifford Brown;SWING;3;24;4;26;3;13;8;1,2,2,2,2,2,2,3;1,11,11,01,11,11,01,110
91_10;lick;HARDBOP;UP;Clifford Brown;SWING;2;27;1;28;1;8;5;4,2,2,2,2;0001,11,11,11,01
91_11;lick;HARDBOP;UP;Clifford Brown;SWING;2;28;3;29;3;9;5;2,2,2,2,2;11,11,11,11,01
91_12;line;HARDBOP;UP;Clifford Brown;SWING;3;30;1;32;3;20;11;3,3,2,2,2,3,2,1,3,2,3;011,111,11,01,11,111,01,1,110,01,110
91_13;line;HARDBOP;UP;Clifford Brown;SWING;3;33;2;35;1;16;8;2,3,4,2,2,2,2,2;01,110,1101,11,11,11,11,11
91_15;lick;HARDBOP;UP;Clifford Brown;SWING;4;44;3;47;1;19;11;2,2,1,1,1,1,2,2,4,4,2;11,11,1,1,1,1,11,11,0110,1101,11
91_18;line;HARDBOP;UP;Clifford Brown;SWING;13;59;4;71;3;93;46;2,2,2,2,2,2,3,2,3,2,2,3,3,4,2,4,2,2,4,2,1,3,2,2,2,2,2,2,2,1,4,1,3,4,2,2,3,2,2,2,2,2,2,2,2,2;01,11,11,11,11,11,110,11,110,11,11,111,110,1011,01,1101,11,01,1011,11,1,111,11,11,11,11,11,11,11,1,1101,1,111,1001,11,01,111,11,11,11,11,11,11,11,11,11
91_19;line;HARDBOP;UP;Clifford Brown;SWING;4;72;3;75;3;26;13;2,2,4,2,2,4,4,1,3,4,3,2,1;01,11,1101,11,11,0110,1101,1,110,1101,011,11,1
91_20;line;HARDBOP;UP;Clifford Brown;SWING;6;77;3;82;2;40;20;3,4,4,2,3,2,4,1,4,2,3,4,2,2,2,6,1,1,3,1;011,1110,1001,01,111,11,0111,1,1101,11,110,1110,11,11,11,000011,1,1,110,1
91_21;line;HARDBOP;UP;Clifford Brown;SWING;8;83;3;90;3;59;28;3,2,1,4,3,2,2,4,2,2,2,2,4,2,3,2,3,4,3,1,4,4,4,2,2,2,3,4;011,11,1,1011,011,01,11,1101,11,01,11,01,0111,11,111,11,011,1001,111,1,1011,1100,1111,11,11,11,110,1100
91_22;line;HARDBOP;UP;Clifford Brown;SWING;3;91;3;93;3;15;8;2,3,4,4,2,2,2,1;01,110,1100,1101,11,11,11,1
91_23;lick;HARDBOP;UP;Clifford Brown;SWING;1;94;1;94;3;3;3;1,1,2;1,1,01
91_24;line;HARDBOP;UP;Clifford Brown;SWING;3;95;2;97;1;16;8;2,2,2,2,2,2,2,2;11,11,11,11,11,11,11,11
92_2;lick;HARDBOP;MEDIUM;Clifford Brown;SWING;5;3;2;7;3;35;17;2,2,4,2,2,2,2,1,3,4,1,4,3,4,2,2,4;01,11,1111,11,11,11,11,1,111,0111,1,0011,011,1011,01,11,1001
92_3;lick;HARDBOP;MEDIUM;Clifford Brown;SWING;1;9;1;9;4;12;4;4,4,4,4;1011,1011,1011,1110
92_4;line;HARDBOP;MEDIUM;Clifford Brown;SWING;7;10;2;16;1;46;24;2,2,2,2,2,2,2,2,3,2,2,1,4,2,2,1,3,2,2,2,3,2,2,1;01,11,11,11,11,11,11,11,111,11,11,1,1101,01,11,1,111,01,11,11,111,11,11,1
92_5;line;HARDBOP;MEDIUM;Clifford Brown;SWING;4;16;4;19;2;22;11;2,2,2,2,2,4,2,2,3,2,1;01,11,11,11,11,0111,11,11,111,11,1
92_6;lick;HARDBOP;MEDIUM;Clifford Brown;SWING;2;19;3;20;2;8;4;4,2,2,3;0001,11,11,111
92_7;lick;HARDBOP;MEDIUM;Clifford Brown;SWING;2;21;1;22;4;30;8;5,4,6,3,4,6,4,2;11111,0111,111110,110,1111,110111,1111,11
92_8;line;HARDBOP;MEDIUM;Clifford Brown;SWING;1;23;1;23;3;12;3;4,8,4;0011,10110111,1111
92_9;lick;HARDBOP;MEDIUM;Clifford Brown;SWING;2;23;4;24;2;6;3;4,4,4;0001,1011,1100
92_11;lick;HARDBOP;MEDIUM;Clifford Brown;SWING;2;26;4;27;4;10;5;2,2,2,3,2;01,11,11,111,11
92_12;line;HARDBOP;MEDIUM;Clifford Brown;SWING;5;28;4;32;1;24;13;2,1,2,2,2,2,2,2,2,2,2,2,1;11,1,11,11,11,11,11,11,11,11,11,11,1
92_13;line;HARDBOP;MEDIUM;Clifford Brown;SWING;5;33;1;37;4;73;20;4,6,4,4,4,4,4,4,6,4,4,4,4,4,6,6,6,6,4,1;0011,110111,0111,1111,1111,0111,1111,1111,101011,0111,1111,1111,1111,1111,111011,011011,010111,010111,0111,1
92_14;line;HARDBOP;MEDIUM;Clifford Brown;SWING;2;38;1;39;3;25;7;4,6,4,6,2,4,4;0111,111111,0111,101011,11,1111,0111
92_17;line;HARDBOP;MEDIUM;Clifford Brown;SWING;6;42;4;47;3;48;20;2,2,2,2,4,2,2,4,2,2,6,2,2,6,2,2,2,3,4,2;11,11,11,11,1110,11,11,1110,11,11,011110,11,11,111101,11,11,11,110,1110,11
92_18;line;HARDBOP;MEDIUM;Clifford Brown;SWING;1;49;1;49;3;9;3;4,4,4;0011,1111,1110
92_19;line;HARDBOP;MEDIUM;Clifford Brown;SWING;7;49;4;55;1;75;22;4,4,8,7,7,6,4,4,4,4,6,4,1,2,4,4,4,4,6,5,6,1;0001,1111,11001011,0101011,0101011,011101,1111,0111,1111,1111,111011,1001,1,11,1001,1111,1111,1111,111011,01111,010111,1
92_20;line;HARDBOP;MEDIUM;Clifford Brown;SWING;2;55;3;56;3;15;5;4,6,4,4,4;0111,011110,1111,1001,0110
92_23;lick;HARDBOP;MEDIUM;Clifford Brown;SWING;2;60;4;61;1;5;2;4,2;1111,11
92_24;line;HARDBOP;MEDIUM;Clifford Brown;SWING;2;61;1;62;2;20;6;2,6,4,5,6,1;11,110111,0111,11111,111011,1
92_25;lick;HARDBOP;MEDIUM;Clifford Brown;SWING;2;63;1;64;4;16;8;1,2,2,2,3,2,2,3;1,11,11,11,011,11,11,111
93_1;lick;HARDBOP;MEDIUM UP;Clifford Brown;SWING;2;1;3;2;2;6;4;2,2,1,3;01,11,1,110
93_2;lick;HARDBOP;MEDIUM UP;Clifford Brown;SWING;2;3;1;4;1;8;5;2,2,2,2,1;01,11,11,11,1
93_3;lick;HARDBOP;MEDIUM UP;Clifford Brown;SWING;2;4;2;5;2;12;5;4,2,3,2,4;1101,11,111,01,1011
93_4;lick;HARDBOP;MEDIUM UP;Clifford Brown;SWING;1;6;2;6;4;5;3;2,2,2;01,11,11
93_5;lick;HARDBOP;MEDIUM UP;Clifford Brown;SWING;2;7;2;8;4;14;7;4,2,2,2,2,2,4;0001,11,11,11,11,11,0111
93_6;line;HARDBOP;MEDIUM UP;Clifford Brown;SWING;1;9;3;9;4;2;2;4,2;0001,11
93_7;line;HARDBOP;MEDIUM UP;Clifford Brown;SWING;4;9;4;12;2;20;11;2,2,3,3,2,2,4,2,2,1,1;11,11,011,011,11,11,1110,11,11,1,1
93_8;line;HARDBOP;MEDIUM UP;Clifford Brown;SWING;4;12;3;15;3;33;13;5,2,2,6,2,2,2,4,6,5,2,2,1;01111,11,11,011110,11,11,01,0111,011101,01111,11,11,1
93_9;lick;HARDBOP;MEDIUM UP;Clifford Brown;SWING;2;16;1;17;1;10;5;4,2,2,6,2;0001,11,11,001111,01
93_10;lick;HARDBOP;MEDIUM UP;Clifford Brown;SWING;3;17;2;19;1;24;8;4,4,3,4,5,4,4,1;0001,1101,111,1101,11111,1111,1111,1
93_11;lick;HARDBOP;MEDIUM UP;Clifford Brown;SWING;4;19;2;22;2;44;13;2,6,4,4,4,4,4,4,3,5,4,3,4;01,110011,1011,1011,1111,1111,1111,1111,111,11111,1111,111,1100
93_12;line;HARDBOP;MEDIUM UP;Clifford Brown;SWING;2;22;3;23;2;12;4;4,4,3,1;1111,1111,111,1
93_13;line;HARDBOP;MEDIUM UP;Clifford Brown;SWING;2;24;1;25;1;10;5;4,4,4,2,2;0001,0111,1101,11,11
93_15;lick;HARDBOP;MEDIUM UP;Clifford Brown;SWING;2;26;1;27;1;7;5;4,2,2,1,4;0001,11,11,1,1001
93_16;line;HARDBOP;MEDIUM UP;Clifford Brown;SWING;5;27;1;31;2;35;18;4,6,2,2,2,2,3,2,2,2,2,2,2,2,2,2,2,2;1001,001001,11,11,11,11,011,11,11,11,11,11,11,11,11,11,11,11
93_18;lick;HARDBOP;MEDIUM UP;Clifford Brown;SWING;2;36;3;37;3;9;5;2,2,2,2,2;11,11,11,11,11
93_19;lick;HARDBOP;MEDIUM UP;Clifford Brown;SWING;2;37;3;38;1;4;3;2,1,3;11,1,110
93_20;line;HARDBOP;MEDIUM UP;Clifford Brown;SWING;2;38;2;39;3;10;6;4,2,2,2,2,1;0001,11,11,11,11,1
93_21;line;HARDBOP;MEDIUM UP;Clifford Brown;SWING;3;40;2;42;3;19;10;4,3,4,2,2,2,6,3,2,2;0001,011,1101,11,11,11,001001,011,11,01
93_22;line;HARDBOP;MEDIUM UP;Clifford Brown;SWING;4;42;4;45;2;22;11;4,2,2,2,2,2,2,2,2,4,2;1101,11,11,11,11,11,11,11,11,0110,01
93_23;lick;HARDBOP;MEDIUM UP;Clifford Brown;SWING;2;45;4;46;4;7;5;2,6,2,2,1;01,000011,01,11,1
93_24;lick;HARDBOP;MEDIUM UP;Clifford Brown;SWING;2;47;2;48;1;6;4;2,2,2,1;01,11,11,1
93_25;lick;HARDBOP;MEDIUM UP;Clifford Brown;SWING;3;48;2;50;3;17;10;2,2,2,2,4,2,2,2,2,4;01,11,11,11,0001,01,01,11,11,0111
93_26;lick;HARDBOP;MEDIUM UP;Clifford Brown;SWING;2;51;1;52;3;14;7;3,2,2,2,2,6,1;011,11,11,11,01,101101,1
93_27;lick;HARDBOP;MEDIUM UP;Clifford Brown;SWING;2;53;1;54;4;12;8;4,2,2,6,2,2,4,2;0001,11,01,100101,01,11,0001,01
93_28;lick;HARDBOP;MEDIUM UP;Clifford Brown;SWING;3;55;1;57;2;16;10;2,2,2,2,4,6,2,2,1,2;01,11,11,11,0110,010001,01,11,1,01
93_29;lick;HARDBOP;MEDIUM UP;Clifford Brown;SWING;2;58;1;59;2;10;6;6,2,2,2,2,1;000011,01,11,11,11,1
93_30;lick;HARDBOP;MEDIUM UP;Clifford Brown;SWING;2;59;3;60;2;7;4;3,2,6,1;011,11,010001,1
93_31;lick;HARDBOP;MEDIUM UP;Clifford Brown;SWING;2;60;3;61;1;6;3;2,2,2;11,11,11
93_32;lick;HARDBOP;MEDIUM UP;Clifford Brown;SWING;4;61;4;64;4;25;13;2,2,2,2,2,2,2,3,2,3,2,2,3;01,11,11,11,11,01,11,011,11,011,11,11,111
94_1;line;HARDBOP;MEDIUM;Clifford Brown;SWING;3;-1;2;1;2;23;9;3,3,3,3,3,6,3,1,4;111,111,111,111,111,101011,011,1,0001
94_2;lick;HARDBOP;MEDIUM;Clifford Brown;SWING;2;1;4;2;1;4;2;4,1;0111,1
94_3;lick;HARDBOP;MEDIUM;Clifford Brown;SWING;2;2;2;3;2;8;4;4,2,4,2;0001,11,1101,11
94_4;lick;HARDBOP;MEDIUM;Clifford Brown;SWING;5;4;3;8;2;44;16;4,4,2,4,3,2,2,6,2,2,6,6,5,4,4,4;0110,0001,11,0111,111,11,11,101011,11,11,101011,010011,01111,1111,1111,1100
94_5;line;HARDBOP;MEDIUM;Clifford Brown;SWING;2;8;3;9;3;17;5;6,4,4,4,4;000111,1111,1111,1111,1100
94_6;lick;HARDBOP;MEDIUM;Clifford Brown;SWING;2;10;2;11;4;17;6;4,5,3,4,4,3;0111,01001,011,1111,1011,111
94_7;lick;HARDBOP;MEDIUM;Clifford Brown;SWING;3;12;3;14;1;12;6;4,4,2,1,4,8;0001,1111,11,1,0001,00110001
94_8;lick;HARDBOP;MEDIUM;Clifford Brown;SWING;3;14;3;16;1;14;5;4,4,3,3,4;0001,1111,111,111,0111
94_9;lick;HARDBOP;MEDIUM;Clifford Brown;SWING;1;16;2;16;4;6;3;6,3,4;000001,011,0111
94_10;lick;HARDBOP;MEDIUM;Clifford Brown;SWING;1;17;2;17;3;3;2;4,4;0001,1001
94_11;line;HARDBOP;MEDIUM;Clifford Brown;SWING;7;18;3;24;4;53;26;4,2,2,2,3,2,1,1,4,2,2,1,6,2,2,2,4,2,2,2,4,6,6,4,2,2;1011,11,11,11,011,11,1,1,1111,11,11,1,001001,11,11,11,1001,11,11,11,1101,100011,000011,0011,01,11
95_1;lick;HARDBOP;MEDIUM UP;Clifford Brown;SWING;1;1;3;1;3;2;1;4;1001
95_2;lick;HARDBOP;MEDIUM UP;Clifford Brown;SWING;2;2;2;3;2;8;5;4,4,2,3,2;0001,0001,01,111,11
95_3;line;HARDBOP;MEDIUM UP;Clifford Brown;SWING;8;4;1;11;3;53;29;2,2,2,4,3,2,2,6,2,3,2,2,2,2,2,2,2,2,2,4,1,4,1,2,2,4,6,4,1;01,11,11,0001,011,11,11,011110,11,011,11,11,11,11,11,11,11,11,11,0001,1,0001,1,01,11,1111,010001,0001,1
95_4;line;HARDBOP;MEDIUM UP;Clifford Brown;SWING;4;12;2;15;2;27;13;2,3,4,2,3,2,2,6,2,2,2,6,2;01,011,1111,11,011,11,11,100011,01,11,11,100011,01
95_5;lick;HARDBOP;MEDIUM UP;Clifford Brown;SWING;2;16;4;17;4;6;5;4,1,4,1,1;0001,1,0011,1,1
95_6;line;HARDBOP;MEDIUM UP;Clifford Brown;SWING;8;18;1;25;1;61;29;4,2,2,2,2,2,2,2,2,2,2,2,2,2,2,2,1,4,5,4,4,2,2,2,6,2,2,2,1;0001,11,11,11,11,11,11,11,11,11,11,11,11,11,11,11,1,1001,01111,0111,0111,11,11,11,011110,11,11,11,1
95_7;lick;HARDBOP;MEDIUM UP;Clifford Brown;SWING;2;26;2;27;4;6;5;6,1,4,2,1;000101,1,0001,01,1
95_8;lick;HARDBOP;MEDIUM UP;Clifford Brown;SWING;3;29;2;31;3;12;8;4,2,3,1,1,2,2,1;0001,11,011,1,1,11,11,1
95_9;lick;HARDBOP;MEDIUM UP;Clifford Brown;SWING;1;33;1;33;3;4;3;2,2,2;01,11,01
95_10;line;HARDBOP;MEDIUM UP;Clifford Brown;SWING;2;34;1;35;3;14;7;2,2,2,2,3,2,2;01,11,11,11,111,11,11
95_11;line;HARDBOP;MEDIUM UP;Clifford Brown;SWING;8;35;4;42;1;65;26;4,3,2,2,2,2,2,4,2,2,2,4,6,3,2,2,5,1,6,2,6,4,5,3,2,2;0001,011,11,11,11,11,11,0111,11,11,11,1111,111010,111,11,11,11110,1,001111,11,111010,1001,11111,011,11,11
95_12;line;HARDBOP;MEDIUM UP;Clifford Brown;SWING;2;42;4;43;4;13;5;4,6,4,1,1;0011,101111,1111,1,1
95_13;line;HARDBOP;MEDIUM UP;Clifford Brown;SWING;8;44;3;51;4;62;30;3,2,4,3,3,2,2,2,8,2,2,2,2,2,2,2,2,2,2,1,2,2,2,2,2,2,2,2,2,1;111,11,1111,111,011,11,11,11,01000011,01,11,11,11,11,11,11,11,11,11,1,11,11,11,11,11,11,11,11,11,1
95_14;line;HARDBOP;MEDIUM UP;Clifford Brown;SWING;3;52;1;54;1;18;9;2,2,2,2,2,4,4,2,1;01,11,11,11,11,1011,1110,11,1
95_15;line;HARDBOP;MEDIUM UP;Clifford Brown;SWING;6;54;3;59;2;36;18;2,4,2,2,2,2,2,2,2,2,2,2,6,3,2,2,3,2;11,1111,11,11,11,11,11,11,11,11,11,01,000101,011,01,11,111,01
95_16;lick;HARDBOP;MEDIUM UP;Clifford Brown;SWING;3;60;4;62;4;11;7;1,2,4,4,2,2,2;1,11,0001,1001,01,11,11
95_17;lick;HARDBOP;MEDIUM UP;Clifford Brown;SWING;2;63;2;64;4;12;7;2,2,2,1,2,1,2;11,11,11,1,11,1,11
102_2;lick;HARDBOP;MEDIUM;Curtis Fuller;SWING;2;4;3;5;4;8;6;4,2,2,1,1,4;0001,11,01,1,1,1001
102_3;line;HARDBOP;MEDIUM;Curtis Fuller;SWING;2;6;2;7;3;6;5;4,4,2,1,1;0001,0001,11,1,1
102_4;lick;HARDBOP;MEDIUM;Curtis Fuller;SWING;4;7;4;10;1;18;10;2,1,3,1,6,2,4,2,4,2;01,1,111,1,010101,01,0111,01,0011,11
102_5;line;HARDBOP;MEDIUM;Curtis Fuller;SWING;2;10;2;11;4;11;7;4,2,2,4,1,1,4;0001,11,11,1001,1,1,1100
102_6;lick;HARDBOP;MEDIUM;Curtis Fuller;SWING;2;12;3;13;2;5;4;4,1,7,1;0001,1,0100001,1
102_7;lick;HARDBOP;MEDIUM;Curtis Fuller;SWING;2;14;1;15;1;7;5;4,1,4,2,1;0001,1,1001,11,1
102_9;lick;HARDBOP;MEDIUM;Curtis Fuller;SWING;2;16;3;17;3;8;5;4,2,1,8,5;0001,01,1,00000111,01001
102_10;lick;HARDBOP;MEDIUM;Curtis Fuller;SWING;2;18;1;19;1;7;5;4,1,2,2,1;0001,1,11,11,1
102_11;lick;HARDBOP;MEDIUM;Curtis Fuller;SWING;2;19;3;20;1;4;3;1,2,2;1,11,01
102_12;lick;HARDBOP;MEDIUM;Curtis Fuller;SWING;2;20;4;21;3;5;4;4,2,1,1;0001,11,1,1
102_14;line;HARDBOP;MEDIUM;Curtis Fuller;SWING;3;24;2;26;3;18;10;2,4,4,2,4,2,2,5,6,1;01,0001,0001,11,1001,11,11,01111,010001,1
102_15;line;HARDBOP;MEDIUM;Curtis Fuller;SWING;3;27;1;29;2;26;10;4,4,3,4,2,2,4,4,6,1;0011,1101,011,0111,11,11,1111,1111,100011,1
102_16;line;HARDBOP;MEDIUM;Curtis Fuller;SWING;2;29;4;30;4;13;5;2,6,6,8,1;11,110011,100011,10000011,1
102_17;lick;HARDBOP;MEDIUM;Curtis Fuller;SWING;1;31;2;31;2;3;1;6;011001
102_18;lick;HARDBOP;MEDIUM;Curtis Fuller;SWING;1;31;4;31;4;3;1;4;1011
102_19;line;HARDBOP;MEDIUM;Curtis Fuller;SWING;4;32;1;35;1;33;13;4,6,2,2,4,2,4,4,4,3,3,2,6;0001,011001,11,11,1001,11,1011,1110,1011,111,111,11,111100
102_20;line;HARDBOP;MEDIUM;Curtis Fuller;SWING;2;35;3;36;2;12;4;2,6,6,3;01,111011,010111,110
102_21;lick;HARDBOP;MEDIUM;Curtis Fuller;SWING;2;36;4;37;2;6;3;4,6,3;0011,100001,110
102_22;lick;HARDBOP;MEDIUM;Curtis Fuller;SWING;2;37;4;38;2;6;3;6,4,3;010101,0001,110
102_23;lick;HARDBOP;MEDIUM;Curtis Fuller;SWING;2;38;4;39;2;6;3;3,4,3;011,1001,110
102_24;lick;HARDBOP;MEDIUM;Curtis Fuller;SWING;2;39;4;40;2;6;3;3,6,2;011,100001,11
102_25;lick;HARDBOP;MEDIUM;Curtis Fuller;SWING;2;40;4;41;1;3;2;2,4;01,1001
102_26;line;HARDBOP;MEDIUM;Curtis Fuller;SWING;3;41;4;43;3;20;8;3,5,3,2,4,1,5,3;111,10111,110,11,0110,1,10111,110
102_27;lick;HARDBOP;MEDIUM;Curtis Fuller;SWING;5;43;4;47;2;33;15;4,3,4,4,5,1,1,1,4,5,4,4,2,2,2;0001,110,1001,1001,01111,1,1,1,1111,10111,1001,1111,11,11,01
102_28;line;HARDBOP;MEDIUM;Curtis Fuller;SWING;3;47;3;49;1;18;7;4,5,6,2,4,4,1;0001,10111,010111,11,1011,1110,1
102_30;lick;HARDBOP;MEDIUM;Curtis Fuller;SWING;4;53;1;56;1;24;12;2,4,1,1,1,4,6,2,4,4,9,1;11,0110,1,1,1,1110,000001,01,0110,1111,010001111,1
102_31;line;HARDBOP;MEDIUM;Curtis Fuller;SWING;3;56;2;58;1;16;8;6,2,4,1,3,4,2,6;000001,11,1101,1,110,1101,11,010001
102_32;lick;HARDBOP;MEDIUM;Curtis Fuller;SWING;2;58;3;59;3;7;5;4,1,1,2,4;0001,1,1,11,1100
102_33;line;HARDBOP;MEDIUM;Curtis Fuller;SWING;3;59;4;61;2;11;6;4,2,6,6,1,1;0001,11,001001,010111,1,1
103_1;lick;HARDBOP;MEDIUM UP;Curtis Fuller;SWING;1;2;2;2;3;2;2;2,2;01,01
103_2;lick;HARDBOP;MEDIUM UP;Curtis Fuller;SWING;2;3;1;4;3;11;7;2,2,6,2,2,2,2;01,11,100001,01,11,11,01
103_3;lick;HARDBOP;MEDIUM UP;Curtis Fuller;SWING;3;4;4;6;1;12;6;4,2,6,6,2,2;0001,11,010111,000011,01,11
103_4;lick;HARDBOP;MEDIUM UP;Curtis Fuller;SWING;2;6;2;7;3;7;5;2,1,2,2,2;01,1,01,11,11
103_5;line;HARDBOP;MEDIUM UP;Curtis Fuller;SWING;3;8;2;10;2;15;9;2,2,4,4,2,4,2,2,1;01,01,1001,1001,11,1001,11,11,1
103_7;lick;HARDBOP;MEDIUM UP;Curtis Fuller;SWING;1;13;1;13;2;5;2;3,2;111,11
103_8;lick;HARDBOP;MEDIUM UP;Curtis Fuller;SWING;2;14;1;15;1;6;4;4,2,4,2;0001,01,1001,11
103_9;lick;HARDBOP;MEDIUM UP;Curtis Fuller;SWING;2;16;2;17;1;6;4;2,1,3,4;01,1,011,1001
103_10;lick;HARDBOP;MEDIUM UP;Curtis Fuller;SWING;1;17;3;17;3;2;1;2;11
103_11;lick;HARDBOP;MEDIUM UP;Curtis Fuller;SWING;2;18;1;19;2;9;5;2,2,4,4,1;01,11,0011,0111,1
103_12;line;HARDBOP;MEDIUM UP;Curtis Fuller;SWING;1;19;3;19;4;2;2;2,1;01,1
103_13;line;HARDBOP;MEDIUM UP;Curtis Fuller;SWING;1;20;1;20;2;2;2;2,1;01,1
103_14;line;HARDBOP;MEDIUM UP;Curtis Fuller;SWING;1;20;3;20;4;3;2;4,1;0011,1
103_15;line;HARDBOP;MEDIUM UP;Curtis Fuller;SWING;1;21;1;21;2;3;2;4,1;0011,1
103_16;line;HARDBOP;MEDIUM UP;Curtis Fuller;SWING;1;21;3;21;4;2;2;2,1;01,1
103_17;line;HARDBOP;MEDIUM UP;Curtis Fuller;SWING;1;22;1;22;2;3;2;4,4;0001,1100
103_18;line;HARDBOP;MEDIUM UP;Curtis Fuller;SWING;1;22;3;22;4;3;2;6,1;000011,1
104_1;lick;POSTBOP;MEDIUM;David Liebman;SWING;2;0;2;1;1;4;4;2,1,1,1;01,1,1,1
104_2;line;POSTBOP;MEDIUM;David Liebman;SWING;2;2;2;3;2;22;5;9,8,7,2,3;000111111,11111111,1110001,01,111
104_3;line;POSTBOP;MEDIUM;David Liebman;SWING;2;4;2;5;1;18;4;12,8,6,3;000000000111,11111111,111011,110
104_4;line;POSTBOP;MEDIUM;David Liebman;SWING;3;5;2;7;1;47;8;6,6,6,6,8,8,8,4;001111,111111,111111,111111,11101111,11111111,11101111,1110
104_6;lick;POSTBOP;MEDIUM;David Liebman;SWING;1;9;3;9;4;6;2;4,4;1111,1100
104_7;lick;POSTBOP;MEDIUM;David Liebman;SWING;1;10;1;10;4;11;4;4,3,6,4;0011,111,010101,0111
104_8;line;POSTBOP;MEDIUM;David Liebman;SWING;1;13;1;13;4;14;4;4,3,4,6;1011,111,1111,101011
104_9;lick;POSTBOP;MEDIUM;David Liebman;SWING;2;14;3;15;4;16;6;5,4,4,6,3,4;00111,0111,1011,101001,011,0110
104_10;lick;POSTBOP;MEDIUM;David Liebman;SWING;2;16;2;17;2;7;5;4,1,1,1,1;0111,1,1,1,1
104_11;lick;POSTBOP;MEDIUM;David Liebman;SWING;1;17;3;17;3;2;1;2;11
104_13;lick;POSTBOP;MEDIUM;David Liebman;SWING;1;25;1;25;4;6;4;3,1,2,1;011,1,11,1
104_14;lick;POSTBOP;MEDIUM;David Liebman;SWING;1;26;1;26;4;8;4;4,1,3,4;0011,1,011,0111
104_15;lick;POSTBOP;MEDIUM;David Liebman;SWING;1;27;1;27;2;4;2;4,2;0011,11
104_16;lick;POSTBOP;MEDIUM;David Liebman;SWING;1;27;4;27;4;3;1;4;1110
104_17;line;POSTBOP;MEDIUM;David Liebman;SWING;2;28;2;29;4;42;7;4,8,10,11,6,8,1;0001,11111111,0111111111,00111111111,111111,11111111,1
104_18;line;POSTBOP;MEDIUM;David Liebman;SWING;2;30;2;31;2;21;5;5,6,4,4,6;11111,101011,0111,1111,111011
104_19;lick;POSTBOP;MEDIUM;David Liebman;SWING;2;32;3;33;2;13;4;4,8,4,2;1111,10011011,1100,11
105_1;lick;POSTBOP;UP;David Liebman;SWING;2;0;4;1;2;4;3;4,2,2;0001,01,11
105_2;lick;POSTBOP;UP;David Liebman;SWING;1;3;1;3;3;6;3;2,2,2;11,11,11
105_3;lick;POSTBOP;UP;David Liebman;SWING;1;5;1;5;2;3;2;1,2;1,11
105_4;lick;POSTBOP;UP;David Liebman;SWING;1;7;1;7;4;7;4;2,2,1,2;11,11,1,11
105_5;lick;POSTBOP;UP;David Liebman;SWING;4;9;2;12;2;12;8;2,1,2,4,2,2,4,2;11,1,01,1001,01,11,0001,11
105_6;line;POSTBOP;UP;David Liebman;SWING;8;16;2;23;1;43;24;3,2,2,2,2,2,2,1,4,1,2,2,2,2,2,4,2,4,2,1,3,2,1,1;011,11,11,11,11,11,11,1,1001,1,11,11,11,11,01,1101,11,0001,11,1,111,11,1,1
105_7;line;POSTBOP;UP;David Liebman;SWING;6;25;1;30;4;46;24;4,2,2,2,2,1,4,4,2,1,4,2,1,1,2,1,4,4,2,2,2,1,6,2;0001,11,11,11,11,1,1101,1101,11,1,1101,11,1,1,11,1,1101,1001,11,11,11,1,110011,01
105_8;lick;POSTBOP;UP;David Liebman;SWING;2;34;1;35;4;10;7;4,2,2,1,1,2,2;0001,11,11,1,1,01,11
105_9;line;POSTBOP;UP;David Liebman;SWING;11;37;3;47;1;62;33;4,2,2,2,2,4,3,4,2,2,1,2,2,2,2,2,4,3,2,1,2,2,2,2,2,2,1,4,3,4,1,1,1;1001,11,11,11,11,1001,011,1101,01,11,1,11,11,11,11,11,0110,111,11,1,11,11,11,11,11,11,1,1001,111,1100,1,1,1
105_10;line;POSTBOP;UP;David Liebman;SWING;3;49;1;51;2;17;10;4,2,2,2,2,2,4,4,1,4;0001,11,11,11,11,11,1100,1001,1,0001
105_11;lick;POSTBOP;UP;David Liebman;SWING;9;53;2;61;4;53;29;1,1,2,2,1,2,2,2,2,4,2,2,2,2,2,4,1,4,2,4,2,2,2,2,2,1,2,1,2;1,1,11,01,1,11,11,11,01,1101,11,11,11,11,11,0111,1,1100,11,1101,11,11,11,11,11,1,11,1,11
105_12;line;POSTBOP;UP;David Liebman;SWING;5;65;1;69;2;34;18;4,2,2,2,4,2,2,2,2,2,2,2,4,2,2,2,4,2;0001,11,11,11,1011,01,11,11,11,11,11,11,1100,11,01,11,1100,11
105_13;lick;POSTBOP;UP;David Liebman;SWING;11;73;3;83;2;66;37;4,4,2,2,4,4,2,1,2,4,2,2,3,3,2,2,2,3,2,2,2,2,2,2,2,2,1,1,2,1,2,1,2,1,2,1,2;1001,1101,11,11,0001,0011,01,1,01,1100,11,11,111,011,11,11,11,011,11,11,11,11,11,11,11,11,1,1,11,1,11,1,11,1,11,1,11
105_14;lick;POSTBOP;UP;David Liebman;SWING;2;85;1;86;4;13;8;2,2,2,1,2,4,1,2;01,11,11,1,11,1001,1,11
105_15;line;POSTBOP;UP;David Liebman;SWING;7;88;1;94;4;43;24;3,2,2,4,1,2,1,2,2,2,2,2,2,2,2,2,4,2,4,4,2,2,4,2;111,11,11,1001,1,11,1,11,01,11,11,11,11,11,11,11,1011,01,1001,0001,11,01,0001,11
105_16;lick;POSTBOP;UP;David Liebman;SWING;8;96;3;103;3;19;13;4,2,4,4,2,4,2,1,2,2,2,1,1;1001,01,1001,0001,01,0011,11,1,11,11,01,1,1
105_17;line;POSTBOP;UP;David Liebman;SWING;7;104;3;110;1;41;23;4,2,2,2,2,2,1,2,2,2,2,3,2,2,4,2,2,2,1,2,2,1,1;0001,11,11,11,11,11,1,11,11,11,11,011,11,11,1001,11,11,11,1,11,11,1,1
105_18;line;POSTBOP;UP;David Liebman;SWING;2;113;2;114;4;13;7;2,2,2,2,2,2,2;11,11,11,11,11,11,01
105_20;lick;POSTBOP;UP;David Liebman;SWING;19;130;3;148;3;109;57;6,2,3,2,2,2,2,2,4,1,2,2,2,2,2,2,4,2,2,1,2,2,2,1,2,4,1,1,3,2,2,2,1,2,6,2,1,2,2,2,1,2,2,1,2,2,1,1,4,1,2,2,4,4,4,4,3;010011,11,110,01,11,11,11,11,1001,1,11,11,11,11,11,01,1101,11,11,1,11,11,11,1,11,1100,1,1,110,11,11,11,1,11,010011,11,1,11,11,11,1,11,11,1,11,11,1,1,1001,1,01,11,0111,1111,1111,0111,111
105_21;lick;POSTBOP;UP;David Liebman;SWING;11;153;3;163;3;43;27;4,6,1,2,2,1,2,2,4,2,4,3,2,1,2,2,2,2,1,2,1,2,2,2,1,2,2;1001,010001,1,11,11,1,11,11,1011,01,0001,011,01,1,11,11,11,11,1,11,1,11,01,01,1,01,11
105_22;lick;POSTBOP;UP;David Liebman;SWING;3;165;4;167;1;9;6;2,2,2,1,2,2;11,11,01,1,11,01
105_23;lick;POSTBOP;UP;David Liebman;SWING;6;169;1;174;4;22;16;1,1,4,1,2,2,2,2,1,1,1,1,1,1,2,2;1,1,0001,1,11,11,11,11,1,1,1,1,1,1,11,11
105_24;lick;POSTBOP;UP;David Liebman;SWING;3;177;2;179;4;18;10;4,2,2,1,2,2,2,1,1,2;1101,11,11,1,11,11,11,1,1,11
105_25;lick;POSTBOP;UP;David Liebman;SWING;7;181;1;187;4;45;26;2,2,2,1,4,1,4,2,2,2,4,2,3,3,3,4,4,2,2,2,2,2,2,2,1,1;01,11,11,1,1011,1,1001,01,01,11,1011,11,011,011,011,0011,0011,01,11,11,11,11,01,11,1,1
106_2;lick;POSTBOP;UP;David Liebman;SWING;4;-2;3;1;3;10;8;2,4,1,1,4,1,1,1;11,1001,1,1,0001,1,1,1
106_4;line;POSTBOP;UP;David Liebman;SWING;3;5;1;7;2;21;10;2,2,2,4,4,4,2,4,2,6;01,11,11,1011,0011,0011,01,1101,11,010011
106_5;line;POSTBOP;UP;David Liebman;SWING;4;9;1;12;2;25;13;3,2,2,4,2,4,2,2,2,2,1,2,2;011,11,11,1011,01,1011,11,11,11,01,1,11,11
106_6;line;POSTBOP;UP;David Liebman;SWING;3;12;4;14;4;19;9;3,2,3,4,2,3,2,3,2;011,01,111,1011,11,011,11,011,11
106_7;lick;POSTBOP;UP;David Liebman;SWING;3;15;2;17;1;11;7;4,3,2,4,2,2,1;0001,011,01,0011,11,11,1
106_8;line;POSTBOP;UP;David Liebman;SWING;4;17;3;20;1;19;11;2,2,2,2,2,2,2,1,2,4,4;11,11,11,11,11,11,11,1,01,0001,1001
106_10;line;POSTBOP;UP;David Liebman;SWING;8;26;3;33;4;51;29;2,2,2,2,2,2,2,2,2,2,2,4,2,4,2,2,2,2,1,2,1,2,1,2,2,2,4,4,4;11,11,11,11,11,11,11,11,11,11,11,1011,01,1011,11,11,11,11,1,11,1,11,1,11,01,01,0001,0001,0001
106_11;line;POSTBOP;UP;David Liebman;SWING;9;35;3;43;2;53;31;2,2,2,2,2,2,2,4,4,2,2,2,2,1,3,3,2,2,1,4,2,2,2,1,4,4,4,4,2,1,1;11,11,11,11,11,11,11,0011,1101,11,11,11,11,1,111,011,11,11,1,0001,01,11,11,1,1001,0001,0001,0001,01,1,1
106_12;line;POSTBOP;UP;David Liebman;SWING;5;45;3;49;1;25;14;3,2,2,2,2,2,2,2,2,1,6,2,2,1;011,01,11,11,11,11,11,11,11,1,000111,11,01,1
106_13;lick;POSTBOP;UP;David Liebman;SWING;7;49;3;55;2;33;23;2,2,2,2,2,2,2,2,4,4,2,2,2,2,4,2,2,2,2,2,2,2,2;01,01,11,11,01,01,11,11,1011,0011,01,11,11,11,0001,01,01,01,01,01,01,01,01
106_14;line;POSTBOP;UP;David Liebman;SWING;2;58;2;59;3;8;6;4,2,2,1,4,4;0001,01,11,1,1001,0001
106_15;line;POSTBOP;UP;David Liebman;SWING;2;61;1;62;2;17;6;2,5,4,3,3,3;01,01111,1111,111,111,110
106_16;lick;POSTBOP;UP;David Liebman;SWING;3;62;4;64;2;8;5;4,4,2,4,2;0001,0011,01,1001,11
106_17;lick;POSTBOP;UP;David Liebman;SWING;3;65;2;67;2;17;9;2,2,2,4,4,2,2,2,2;11,11,11,1011,0011,01,11,11,01
106_18;lick;POSTBOP;UP;David Liebman;SWING;1;68;1;68;4;6;4;2,2,2,2;11,11,01,01
106_19;line;POSTBOP;UP;David Liebman;SWING;10;70;1;79;2;71;37;2,2,2,2,2,2,2,4,2,2,2,2,3,2,2,2,2,2,2,2,2,2,2,2,2,2,2,2,2,2,4,4,2,2,2,1,2;01,11,11,11,11,11,11,1011,01,11,11,11,111,01,11,11,11,11,11,11,11,11,11,11,11,11,11,11,11,11,1011,0011,11,01,01,1,11
106_20;line;POSTBOP;UP;David Liebman;SWING;5;81;1;85;1;49;17;2,3,6,6,3,4,3,3,1,4,4,4,4,4,4,4,1;01,111,111011,101011,011,1111,111,111,1,1111,1110,1110,0011,1001,1111,1111,1
106_21;lick;POSTBOP;UP;David Liebman;SWING;3;85;3;87;1;7;6;1,2,4,2,1,2;1,01,0001,01,1,11
106_22;line;POSTBOP;UP;David Liebman;SWING;5;89;1;93;1;32;17;2,2,2,2,2,2,2,2,2,4,2,2,2,2,2,2,1;01,11,11,11,11,11,11,11,11,1011,01,11,11,11,11,11,1
106_23;line;POSTBOP;UP;David Liebman;SWING;4;93;3;96;1;19;11;2,2,1,2,2,2,2,2,2,2,1;11,11,1,01,11,11,11,11,11,11,1
106_24;lick;POSTBOP;UP;David Liebman;SWING;2;96;3;97;3;7;4;2,4,1,1;01,1111,1,1
106_25;line;POSTBOP;UP;David Liebman;SWING;3;98;1;100;4;17;12;2,2,2,2,2,2,2,2,2,2,2,4;01,11,11,11,11,01,01,01,01,01,01,0110
106_26;lick;POSTBOP;UP;David Liebman;SWING;2;102;1;103;1;8;5;2,2,2,2,1;01,11,11,11,1
106_27;lick;POSTBOP;UP;David Liebman;SWING;2;104;1;105;2;10;6;2,2,2,2,2,4;01,11,11,11,11,0001
106_28;lick;POSTBOP;UP;David Liebman;SWING;2;106;1;107;1;8;5;2,2,2,2,1;11,11,01,11,1
106_29;line;POSTBOP;UP;David Liebman;SWING;5;107;3;111;2;36;15;2,2,4,3,2,2,2,4,3,3,4,2,4,4,2;11,11,1011,011,01,11,11,0111,011,111,1111,11,0111,1101,11
106_30;line;POSTBOP;UP;David Liebman;SWING;5;112;4;116;3;29;15;2,2,2,2,2,2,2,2,2,2,3,2,2,2,1;01,11,11,11,11,11,11,11,11,11,111,11,11,11,1
106_31;lick;POSTBOP;UP;David Liebman;SWING;4;117;1;120;2;13;11;2,1,1,1,2,2,2,1,1,1,2;01,1,1,1,01,11,11,1,1,1,01
106_32;lick;POSTBOP;UP;David Liebman;SWING;3;121;1;123;1;14;8;2,2,2,4,2,2,2,4;01,01,11,1001,01,11,11,1101
106_33;line;POSTBOP;UP;David Liebman;SWING;4;125;1;128;4;38;15;4,4,3,5,3,3,1,4,2,4,4,3,4,4,1;0011,1111,111,00111,111,111,1,0110,11,1111,1100,111,1110,1001,1
106_34;lick;POSTBOP;UP;David Liebman;SWING;9;130;1;138;4;56;31;2,4,3,4,2,2,2,2,2,2,2,4,2,4,2,4,2,4,3,2,2,2,2,2,4,2,2,2,2,2,2;01,0111,011,1011,11,11,11,11,11,11,11,1011,01,0001,01,1011,01,1110,111,11,01,11,01,11,0001,01,01,01,01,11,11
106_35;lick;POSTBOP;UP;David Liebman;SWING;2;140;4;141;3;6;4;2,2,2,1;01,11,11,1
106_36;lick;POSTBOP;UP;David Liebman;SWING;2;142;2;143;3;8;6;2,2,2,2,2,1;01,01,11,01,11,1
106_37;line;POSTBOP;UP;David Liebman;SWING;11;145;1;155;3;50;37;2,2,2,1,4,2,2,2,2,2,2,2,2,2,2,4,2,2,2,2,2,2,2,2,3,1,4,2,2,4,2,2,2,3,2,2,1;01,11,11,1,1001,01,01,01,01,01,01,01,01,01,01,0011,01,11,11,11,11,11,01,01,011,1,0001,01,11,0001,01,01,01,011,11,01,1
106_38;line;POSTBOP;UP;David Liebman;SWING;2;156;1;157;1;16;5;6,6,4,3,1;011011,011111,0111,111,1
106_39;line;POSTBOP;UP;David Liebman;SWING;9;158;1;166;4;72;36;2,2,2,3,2,2,2,2,4,4,3,2,2,2,2,2,2,2,2,2,2,3,3,3,4,2,4,4,2,2,4,2,4,4,3,2;01,11,01,111,11,01,11,11,1011,0011,011,01,11,11,11,11,11,11,11,11,11,111,111,011,0011,01,1011,0011,11,01,1011,01,1011,0011,011,11
107_1;line;POSTBOP;UP;David Liebman;SWING;8;0;2;7;3;23;19;2,2,2,1,1,4,4,1,1,2,1,4,1,2,1,2,1,2,2;01,11,11,1,1,1001,0001,1,1,11,1,0001,1,01,1,01,1,01,01
107_2;lick;POSTBOP;UP;David Liebman;SWING;8;8;2;15;3;29;23;2,2,2,1,1,1,2,1,1,2,1,1,2,2,2,3,1,1,2,2,2,2,1;01,11,11,1,1,1,01,1,1,01,1,1,01,01,01,011,1,1,11,01,11,11,1
107_3;line;POSTBOP;UP;David Liebman;SWING;6;16;3;21;1;16;14;3,2,1,1,1,1,1,2,1,1,2,4,1,2;011,11,1,1,1,1,1,01,1,1,01,0001,1,01
107_4;lick;POSTBOP;UP;David Liebman;SWING;6;22;4;27;1;6;6;2,2,1,1,2,1;01,01,1,1,01,1
107_6;line;POSTBOP;UP;David Liebman;SWING;5;37;2;41;2;25;17;2,2,2,2,2,2,1,2,2,2,2,2,2,2,2,4,2;01,01,11,01,01,11,1,11,01,11,01,11,01,11,01,1011,01
107_9;line;POSTBOP;UP;David Liebman;SWING;2;50;1;51;4;16;8;2,2,2,2,3,3,2,2;01,11,11,11,111,011,11,11
107_10;line;POSTBOP;UP;David Liebman;SWING;6;53;2;58;2;31;17;2,4,2,2,2,1,2,2,3,3,3,4,2,2,1,2,1;11,1011,01,11,11,1,11,11,110,111,011,0001,11,11,1,11,1
107_11;line;POSTBOP;UP;David Liebman;SWING;12;60;2;71;3;56;41;2,4,2,1,4,2,2,4,1,2,2,2,2,2,1,1,2,2,2,2,2,2,1,2,1,1,1,1,2,4,1,1,1,2,1,2,1,1,2,4,1;01,1001,01,1,1001,01,01,1001,1,11,11,01,11,01,1,1,11,11,11,11,11,01,1,01,1,1,1,1,01,0001,1,1,1,01,1,01,1,1,11,1111,1
107_12;lick;POSTBOP;UP;David Liebman;SWING;4;73;3;76;3;11;8;2,1,1,1,2,1,2,1;11,1,1,1,11,1,11,1
107_13;lick;POSTBOP;UP;David Liebman;SWING;4;77;3;80;2;12;7;2,1,1,2,3,3,2;11,1,1,11,111,011,01
107_14;line;POSTBOP;UP;David Liebman;SWING;14;81;2;94;1;97;51;4,3,3,3,3,2,1,3,3,2,3,3,2,2,3,2,2,3,2,2,2,2,3,1,2,2,2,3,3,2,2,2,2,4,2,4,2,2,2,2,4,2,2,1,2,1,2,2,3,2,1;0001,011,011,011,011,01,1,111,011,11,011,011,01,11,111,11,01,111,01,11,11,11,111,1,11,11,11,111,011,11,01,11,11,0111,11,1011,11,11,11,11,1001,01,11,1,11,1,11,11,111,01,1
107_15;line;POSTBOP;UP;David Liebman;SWING;2;94;3;95;2;9;4;3,2,2,3;111,11,11,011
107_16;lick;POSTBOP;UP;David Liebman;SWING;4;96;1;99;4;20;14;2,3,1,2,1,2,2,2,1,4,4,4,3,3;01,011,1,01,1,01,01,01,1,1001,0001,0001,111,111
107_18;line;POSTBOP;UP;David Liebman;SWING;13;111;3;123;1;56;37;2,2,2,2,2,2,1,2,1,2,4,4,4,1,1,2,4,2,2,2,4,1,4,2,2,2,2,1,4,2,2,2,2,1,3,1,1;11,11,11,11,11,01,1,01,1,01,0001,0001,0001,1,1,01,1101,11,11,11,1100,1,1100,01,11,11,11,1,1001,01,01,11,11,1,110,1,1
108_1;lick;POSTBOP;MEDIUM UP;David Liebman;LATIN;1;1;1;1;1;2;1;2;11
108_2;lick;POSTBOP;MEDIUM UP;David Liebman;LATIN;2;1;4;2;1;6;2;4,4;0111,1101
108_6;lick;POSTBOP;MEDIUM UP;David Liebman;LATIN;5;11;1;15;1;53;17;6,4,4,8,2,3,4,3,6,3,4,5,6,4,4,4,4;000101,0110,1011,11010001,01,111,1111,111,100001,111,1111,11111,101011,1111,0111,1111,1100
108_7;line;POSTBOP;MEDIUM UP;David Liebman;LATIN;7;17;1;23;1;81;25;4,10,6,4,4,4,6,6,6,5,4,4,6,4,4,4,2,2,4,3,2,2,1,1,1;0011,1010101011,011011,1111,1111,0011,101111,011011,010111,01111,1111,1111,011111,1111,1111,1111,11,11,1011,111,11,11,1,1,1
108_8;lick;POSTBOP;MEDIUM UP;David Liebman;LATIN;1;23;3;23;4;4;2;6,1;000111,1
108_9;lick;POSTBOP;MEDIUM UP;David Liebman;LATIN;5;24;2;28;1;46;16;4,6,4,2,2,2,3,6,6,4,4,3,4,3,3,1;0111,111011,0111,11,11,11,111,111101,011001,0111,0111,111,0111,111,110,1
108_12;lick;POSTBOP;MEDIUM UP;David Liebman;LATIN;5;35;1;39;1;44;17;3,2,2,4,3,6,3,6,4,3,5,4,6,2,4,2,1;111,11,11,1111,110,000011,111,111101,0001,110,11111,1111,101001,01,1011,01,1
108_13;line;POSTBOP;MEDIUM UP;David Liebman;LATIN;3;39;2;41;1;38;8;6,8,6,4,8,8,6,1;011111,11111111,111110,1011,10101011,01111011,111110,1
108_15;lick;POSTBOP;MEDIUM UP;David Liebman;LATIN;6;49;1;54;3;85;23;6,1,4,2,6,6,4,4,4,5,5,4,4,4,4,4,4,6,5,3,5,4,1;111011,1,1001,11,111111,101011,1011,1111,1111,11111,10111,1111,1111,1111,1111,1111,1111,101011,10111,111,11111,1111,1
108_16;line;POSTBOP;MEDIUM UP;David Liebman;LATIN;5;54;4;58;1;48;14;5,6,4,6,6,6,4,4,4,2,2,2,6,3;01111,111000,1111,111011,110101,011111,1111,1111,1111,11,11,11,010001,111
109_1;lick;POSTBOP;UP;David Liebman;SWING;2;0;2;1;2;7;5;2,2,2,1,1;01,11,11,1,1
109_2;lick;POSTBOP;UP;David Liebman;SWING;2;2;1;3;1;9;5;2,2,2,2,4;01,11,11,11,1001
109_3;line;POSTBOP;UP;David Liebman;SWING;2;5;1;6;4;27;8;4,6,5,4,1,5,4,4;1111,111000,01111,1111,1,11111,1111,1100
109_4;line;POSTBOP;UP;David Liebman;SWING;5;9;4;13;1;19;13;2,2,2,2,3,2,1,2,1,3,2,2,1;11,11,11,01,011,01,1,01,1,011,11,01,1
109_5;lick;POSTBOP;UP;David Liebman;SWING;1;17;3;17;4;4;2;2,4;01,1101
109_6;line;POSTBOP;UP;David Liebman;SWING;2;19;2;20;2;10;5;3,1,4,2,4;011,1,1001,11,1011
109_7;line;POSTBOP;UP;David Liebman;SWING;2;21;2;22;2;10;5;2,2,2,4,2;11,11,11,1011,01
109_8;line;POSTBOP;UP;David Liebman;SWING;2;23;4;24;2;7;3;4,3,3;1011,011,011
109_9;line;POSTBOP;UP;David Liebman;SWING;2;25;1;26;4;13;8;2,2,2,2,4,2,4,2;11,11,11,01,1100,01,1001,01
109_10;lick;POSTBOP;UP;David Liebman;SWING;2;29;2;30;1;8;4;4,2,4,1;1101,01,1110,1
109_11;lick;POSTBOP;UP;David Liebman;SWING;2;31;2;32;1;6;4;2,4,2,1;11,1001,01,1
109_12;lick;POSTBOP;UP;David Liebman;SWING;1;33;3;33;4;3;2;2,1;11,1
109_13;lick;POSTBOP;UP;David Liebman;SWING;1;34;2;34;4;7;3;4,3,2;0111,111,01
109_14;line;POSTBOP;UP;David Liebman;SWING;4;35;3;38;4;43;14;2,3,4,6,4,5,4,4,4,4,3,4,2,3;01,111,1111,010111,0011,10111,1101,1111,1111,1111,111,0011,11,111
109_15;line;POSTBOP;UP;David Liebman;SWING;6;41;1;46;1;64;21;3,4,6,4,4,3,6,2,2,3,3,6,6,1,4,4,4,4,4,4,1;111,1111,101011,0111,0111,111,101011,11,11,111,011,010011,011101,1,1011,1111,1111,1111,1111,0111,1
109_16;lick;POSTBOP;UP;David Liebman;SWING;2;46;2;47;1;9;4;2,2,4,4;01,11,1111,1100
109_17;line;POSTBOP;UP;David Liebman;SWING;6;49;3;54;3;63;21;2,2,2,2,2,3,2,1,2,2,4,4,6,4,4,4,6,4,5,5,4;11,11,11,11,11,011,11,1,11,11,1011,0111,111011,1111,1111,1110,101011,1111,11111,11111,1111
109_18;lick;POSTBOP;UP;David Liebman;SWING;2;55;3;56;4;14;6;4,1,1,4,6,1;1111,1,1,1011,010111,1
109_19;line;POSTBOP;UP;David Liebman;SWING;6;57;3;62;4;57;22;2,2,3,3,3,4,3,2,3,6,3,4,6,3,5,6,4,2,2,2,1,1;11,11,011,111,111,1011,011,11,111,011101,111,1111,011011,111,01011,010011,1110,11,11,11,1,1
110_1;line;POSTBOP;MEDIUM UP;David Liebman;LATIN/FUNK;8;-1;2;6;3;40;23;4,4,3,3,1,4,2,2,2,1,5,1,1,4,2,4,2,4,2,3,2,4,2;0011,1111,111,111,1,0011,11,11,01,1,10101,1,1,0011,01,1001,01,0001,01,110,01,1100,01
110_8;line;POSTBOP;MEDIUM UP;David Liebman;LATIN/FUNK;9;49;2;57;4;90;34;2,2,6,4,3,4,3,3,3,3,4,4,1,2,4,6,3,3,2,4,2,3,2,4,3,3,3,3,4,4,4,5,6,1;01,11,000001,0110,011,0111,111,111,111,111,1011,1011,1,11,1011,010111,011,111,11,0011,11,011,01,1011,111,111,111,111,1001,1111,1111,11111,111111,1
110_9;lick;POSTBOP;MEDIUM UP;David Liebman;LATIN/FUNK;1;61;1;61;3;9;3;8,5,3;00010101,01111,110
110_10;lick;POSTBOP;MEDIUM UP;David Liebman;LATIN/FUNK;1;62;1;62;2;8;2;4,5;0111,11111
110_11;lick;POSTBOP;MEDIUM UP;David Liebman;LATIN/FUNK;1;63;1;63;4;8;4;6,2,2,1;001011,11,11,1
110_12;lick;POSTBOP;MEDIUM UP;David Liebman;LATIN/FUNK;12;66;1;77;4;137;44;6,3,3,2,3,3,6,3,3,4,7,4,6,6,6,6,4,4,8,4,5,4,3,3,4,3,6,3,4,5,3,3,3,4,4,2,3,4,3,4,6,8,8,1;000101,011,111,01,111,111,101011,011,111,0111,0001111,1111,110101,101111,011111,101011,0110,1111,00101011,0111,01111,1111,111,111,1111,111,010011,011,1111,10101,011,011,111,1011,0111,11,011,1100,011,1111,011111,10001011,00010111,1
110_13;lick;POSTBOP;MEDIUM UP;David Liebman;LATIN/FUNK;2;80;4;81;1;4;2;2,4;01,1110
110_14;lick;POSTBOP;MEDIUM UP;David Liebman;LATIN/FUNK;2;81;4;82;1;4;2;2,4;01,1110
110_15;lick;POSTBOP;MEDIUM UP;David Liebman;LATIN/FUNK;2;82;4;83;2;5;3;4,6,1;0011,010001,1
110_16;lick;POSTBOP;MEDIUM UP;David Liebman;LATIN/FUNK;2;83;4;84;2;5;3;6,2,1;000011,11,1
110_17;lick;POSTBOP;MEDIUM UP;David Liebman;LATIN/FUNK;3;84;4;86;3;17;6;4,4,6,3,6,4;0001,0011,100011,011,111101,1111
110_18;line;POSTBOP;MEDIUM UP;David Liebman;LATIN/FUNK;5;87;3;91;4;65;18;6,6,8,6,6,4,4,4,4,4,4,4,4,4,3,4,5,4;000111,010111,11011111,111011,011011,0111,1111,1011,1111,1111,1110,1111,1101,0001,011,1111,11111,1100
110_20;lick;POSTBOP;MEDIUM UP;David Liebman;LATIN/FUNK;2;104;4;105;1;4;2;6,1;000111,1
110_21;lick;POSTBOP;MEDIUM UP;David Liebman;LATIN/FUNK;2;105;3;106;2;7;4;6,4,2,1;000101,0111,01,1
111_2;line;POSTBOP;UP;David Liebman;FUNK/SWING;16;16;1;31;1;121;53;2,4,2,2,2,3,2,1,2,3,4,2,2,3,2,4,2,4,3,2,2,2,3,1,2,1,1,4,2,2,2,1,3,2,2,2,1,2,4,2,2,2,2,3,4,3,3,3,8,3,5,4,1;11,1011,11,11,11,111,11,1,11,111,1011,11,11,111,11,1011,11,1101,011,01,11,11,111,1,01,1,1,1001,01,11,11,1,111,11,11,11,1,11,1101,01,11,11,11,111,1111,111,111,111,11011011,111,11111,1111,1
111_3;line;POSTBOP;UP;David Liebman;FUNK/SWING;11;38;3;48;1;108;38;4,6,4,3,3,3,4,3,4,3,4,6,2,4,4,4,4,4,3,4,4,3,2,3,3,3,2,4,4,4,3,2,2,2,2,2,4,2;1111,111110,1101,111,111,111,1111,011,1011,111,1111,011110,11,1111,1011,0011,1111,1111,111,1111,1111,111,11,111,111,011,11,1110,1100,0001,011,11,11,11,11,11,1011,01
111_4;line;POSTBOP;UP;David Liebman;FUNK/SWING;2;52;3;53;3;9;5;2,2,2,2,1;11,11,11,11,1
111_5;line;POSTBOP;UP;David Liebman;FUNK/SWING;8;54;4;61;2;45;27;3,3,2,2,2,3,3,2,3,3,2,3,2,2,2,2,2,4,2,1,1,1,2,3,2,1,4;011,011,11,11,01,011,011,11,011,011,11,011,01,01,11,11,11,1011,01,1,1,1,11,011,01,1,0001
111_6;line;POSTBOP;UP;David Liebman;FUNK/SWING;8;68;2;75;1;49;27;2,2,2,3,2,2,2,2,3,2,2,2,1,4,4,2,1,1,2,2,2,4,2,3,3,3,2;01,11,11,011,11,11,01,11,110,11,11,11,1,1001,1001,11,1,1,11,11,11,1011,11,011,011,011,01
111_7;lick;POSTBOP;UP;David Liebman;FUNK/SWING;3;76;1;78;4;12;11;4,2,4,4,2,2,2,1,4,2,1;0001,01,0001,0001,01,11,01,1,0001,01,1
111_8;lick;POSTBOP;UP;David Liebman;FUNK/SWING;11;80;1;90;1;60;38;2,2,2,2,3,2,1,3,2,2,2,3,2,4,2,3,3,3,2,3,3,2,2,3,3,4,2,2,3,1,1,4,1,2,2,2,2,2;01,01,11,11,011,11,1,011,11,11,01,011,11,0001,01,011,011,011,11,011,011,01,01,011,111,0001,11,01,011,1,1,0011,1,11,01,01,01,01
111_9;lick;POSTBOP;UP;David Liebman;FUNK/SWING;9;101;4;109;1;50;27;2,4,1,1,2,1,3,2,2,2,2,2,2,2,2,2,2,2,2,1,2,4,3,2,2,2,1;01,1011,1,1,01,1,111,11,11,11,11,11,11,11,11,11,11,11,11,1,11,1011,011,11,11,11,1
111_10;lick;POSTBOP;UP;David Liebman;FUNK/SWING;1;109;4;109;4;2;1;2;11
111_11;lick;POSTBOP;UP;David Liebman;FUNK/SWING;1;110;4;110;4;2;1;4;1001
111_12;lick;POSTBOP;UP;David Liebman;FUNK/SWING;3;111;3;113;1;5;5;4,1,2,1,1;0001,1,01,1,1
111_13;lick;POSTBOP;UP;David Liebman;FUNK/SWING;2;113;4;114;1;2;2;1,2;1,01
111_14;lick;POSTBOP;UP;David Liebman;FUNK/SWING;10;115;1;124;2;80;37;4,4,1,1,2,4,1,2,1,2,1,2,1,2,2,2,4,2,2,4,3,4,2,4,4,3,3,3,4,3,3,6,3,2,3,2,2;1100,0001,1,1,01,1100,1,11,1,11,1,11,1,01,01,01,1001,01,11,1111,111,1111,01,1111,0111,111,110,111,1111,111,111,111101,111,11,111,11,11
111_18;line;POSTBOP;UP;David Liebman;FUNK/SWING;7;142;2;148;4;50;27;1,2,2,2,2,6,3,2,2,3,2,2,2,2,2,2,2,4,3,2,2,1,2,2,2,2,1;1,11,11,11,11,100111,011,11,11,011,01,11,11,11,11,11,11,1011,011,01,11,1,11,01,11,01,1
112_1;lick;POSTBOP;UP;David Liebman;LATIN;4;0;1;3;2;14;10;4,4,3,3,1,2,2,4,2,4;1001,1100,011,011,1,01,01,0001,01,0001
112_2;lick;POSTBOP;UP;David Liebman;LATIN;1;5;1;5;2;2;2;1,2;1,01
112_3;lick;POSTBOP;UP;David Liebman;LATIN;2;7;2;8;3;6;5;2,2,2,2,2;01,01,01,11,01
112_4;lick;POSTBOP;UP;David Liebman;LATIN;1;9;3;9;4;3;2;2,1;11,1
112_5;lick;POSTBOP;UP;David Liebman;LATIN;1;11;2;11;4;3;3;1,2,1;1,01,1
112_6;lick;POSTBOP;UP;David Liebman;LATIN;4;12;4;15;1;10;9;4,1,1,1,2,4,1,1,1;0001,1,1,1,01,1001,1,1,1
112_7;lick;POSTBOP;UP;David Liebman;LATIN;4;16;1;19;4;15;14;2,2,1,1,1,1,2,2,2,1,1,2,4,1;11,01,1,1,1,1,01,01,01,1,1,01,0001,1
112_8;line;POSTBOP;UP;David Liebman;LATIN;6;21;1;26;1;52;19;3,3,4,3,1,2,3,3,4,2,4,4,2,4,2,4,3,3,2;111,111,1111,111,1,01,111,111,1111,11,1110,1111,11,1101,11,1110,111,111,11
112_9;line;POSTBOP;UP;David Liebman;LATIN;2;27;2;28;1;9;4;2,3,4,1;01,111,1111,1
112_10;lick;POSTBOP;UP;David Liebman;LATIN;2;29;1;30;4;14;8;4,2,4,2,2,4,3,2;0001,11,0011,11,01,0001,111,11
112_11;lick;POSTBOP;UP;David Liebman;LATIN;2;34;1;35;1;4;4;4,1,1,1;0001,1,1,1
112_12;line;POSTBOP;UP;David Liebman;LATIN;7;37;2;43;4;49;26;3,2,2,2,3,2,2,4,4,2,4,4,4,2,2,2,4,2,2,2,4,2,1,2,2,2;011,11,11,11,111,01,11,1001,0011,01,1001,1011,1001,11,11,11,1011,11,01,01,1101,01,1,01,11,11
112_13;line;POSTBOP;UP;David Liebman;LATIN;2;45;1;46;4;18;8;4,3,2,2,3,3,4,2;0001,011,11,11,111,111,1110,11
112_14;line;POSTBOP;UP;David Liebman;LATIN;7;48;4;54;4;64;23;2,2,3,4,4,4,5,2,1,6,3,3,4,4,2,1,2,3,4,1,6,4,4;11,11,111,1111,1100,0111,01111,11,1,110111,111,111,1110,1111,11,1,01,111,1111,1,001111,1011,1111
112_17;line;POSTBOP;UP;David Liebman;LATIN;4;61;2;64;1;21;12;2,2,4,1,4,3,2,2,1,2,3,2;11,01,1001,1,1101,110,11,01,1,11,111,01
112_18;lick;POSTBOP;UP;David Liebman;LATIN;5;65;2;69;2;26;17;3,2,4,4,2,2,2,4,2,4,2,1,2,1,1,1,1;111,01,0001,1110,11,01,01,1110,01,1001,01,1,11,1,1,1,1
112_19;line;POSTBOP;UP;David Liebman;LATIN;2;70;2;71;4;17;6;3,4,6,3,4,3;111,1011,001011,011,1011,111
112_20;line;POSTBOP;UP;David Liebman;LATIN;7;72;4;78;2;51;23;2,1,4,2,1,1,3,1,1,4,2,3,2,2,4,4,4,2,4,4,3,4,2;01,1,1001,01,1,1,111,1,1,1011,11,111,11,11,1111,0111,1101,11,1110,1111,111,0111,11
112_21;lick;POSTBOP;UP;David Liebman;LATIN;1;82;1;82;2;4;2;4,2;1011,01
112_22;lick;POSTBOP;UP;David Liebman;LATIN;1;84;1;84;2;5;2;4,2;1111,01
112_23;lick;POSTBOP;UP;David Liebman;LATIN;1;85;3;85;4;4;2;3,2;111,01
112_24;lick;POSTBOP;UP;David Liebman;LATIN;2;87;1;88;2;9;5;2,4,2,1,4;11,1001,01,1,1011
112_25;lick;POSTBOP;UP;David Liebman;LATIN;1;89;1;89;4;5;3;2,2,2;11,01,11
112_26;line;POSTBOP;UP;David Liebman;LATIN;5;90;4;94;4;15;14;2,2,4,1,2,1,1,1,2,2,2,1,1,4;11,01,0001,1,01,1,1,1,01,01,01,1,1,0001
112_27;line;POSTBOP;UP;David Liebman;LATIN;2;96;4;97;4;10;5;2,4,3,2,3;01,1011,011,11,011
112_28;line;POSTBOP;UP;David Liebman;LATIN;3;98;4;100;1;10;6;2,2,2,2,2,1;01,11,11,11,11,1
112_29;line;POSTBOP;UP;David Liebman;LATIN;3;101;1;103;1;14;8;2,2,3,2,2,1,2,1;01,11,111,11,11,1,11,1
112_30;line;POSTBOP;UP;David Liebman;LATIN;4;103;3;106;3;18;12;5,2,2,1,2,2,1,1,1,2,2,1;10011,01,11,1,11,11,1,1,1,11,01,1
112_31;lick;POSTBOP;UP;David Liebman;LATIN;3;109;1;111;2;20;10;2,2,2,2,2,2,4,2,3,4;11,11,11,11,11,11,1011,01,110,1001
112_32;line;POSTBOP;UP;David Liebman;LATIN;8;113;1;120;4;58;31;4,2,4,2,2,2,2,1,3,2,1,2,2,2,2,2,2,4,2,4,3,2,2,4,4,2,1,4,2,2,1;1001,01,1001,11,11,11,11,1,111,11,1,11,11,11,11,11,11,1011,01,1011,011,01,11,1011,0011,01,1,1011,01,11,1
112_33;lick;POSTBOP;UP;David Liebman;LATIN;2;122;2;123;2;5;5;4,2,2,1,2;0001,01,01,1,01
112_34;lick;POSTBOP;UP;David Liebman;LATIN;2;125;1;126;4;15;6;2,4,2,4,6,3;01,1011,01,0011,111101,111
112_37;lick;POSTBOP;UP;David Liebman;LATIN;4;137;1;140;4;15;12;1,2,2,2,4,4,1,4,2,4,2,2;1,01,01,01,1001,1001,1,1001,01,0001,01,01
112_38;line;POSTBOP;UP;David Liebman;LATIN;3;141;3;143;1;12;7;2,3,4,4,2,4,1;01,111,0111,0001,01,1001,1
112_39;lick;POSTBOP;UP;David Liebman;LATIN;2;143;2;144;3;3;3;4,4,1;0001,0001,1
112_40;lick;POSTBOP;UP;David Liebman;LATIN;2;145;1;146;2;10;6;4,2,4,4,4,2;1011,01,1001,0001,0011,01
113_2;line;POSTBOP;UP;David Liebman;SWING;3;14;3;16;4;15;10;2,3,2,2,1,1,1,1,1,2;11,111,11,11,1,1,1,1,1,01
113_4;line;POSTBOP;UP;David Liebman;SWING;1;34;1;34;4;6;4;4,3,2,2;0001,011,01,11
113_5;line;POSTBOP;UP;David Liebman;SWING;1;36;1;36;4;6;4;4,2,2,2;0001,01,11,11
113_6;lick;POSTBOP;UP;David Liebman;SWING;10;40;3;49;1;50;31;2,2,2,2,2,4,3,3,2,2,4,4,1,1,2,2,1,2,4,2,2,2,2,2,4,4,2,1,1,3,1;01,11,11,11,11,1001,011,011,01,11,1001,1001,1,1,11,11,1,01,0001,01,11,11,11,11,1001,0001,11,1,1,110,1
113_7;line;POSTBOP;UP;David Liebman;SWING;13;51;1;63;3;92;45;2,2,2,2,2,2,2,4,2,2,2,2,2,2,2,4,4,2,2,2,4,3,4,2,2,3,2,4,2,2,2,2,2,2,2,2,4,2,2,4,4,2,4,3,1;01,11,11,11,11,11,11,1001,11,11,11,11,11,11,11,1101,0001,11,11,11,1011,011,0011,01,11,111,01,1011,01,11,11,11,11,11,11,11,1011,01,11,0011,1101,11,1111,111,1
113_10;line;POSTBOP;UP;David Liebman;SWING;9;72;3;80;4;60;32;2,2,2,4,2,1,2,2,3,2,4,2,2,2,2,2,2,2,4,2,2,2,2,2,2,2,4,1,1,3,2,1;11,11,11,1001,11,1,11,11,011,11,1011,01,11,11,11,11,11,11,1001,11,11,11,11,11,11,11,1001,1,1,110,11,1
113_11;lick;POSTBOP;UP;David Liebman;SWING;2;82;3;83;2;6;4;2,2,1,2;11,11,1,01
113_12;line;POSTBOP;UP;David Liebman;SWING;8;84;2;91;4;37;27;4,3,2,1,2,3,2,1,2,2,2,1,2,1,2,1,2,1,4,1,1,1,4,2,1,4,1;0001,011,01,1,11,111,11,1,01,01,01,1,11,1,01,1,01,1,1001,1,1,1,1001,11,1,1001,1
113_18;line;POSTBOP;UP;David Liebman;SWING;2;114;1;115;3;13;7;2,2,2,2,2,2,1;11,11,11,11,11,11,1
113_19;line;POSTBOP;UP;David Liebman;SWING;5;116;3;120;4;53;18;4,3,3,4,4,4,4,6,3,4,2,6,4,2,3,2,3,4;0001,011,111,1011,1111,1011,0111,111110,111,1011,11,111110,1111,11,111,11,111,0110
113_20;line;POSTBOP;UP;David Liebman;SWING;5;122;3;126;4;51;18;4,3,4,3,4,6,1,4,4,4,4,3,6,3,5,3,3,1;0001,111,1111,111,1111,111101,1,1011,1111,1111,0110,111,010001,011,01111,111,110,1
113_22;lick;POSTBOP;UP;David Liebman;SWING;2;134;3;135;4;7;5;2,2,1,1,4;11,11,1,1,0001
113_23;lick;POSTBOP;UP;David Liebman;SWING;4;136;2;139;2;21;12;4,2,2,2,2,2,2,1,2,1,4,2;0001,01,11,11,11,11,11,1,11,1,1101,11
113_24;line;POSTBOP;UP;David Liebman;SWING;6;140;4;145;1;32;18;4,1,2,4,2,2,2,2,2,2,4,3,2,2,1,2,2,1;1101,1,11,1001,01,11,11,11,11,01,1101,011,01,11,1,11,11,1
113_34;line;POSTBOP;UP;David Liebman;SWING;15;173;1;187;4;97;54;2,2,1,3,2,2,2,2,2,2,2,2,2,2,2,2,2,2,2,1,1,2,2,2,2,2,2,2,2,2,3,4,2,2,2,4,2,4,2,1,3,3,2,4,1,1,2,2,2,2,2,2,1,1;01,11,1,011,11,11,11,11,11,11,11,11,11,11,11,11,11,11,11,1,1,11,11,11,11,11,11,11,11,11,111,0011,01,11,11,1011,01,1011,01,1,011,011,11,0011,1,1,01,01,11,11,11,11,1,1
113_35;lick;POSTBOP;UP;David Liebman;SWING;3;188;4;190;4;11;8;4,1,1,4,2,2,1,1;1001,1,1,1011,01,01,1,1
113_36;lick;POSTBOP;UP;David Liebman;SWING;8;192;3;199;1;40;24;2,2,1,3,1,2,4,2,2,2,4,2,4,4,2,3,3,1,4,1,2,2,1,1;11,11,1,111,1,11,1001,11,11,11,0001,01,0001,0001,01,111,111,1,1011,1,01,11,1,1
113_37;lick;POSTBOP;UP;David Liebman;SWING;6;200;3;205;3;27;17;4,2,4,4,1,2,2,2,2,1,1,3,2,2,4,1,2;1011,01,1001,0001,1,01,01,11,11,1,1,110,11,01,1110,1,11
113_38;line;POSTBOP;UP;David Liebman;SWING;14;208;3;221;3;56;38;2,2,2,2,4,2,2,2,2,2,4,1,2,1,2,1,2,1,2,1,2,1,3,3,1,2,2,4,2,1,1,1,2,4,2,2,1,6;11,11,11,11,1011,01,11,11,11,11,0011,1,01,1,01,1,01,1,01,1,01,1,011,110,1,11,01,0001,11,1,1,1,01,0001,11,11,1,010001
114_1;line;POSTBOP;MEDIUM UP;David Liebman;SWING;2;0;2;1;1;18;4;7,5,8,1;0111111,11111,10101111,1
114_2;line;POSTBOP;MEDIUM UP;David Liebman;SWING;5;1;4;5;4;56;17;5,4,6,6,4,4,4,4,4,6,3,4,4,3,4,4,1;00111,1111,110111,010111,1111,1111,1111,1111,1110,101011,011,1111,0001,111,0111,0111,1
114_3;line;POSTBOP;MEDIUM UP;David Liebman;SWING;8;7;2;14;2;106;28;6,3,4,6,4,8,4,5,4,4,6,4,5,5,8,6,3,4,4,6,6,4,4,6,4,3,6,1;010111,111,1111,101011,0111,11010011,1111,11111,1111,1111,110011,1111,11111,10111,10011111,111111,011,0110,1111,101101,011011,0111,1111,111101,1011,011,100101,1
114_4;lick;POSTBOP;MEDIUM UP;David Liebman;SWING;2;15;4;16;1;4;2;4,6;0001,010101
114_5;lick;POSTBOP;MEDIUM UP;David Liebman;SWING;4;16;4;19;2;20;11;2,2,2,1,1,4,2,2,6,1,1;01,11,11,1,1,1110,11,11,111100,1,1
114_6;line;POSTBOP;MEDIUM UP;David Liebman;SWING;5;19;4;23;1;49;14;4,6,6,4,4,4,3,6,4,6,4,5,5,1;0011,111110,101111,1111,1111,1011,111,010111,0111,011011,0111,01111,01111,1
114_7;line;POSTBOP;MEDIUM UP;David Liebman;SWING;5;23;4;27;1;36;14;6,3,4,5,6,2,2,2,3,4,2,2,1,1;000111,111,1111,11111,101011,11,11,11,011,1101,11,11,1,1
114_8;line;POSTBOP;MEDIUM UP;David Liebman;SWING;1;28;1;28;2;10;2;6,4;111111,1111
114_9;line;POSTBOP;MEDIUM UP;David Liebman;SWING;1;29;1;29;3;9;3;2,6,4;01,101111,0111
114_10;line;POSTBOP;MEDIUM UP;David Liebman;SWING;1;30;1;30;3;8;3;4,4,3;0011,1110,111
114_11;line;POSTBOP;MEDIUM UP;David Liebman;SWING;2;31;1;32;1;18;5;3,5,4,5,3;011,11111,1111,11111,011
114_13;line;POSTBOP;MEDIUM UP;David Liebman;SWING;3;33;3;35;1;26;7;5,3,4,4,4,6,4;01111,111,1111,1011,1111,111110,1011
114_14;line;POSTBOP;MEDIUM UP;David Liebman;SWING;4;35;2;38;4;31;15;4,2,2,2,6,2,2,2,2,3,3,6,2,3,4;0001,01,11,11,001001,01,11,11,01,111,111,010101,11,111,0111
114_17;lick;POSTBOP;MEDIUM UP;David Liebman;SWING;2;48;4;49;1;2;2;2,1;01,1
114_18;lick;POSTBOP;MEDIUM UP;David Liebman;SWING;2;49;4;50;1;3;2;2,3;01,110
114_20;line;POSTBOP;MEDIUM UP;David Liebman;SWING;2;56;1;57;1;15;5;6,5,6,2,1;000111,01111,111101,11,1
114_21;line;POSTBOP;MEDIUM UP;David Liebman;SWING;5;57;3;61;4;59;18;3,4,2,4,5,3,4,7,4,4,3,4,4,6,3,6,4,1;011,1111,11,1101,10111,111,1111,1101111,1111,1111,110,1110,1101,100001,111,111011,1111,1
114_22;line;POSTBOP;MEDIUM UP;David Liebman;SWING;5;62;2;66;1;45;16;6,4,4,4,4,4,2,6,3,4,3,2,1,1,1,1;000101,1111,1111,1111,1111,1111,11,111011,111,1111,111,11,1,1,1,1
114_23;line;POSTBOP;MEDIUM UP;David Liebman;SWING;1;67;1;67;4;17;4;6,6,6,4;001111,111101,111111,1100
114_24;line;POSTBOP;MEDIUM UP;David Liebman;SWING;1;68;1;68;2;7;2;6,4;000111,1111
114_26;lick;POSTBOP;MEDIUM UP;David Liebman;SWING;1;73;1;73;2;3;2;3,1;011,1
114_27;lick;POSTBOP;MEDIUM UP;David Liebman;SWING;1;74;2;74;2;3;1;4;1110
114_28;lick;POSTBOP;MEDIUM UP;David Liebman;SWING;1;75;2;75;2;3;1;3;111
114_29;lick;POSTBOP;MEDIUM UP;David Liebman;SWING;1;76;1;76;2;3;2;4,1;0011,1
114_30;lick;POSTBOP;MEDIUM UP;David Liebman;SWING;1;77;1;77;2;3;2;4,2;0011,01
114_31;lick;POSTBOP;MEDIUM UP;David Liebman;SWING;2;77;4;78;1;3;2;3,1;011,1
114_32;lick;POSTBOP;MEDIUM UP;David Liebman;SWING;2;78;4;79;1;4;2;4,2;0011,11
114_34;line;POSTBOP;MEDIUM UP;David Liebman;SWING;1;86;1;86;3;7;3;3,4,4;011,1100,0111
114_35;line;POSTBOP;MEDIUM UP;David Liebman;SWING;3;87;2;89;1;29;8;4,4,6,4,4,6,4,1;0111,1111,101111,1111,1111,111011,0111,1
114_36;line;POSTBOP;MEDIUM UP;David Liebman;SWING;4;89;2;92;1;22;12;2,1,2,2,2,2,2,2,2,2,6,2;01,1,01,11,11,11,11,11,11,11,100011,11
115_2;line;POSTBOP;MEDIUM;David Murray;SWING;2;3;4;4;4;14;5;3,4,6,3,4;111,1011,010101,011,1011
115_3;lick;POSTBOP;MEDIUM;David Murray;SWING;3;5;2;7;2;20;9;6,2,2,2,4,2,2,4,8;000011,11,11,11,1111,11,11,0001,01001001
115_4;line;POSTBOP;MEDIUM;David Murray;SWING;4;8;4;11;4;45;13;8,3,6,4,8,3,4,4,4,4,4,6,3;01010101,111,110111,1111,00101011,011,1111,1011,1111,1111,0011,001111,110
115_5;line;POSTBOP;MEDIUM;David Murray;SWING;3;12;3;14;1;18;7;3,2,7,6,4,2,1;011,11,1001111,100101,0111,11,1
115_6;line;POSTBOP;MEDIUM;David Murray;SWING;3;14;3;16;2;21;8;2,2,4,6,6,3,3,2;11,11,1111,010111,001001,011,111,11
115_7;lick;POSTBOP;MEDIUM;David Murray;SWING;2;16;4;17;2;7;3;6,2,1;001111,11,1
115_8;lick;POSTBOP;MEDIUM;David Murray;SWING;2;17;3;18;2;11;4;4,5,6,3;0001,00111,001111,111
115_9;line;POSTBOP;MEDIUM;David Murray;SWING;3;18;4;20;2;29;7;6,4,5,4,5,6,2;111111,1111,11111,1101,11111,100111,11
115_10;lick;POSTBOP;MEDIUM;David Murray;SWING;2;20;4;21;2;11;3;8,2,2;11110111,11,11
115_11;line;POSTBOP;MEDIUM;David Murray;SWING;3;21;4;23;3;21;8;3,3,3,6,3,2,2,2;111,011,111,011111,011,11,11,11
115_15;line;POSTBOP;MEDIUM;David Murray;SWING;3;29;4;31;4;21;9;4,3,4,2,6,3,4,4,1;1101,011,0110,11,101001,011,1011,1101,1
121_1;lick;HARDBOP;UP;Dexter Gordon;SWING;5;-1;4;3;2;16;12;2,1,2,4,1,2,2,2,1,2,2,2;01,1,11,0001,1,11,01,01,1,01,11,11
121_2;line;HARDBOP;UP;Dexter Gordon;SWING;5;4;2;8;1;26;15;4,2,2,2,2,2,2,2,2,2,2,2,1,4,1;0001,01,11,11,11,01,11,11,11,11,11,11,1,1011,1
121_3;line;HARDBOP;UP;Dexter Gordon;SWING;7;8;4;14;1;39;21;4,2,2,2,2,2,2,2,4,2,2,2,2,3,2,2,2,2,2,2,1;1001,11,11,11,11,11,11,01,1011,11,11,01,01,011,11,11,11,11,11,11,1
121_4;lick;HARDBOP;UP;Dexter Gordon;SWING;2;14;3;15;3;10;5;3,2,2,2,2;110,11,11,11,11
121_5;line;HARDBOP;UP;Dexter Gordon;SWING;7;17;1;23;4;51;28;2,2,2,2,2,2,2,2,1,2,1,3,2,2,4,2,2,3,3,2,2,2,2,2,3,2,1,1;11,11,11,11,11,11,11,11,1,01,1,111,11,11,1011,11,11,011,011,11,11,01,11,01,110,11,1,1
121_6;lick;HARDBOP;UP;Dexter Gordon;SWING;6;24;4;29;3;27;15;2,4,1,4,3,2,6,2,4,1,4,1,4,2,1;01,1011,1,1001,111,01,000011,11,1001,1,1011,1,1001,11,1
121_7;lick;HARDBOP;UP;Dexter Gordon;SWING;3;29;4;31;3;10;7;2,1,2,4,1,1,2;01,1,11,1001,1,1,11
121_8;line;HARDBOP;UP;Dexter Gordon;SWING;6;32;2;37;3;42;22;4,2,2,4,2,2,1,3,4,2,2,2,1,2,1,2,2,2,2,2,2,3;0001,01,11,1011,11,11,1,111,1011,11,11,11,1,11,1,11,11,11,11,11,11,011
121_9;line;HARDBOP;UP;Dexter Gordon;SWING;4;38;1;41;1;27;13;2,4,4,2,2,3,3,2,2,2,3,4,1;01,0001,0111,11,11,011,111,11,11,11,111,1011,1
121_10;line;HARDBOP;UP;Dexter Gordon;SWING;1;41;2;41;3;4;2;2,2;11,11
121_12;line;HARDBOP;UP;Dexter Gordon;SWING;5;44;2;48;1;28;15;3,2,2,2,2,2,2,3,2,2,2,1,2,4,1;110,01,11,11,11,11,11,111,11,11,01,1,11,1101,1
121_16;line;HARDBOP;UP;Dexter Gordon;SWING;4;65;1;68;3;29;15;2,3,2,2,2,2,2,2,2,2,2,2,2,2,2;01,011,11,11,11,11,11,11,11,11,11,11,11,11,11
121_17;lick;HARDBOP;UP;Dexter Gordon;SWING;4;68;4;71;3;17;10;2,4,2,2,4,2,2,4,2,4;01,1001,01,11,0011,11,11,0011,11,0001
121_18;lick;HARDBOP;UP;Dexter Gordon;SWING;3;72;2;74;3;17;9;2,2,4,4,2,4,4,2,1;01,01,1011,1011,11,1001,1100,11,1
121_19;lick;HARDBOP;UP;Dexter Gordon;SWING;3;74;4;76;1;9;6;2,1,2,1,2,1;11,1,11,1,11,1
121_20;line;HARDBOP;UP;Dexter Gordon;SWING;5;76;4;80;2;25;15;2,1,3,2,1,2,2,2,2,2,4,1,2,1,1;01,1,111,11,1,11,11,11,11,11,0011,1,11,1,1
121_21;lick;HARDBOP;UP;Dexter Gordon;SWING;2;81;1;82;3;10;7;2,4,1,2,1,1,1;11,1001,1,11,1,1,1
121_22;lick;HARDBOP;UP;Dexter Gordon;SWING;2;83;1;84;2;10;6;2,4,1,2,4,1;11,1001,1,11,1001,1
121_23;lick;HARDBOP;UP;Dexter Gordon;SWING;4;84;4;87;4;17;10;2,2,2,4,2,2,2,2,1,4;11,01,11,1001,01,11,11,11,1,1001
121_24;lick;HARDBOP;UP;Dexter Gordon;SWING;3;89;1;91;4;14;11;1,1,1,2,2,2,2,2,2,2,2;1,1,1,01,01,11,01,11,01,11,01
121_25;lick;HARDBOP;UP;Dexter Gordon;SWING;2;93;1;94;4;8;8;1,2,1,2,1,2,2,1;1,01,1,01,1,01,01,1
121_26;line;HARDBOP;UP;Dexter Gordon;SWING;4;95;2;98;2;23;12;2,2,2,2,2,2,4,2,2,2,2,2;11,11,11,11,11,11,0001,11,11,11,11,11
121_27;lick;HARDBOP;UP;Dexter Gordon;SWING;2;98;4;99;3;8;4;6,4,2,6;010011,1100,01,010001
121_28;lick;HARDBOP;UP;Dexter Gordon;SWING;4;101;1;104;2;21;13;2,2,1,2,2,4,2,2,2,2,2,2,1;11,11,1,11,01,0001,01,11,11,11,11,11,1
121_30;lick;HARDBOP;UP;Dexter Gordon;SWING;2;107;1;108;4;9;6;3,4,2,2,2,5;011,0001,01,01,01,10011
121_31;lick;HARDBOP;UP;Dexter Gordon;SWING;5;109;4;113;2;16;14;2,1,2,1,2,1,2,1,2,1,2,2,1,1;01,1,01,1,01,1,01,1,01,1,11,11,1,1
122_4;line;BEBOP;MEDIUM SLOW;Dexter Gordon;SWING;3;8;1;10;1;32;9;6,4,6,5,4,4,6,6,1;011101,1111,011101,10111,1111,1111,010011,101101,1
122_8;lick;BEBOP;MEDIUM SLOW;Dexter Gordon;SWING;2;15;4;16;2;8;3;4,3,4;1011,011,1110
122_9;lick;BEBOP;MEDIUM SLOW;Dexter Gordon;SWING;2;16;4;17;3;10;4;4,6,3,4;0001,011011,011,1110
122_10;lick;BEBOP;MEDIUM SLOW;Dexter Gordon;SWING;1;18;1;18;3;11;3;5,4,3;11111,1111,110
122_11;line;BEBOP;MEDIUM SLOW;Dexter Gordon;SWING;2;18;4;19;3;15;4;8,6,6,6;00000001,011111,111111,111000
122_12;line;BEBOP;MEDIUM SLOW;Dexter Gordon;SWING;3;19;4;21;2;25;7;4,4,4,4,3,6,2;1111,1111,1111,1111,111,101101,11
122_14;line;BEBOP;MEDIUM SLOW;Dexter Gordon;SWING;3;22;4;24;1;22;6;8,5,6,6,6,10;00000011,10111,011011,011011,010111,0100101001
122_17;lick;BEBOP;MEDIUM SLOW;Dexter Gordon;SWING;2;27;2;28;2;18;5;4,4,4,8,4;0011,1111,1111,01011111,1100
122_18;lick;BEBOP;MEDIUM SLOW;Dexter Gordon;SWING;2;28;3;29;2;12;4;4,4,8,3;0001,1111,01010111,110
122_23;lick;BEBOP;MEDIUM SLOW;Dexter Gordon;SWING;2;32;3;33;1;5;3;4,4,1;0001,1110,1
123_1;line;HARDBOP;UP;Dexter Gordon;SWING;3;-1;2;1;2;14;9;1,2,2,2,2,2,2,1,1;1,11,11,11,11,01,11,1,1
123_2;lick;HARDBOP;UP;Dexter Gordon;SWING;1;2;1;2;4;6;4;2,2,2,2;01,11,01,11
123_3;lick;HARDBOP;UP;Dexter Gordon;SWING;5;4;1;8;4;33;20;4,2,2,2,1,2,2,2,1,1,2,2,2,2,2,2,2,2,6,1;0001,11,11,11,1,01,11,11,1,1,11,01,11,11,11,11,11,11,001001,1
123_4;line;HARDBOP;UP;Dexter Gordon;SWING;2;9;3;10;1;5;3;2,2,2;11,01,11
123_5;lick;HARDBOP;UP;Dexter Gordon;SWING;2;10;3;11;2;5;4;4,5,2,1;0001,00101,01,1
123_6;line;HARDBOP;UP;Dexter Gordon;SWING;2;12;1;13;4;14;8;6,2,2,4,1,4,2,1;001101,11,01,1101,1,0001,11,1
123_7;line;HARDBOP;UP;Dexter Gordon;SWING;3;14;1;16;1;20;9;3,4,2,2,3,2,2,3,4;011,1111,11,11,011,11,11,011,1001
123_8;line;HARDBOP;UP;Dexter Gordon;SWING;6;17;2;22;1;37;20;2,2,2,2,2,2,2,6,2,2,2,2,2,2,2,2,2,1,4,6;11,11,11,11,11,11,11,010001,11,01,11,11,11,11,11,01,11,1,1001,010001
123_9;line;HARDBOP;UP;Dexter Gordon;SWING;3;23;2;25;1;17;8;4,3,2,2,2,2,2,1;1011,111,11,11,11,11,11,1
123_10;line;HARDBOP;UP;Dexter Gordon;SWING;3;25;2;27;2;15;9;4,2,2,2,3,2,2,2,1;0110,11,11,01,110,11,11,01,1
123_12;line;HARDBOP;UP;Dexter Gordon;SWING;3;30;1;32;2;13;9;2,3,3,2,1,2,4,2,1;01,111,011,01,1,11,0001,01,1
123_13;line;HARDBOP;UP;Dexter Gordon;SWING;2;33;1;34;4;10;7;4,2,2,4,4,2,1;0001,11,11,0001,0011,01,1
123_14;lick;HARDBOP;UP;Dexter Gordon;SWING;2;35;3;36;4;8;6;2,1,4,6,2,1;11,1,0001,001001,01,1
123_15;lick;HARDBOP;UP;Dexter Gordon;SWING;2;37;2;38;4;10;7;4,2,2,6,2,2,2;0001,11,01,000001,01,11,11
123_16;line;HARDBOP;UP;Dexter Gordon;SWING;3;39;2;41;2;15;9;2,4,2,1,2,2,2,2,1;11,1101,11,1,01,01,11,11,1
123_17;line;HARDBOP;UP;Dexter Gordon;SWING;4;42;1;45;1;22;13;2,1,1,6,6,2,2,2,2,2,6,2,1;01,1,1,001001,001001,01,11,11,11,11,100111,01,1
123_18;line;HARDBOP;UP;Dexter Gordon;SWING;2;46;1;47;4;17;8;6,4,2,4,2,5,4,2;000011,0111,11,1001,01,00111,1100,11
123_19;lick;HARDBOP;UP;Dexter Gordon;SWING;2;48;4;49;3;8;4;2,6,2,1;11,010011,11,1
123_20;lick;HARDBOP;UP;Dexter Gordon;SWING;2;50;1;51;3;13;7;2,4,2,4,2,2,2;11,1101,11,1100,01,11,01
123_21;lick;HARDBOP;UP;Dexter Gordon;SWING;2;52;1;53;1;7;5;2,2,2,2,1;01,01,11,11,1
123_22;lick;HARDBOP;UP;Dexter Gordon;SWING;2;53;4;54;1;6;2;4,4;1111,1100
123_23;line;HARDBOP;UP;Dexter Gordon;SWING;3;55;1;57;4;17;11;4,4,4,2,2,2,2,2,4,2,1;0001,1100,1101,11,11,11,01,01,0001,01,1
123_24;lick;HARDBOP;UP;Dexter Gordon;SWING;1;58;1;58;4;6;4;4,2,4,1;0001,11,0110,1
123_25;lick;HARDBOP;UP;Dexter Gordon;SWING;3;59;1;61;2;16;10;4,2,2,4,1,4,2,4,2,2;0001,11,01,1001,1,0001,11,1101,11,01
123_26;line;HARDBOP;UP;Dexter Gordon;SWING;2;62;3;63;1;10;3;6,3,4;111011,011,1110
123_27;line;HARDBOP;UP;Dexter Gordon;SWING;4;64;1;67;1;24;13;4,2,2,2,6,2,2,3,2,3,2,3,1;0011,11,11,11,001001,11,01,110,11,111,01,011,1
123_28;lick;HARDBOP;UP;Dexter Gordon;SWING;1;68;1;68;4;6;4;4,2,4,2;0001,11,0001,11
123_29;lick;HARDBOP;UP;Dexter Gordon;SWING;2;69;2;70;4;12;5;4,2,4,3,4;0001,11,1110,111,1110
123_30;line;HARDBOP;UP;Dexter Gordon;SWING;5;71;3;75;1;25;15;2,2,6,2,6,2,2,2,1,2,1,2,1,2,1;11,11,010001,01,100101,11,01,11,1,11,1,11,1,11,1
123_31;line;HARDBOP;UP;Dexter Gordon;SWING;1;76;2;76;4;11;3;6,8,4;111100,10100111,0110
123_32;lick;HARDBOP;UP;Dexter Gordon;SWING;3;77;3;79;2;8;6;2,1,2,2,2,2;01,1,01,11,01,11
123_33;lick;HARDBOP;UP;Dexter Gordon;SWING;2;80;2;81;3;7;5;4,2,1,2,1;0001,11,1,11,1
123_34;line;HARDBOP;UP;Dexter Gordon;SWING;1;82;1;82;3;6;3;2,2,6;11,11,001001
123_35;line;HARDBOP;UP;Dexter Gordon;SWING;2;83;2;84;3;11;5;2,6,4,2,3;11,001001,1110,11,011
123_36;line;HARDBOP;UP;Dexter Gordon;SWING;2;85;2;86;2;11;5;4,2,2,2,2;0111,11,11,11,11
123_37;line;HARDBOP;UP;Dexter Gordon;SWING;4;86;4;89;1;16;10;4,2,2,2,2,4,2,1,2,2;0001,01,11,11,11,0110,11,1,01,11
123_41;lick;HARDBOP;UP;Dexter Gordon;SWING;5;99;3;103;2;29;15;3,1,2,4,2,2,2,6,3,2,2,4,2,2,1;011,1,01,0111,11,11,11,010001,011,11,11,0111,11,11,1
123_42;line;HARDBOP;UP;Dexter Gordon;SWING;2;104;1;105;1;10;5;2,2,4,2,2;01,11,1101,11,11
123_43;lick;HARDBOP;UP;Dexter Gordon;SWING;1;106;1;106;2;2;2;1,1;1,1
123_44;lick;HARDBOP;UP;Dexter Gordon;SWING;1;107;1;107;2;2;2;2,1;01,1
123_45;lick;HARDBOP;UP;Dexter Gordon;SWING;1;108;1;108;3;4;2;2,2;11,11
123_46;line;HARDBOP;UP;Dexter Gordon;SWING;3;109;3;111;2;14;8;2,2,2,2,2,2,1,4;11,11,11,11,11,11,1,0001
123_48;line;HARDBOP;UP;Dexter Gordon;SWING;1;113;2;113;4;7;3;4,4,2;0001,1111,11
123_49;lick;HARDBOP;UP;Dexter Gordon;SWING;4;114;2;117;2;18;13;2,2,4,4,2,2,1,1,4,2,1,1,4;01,11,0001,1101,01,11,1,1,0001,11,1,1,0001
123_50;lick;HARDBOP;UP;Dexter Gordon;SWING;4;118;2;121;3;22;14;2,1,4,3,4,2,1,3,1,3,4,2,3,2;01,1,0001,011,1100,11,1,011,1,110,0001,01,111,11
123_51;lick;HARDBOP;UP;Dexter Gordon;SWING;2;122;2;123;4;12;7;4,2,4,2,1,6,1;0001,11,0011,01,1,111100,1
124_2;lick;HARDBOP;MEDIUM;Dexter Gordon;SWING;2;-6;2;-5;3;8;5;6,2,2,1,2;000101,01,11,1,11
124_3;lick;HARDBOP;MEDIUM;Dexter Gordon;SWING;1;-3;1;-3;3;9;3;8,3,4;01010101,011,1011
124_4;line;HARDBOP;MEDIUM;Dexter Gordon;SWING;3;-2;1;0;1;31;9;3,4,4,6,4,5,4,4,2;111,1111,0111,110111,0111,11111,1001,1111,11
124_5;lick;HARDBOP;MEDIUM;Dexter Gordon;SWING;2;0;3;1;2;8;4;8,4,1,3;00000001,1101,1,111
124_6;line;HARDBOP;MEDIUM;Dexter Gordon;SWING;3;1;4;3;3;28;8;4,4,6,5,4,4,6,3;0011,1111,011111,10111,1111,1001,111011,110
124_7;line;HARDBOP;MEDIUM;Dexter Gordon;SWING;3;4;1;6;2;36;10;8,7,6,4,6,4,7,6,4,1;00000111,1101011,010111,1001,101111,1111,1010101,011011,1111,1
124_8;lick;HARDBOP;MEDIUM;Dexter Gordon;SWING;2;6;4;7;3;14;4;4,4,4,4;1111,0111,1111,1110
124_9;line;HARDBOP;MEDIUM;Dexter Gordon;SWING;1;8;1;8;4;10;4;6,1,4,3;001011,1,1111,110
124_10;line;HARDBOP;MEDIUM;Dexter Gordon;SWING;5;9;1;13;2;63;18;4,6,6,6,4,10,4,3,6,3,8,3,8,6,5,6,6,4;1111,101101,011011,011011,1111,1000100111,1011,011,010011,011,01100101,011,01001101,010111,10111,101101,100011,1110
124_11;lick;HARDBOP;MEDIUM;Dexter Gordon;SWING;2;14;2;15;3;11;5;2,8,4,2,1;01,01000111,1101,11,1
124_12;lick;HARDBOP;MEDIUM;Dexter Gordon;SWING;2;16;1;17;3;15;7;2,5,2,2,1,3,3;01,10111,11,11,1,011,111
124_13;lick;HARDBOP;MEDIUM;Dexter Gordon;SWING;2;18;1;19;3;15;7;6,2,6,2,1,2,4;000011,01,010111,11,1,11,1101
124_14;lick;HARDBOP;MEDIUM;Dexter Gordon;SWING;4;20;2;23;3;19;10;2,2,3,2,4,2,2,2,2,2;01,01,111,11,0111,11,01,11,11,11
124_15;lick;HARDBOP;MEDIUM;Dexter Gordon;SWING;2;24;2;25;1;7;4;3,2,2,4;011,11,01,1100
124_16;lick;HARDBOP;MEDIUM;Dexter Gordon;SWING;2;26;2;27;3;11;6;3,2,2,6,6,1;011,11,01,010011,000101,1
124_17;lick;HARDBOP;MEDIUM;Dexter Gordon;SWING;2;28;2;29;3;11;4;2,6,4,2;11,111100,0111,11
124_18;lick;HARDBOP;MEDIUM;Dexter Gordon;SWING;2;30;1;31;3;12;6;6,10,2,1,8,4;000011,0000101001,01,1,00000011,0111
124_19;line;HARDBOP;MEDIUM;Dexter Gordon;SWING;4;32;1;35;2;44;14;4,4,4,4,4,2,6,8,2,6,8,4,4,4;0001,1111,1111,1111,1011,11,110101,01000101,11,110101,01000101,0111,1111,1110
124_20;lick;HARDBOP;MEDIUM;Dexter Gordon;SWING;2;35;4;36;2;8;3;4,6,2;0011,101011,11
124_21;lick;HARDBOP;MEDIUM;Dexter Gordon;SWING;2;36;4;37;2;6;3;2,6,2;01,010101,11
124_22;lick;HARDBOP;MEDIUM;Dexter Gordon;SWING;2;37;4;38;2;6;3;2,4,2;01,0111,11
124_23;lick;HARDBOP;MEDIUM;Dexter Gordon;SWING;3;38;4;40;1;12;6;2,6,2,1,8,2;01,010101,11,1,00000111,11
124_24;lick;HARDBOP;MEDIUM;Dexter Gordon;SWING;1;41;1;41;3;5;3;2,2,2;01,11,11
124_25;lick;HARDBOP;MEDIUM;Dexter Gordon;SWING;1;42;1;42;3;6;3;2,3,2;01,111,11
124_26;line;HARDBOP;MEDIUM;Dexter Gordon;SWING;6;43;2;48;3;71;22;4,4,4,4,4,4,4,8,1,4,6,8,4,4,8,6,3,4,6,6,4,1;1100,1100,1100,1100,1111,1111,1111,01000111,1,0001,111101,01101011,0111,1111,01001101,011011,111,1111,110111,011011,0111,1
124_27;line;HARDBOP;MEDIUM;Dexter Gordon;SWING;3;49;1;51;3;39;11;4,4,5,5,3,4,6,3,6,4,3;1111,1111,10111,01111,111,1100,111011,111,101011,1111,110
124_28;line;HARDBOP;MEDIUM;Dexter Gordon;SWING;5;51;4;55;4;59;17;5,9,6,3,4,3,6,6,4,4,4,4,4,3,4,4,4;00011,011001101,010111,111,1111,111,101101,101101,1111,1111,1111,1111,1001,111,1111,1011,1100
124_29;line;HARDBOP;MEDIUM;Dexter Gordon;SWING;2;56;2;57;1;12;4;6,4,2,1;101111,1111,11,1
124_30;line;HARDBOP;MEDIUM;Dexter Gordon;SWING;4;57;2;60;2;43;13;3,5,4,6,4,4,4,4,3,4,8,1,1;111,11111,1111,101011,1111,1001,1111,1111,110,1111,10101011,1,1
124_31;lick;HARDBOP;MEDIUM;Dexter Gordon;SWING;3;61;2;63;3;33;10;8,4,6,6,10,8,4,4,4,1;00001111,1011,010101,010101,0010011111,01010101,0111,1111,1100,1
124_39;line;HARDBOP;MEDIUM;Dexter Gordon;SWING;5;76;1;80;1;56;17;8,4,3,4,2,4,6,4,4,6,6,3,4,3,4,4,2;01001011,0111,011,0001,11,1111,011011,0111,1111,110111,010111,111,1111,111,1111,1111,11
124_40;line;HARDBOP;MEDIUM;Dexter Gordon;SWING;1;81;1;81;4;14;4;4,5,5,6;0011,01111,01111,111100
124_41;line;HARDBOP;MEDIUM;Dexter Gordon;SWING;1;82;3;82;4;9;2;10,6;1001001011,011110
124_42;lick;HARDBOP;MEDIUM;Dexter Gordon;SWING;1;83;1;83;4;7;4;2,3,4,2;01,011,0110,11
124_43;line;HARDBOP;MEDIUM;Dexter Gordon;SWING;6;84;2;89;4;75;23;4,6,6,8,2,6,3,6,8,2,5,4,7,4,4,4,4,5,4,4,4,5,2;1111,101011,010011,01001001,11,110001,011,010101,01001001,11,01111,1111,1010111,1111,0011,1011,1111,10111,1001,1111,1111,01111,11
124_44;lick;HARDBOP;MEDIUM;Dexter Gordon;SWING;2;90;3;91;3;12;5;4,4,2,6,3;1111,0111,11,000001,011
124_45;lick;HARDBOP;MEDIUM;Dexter Gordon;SWING;4;92;2;95;1;29;11;4,6,7,4,6,4,8,3,4,2,6;1111,101111,0001001,0011,010011,0011,10000011,011,1011,01,010001
124_46;lick;HARDBOP;MEDIUM;Dexter Gordon;SWING;2;97;1;98;1;6;5;4,2,2,2,2;0001,01,01,01,11
124_47;lick;HARDBOP;MEDIUM;Dexter Gordon;SWING;1;99;1;99;4;6;4;4,2,1,6;0001,01,1,101001
124_50;lick;HARDBOP;MEDIUM;Dexter Gordon;SWING;5;105;1;109;1;35;17;4,4,4,2,4,4,3,2,1,1,5,2,1,2,3,4,1;1100,1100,1111,11,1001,1001,011,11,1,1,10111,11,1,11,111,1001,1
125_2;lick;HARDBOP;UP;Dexter Gordon;SWING;3;5;4;7;1;11;6;2,4,2,2,3,1;01,1011,11,01,111,1
125_3;lick;HARDBOP;UP;Dexter Gordon;SWING;3;8;2;10;4;16;10;2,2,2,2,6,2,2,2,1,2;11,11,11,01,000001,01,11,11,1,11
125_4;lick;HARDBOP;UP;Dexter Gordon;SWING;4;11;3;14;3;21;11;2,2,1,2,3,2,2,2,2,2,3;11,11,1,01,110,11,11,11,11,11,111
125_5;lick;HARDBOP;UP;Dexter Gordon;SWING;2;15;1;16;3;12;6;4,2,4,2,2,2;0001,11,1011,11,11,11
125_6;lick;HARDBOP;UP;Dexter Gordon;SWING;2;17;2;18;2;9;5;4,1,4,2,2;0001,1,1101,11,11
125_7;lick;HARDBOP;UP;Dexter Gordon;SWING;3;19;3;21;1;12;7;4,2,2,2,2,1,4;1001,11,11,11,01,1,1001
125_8;lick;HARDBOP;UP;Dexter Gordon;SWING;4;22;1;25;4;28;13;2,2,4,2,5,2,2,4,6,3,1,4,1;11,11,1011,11,01111,11,01,0011,010111,011,1,1100,1
125_9;lick;HARDBOP;UP;Dexter Gordon;SWING;2;26;1;27;3;15;7;2,6,4,2,1,2,2;01,010111,1111,11,1,01,11
125_10;lick;HARDBOP;UP;Dexter Gordon;SWING;5;28;1;32;3;33;19;2,4,5,2,1,2,1,2,2,1,1,2,4,2,1,2,2,1,6;01,1111,01111,11,1,11,1,11,11,1,1,01,0110,11,1,01,11,1,010001
125_11;lick;HARDBOP;UP;Dexter Gordon;SWING;5;33;1;37;3;21;14;4,2,2,2,4,4,4,1,2,2,2,2,1,1;0001,11,01,11,0011,1001,0001,1,11,01,11,11,1,1
125_12;line;HARDBOP;UP;Dexter Gordon;SWING;1;38;2;38;4;8;3;3,4,1;111,1111,1
125_13;lick;HARDBOP;UP;Dexter Gordon;SWING;3;39;2;41;4;18;10;2,4,4,2,2,2,2,2,2,2;01,1101,0001,11,11,11,11,11,11,01
125_14;line;HARDBOP;UP;Dexter Gordon;SWING;2;43;1;44;4;24;8;3,4,4,3,1,6,4,4;011,1111,1111,111,1,101011,0111,1110
125_15;line;HARDBOP;UP;Dexter Gordon;SWING;2;45;2;46;3;13;6;2,3,3,3,3,1;01,111,111,011,111,1
125_16;lick;HARDBOP;UP;Dexter Gordon;SWING;1;47;1;47;4;6;4;2,2,3,1;11,01,110,1
125_17;lick;HARDBOP;UP;Dexter Gordon;SWING;3;48;2;50;2;15;8;4,2,3,2,1,4,1,1;0001,11,111,11,1,1111,1,1
125_18;lick;HARDBOP;UP;Dexter Gordon;SWING;2;50;3;51;2;6;4;4,3,1,1;0001,111,1,1
125_19;lick;HARDBOP;UP;Dexter Gordon;SWING;4;51;4;54;4;18;11;2,2,2,2,2,6,4,1,1,1,1;01,11,11,11,11,010001,1011,1,1,1,1
125_20;lick;HARDBOP;UP;Dexter Gordon;SWING;3;55;2;57;1;12;8;2,2,2,2,2,1,1,4;01,11,01,11,11,1,1,1001
125_21;lick;HARDBOP;UP;Dexter Gordon;SWING;5;57;4;61;3;27;14;4,2,2,2,4,1,2,2,4,2,3,2,2,2;0001,11,11,11,0110,1,11,11,1001,11,111,11,11,11
125_22;line;HARDBOP;UP;Dexter Gordon;SWING;4;62;1;65;1;21;12;2,2,6,4,2,2,2,1,3,4,1,1;01,11,010001,0001,11,11,11,1,111,1101,1,1
125_23;lick;HARDBOP;UP;Dexter Gordon;SWING;2;65;4;66;4;9;5;3,1,6,2,4;011,1,000101,01,1011
125_24;lick;HARDBOP;UP;Dexter Gordon;SWING;3;67;4;69;4;15;9;2,1,2,1,3,2,2,2,2;11,1,11,1,011,11,11,01,11
125_25;lick;HARDBOP;UP;Dexter Gordon;SWING;1;71;1;71;4;6;4;2,4,4,2;01,0001,1101,01
125_27;lick;HARDBOP;UP;Dexter Gordon;SWING;4;76;4;79;2;13;9;2,2,2,1,3,1,2,1,2;01,11,01,1,111,1,01,1,11
125_28;line;HARDBOP;UP;Dexter Gordon;SWING;4;80;1;83;4;27;15;4,4,4,2,1,1,4,4,2,1,6,1,2,4,1;0001,1011,0111,11,1,1,1110,1001,11,1,010001,1,11,1100,1
125_32;line;HARDBOP;UP;Dexter Gordon;SWING;1;88;1;88;4;12;4;6,6,4,1;101011,011011,1011,1
125_33;line;HARDBOP;UP;Dexter Gordon;SWING;2;89;4;90;3;12;4;6,6,4,1;011011,010111,0111,1
125_34;line;HARDBOP;UP;Dexter Gordon;SWING;2;91;1;92;1;16;5;4,5,2,4,4;1011,01111,11,1111,1110
125_35;line;HARDBOP;UP;Dexter Gordon;SWING;2;92;3;93;1;9;3;3,4,4;011,1111,1110
125_37;line;HARDBOP;UP;Dexter Gordon;SWING;2;99;1;100;2;6;6;4,2,2,2,2,4;0001,01,01,01,01,0001
125_39;lick;HARDBOP;UP;Dexter Gordon;SWING;3;103;1;105;1;13;9;4,2,1,2,1,2,2,2,3;0011,01,1,01,1,01,01,11,111
125_40;lick;HARDBOP;UP;Dexter Gordon;SWING;2;106;2;107;1;7;4;4,1,2,2;1101,1,01,11
125_41;lick;HARDBOP;UP;Dexter Gordon;SWING;5;108;3;112;3;27;14;2,2,3,1,4,2,3,1,4,1,4,4,6,4;11,01,111,1,1001,01,111,1,0111,1,0001,1111,000011,1100
125_42;lick;HARDBOP;UP;Dexter Gordon;SWING;2;113;1;114;3;10;6;2,1,4,3,2,2;01,1,1001,011,11,11
125_43;lick;HARDBOP;UP;Dexter Gordon;SWING;2;115;1;116;3;11;7;4,2,2,1,3,2,6;0001,01,11,1,011,11,001001
125_44;line;HARDBOP;UP;Dexter Gordon;SWING;3;117;4;119;1;14;6;4,3,6,3,3,1;0001,011,101101,111,111,1
125_48;lick;HARDBOP;UP;Dexter Gordon;SWING;3;129;1;131;4;21;12;2,2,1,2,2,1,2,2,2,2,4,1;11,11,1,11,11,1,11,11,11,11,0110,1
125_49;lick;HARDBOP;UP;Dexter Gordon;SWING;1;133;1;133;3;3;3;2,2,2;01,01,01
125_50;lick;HARDBOP;UP;Dexter Gordon;SWING;4;134;1;137;1;17;13;1,1,1,2,1,1,1,1,2,2,1,6,4;1,1,1,01,1,1,1,1,11,11,1,000011,1001
125_51;lick;HARDBOP;UP;Dexter Gordon;SWING;2;138;1;139;1;10;5;4,4,1,2,1;0011,1111,1,11,1
125_52;line;HARDBOP;UP;Dexter Gordon;SWING;2;140;1;141;3;15;6;4,4,6,2,4,2;0111,1100,100011,11,0111,11
125_53;lick;HARDBOP;UP;Dexter Gordon;SWING;2;142;1;143;2;8;5;6,2,5,2,1;000011,11,00101,01,1
125_54;lick;HARDBOP;UP;Dexter Gordon;SWING;3;143;4;145;2;11;7;2,2,2,4,4,1,1;01,11,11,1001,0110,1,1
126_1;lick;HARDBOP;MEDIUM;Dexter Gordon;SWING;1;-1;2;-1;3;3;2;2,2;01,11
126_2;line;HARDBOP;MEDIUM;Dexter Gordon;SWING;3;-1;4;1;1;13;6;2,2,2,2,6,2;01,11,11,11,101110,11
126_3;lick;HARDBOP;MEDIUM;Dexter Gordon;SWING;1;1;2;1;3;3;2;2,2;01,11
126_4;line;HARDBOP;MEDIUM;Dexter Gordon;SWING;3;1;4;3;2;13;7;2,2,2,2,2,2,2;01,11,11,11,11,11,11
126_5;line;HARDBOP;MEDIUM;Dexter Gordon;SWING;1;4;1;4;4;7;4;2,3,3,1;01,111,011,1
126_6;lick;HARDBOP;MEDIUM;Dexter Gordon;SWING;2;5;1;6;3;10;7;6,3,8,2,6,3,1;000001,011,00000101,01,000001,011,1
126_10;lick;HARDBOP;MEDIUM;Dexter Gordon;SWING;2;10;4;11;4;17;5;8,4,4,6,1;10010111,0111,1111,111010,1
126_12;line;HARDBOP;MEDIUM;Dexter Gordon;SWING;1;13;1;13;4;10;4;3,4,3,1;111,1111,110,1
126_13;line;HARDBOP;MEDIUM;Dexter Gordon;SWING;3;14;2;16;4;38;11;4,4,3,8,2,4,4,6,6,4,3;1111,1111,111,11010101,11,0111,1110,011101,101011,0111,111
126_14;line;HARDBOP;MEDIUM;Dexter Gordon;SWING;3;17;4;19;4;18;8;3,3,3,2,2,4,2,2;011,111,111,11,01,0111,11,11
126_16;line;HARDBOP;MEDIUM;Dexter Gordon;SWING;2;21;3;22;4;22;6;4,8,6,4,4,3;1111,10010101,010111,1111,0111,111
126_17;lick;HARDBOP;MEDIUM;Dexter Gordon;SWING;2;23;3;24;4;15;6;6,2,4,3,1,1;101011,11,1111,111,1,1
126_18;lick;HARDBOP;MEDIUM;Dexter Gordon;SWING;1;25;3;25;3;2;1;2;11
126_19;lick;HARDBOP;MEDIUM;Dexter Gordon;SWING;1;26;1;26;3;6;3;2,3,8;01,110,10100001
126_21;lick;HARDBOP;MEDIUM;Dexter Gordon;SWING;2;31;4;32;3;10;4;3,3,3,1;111,111,111,1
126_22;lick;HARDBOP;MEDIUM;Dexter Gordon;SWING;2;32;4;33;3;7;4;2,1,4,2;11,1,0011,11
126_23;line;HARDBOP;MEDIUM;Dexter Gordon;SWING;3;34;2;36;4;34;11;6,4,4,4,8,3,4,4,6,4,2;010111,0111,1111,1111,10100001,111,1111,1100,000011,0111,11
126_24;lick;HARDBOP;MEDIUM;Dexter Gordon;SWING;3;37;3;39;2;26;8;8,6,6,4,6,3,4,1;01010101,100111,011011,1111,011011,111,1100,1
126_25;lick;HARDBOP;MEDIUM;Dexter Gordon;SWING;1;39;3;39;4;6;2;4,2;1111,11
126_26;line;HARDBOP;MEDIUM;Dexter Gordon;SWING;2;40;2;41;1;14;4;6,4,6,4;011110,1111,011100,1011
126_27;lick;HARDBOP;MEDIUM;Dexter Gordon;SWING;1;41;3;41;3;2;1;2;11
126_28;lick;HARDBOP;MEDIUM;Dexter Gordon;SWING;1;42;2;42;4;8;3;6,3,4;010111,011,1100
126_29;lick;HARDBOP;MEDIUM;Dexter Gordon;SWING;3;43;2;45;1;15;8;4,4,2,2,4,2,1,2;0111,1101,11,01,0001,11,1,11
126_30;lick;HARDBOP;MEDIUM;Dexter Gordon;SWING;2;46;1;47;1;10;5;2,4,2,4,2;11,1101,01,1001,11
126_31;lick;HARDBOP;MEDIUM;Dexter Gordon;SWING;1;47;3;47;3;3;1;4;1101
126_32;lick;HARDBOP;MEDIUM;Dexter Gordon;SWING;2;47;4;48;2;5;3;4,3,2;0001,011,11
126_33;lick;HARDBOP;MEDIUM;Dexter Gordon;SWING;1;49;2;49;3;5;2;7,1;0101011,1
126_34;lick;HARDBOP;MEDIUM;Dexter Gordon;SWING;2;50;1;51;1;16;5;6,6,4,4,1;101101,010111,0111,1111,1
126_35;line;HARDBOP;MEDIUM;Dexter Gordon;SWING;1;51;3;51;4;8;2;6,4;111110,1110
126_36;line;HARDBOP;MEDIUM;Dexter Gordon;SWING;2;52;2;53;1;11;4;2,4,4,2;01,1111,1111,11
126_38;lick;HARDBOP;MEDIUM;Dexter Gordon;SWING;3;53;4;55;1;8;5;2,2,2,2,1;01,11,11,11,1
126_40;lick;HARDBOP;MEDIUM;Dexter Gordon;SWING;1;57;1;57;3;6;3;4,2,4;0001,11,1101
126_41;lick;HARDBOP;MEDIUM;Dexter Gordon;SWING;1;58;2;58;3;5;2;3,2;111,11
126_42;lick;HARDBOP;MEDIUM;Dexter Gordon;SWING;2;59;1;60;3;11;6;4,6,8,2,2,2;0001,010101,00100001,01,11,11
126_43;lick;HARDBOP;MEDIUM;Dexter Gordon;SWING;1;61;2;61;3;5;2;4,1;1111,1
126_44;line;HARDBOP;MEDIUM;Dexter Gordon;SWING;3;61;4;63;1;22;6;4,5,6,3,4,4;1111,10111,010111,111,1111,1110
126_45;lick;HARDBOP;MEDIUM;Dexter Gordon;SWING;3;64;1;66;2;34;10;3,4,4,4,4,4,4,4,6,2;111,1111,1111,1111,1111,1100,0111,1111,101011,11
126_46;lick;HARDBOP;MEDIUM;Dexter Gordon;SWING;2;67;2;68;4;13;6;3,3,1,4,3,1;111,111,1,1101,011,1
126_47;line;HARDBOP;MEDIUM;Dexter Gordon;SWING;2;69;2;70;4;25;7;4,4,4,4,3,4,4;1111,1111,1111,1111,111,1111,1100
126_48;line;HARDBOP;MEDIUM;Dexter Gordon;SWING;2;71;2;72;2;17;5;2,4,4,7,2;11,1111,1111,1101011,11
126_49;line;HARDBOP;MEDIUM;Dexter Gordon;SWING;2;72;3;73;1;9;3;6,8,1;101101,01010101,1
126_50;lick;HARDBOP;MEDIUM;Dexter Gordon;SWING;2;73;3;74;2;9;4;3,2,2,4;111,11,01,1110
126_51;line;HARDBOP;MEDIUM;Dexter Gordon;SWING;2;74;4;75;2;9;3;3,4,3;111,1111,110
126_53;lick;HARDBOP;MEDIUM;Dexter Gordon;SWING;3;77;1;79;1;12;7;6,2,2,2,2,2,1;000001,11,11,11,11,11,1
126_54;lick;HARDBOP;MEDIUM;Dexter Gordon;SWING;1;79;2;79;3;3;2;2,2;01,11
126_55;lick;HARDBOP;MEDIUM;Dexter Gordon;SWING;2;79;4;80;1;3;2;2,2;01,11
126_56;line;HARDBOP;MEDIUM;Dexter Gordon;SWING;4;80;4;83;1;17;9;6,2,3,2,2,2,2,2,2;000001,11,011,11,11,11,11,11,11
126_57;lick;HARDBOP;MEDIUM;Dexter Gordon;SWING;1;84;1;84;1;2;1;4;1001
126_58;lick;HARDBOP;MEDIUM;Dexter Gordon;SWING;1;85;1;85;3;7;3;4,2,2;1111,11,01
126_59;lick;HARDBOP;MEDIUM;Dexter Gordon;SWING;1;86;1;86;2;7;2;6,2;011111,11
126_60;lick;HARDBOP;MEDIUM;Dexter Gordon;SWING;3;86;4;88;1;17;6;3,6,3,4,4,1;011,101011,011,1111,1111,1
126_61;line;HARDBOP;MEDIUM;Dexter Gordon;SWING;2;88;3;89;1;9;3;6,3,3;101101,111,110
126_62;lick;HARDBOP;MEDIUM;Dexter Gordon;SWING;2;89;2;90;2;6;5;4,4,2,1,2;0001,0001,11,1,01
126_63;lick;HARDBOP;MEDIUM;Dexter Gordon;SWING;1;91;1;91;3;6;3;2,6,7;01,100101,0010001
126_64;lick;HARDBOP;MEDIUM;Dexter Gordon;SWING;1;92;1;92;4;6;4;6,2,2,1;001001,11,01,1
126_65;lick;HARDBOP;MEDIUM;Dexter Gordon;SWING;3;93;1;95;1;17;9;4,8,6,6,3,2,2,2,7;0001,00100101,001001,001001,011,11,11,01,0010001
133_1;lick;BEBOP;UP;Dizzy Gillespie;SWING;2;1;2;2;1;5;4;1,1,2,4;1,1,01,1001
133_2;lick;BEBOP;UP;Dizzy Gillespie;SWING;2;3;2;4;2;5;4;1,1,1,2;1,1,1,11
133_3;line;BEBOP;UP;Dizzy Gillespie;SWING;2;6;1;7;4;15;8;4,1,2,2,2,2,4,2;1001,1,11,11,11,11,1001,11
133_5;line;BEBOP;UP;Dizzy Gillespie;SWING;10;10;1;19;2;67;35;4,2,2,4,2,2,2,3,2,2,3,2,2,2,2,1,2,1,2,2,4,2,3,2,2,1,2,2,2,1,2,2,3,2,2;0001,11,01,1011,01,11,11,111,11,11,111,11,11,11,11,1,11,1,11,11,1001,11,111,11,01,1,11,11,11,1,11,11,111,11,11
133_6;lick;BEBOP;UP;Dizzy Gillespie;SWING;4;20;4;23;2;17;11;4,3,2,1,3,2,4,3,2,2,2;0001,011,01,1,011,01,0011,011,01,11,11
134_1;lick;BEBOP;UP;Dizzy Gillespie;SWING;2;1;1;2;1;8;5;2,3,2,4,4;11,110,11,0001,0001
134_2;lick;BEBOP;UP;Dizzy Gillespie;SWING;2;3;1;4;1;10;5;3,4,4,4,2;111,1101,1001,0001,01
134_3;line;BEBOP;UP;Dizzy Gillespie;SWING;4;5;2;8;1;22;12;2,2,2,2,2,2,2,1,2,2,2,1;11,11,11,11,11,11,11,1,11,11,11,1
134_4;line;BEBOP;UP;Dizzy Gillespie;SWING;7;9;2;15;1;47;23;2,2,4,2,3,4,2,2,2,2,2,2,2,2,2,2,3,2,2,2,2,4,2;01,01,1011,11,111,1101,11,11,11,11,11,11,11,11,11,11,111,11,11,11,11,1001,01
134_6;line;BEBOP;UP;Dizzy Gillespie;SWING;4;20;4;23;1;16;9;2,4,3,3,3,3,3,2,2;01,0011,011,011,011,011,011,01,11
134_7;line;BEBOP;UP;Dizzy Gillespie;SWING;9;23;3;31;1;58;29;4,3,4,2,2,2,2,1,4,2,2,2,2,2,3,2,2,2,4,3,3,2,2,2,2,2,4,2,2;0111,011,0110,11,11,11,11,1,1101,01,11,11,11,11,111,11,11,01,0111,011,011,01,11,11,11,11,1011,01,11
134_8;line;BEBOP;UP;Dizzy Gillespie;SWING;7;33;1;39;2;50;26;1,2,2,1,4,2,2,2,2,1,2,2,4,2,2,2,2,2,2,2,2,2,4,2,2,4;1,11,11,1,1001,11,11,11,11,1,11,11,1101,01,11,11,11,11,11,11,11,11,1011,01,11,1011
134_11;line;BEBOP;UP;Dizzy Gillespie;SWING;4;44;3;47;2;19;12;1,1,4,4,4,2,2,2,2,2,4,2;1,1,1001,1001,0001,11,11,11,11,11,0001,01
134_12;lick;BEBOP;UP;Dizzy Gillespie;SWING;4;48;4;51;4;22;12;3,2,4,2,2,2,4,2,2,3,4,2;110,11,1001,01,01,01,1011,11,11,110,1011,01
134_13;lick;BEBOP;UP;Dizzy Gillespie;SWING;8;52;4;59;4;39;22;1,1,4,1,1,1,4,1,3,1,2,4,3,1,2,2,2,2,3,2,3,3;1,1,0001,1,1,1,1101,1,111,1,11,1011,111,1,01,11,11,11,111,01,110,111
134_16;lick;BEBOP;UP;Dizzy Gillespie;SWING;3;73;1;75;3;13;9;1,1,1,2,2,4,3,2,1;1,1,1,01,11,1101,011,01,1
134_17;line;BEBOP;UP;Dizzy Gillespie;SWING;4;76;2;79;3;27;14;2,2,3,2,2,2,1,2,2,3,2,2,1,4;11,11,110,11,11,11,1,11,11,111,11,11,1,1001
134_18;line;BEBOP;UP;Dizzy Gillespie;SWING;8;80;4;87;1;46;23;2,3,3,2,3,3,3,2,2,2,1,2,2,2,2,4,3,3,4,2,2,4,2;01,111,111,11,111,011,011,01,11,11,1,11,11,01,11,1011,011,111,1101,01,01,0110,11
134_19;lick;BEBOP;UP;Dizzy Gillespie;SWING;9;88;4;96;3;60;32;1,1,1,2,2,2,2,1,2,2,3,2,4,2,2,1,2,2,2,2,2,2,4,2,2,4,3,4,4,3,2,3;1,1,1,11,01,01,11,1,11,11,011,11,1101,11,11,1,11,11,11,11,11,11,1011,01,11,1011,011,0111,0011,011,01,111
135_1;line;BEBOP;UP;Dizzy Gillespie;SWING;2;0;3;1;1;11;3;6,4,3;011111,1111,110
135_2;line;BEBOP;UP;Dizzy Gillespie;SWING;4;2;3;5;2;20;11;4,2,2,1,2,2,1,2,4,2,6;1001,11,11,1,11,11,1,11,1101,11,100011
135_3;line;BEBOP;UP;Dizzy Gillespie;SWING;3;5;2;7;4;17;11;6,2,2,2,1,1,1,1,2,1,2;100011,11,11,11,1,1,1,1,11,1,11
135_4;line;BEBOP;UP;Dizzy Gillespie;SWING;4;8;4;11;2;17;10;2,1,2,2,1,2,1,2,3,4;11,1,11,01,1,11,1,11,111,1001
135_5;lick;BEBOP;UP;Dizzy Gillespie;SWING;6;12;4;17;3;27;19;1,1,1,1,2,2,2,1,4,2,2,2,2,1,2,3,2,2,1;1,1,1,1,01,01,01,1,0001,01,11,11,11,1,11,111,11,11,1
135_6;line;BEBOP;UP;Dizzy Gillespie;SWING;6;18;4;23;2;45;19;2,2,3,3,4,3,2,4,4,2,5,1,4,2,1,4,2,1,2;01,01,111,111,1111,111,11,1111,1001,11,01111,1,1111,11,1,1101,11,1,11
135_7;lick;BEBOP;UP;Dizzy Gillespie;SWING;2;25;1;26;1;16;5;4,4,3,4,4;1111,1011,110,1111,1011
135_8;lick;BEBOP;UP;Dizzy Gillespie;SWING;3;27;1;29;4;25;9;3,3,4,4,4,5,1,2,2;111,111,1110,1111,1111,01111,1,11,01
135_9;line;BEBOP;UP;Dizzy Gillespie;SWING;5;31;1;35;3;31;19;2,2,2,2,2,2,1,1,1,2,2,2,2,6,4,2,4,2,1;01,11,01,01,11,11,1,1,1,11,11,11,11,100011,0110,11,1001,01,1
135_10;lick;BEBOP;UP;Dizzy Gillespie;SWING;2;36;3;37;3;5;4;4,1,4,4;0001,1,0001,1001
135_11;line;BEBOP;UP;Dizzy Gillespie;SWING;4;38;3;41;2;21;12;2,3,2,1,2,2,1,4,2,1,2,2;11,111,11,1,11,11,1,1001,01,1,11,11
136_1;lick;BEBOP;MEDIUM;Dizzy Gillespie;SWING;2;0;4;1;3;10;4;3,3,3,1;111,111,111,1
136_2;lick;BEBOP;MEDIUM;Dizzy Gillespie;SWING;2;1;4;2;3;10;4;5,3,3,1;00111,111,111,1
136_3;lick;BEBOP;MEDIUM;Dizzy Gillespie;SWING;4;2;4;5;1;32;10;6,3,3,3,3,6,6,5,1,1;001101,111,111,111,111,101111,111110,11111,1,1
136_4;lick;BEBOP;MEDIUM;Dizzy Gillespie;SWING;2;5;3;6;3;9;5;4,4,2,4,4;1001,0001,01,1001,1101
136_5;lick;BEBOP;MEDIUM;Dizzy Gillespie;SWING;3;7;1;9;2;26;10;2,4,2,2,4,8,2,1,4,4;01,0001,11,11,1111,11011011,11,1,1101,1111
136_6;lick;BEBOP;MEDIUM;Dizzy Gillespie;SWING;2;10;2;11;1;9;4;4,4,1,1;0111,1111,1,1
136_8;lick;BEBOP;MEDIUM;Dizzy Gillespie;SWING;5;14;4;18;1;41;14;2,2,4,2,4,4,4,4,4,4,6,4,4,1;01,01,1011,01,1111,1111,1111,1111,1111,1111,100011,1111,0111,1
136_9;lick;BEBOP;MEDIUM;Dizzy Gillespie;SWING;2;18;2;19;2;9;5;4,2,2,2,2;0001,11,11,11,11
137_2;lick;BEBOP;UP;Dizzy Gillespie;SWING;5;7;1;11;4;65;19;4,4,3,6,6,4,5,5,5,4,6,2,2,6,2,6,2,1,3;0111,1111,111,111101,101111,1111,10111,11111,10111,1111,111011,01,11,011110,11,011110,11,1,111
137_4;lick;BEBOP;UP;Dizzy Gillespie;SWING;5;19;1;23;3;50;17;4,4,6,4,4,6,5,4,2,4,2,2,4,1,2,2,1;0111,1111,010111,1110,1101,011110,11111,1111,11,1111,11,11,1111,1,11,11,1
137_5;line;BEBOP;UP;Dizzy Gillespie;SWING;5;24;3;28;1;28;14;2,4,2,2,2,2,2,2,1,2,2,4,2,2;01,1110,11,11,11,11,11,11,1,11,11,1111,01,11
137_8;line;BEBOP;UP;Dizzy Gillespie;SWING;4;34;1;37;3;35;15;4,2,2,2,6,2,4,2,2,1,3,3,2,3,1;1111,11,11,11,011110,11,1101,11,11,1,111,111,11,011,1
137_9;lick;BEBOP;UP;Dizzy Gillespie;SWING;5;39;1;43;4;61;20;5,4,6,4,4,4,6,4,4,4,2,1,4,2,4,2,2,2,1,2;11111,0111,111110,1111,1111,1111,111100,1111,0111,1111,11,1,1111,01,1111,11,11,11,1,11
137_11;lick;BEBOP;UP;Dizzy Gillespie;SWING;4;47;2;50;2;21;12;4,1,2,2,2,1,2,2,2,2,4,2;0011,1,11,11,11,1,11,01,11,11,1001,11
137_12;lick;BEBOP;UP;Dizzy Gillespie;SWING;8;51;2;58;1;66;28;3,2,2,4,3,4,2,4,2,2,2,2,2,4,2,2,2,4,2,2,2,4,2,2,3,2,3,2;111,01,11,0111,011,1111,01,1111,11,11,11,11,11,1111,11,11,11,0111,11,11,11,1111,11,11,111,11,011,11
138_2;line;BEBOP;MEDIUM UP;Dizzy Gillespie;SWING;3;5;2;7;1;26;8;4,4,4,6,4,4,4,1;1111,0111,1111,110111,0111,0111,1101,1
138_3;lick;BEBOP;MEDIUM UP;Dizzy Gillespie;SWING;6;8;3;13;1;35;18;2,4,4,6,2,2,4,2,2,4,2,1,2,2,4,2,2,1;11,1001,0001,010001,01,11,1101,11,01,1101,11,1,11,11,1111,11,11,1
138_4;lick;BEBOP;MEDIUM UP;Dizzy Gillespie;SWING;3;13;2;15;1;11;7;2,2,1,1,4,1,4;11,11,1,1,1001,1,1001
138_5;line;BEBOP;MEDIUM UP;Dizzy Gillespie;SWING;8;17;1;24;1;84;29;2,6,6,6,5,4,4,4,6,4,6,1,6,5,4,3,1,2,4,2,2,1,2,1,4,2,1,2,2;11,011001,011111,010111,01111,1111,1111,1111,111111,1101,010101,1,101111,01111,1111,111,1,01,1111,11,11,1,11,1,1111,11,1,11,11
138_6;lick;BEBOP;MEDIUM UP;Dizzy Gillespie;SWING;1;25;1;25;3;4;3;1,6,1;1,010001,1
138_7;lick;BEBOP;MEDIUM UP;Dizzy Gillespie;SWING;6;26;1;31;3;40;23;4,4,6,3,4,2,1,2,2,2,2,2,2,2,1,1,4,2,2,6,2,1,1;0001,1101,010001,011,0001,11,1,11,11,11,11,11,11,01,1,1,0111,11,11,100011,01,1,1
139_1;lick;BEBOP;UP;Don Byas;SWING;3;1;4;3;3;10;7;2,2,4,1,1,2,1;01,11,1100,1,1,11,1
139_2;lick;BEBOP;UP;Don Byas;SWING;6;4;3;9;2;31;17;2,2,2,2,4,2,2,2,2,2,2,1,1,3,2,3,2;11,11,01,01,0111,11,11,11,11,11,11,1,1,110,11,011,11
139_5;line;BEBOP;UP;Don Byas;SWING;9;17;2;25;3;65;33;2,4,2,2,2,2,2,2,2,2,2,2,2,4,2,1,2,2,4,2,2,2,1,1,4,3,2,2,2,3,2,3,2;11,1011,11,11,11,11,11,11,11,11,11,11,11,0110,11,1,11,11,0111,11,11,11,1,1,1101,011,11,11,11,011,11,011,01
139_9;line;BEBOP;UP;Don Byas;SWING;4;40;1;43;2;27;14;2,2,4,2,4,2,4,2,2,2,2,4,2,3;01,11,1001,11,1001,11,0111,11,11,11,11,1001,01,110
139_10;line;BEBOP;UP;Don Byas;SWING;3;43;4;45;4;17;9;2,2,2,2,1,2,2,2,2;11,11,11,11,1,11,11,11,11
139_11;lick;BEBOP;UP;Don Byas;SWING;6;46;3;51;1;25;14;2,1,4,2,2,2,2,4,2,5,4,2,2,1;01,1,0011,01,11,01,11,1011,01,10111,1011,01,11,1
139_12;lick;BEBOP;UP;Don Byas;SWING;3;51;3;53;1;7;6;1,2,2,1,2,1;1,01,11,1,01,1
139_13;line;BEBOP;UP;Don Byas;SWING;5;53;3;57;4;36;18;2,2,2,2,2,2,3,2,1,3,4,2,2,2,2,1,2,2;01,11,11,11,11,11,111,11,1,111,0111,11,11,11,11,1,11,11
139_15;lick;BEBOP;UP;Don Byas;SWING;4;62;2;65;1;17;11;2,1,4,3,2,4,2,2,2,2,2;01,1,0001,011,11,1001,01,11,01,11,11
147_1;lick;POSTBOP;MEDIUM UP;Don Ellis;SWING;4;1;3;4;1;6;6;6,1,1,1,1,1;000001,1,1,1,1,1
147_2;lick;POSTBOP;MEDIUM UP;Don Ellis;SWING;3;5;1;7;3;8;8;4,4,1,1,1,1,2,1;0001,0001,1,1,1,1,01,1
147_3;lick;POSTBOP;MEDIUM UP;Don Ellis;SWING;3;9;2;11;4;12;10;4,4,4,4,2,2,2,1,1,4;1001,0001,0001,0001,01,01,01,1,1,1001
147_5;lick;POSTBOP;MEDIUM UP;Don Ellis;SWING;4;20;3;23;1;18;11;2,4,2,4,2,2,1,4,2,2,2;01,0111,01,1001,01,01,1,1101,11,11,01
147_6;lick;POSTBOP;MEDIUM UP;Don Ellis;SWING;4;24;2;27;1;20;12;2,4,3,4,2,4,2,2,4,2,2,1;01,0011,011,0110,11,1100,11,11,1001,01,01,1
147_7;lick;POSTBOP;MEDIUM UP;Don Ellis;SWING;2;28;2;29;3;9;6;1,4,4,4,2,1;1,1001,1001,0001,11,1
147_8;lick;POSTBOP;MEDIUM UP;Don Ellis;SWING;2;30;3;31;4;9;6;4,2,4,4,1,1;0001,11,1011,0001,1,1
147_9;lick;POSTBOP;MEDIUM UP;Don Ellis;SWING;5;32;3;36;4;26;14;2,3,1,2,2,2,1,4,2,6,2,2,2,6;01,110,1,11,11,11,1,0111,11,100011,11,01,01,100011
147_10;lick;POSTBOP;MEDIUM UP;Don Ellis;SWING;3;37;4;39;3;14;8;4,3,4,2,4,2,2,1;0011,011,0001,01,1011,11,11,1
147_11;lick;POSTBOP;MEDIUM UP;Don Ellis;SWING;2;40;2;41;3;12;6;6,5,3,2,2,1;000001,01111,111,11,01,1
147_12;lick;POSTBOP;MEDIUM UP;Don Ellis;SWING;3;41;4;43;3;17;8;4,6,4,8,2,3,2,1;0001,000101,1110,10001111,11,011,01,1
147_13;line;POSTBOP;MEDIUM UP;Don Ellis;SWING;4;44;1;47;3;30;15;2,2,2,2,2,4,4,4,4,2,2,6,2,2,2;01,11,11,11,01,1110,1101,0001,0011,11,11,010011,11,11,11
147_14;lick;POSTBOP;MEDIUM UP;Don Ellis;SWING;2;48;3;49;4;11;5;4,6,6,2,1;1100,100001,111100,11,1
147_15;lick;POSTBOP;MEDIUM UP;Don Ellis;SWING;4;50;4;53;1;16;8;2,2,2,8,2,2,2,1;11,11,11,10010001,11,11,11,1
147_16;lick;POSTBOP;MEDIUM UP;Don Ellis;SWING;3;53;3;55;1;11;6;4,2,1,4,2,1;1001,11,1,1011,11,1
147_17;lick;POSTBOP;MEDIUM UP;Don Ellis;SWING;5;55;4;59;1;22;13;2,2,4,4,2,4,6,2,4,2,2,2,2;01,11,1001,1011,11,1001,010001,11,0001,01,11,01,01
147_18;lick;POSTBOP;MEDIUM UP;Don Ellis;SWING;2;59;3;60;2;5;4;2,2,1,1;11,01,1,1
147_19;lick;POSTBOP;MEDIUM UP;Don Ellis;SWING;6;61;1;66;1;37;18;8,4,2,2,4,4,3,1,1,6,2,6,3,3,4,4,4,3;00000011,1001,11,11,0111,0110,110,1,1,000011,11,100101,011,111,1011,0110,0001,110
148_1;lick;POSTBOP;UP;Don Ellis;SWING;1;0;3;0;4;4;2;4,2;1001,11
148_2;lick;POSTBOP;UP;Don Ellis;SWING;2;1;4;2;1;2;2;1,1;1,1
148_3;lick;POSTBOP;UP;Don Ellis;SWING;3;2;2;4;1;8;6;4,2,1,4,4,1;0001,01,1,0011,1001,1
148_4;lick;POSTBOP;UP;Don Ellis;SWING;4;4;3;7;3;21;11;2,2,1,2,2,2,2,3,4,2,6;01,11,1,11,11,11,11,111,1001,11,010001
148_5;lick;POSTBOP;UP;Don Ellis;SWING;2;8;3;9;1;4;3;4,2,2;0001,01,11
148_6;line;POSTBOP;UP;Don Ellis;SWING;6;10;3;15;4;33;22;2,2,2,2,2,2,2,2,2,1,1,4,2,2,1,1,2,2,1,2,1,1;01,11,11,11,11,11,11,11,11,1,1,0001,01,01,1,1,11,11,1,11,1,1
148_7;lick;POSTBOP;UP;Don Ellis;SWING;2;16;3;17;2;4;3;2,4,2;01,1100,01
148_8;line;POSTBOP;UP;Don Ellis;SWING;4;18;3;21;2;25;12;4,2,1,6,4,2,2,4,2,2,2,5;0011,11,1,100001,1111,11,11,1100,11,11,11,00011
148_9;line;POSTBOP;UP;Don Ellis;SWING;2;22;1;23;3;11;6;2,2,1,2,2,4;11,11,1,11,11,1100
148_10;line;POSTBOP;UP;Don Ellis;SWING;2;24;2;25;1;12;4;4,4,6,1;1011,0111,111110,1
148_11;lick;POSTBOP;UP;Don Ellis;SWING;1;25;4;25;4;2;1;2;11
148_12;line;POSTBOP;UP;Don Ellis;SWING;5;27;3;31;4;28;16;4,2,2,2,2,2,1,1,2,2,2,2,2,2,4,2;0001,11,11,11,11,11,1,1,01,11,11,11,11,11,1011,01
148_13;lick;POSTBOP;UP;Don Ellis;SWING;2;32;3;33;4;6;6;2,2,1,4,2,1;01,01,1,0001,01,1
148_14;lick;POSTBOP;UP;Don Ellis;SWING;3;34;4;36;1;8;6;2,1,1,1,2,1;11,1,1,1,11,1
148_15;line;POSTBOP;UP;Don Ellis;SWING;4;36;4;39;4;16;9;1,1,2,2,2,2,1,4,1;1,1,11,11,11,11,1,1111,1
148_16;lick;POSTBOP;UP;Don Ellis;SWING;3;40;3;42;2;7;6;2,2,2,1,4,1;01,01,01,1,1001,1
148_17;line;POSTBOP;UP;Don Ellis;SWING;3;43;1;45;1;17;9;2,2,2,2,2,2,2,2,2;01,11,11,11,11,11,11,11,11
148_18;line;POSTBOP;UP;Don Ellis;SWING;3;45;4;47;3;12;8;2,2,4,4,2,1,4,2;01,11,1011,0011,01,1,0001,01
148_20;line;POSTBOP;UP;Don Ellis;SWING;3;54;1;56;1;15;8;4,2,4,3,1,2,2,1;0011,11,1011,011,1,11,11,1
148_21;lick;POSTBOP;UP;Don Ellis;SWING;2;56;4;57;4;4;3;1,1,2;1,1,11
148_22;line;POSTBOP;UP;Don Ellis;SWING;4;59;2;62;4;25;14;2,2,2,4,2,2,2,4,2,4,2,1,2,2;11,11,11,0001,01,11,01,1011,11,1011,01,1,11,11
148_23;line;POSTBOP;UP;Don Ellis;SWING;3;63;3;65;4;12;9;2,2,1,1,1,2,2,2,1;01,01,1,1,1,11,11,11,1
149_1;line;POSTBOP;MEDIUM UP;Don Ellis;SWING;4;-2;4;1;3;27;12;6,2,4,4,4,6,2,4,4,4,4,4;000011,11,1111,1011,1110,100101,01,1111,0001,0001,0001,1001
149_2;lick;POSTBOP;MEDIUM UP;Don Ellis;SWING;2;2;2;3;3;11;6;4,2,2,4,4,4;0001,11,11,1001,1001,1001
149_3;lick;POSTBOP;MEDIUM UP;Don Ellis;SWING;5;4;2;8;4;29;19;4,1,4,4,4,6,2,6,2,2,2,4,4,2,1,2,3,3,2;0001,1,1001,0001,0001,001001,11,000011,11,11,11,0001,0001,01,1,01,110,011,11
149_4;lick;POSTBOP;MEDIUM UP;Don Ellis;SWING;1;9;2;9;4;5;3;4,3,5;0001,011,01001
149_5;line;POSTBOP;MEDIUM UP;Don Ellis;SWING;4;10;2;13;1;26;12;6,6,4,4,1,2,6,2,4,8,2,4;000011,001001,1001,0111,1,11,101001,01,1101,00010111,01,1100
149_6;line;POSTBOP;MEDIUM UP;Don Ellis;SWING;5;14;1;18;2;38;18;4,2,2,4,4,2,2,4,2,2,2,4,4,2,2,4,1,4;0001,11,11,1111,1101,11,11,1101,11,11,11,0001,1101,11,11,0111,1,0001
149_7;line;POSTBOP;MEDIUM UP;Don Ellis;SWING;4;18;4;21;3;23;12;4,4,2,3,6,2,4,4,3,3,2,1;0001,1111,01,011,000001,11,1001,0111,110,111,01,1
149_8;lick;POSTBOP;MEDIUM UP;Don Ellis;SWING;6;21;4;26;1;29;18;4,4,4,6,4,4,6,2,2,2,2,5,3,3,3,4,2,1;0001,0001,0001,000001,0001,0001,000011,01,01,11,11,01001,011,110,111,0111,11,1
149_9;lick;POSTBOP;MEDIUM UP;Don Ellis;SWING;2;26;3;27;4;12;6;4,6,6,2,1,6;0001,010001,001011,11,1,101001
149_10;lick;POSTBOP;MEDIUM UP;Don Ellis;SWING;3;28;3;30;2;11;8;4,2,2,1,4,1,3,1;0001,11,11,1,0001,1,110,1
149_11;lick;POSTBOP;MEDIUM UP;Don Ellis;SWING;4;30;3;33;1;18;9;6,2,2,1,4,4,3,6,4;000001,11,11,1,1101,1001,110,110001,1001
150_1;line;POSTBOP;MEDIUM;Don Ellis;SWING;2;0;2;1;2;9;5;4,4,2,1,1;1001,1101,11,1,1
150_2;line;POSTBOP;MEDIUM;Don Ellis;SWING;2;3;1;4;2;11;6;2,4,2,2,1,1;11,1101,11,11,1,1
150_4;lick;POSTBOP;MEDIUM;Don Ellis;SWING;2;8;1;9;1;11;5;4,3,3,3,1;0001,111,111,111,1
150_5;lick;POSTBOP;MEDIUM;Don Ellis;SWING;2;9;4;10;1;3;2;4,1;0011,1
150_6;line;POSTBOP;MEDIUM;Don Ellis;SWING;4;11;2;14;1;22;12;4,2,2,2,2,2,2,2,6,2,5,1;0001,11,11,01,11,11,11,01,010011,11,01011,1
150_7;lick;POSTBOP;MEDIUM;Don Ellis;SWING;2;14;3;15;1;5;3;2,2,3;01,11,011
150_8;lick;POSTBOP;MEDIUM;Don Ellis;SWING;3;16;4;18;2;14;7;2,2,2,2,4,3,4;01,11,11,11,0111,110,1001
150_9;line;POSTBOP;MEDIUM;Don Ellis;SWING;3;19;4;21;1;12;6;2,3,4,2,2,3;01,110,1101,11,11,110
150_11;lick;POSTBOP;MEDIUM;Don Ellis;SWING;2;21;4;22;2;5;3;4,2,2;0001,11,11
150_12;line;POSTBOP;MEDIUM;Don Ellis;SWING;6;22;3;27;2;46;20;4,4,4,2,2,3,2,2,4,6,2,4,4,3,4,2,3,2,4,1;0001,0011,1001,11,11,011,11,11,1011,010101,11,1011,0111,111,1101,11,111,11,1011,1
150_13;line;POSTBOP;MEDIUM;Don Ellis;SWING;3;28;1;30;1;13;9;8,2,2,8,4,2,6,2,1;00000001,11,11,00100001,0001,01,010001,01,1
150_14;line;POSTBOP;MEDIUM;Don Ellis;SWING;2;31;1;32;2;7;5;4,4,1,2,1;0001,0111,1,01,1
150_15;line;POSTBOP;MEDIUM;Don Ellis;SWING;2;32;4;33;4;7;3;4,6,2;1101,001001,11
150_16;lick;POSTBOP;MEDIUM;Don Ellis;SWING;4;35;1;38;3;9;7;4,2,4,4,1,4,2;0001,11,0001,0001,1,0001,11
150_17;line;POSTBOP;MEDIUM;Don Ellis;SWING;2;39;2;40;3;10;6;2,5,2,2,2,1;01,01001,11,11,11,1
150_18;lick;POSTBOP;MEDIUM;Don Ellis;SWING;2;41;1;42;1;5;3;4,2,4;0001,11,1001
150_19;line;POSTBOP;MEDIUM;Don Ellis;SWING;4;43;4;46;3;15;11;2,6,2,1,4,2,2,2,1,2,2;11,010001,01,1,1001,01,11,01,1,01,01
150_22;line;POSTBOP;MEDIUM;Don Ellis;SWING;3;52;1;54;3;21;11;2,2,2,6,2,1,6,2,2,2,2;01,11,11,010111,11,1,110001,01,01,11,11
150_23;line;POSTBOP;MEDIUM;Don Ellis;SWING;2;55;1;56;2;13;6;4,4,4,2,5,6;0001,0001,1101,11,01111,100001
150_24;lick;POSTBOP;MEDIUM;Don Ellis;SWING;2;56;4;57;3;5;4;4,6,1,1;0001,010001,1,1
150_25;line;POSTBOP;MEDIUM;Don Ellis;SWING;2;58;1;59;2;12;6;6,4,2,6,2,5;000001,1101,11,010001,11,01001
150_26;line;POSTBOP;MEDIUM;Don Ellis;SWING;3;60;1;62;2;16;10;4,4,2,6,2,2,6,2,2,1;0001,1100,11,100001,11,01,010001,01,11,1
150_27;lick;POSTBOP;MEDIUM;Don Ellis;SWING;2;62;4;63;1;3;2;2,2;01,11
150_28;lick;POSTBOP;MEDIUM;Don Ellis;SWING;1;63;3;63;4;2;2;1,1;1,1
150_29;lick;POSTBOP;MEDIUM;Don Ellis;SWING;1;64;1;64;4;5;4;1,1,2,1;1,1,11,1
151_1;lick;POSTBOP;UP;Don Ellis;SWING;2;0;3;1;1;6;3;2,4,3;01,0111,011
151_2;lick;POSTBOP;UP;Don Ellis;SWING;5;2;1;6;2;29;17;4,2,2,2,1,2,1,2,5,4,4,2,4,2,2,3,2;0001,11,11,11,1,01,1,01,00101,0011,0011,11,1011,11,01,011,11
151_3;lick;POSTBOP;UP;Don Ellis;SWING;3;7;2;9;3;13;10;4,1,2,1,2,3,3,2,4,2;0001,1,01,1,01,111,110,01,0001,01
151_4;lick;POSTBOP;UP;Don Ellis;SWING;5;10;2;14;2;30;16;3,3,3,2,4,3,4,2,2,2,6,1,2,1,1,1;011,011,011,01,0110,110,1101,11,11,11,011101,1,11,1,1,1
151_5;lick;POSTBOP;UP;Don Ellis;SWING;2;16;4;17;4;8;5;2,2,1,2,5;11,11,1,01,01001
151_6;line;POSTBOP;UP;Don Ellis;SWING;4;19;2;22;3;24;13;2,2,2,4,2,2,2,1,2,2,2,1,1;11,11,11,1011,11,11,11,1,11,11,11,1,1
151_7;line;POSTBOP;UP;Don Ellis;SWING;3;23;2;25;3;17;10;3,2,4,4,2,2,1,1,2,2;110,01,1100,1101,11,11,1,1,11,01
151_8;lick;POSTBOP;UP;Don Ellis;SWING;2;26;3;27;4;10;6;3,3,3,4,6,2;110,110,110,0001,010001,01
151_9;line;POSTBOP;UP;Don Ellis;SWING;6;28;3;33;1;40;19;6,4,2,2,4,3,4,2,2,2,2,4,2,3,2,2,2,4,1;011000,0111,11,11,1001,111,1001,11,11,11,11,1001,11,111,11,11,11,1001,1
152_1;lick;POSTBOP;MEDIUM UP;Don Ellis;SWING;2;2;1;3;3;9;5;4,2,2,4,2;1001,11,01,1001,11
152_2;lick;POSTBOP;MEDIUM UP;Don Ellis;SWING;6;5;2;10;1;30;17;2,3,2,2,2,4,1,3,1,3,1,6,2,6,2,4,2;01,111,11,11,01,0011,1,111,1,111,1,000001,01,100011,01,1001,11
152_4;lick;POSTBOP;MEDIUM UP;Don Ellis;SWING;2;12;2;13;3;8;5;2,2,2,2,4;01,11,11,11,0001
152_5;lick;POSTBOP;MEDIUM UP;Don Ellis;SWING;3;14;3;16;1;11;6;4,2,2,4,4,2;1100,11,01,1100,1001,11
152_6;lick;POSTBOP;MEDIUM UP;Don Ellis;SWING;4;16;4;19;3;9;5;4,4,4,4,1;0011,0011,0001,1101,1
152_7;line;POSTBOP;MEDIUM UP;Don Ellis;SWING;3;20;2;22;2;17;7;4,2,3,3,4,3,3;0001,11,011,011,1111,111,111
152_8;lick;POSTBOP;MEDIUM UP;Don Ellis;SWING;3;23;1;25;4;12;7;2,4,1,4,2,2,2;01,1001,1,1101,11,01,11
152_9;lick;POSTBOP;MEDIUM UP;Don Ellis;SWING;2;26;4;27;2;4;2;6,2;101001,01
152_10;lick;POSTBOP;MEDIUM UP;Don Ellis;SWING;4;28;3;31;1;8;6;1,2,2,1,4,2;1,01,11,1,1001,01
155_1;lick;POSTBOP;MEDIUM;Eric Dolphy;SWING;5;1;4;5;1;20;12;4,2,2,4,1,3,1,1,4,8,4,2;0011,11,01,0110,1,110,1,1,1100,00000011,1101,01
155_2;lick;POSTBOP;MEDIUM;Eric Dolphy;SWING;3;6;2;8;1;9;6;6,2,1,1,4,4;000011,01,1,1,0001,0111
155_3;line;POSTBOP;MEDIUM;Eric Dolphy;SWING;4;9;2;12;2;54;13;6,5,6,3,7,4,3,6,4,4,6,6,3;111101,11111,011101,011,1111111,1111,111,011011,1111,1111,111111,011011,110
155_6;line;POSTBOP;MEDIUM;Eric Dolphy;SWING;3;21;1;23;1;35;9;4,6,6,3,6,6,4,6,4;0001,011101,111011,111,111110,110111,1111,111110,1110
155_7;line;POSTBOP;MEDIUM;Eric Dolphy;SWING;4;23;3;26;4;28;10;4,4,8,6,4,2,1,3,4,1;1111,1111,01111100,110101,0110,11,1,110,0111,1
155_8;lick;POSTBOP;MEDIUM;Eric Dolphy;SWING;2;27;1;28;3;10;7;2,3,1,1,1,1,6;01,111,1,1,1,1,100001
155_9;lick;POSTBOP;MEDIUM;Eric Dolphy;SWING;1;29;3;29;4;6;2;4,2;1111,11
155_10;line;POSTBOP;MEDIUM;Eric Dolphy;SWING;2;30;2;31;4;25;7;8,5,4,4,3,5,4;00000111,10111,1111,1111,011,11111,0111
155_11;lick;POSTBOP;MEDIUM;Eric Dolphy;SWING;2;32;1;33;4;20;8;4,2,3,4,2,1,6,4;0011,11,111,1011,11,1,000111,1111
155_12;lick;POSTBOP;MEDIUM;Eric Dolphy;SWING;2;34;3;35;2;13;4;6,3,4,3;010111,111,1111,011
155_13;lick;POSTBOP;MEDIUM;Eric Dolphy;SWING;3;36;3;38;2;7;4;4,4,2,3;0001,1001,01,111
155_14;line;POSTBOP;MEDIUM;Eric Dolphy;SWING;2;39;1;40;1;22;5;4,6,5,6,4;1111,111110,11111,010111,1111
155_15;line;POSTBOP;MEDIUM;Eric Dolphy;SWING;3;40;4;42;2;24;7;6,4,4,4,8,7,1;000101,0111,1111,1111,10100111,0011111,1
155_18;line;POSTBOP;MEDIUM;Eric Dolphy;SWING;3;47;3;49;3;35;9;4,4,4,10,4,4,4,5,1;1111,1111,1111,0100111111,0111,1111,1111,11011,1
155_19;lick;POSTBOP;MEDIUM;Eric Dolphy;SWING;3;50;1;52;3;46;11;4,6,7,6,6,4,4,6,6,6,6;0111,111111,0000111,111101,011011,1110,1110,111110,010111,011111,111110
155_20;lick;POSTBOP;MEDIUM;Eric Dolphy;SWING;3;53;1;55;4;16;11;2,2,4,1,2,2,2,2,6,2,2;01,11,1001,1,11,01,01,01,100011,01,01
155_22;lick;POSTBOP;MEDIUM;Eric Dolphy;SWING;1;59;2;59;3;6;2;6,4;000011,1111
155_23;lick;POSTBOP;MEDIUM;Eric Dolphy;SWING;2;60;4;61;2;9;3;2,3,8;01,111,11101001
155_24;lick;POSTBOP;MEDIUM;Eric Dolphy;SWING;1;62;1;62;2;3;2;4,2;0001,11
155_26;lick;POSTBOP;MEDIUM;Eric Dolphy;SWING;1;66;2;66;4;10;3;5,4,4;01111,1111,1100
155_27;lick;POSTBOP;MEDIUM;Eric Dolphy;SWING;3;68;1;70;2;14;6;6,2,3,4,5,1;000011,11,111,1011,10011,1
155_28;line;POSTBOP;MEDIUM;Eric Dolphy;SWING;3;71;1;73;1;27;9;8,4,4,6,8,6,1,8,1;00000001,0111,1111,101011,01010111,101111,1,10000011,1
156_1;line;POSTBOP;UP;Eric Dolphy;SWING;3;1;1;3;3;21;11;2,2,2,2,4,2,2,2,1,1,4;11,11,11,11,1001,11,11,11,1,1,1101
156_2;line;POSTBOP;UP;Eric Dolphy;SWING;3;4;1;6;3;37;11;4,4,4,3,4,4,4,3,5,4,1;0011,1111,1111,111,1111,1111,1111,111,11111,1101,1
156_3;line;POSTBOP;UP;Eric Dolphy;SWING;7;6;4;12;4;58;25;2,2,2,2,4,3,4,4,4,3,3,2,4,2,2,6,2,4,4,4,2,6,2,2,1;01,11,11,11,1011,111,1111,1011,1111,111,011,01,1001,01,11,010011,11,1110,1111,0111,11,100011,01,01,1
156_4;line;POSTBOP;UP;Eric Dolphy;SWING;3;13;2;15;2;24;9;2,4,4,4,6,3,4,2,4;11,1001,1011,1111,101011,111,1101,01,0011
156_5;lick;POSTBOP;UP;Eric Dolphy;SWING;3;16;2;18;4;24;11;4,3,3,3,4,3,2,2,4,3,1;0001,111,111,110,1101,011,11,11,1101,011,1
156_6;line;POSTBOP;UP;Eric Dolphy;SWING;4;19;3;22;3;26;13;4,2,1,2,4,2,2,1,2,4,3,2,4;1101,11,1,11,1001,11,11,1,11,0111,110,11,1001
156_7;line;POSTBOP;UP;Eric Dolphy;SWING;11;23;2;33;1;94;39;2,2,4,2,2,2,4,2,4,2,2,2,3,4,2,3,4,3,2,1,4,2,4,3,2,4,4,1,3,4,4,4,1,4,3,6,4,3,1;01,01,0011,11,11,11,1111,11,1101,11,11,11,111,1011,11,111,1111,111,11,1,0111,11,1001,111,11,1001,1111,1,111,1111,0011,1011,1,1110,110,111101,0111,011,1
156_8;line;POSTBOP;UP;Eric Dolphy;SWING;8;33;4;40;1;69;26;5,2,3,3,2,4,2,2,6,4,2,2,1,3,4,3,3,3,5,4,2,1,4,6,4,4;10111,11,111,111,11,1001,11,11,100011,1011,01,11,1,011,1111,111,110,011,11111,1110,01,1,0111,111111,1111,1110
156_9;line;POSTBOP;UP;Eric Dolphy;SWING;3;40;3;42;4;20;10;2,2,2,2,2,3,2,3,1,1;11,11,11,11,11,111,11,111,1,1
156_10;line;POSTBOP;UP;Eric Dolphy;SWING;5;43;4;47;1;34;12;2,4,2,4,3,4,3,4,4,4,4,1;11,0110,11,1111,111,0111,111,1011,1111,1111,0111,1
156_12;lick;POSTBOP;UP;Eric Dolphy;SWING;2;56;2;57;3;12;6;5,2,3,1,1,2;10111,11,011,1,1,11
157_1;line;POSTBOP;MEDIUM UP;Eric Dolphy;SWING;4;-2;2;1;2;22;10;1,4,4,2,2,3,4,3,2,2;1,1100,1011,11,11,111,0111,011,11,11
157_2;lick;POSTBOP;MEDIUM UP;Eric Dolphy;SWING;2;2;1;3;3;12;7;2,4,2,2,2,2,1;01,1110,11,11,11,01,1
157_3;line;POSTBOP;MEDIUM UP;Eric Dolphy;SWING;2;5;1;6;1;16;5;4,4,4,5,1;0011,1111,1111,11111,1
157_4;lick;POSTBOP;MEDIUM UP;Eric Dolphy;SWING;2;6;2;7;3;12;6;4,4,2,2,2,1;1111,0001,11,11,11,1
157_6;line;POSTBOP;MEDIUM UP;Eric Dolphy;SWING;5;9;3;13;1;35;15;2,2,3,4,4,4,2,2,6,2,4,2,2,2,1;11,11,011,0111,1011,1101,11,11,100111,11,1011,11,11,11,1
157_7;line;POSTBOP;MEDIUM UP;Eric Dolphy;SWING;2;13;3;14;1;7;3;3,3,1;111,111,1
157_8;lick;POSTBOP;MEDIUM UP;Eric Dolphy;SWING;3;15;1;17;3;19;11;2,3,2,2,4,2,1,2,2,2,1;01,111,11,11,1001,11,1,11,01,11,1
157_9;lick;POSTBOP;MEDIUM UP;Eric Dolphy;SWING;3;18;4;20;3;14;7;2,6,1,4,2,2,4;01,111011,1,1001,01,11,0110
157_10;line;POSTBOP;MEDIUM UP;Eric Dolphy;SWING;3;21;1;23;1;27;9;4,3,4,2,4,4,5,2,1;0011,111,1111,11,1111,1111,11111,11,1
157_11;line;POSTBOP;MEDIUM UP;Eric Dolphy;SWING;4;23;3;26;4;49;14;4,6,4,4,3,8,4,4,3,4,6,4,6,2;1111,011011,0111,0111,111,11010011,0111,1111,111,1110,101011,1011,111110,11
157_12;line;POSTBOP;MEDIUM UP;Eric Dolphy;SWING;3;27;2;29;1;29;8;5,4,6,4,4,5,6,1;10111,1111,101111,1011,1111,10111,010111,1
157_13;lick;POSTBOP;MEDIUM UP;Eric Dolphy;SWING;3;29;2;31;3;28;10;6,3,6,2,4,2,4,6,4,2;000111,111,111101,01,1001,11,1111,010111,1001,11
157_15;lick;POSTBOP;MEDIUM UP;Eric Dolphy;SWING;3;34;2;36;2;22;9;3,2,2,3,4,4,2,4,2;111,11,11,111,1011,1101,11,1001,11
157_16;lick;POSTBOP;MEDIUM UP;Eric Dolphy;SWING;3;37;2;39;3;22;10;2,5,4,2,2,2,5,2,4,4;11,01111,1001,11,11,11,10011,01,1001,1001
157_17;lick;POSTBOP;MEDIUM UP;Eric Dolphy;SWING;1;41;1;41;4;7;4;4,2,3,1;1001,11,110,1
157_18;line;POSTBOP;MEDIUM UP;Eric Dolphy;SWING;5;42;2;46;4;39;19;2,3,2,4,2,3,2,3,2,2,4,2,3,2,2,4,2,4,2;01,110,11,1011,11,011,11,110,11,11,1001,11,111,11,11,1011,11,1001,01
157_19;lick;POSTBOP;MEDIUM UP;Eric Dolphy;SWING;2;47;3;48;4;15;6;3,2,3,6,1,1;111,11,111,101111,1,1
157_20;lick;POSTBOP;MEDIUM UP;Eric Dolphy;SWING;3;49;3;51;2;17;8;3,4,4,2,2,3,2,2;110,0110,0111,11,11,110,11,11
157_21;line;POSTBOP;MEDIUM UP;Eric Dolphy;SWING;5;51;4;55;4;62;17;4,6,2,6,1,4,6,4,5,6,6,3,6,4,4,3,3;1111,111110,01,111011,1,0111,111110,1111,11111,111011,010111,111,111101,1111,1011,111,110
157_22;line;POSTBOP;MEDIUM UP;Eric Dolphy;SWING;5;56;1;60;2;74;18;6,4,4,4,4,5,6,4,6,8,4,4,6,4,6,6,8,4;000011,0111,1101,1111,1111,11111,010111,1111,111011,10101111,0111,1011,111111,1111,110111,101111,00101111,1110
157_23;lick;POSTBOP;MEDIUM UP;Eric Dolphy;SWING;3;60;4;62;2;14;7;3,1,2,3,6,1,1;111,1,11,011,101011,1,1
157_24;lick;POSTBOP;MEDIUM UP;Eric Dolphy;SWING;2;62;3;63;3;9;5;2,2,4,1,1;11,11,1011,1,1
157_25;lick;POSTBOP;MEDIUM UP;Eric Dolphy;SWING;3;63;4;65;1;13;6;4,6,2,2,4,1;0011,100011,11,11,1101,1
159_1;lick;BEBOP;UP;Fats Navarro;SWING;2;1;2;2;1;5;4;1,1,2,2;1,1,01,11
159_2;line;BEBOP;UP;Fats Navarro;SWING;5;3;2;7;3;34;18;1,1,2,2,2,2,2,3,2,4,4,2,3,2,2,3,2,2;1,1,01,11,11,01,11,111,11,0111,0011,01,111,11,11,011,11,11
159_3;line;BEBOP;UP;Fats Navarro;SWING;7;9;2;15;1;49;24;3,4,2,2,2,3,2,2,2,2,1,3,2,4,3,2,1,1,3,3,2,2,4,2;011,0110,11,11,11,111,11,11,11,11,1,111,01,1101,011,01,1,1,111,111,11,11,0111,11
159_4;line;BEBOP;UP;Fats Navarro;SWING;13;17;1;29;3;103;51;2,2,2,2,2,2,3,2,2,4,2,2,1,2,2,4,1,4,4,3,4,2,2,3,4,3,2,4,2,2,4,1,2,2,3,2,4,3,4,2,3,2,4,1,4,2,4,2,2,3,1;11,11,11,11,11,11,111,11,11,1001,11,11,1,11,11,1001,1,1101,0111,011,1101,11,11,011,1101,011,11,1011,01,11,1001,1,11,11,110,11,1101,011,1101,11,011,11,0001,1,1101,01,1101,01,11,110,1
159_5;lick;BEBOP;UP;Fats Navarro;SWING;3;31;4;33;3;7;6;4,1,4,2,4,2;0001,1,1001,01,0001,01
159_6;line;BEBOP;UP;Fats Navarro;SWING;5;35;1;39;4;36;19;4,2,2,2,3,2,2,2,1,1,4,2,2,2,2,3,3,4,1;0001,11,11,11,111,11,11,11,1,1,0001,11,11,11,01,111,111,0111,1
159_7;lick;BEBOP;UP;Fats Navarro;SWING;7;41;1;47;4;41;25;2,2,2,1,2,1,1,2,3,2,1,3,2,4,2,1,2,3,2,2,2,2,1,3,1;01,01,01,1,11,1,1,01,111,11,1,111,01,1101,11,1,11,110,11,11,11,11,1,110,1
159_8;line;BEBOP;UP;Fats Navarro;SWING;3;49;1;51;3;23;11;3,2,1,3,2,4,2,2,2,2,2;011,11,1,111,11,0111,11,11,11,11,11
159_9;line;BEBOP;UP;Fats Navarro;SWING;12;53;1;64;4;81;44;4,2,3,3,2,1,2,2,4,2,3,2,1,3,1,2,3,1,2,1,2,2,2,2,2,2,4,2,2,2,2,4,2,3,4,2,2,2,2,2,2,3,2,1;0001,11,011,011,11,1,11,11,1101,01,011,11,1,110,1,01,111,1,01,1,11,11,01,11,11,11,1101,11,11,11,11,0111,11,011,1101,11,11,11,11,11,11,011,01,1
160_1;line;BEBOP;UP;Fats Navarro;SWING;3;-1;1;1;4;23;12;2,4,3,2,2,2,2,2,2,2,2,1;01,1011,011,11,11,11,11,11,11,11,11,1
160_2;lick;BEBOP;UP;Fats Navarro;SWING;2;2;1;3;3;13;6;2,2,2,2,6,4;11,11,11,11,000011,1101
160_3;line;BEBOP;UP;Fats Navarro;SWING;5;5;2;9;3;35;18;2,2,2,4,2,2,2,2,2,2,2,4,2,2,2,1,3,1;11,11,11,1101,11,11,11,11,01,11,11,1011,01,11,11,1,111,1
160_4;lick;BEBOP;UP;Fats Navarro;SWING;2;10;1;11;3;14;7;4,2,2,2,3,2,4;0011,01,11,11,111,11,1001
160_5;line;BEBOP;UP;Fats Navarro;SWING;6;13;3;18;2;43;20;2,8,2,2,2,2,2,2,2,3,2,2,2,6,2,2,2,3,3,2;01,11110010,11,11,11,11,11,11,11,011,11,11,11,100101,01,01,11,111,111,11
160_6;line;BEBOP;UP;Fats Navarro;SWING;3;18;4;20;2;13;7;2,2,2,2,2,4,1;01,11,11,11,11,1110,1
160_7;line;BEBOP;UP;Fats Navarro;SWING;2;20;4;21;4;8;5;2,2,2,2,1;01,11,11,11,1
160_8;lick;BEBOP;UP;Fats Navarro;SWING;6;22;4;27;3;36;19;4,4,2,2,4,2,3,2,3,2,2,2,2,2,2,4,2,2,1;0011,0001,01,11,1011,11,011,01,111,01,11,11,11,11,11,1110,11,11,1
160_9;line;BEBOP;UP;Fats Navarro;SWING;4;29;2;32;3;27;13;4,2,4,2,3,4,2,2,1,2,3,4,2;0011,11,1011,11,111,0011,01,11,1,11,111,1001,11
160_10;line;BEBOP;UP;Fats Navarro;SWING;5;33;1;37;2;34;18;2,4,2,2,2,2,2,2,2,2,4,2,2,2,2,2,2,2;11,1011,01,11,11,01,11,11,11,11,1110,11,11,01,11,01,11,11
160_11;line;BEBOP;UP;Fats Navarro;SWING;4;38;1;41;3;34;15;6,2,2,2,4,2,2,2,4,2,4,2,3,1,1;000011,11,11,11,1111,11,11,11,1111,11,1011,11,111,1,1
160_12;line;BEBOP;UP;Fats Navarro;SWING;11;42;2;52;3;88;41;4,4,6,6,2,2,2,6,2,2,4,2,2,2,4,2,1,1,1,2,1,4,2,2,1,2,2,2,2,4,2,2,2,3,2,4,2,2,4,1,4;0001,1111,111010,101111,11,11,11,010011,11,01,1111,01,11,11,0111,11,1,1,1,11,1,1011,11,11,1,11,11,11,11,1111,11,11,11,111,01,0011,11,11,1110,1,1001
160_13;lick;BEBOP;UP;Fats Navarro;SWING;7;53;3;59;3;43;22;4,4,4,2,1,2,4,2,1,3,2,4,2,4,1,2,1,1,1,3,2,2;1111,0011,1110,11,1,01,1111,01,1,111,11,1011,01,1011,1,01,1,1,1,111,11,11
160_14;line;BEBOP;UP;Fats Navarro;SWING;5;60;4;64;4;34;17;4,3,2,3,2,2,2,3,2,4,1,2,2,2,2,6,2;0001,111,11,011,01,01,11,111,11,1111,1,11,11,11,01,100111,01
160_15;lick;BEBOP;UP;Fats Navarro;SWING;4;65;3;68;3;15;10;3,4,4,4,4,2,2,2,2,1;111,1001,0001,0001,0001,11,01,01,11,1
160_16;line;BEBOP;UP;Fats Navarro;SWING;9;69;3;77;3;72;33;2,3,2,4,2,2,6,2,2,2,2,2,6,2,2,2,2,4,2,6,2,2,3,2,3,2,4,1,3,2,2,2,1;01,111,11,1011,01,11,111110,11,11,11,11,11,011011,11,11,11,11,1011,01,010001,01,11,111,11,111,11,1110,1,111,11,11,11,1
160_17;line;BEBOP;UP;Fats Navarro;SWING;9;79;1;87;1;61;31;2,3,2,4,2,2,4,2,3,1,2,2,2,2,4,2,2,2,2,2,2,4,3,1,2,2,4,2,1,4,4;01,111,11,1011,01,11,1011,01,111,1,11,11,11,11,1011,11,11,11,11,11,01,0001,110,1,11,11,1011,01,1,1111,1001
160_18;lick;BEBOP;UP;Fats Navarro;SWING;10;88;1;97;1;67;34;5,3,2,4,1,2,2,4,2,2,5,5,2,2,4,2,2,4,2,2,4,2,1,2,2,2,4,2,2,4,1,1,1,1;01111,011,01,1001,1,11,01,1101,01,01,10111,11111,11,11,1111,11,01,0001,01,11,1011,01,1,01,11,11,1111,11,11,1011,1,1,1,1
161_1;lick;BEBOP;MEDIUM UP;Fats Navarro;SWING;3;0;3;2;1;11;7;2,1,1,2,1,4,4;11,1,1,11,1,1001,1001
161_2;lick;BEBOP;MEDIUM UP;Fats Navarro;SWING;4;2;2;5;2;26;13;2,4,1,1,2,1,2,2,6,2,6,2,2;01,1101,1,1,01,1,11,11,011110,11,011110,11,11
161_3;lick;BEBOP;MEDIUM UP;Fats Navarro;SWING;2;6;3;7;4;16;6;2,2,6,3,4,2;11,11,011011,111,0111,11
161_4;line;BEBOP;MEDIUM UP;Fats Navarro;SWING;5;9;2;13;2;65;17;6,6,4,6,4,4,6,4,4,4,4,4,4,5,4,4,3;000111,011011,0111,111110,1111,1111,101111,1111,1111,1111,1111,0111,1111,10111,1111,1111,110
161_5;line;BEBOP;MEDIUM UP;Fats Navarro;SWING;4;14;1;17;1;28;13;2,3,2,2,2,2,2,6,2,2,4,2,1;01,111,11,11,11,11,11,111100,11,11,0111,11,1
161_6;line;BEBOP;MEDIUM UP;Fats Navarro;SWING;5;17;3;21;1;34;15;2,4,2,4,2,2,2,2,2,2,2,3,2,3,2;11,1111,11,1111,11,11,11,11,11,11,11,011,11,011,11
161_7;line;BEBOP;MEDIUM UP;Fats Navarro;SWING;6;22;2;27;2;46;21;2,4,2,2,6,2,2,2,6,2,5,2,3,2,2,2,2,2,2,6,4;01,1001,01,11,011110,11,11,11,011110,11,01111,11,011,01,11,11,11,01,11,010011,1101
161_8;line;BEBOP;MEDIUM UP;Fats Navarro;SWING;2;28;1;29;1;15;5;4,4,5,4,2;0011,1111,11111,0111,01
161_9;line;BEBOP;MEDIUM UP;Fats Navarro;SWING;3;30;3;32;3;20;9;2,3,2,2,2,2,3,2,2;11,111,11,11,11,11,111,11,11
162_1;lick;BEBOP;MEDIUM UP;Fats Navarro;SWING;1;1;1;1;3;4;3;2,2,1;11,01,1
162_2;line;BEBOP;MEDIUM UP;Fats Navarro;SWING;4;2;1;5;3;34;15;2,2,2,4,2,2,4,6,6,4,2,2,2,4,4;01,01,11,1001,11,01,1111,011110,100011,0110,11,11,11,1111,1001
162_3;line;BEBOP;MEDIUM UP;Fats Navarro;SWING;4;6;2;9;1;44;12;3,6,6,6,6,6,3,4,6,3,2,4;011,111111,011011,111011,011011,111011,111,1101,110111,111,11,1100
162_4;lick;BEBOP;MEDIUM UP;Fats Navarro;SWING;4;10;1;13;2;26;14;1,4,2,2,2,2,4,2,1,2,2,2,2,2;1,1001,01,11,11,11,0111,11,1,11,11,11,11,11
162_5;lick;BEBOP;MEDIUM UP;Fats Navarro;SWING;8;14;2;21;1;94;28;8,2,4,2,6,2,2,3,4,6,4,5,3,4,4,4,5,4,4,4,4,4,4,4,4,4,4,4;00000001,01,1001,01,001101,11,11,111,1111,111101,1111,10111,111,1111,1110,1111,11111,1111,1111,1111,1111,1111,1111,1111,1111,1111,1111,1110
162_6;line;BEBOP;MEDIUM UP;Fats Navarro;SWING;5;22;2;26;2;39;17;3,2,4,2,2,6,2,2,5,6,5,2,1,2,1,4,2;111,11,1111,11,11,001001,11,11,01111,010001,01111,01,1,11,1,1101,11
162_7;line;BEBOP;MEDIUM UP;Fats Navarro;SWING;3;27;3;29;2;31;8;4,6,4,4,6,6,4,1;1111,111110,1111,1111,111110,100111,1111,1
162_8;lick;BEBOP;MEDIUM UP;Fats Navarro;SWING;4;30;1;33;2;26;12;2,3,6,3,3,2,2,4,2,4,1,1;01,111,011011,111,111,11,11,1001,11,0110,1,1
163_1;lick;BEBOP;UP;Fats Navarro;SWING;3;0;3;2;1;11;6;4,4,2,2,2,4;0001,0001,11,11,01,1111
163_2;line;BEBOP;UP;Fats Navarro;SWING;5;2;2;6;1;28;15;2,4,3,2,2,2,2,1,2,2,2,2,2,2,1;01,1111,011,11,11,11,11,1,11,01,11,11,11,11,1
163_3;line;BEBOP;UP;Fats Navarro;SWING;5;6;4;10;3;35;16;4,2,2,2,2,2,2,2,2,3,2,2,2,3,1,4;0111,11,11,11,11,11,11,11,01,111,11,11,11,111,1,1111
163_4;lick;BEBOP;UP;Fats Navarro;SWING;3;11;1;13;2;17;9;2,4,2,4,2,2,2,4,2;11,1001,01,0111,11,01,01,0111,11
163_6;line;BEBOP;UP;Fats Navarro;SWING;5;20;2;24;1;27;16;2,2,2,2,2,1,2,2,2,1,2,2,2,2,2,2;01,11,11,11,11,1,11,11,11,1,11,11,11,11,01,01
163_7;lick;BEBOP;UP;Fats Navarro;SWING;2;25;1;26;3;10;7;2,2,2,1,1,2,1;11,01,11,1,1,11,1
163_8;lick;BEBOP;UP;Fats Navarro;SWING;4;27;3;30;2;23;12;4,4,2,1,2,2,2,3,2,2,4,1;1001,0001,01,1,11,11,11,111,11,11,1111,1
163_9;line;BEBOP;UP;Fats Navarro;SWING;3;30;4;32;4;16;9;2,3,4,4,2,6,2,3,1;01,011,1001,0111,01,001011,01,011,1
164_1;lick;BEBOP;MEDIUM UP;Fats Navarro;SWING;1;1;1;1;3;6;3;4,2,2;0111,11,01
164_2;line;BEBOP;MEDIUM UP;Fats Navarro;SWING;4;2;2;5;3;28;14;2,2,2,2,4,8,2,4,2,2,3,4,4,2;01,11,11,11,0110,00100011,11,0001,01,01,111,0111,1101,11
164_3;lick;BEBOP;MEDIUM UP;Fats Navarro;SWING;2;6;1;7;2;12;6;4,2,5,5,3,6;0001,11,00111,01001,011,010001
164_4;line;BEBOP;MEDIUM UP;Fats Navarro;SWING;5;9;1;13;3;44;19;2,4,2,2,5,2,6,5,4,2,2,2,2,2,1,4,2,2,1;01,0111,11,11,01111,11,011110,01111,1101,11,11,11,11,11,1,1101,11,11,1
164_5;lick;BEBOP;MEDIUM UP;Fats Navarro;SWING;2;14;2;15;2;8;5;2,3,1,1,2;01,111,1,1,11
164_6;line;BEBOP;MEDIUM UP;Fats Navarro;SWING;3;16;4;18;4;19;9;4,2,2,3,2,2,2,3,4;0001,11,01,111,11,11,11,111,1101
164_7;lick;BEBOP;MEDIUM UP;Fats Navarro;SWING;5;19;1;23;3;39;19;4,4,1,3,2,2,2,2,2,2,4,2,2,4,2,2,2,1,1;0001,1101,1,111,11,11,11,01,11,11,1111,11,11,1111,11,11,11,1,1
164_8;lick;BEBOP;MEDIUM UP;Fats Navarro;SWING;1;24;1;24;3;6;3;3,4,1;011,1101,1
166_1;lick;POSTBOP;MEDIUM;Freddie Hubbard;SWING;1;1;2;1;4;5;3;3,4,1;011,1100,1
166_2;line;POSTBOP;MEDIUM;Freddie Hubbard;SWING;4;2;2;5;1;31;12;6,4,4,2,1,1,1,1,8,6,4,6;011110,1111,1111,11,1,1,1,1,00000111,101011,1101,101001
166_3;line;POSTBOP;MEDIUM;Freddie Hubbard;SWING;2;6;1;7;4;22;8;4,4,4,2,2,4,6,2;0111,1111,1111,11,01,1111,010001,11
166_6;lick;POSTBOP;MEDIUM;Freddie Hubbard;SWING;2;18;4;19;2;7;3;4,3,1;1011,111,1
166_7;lick;POSTBOP;MEDIUM;Freddie Hubbard;SWING;5;21;1;25;1;30;15;4,2,1,2,6,2,2,8,2,5,2,4,3,1,6;0001,11,1,11,010001,11,11,00010101,01,01111,11,0011,110,1,101001
166_8;line;POSTBOP;MEDIUM;Freddie Hubbard;SWING;2;26;2;27;4;24;7;8,6,4,4,6,4,4;00000101,010111,0111,1111,011111,1111,1100
166_9;lick;POSTBOP;MEDIUM;Freddie Hubbard;SWING;3;28;3;30;1;12;6;4,4,4,1,4,4;0011,1011,0111,1,0001,0110
166_10;line;POSTBOP;MEDIUM;Freddie Hubbard;SWING;5;31;1;35;3;49;18;4,4,4,4,2,2,3,1,6,4,4,3,3,4,4,2,8,1;0001,1111,1111,1111,11,11,011,1,101011,0111,0111,111,111,1111,0111,11,00100011,1
166_11;line;POSTBOP;MEDIUM;Freddie Hubbard;SWING;2;36;3;37;4;21;6;6,3,4,7,3,1;011111,111,1111,1001111,111,1
166_12;lick;POSTBOP;MEDIUM;Freddie Hubbard;SWING;3;38;3;40;3;14;8;1,6,2,2,2,2,5,1;1,000011,11,11,11,11,00011,1
166_13;lick;POSTBOP;MEDIUM;Freddie Hubbard;SWING;1;41;1;41;4;9;4;8,2,2,3;00100101,11,01,111
166_15;lick;POSTBOP;MEDIUM;Freddie Hubbard;SWING;2;43;4;44;4;14;5;6,3,4,3,3;000111,111,0011,111,111
166_17;line;POSTBOP;MEDIUM;Freddie Hubbard;SWING;1;51;1;51;2;13;2;7,8;1111111,11111100
166_18;lick;POSTBOP;MEDIUM;Freddie Hubbard;SWING;6;52;4;57;2;39;17;4,4,4,3,3,4,3,3,3,1,2,1,6,1,2,2,2;0111,1011,0111,111,111,0111,111,111,011,1,11,1,011101,1,01,11,01
167_1;lick;HARDBOP;MEDIUM UP;Freddie Hubbard;SWING;3;2;1;4;1;8;7;6,2,1,4,2,1,1;000001,01,1,1001,01,1,1
167_2;lick;HARDBOP;MEDIUM UP;Freddie Hubbard;SWING;3;5;1;7;2;22;10;4,1,6,4,6,4,6,3,3,2;0011,1,000001,1110,001111,1001,100011,011,110,11
167_3;line;HARDBOP;MEDIUM UP;Freddie Hubbard;SWING;4;8;2;11;2;20;13;2,3,2,2,2,2,2,2,4,3,2,2,1;01,110,01,11,11,11,11,01,0001,110,01,11,1
167_4;lick;HARDBOP;MEDIUM UP;Freddie Hubbard;SWING;1;12;2;12;4;5;3;4,2,2;0001,11,11
167_5;lick;HARDBOP;MEDIUM UP;Freddie Hubbard;SWING;1;14;2;14;4;5;3;4,2,2;0001,11,11
167_6;lick;HARDBOP;MEDIUM UP;Freddie Hubbard;SWING;1;16;2;16;4;4;2;2,4;01,1011
167_7;line;HARDBOP;MEDIUM UP;Freddie Hubbard;SWING;4;18;2;21;4;33;14;4,6,2,2,2,2,5,2,6,2,4,4,2,2;0001,010011,11,11,11,11,01001,11,001111,11,0111,1111,11,11
167_8;line;HARDBOP;MEDIUM UP;Freddie Hubbard;SWING;3;23;1;25;1;13;8;2,6,4,2,5,1,1,1;01,010001,0001,11,01111,1,1,1
168_6;lick;POSTBOP;MEDIUM;Freddie Hubbard;SWING;3;29;1;31;2;23;9;4,4,4,4,2,2,4,6,1;0011,1011,1111,1111,11,01,0011,001111,1
168_7;lick;POSTBOP;MEDIUM;Freddie Hubbard;SWING;8;32;4;39;3;100;28;3,4,2,1,2,2,4,3,4,4,6,3,2,6,4,4,4,4,4,6,8,5,6,4,8,8,7,4;011,1101,11,1,11,11,1101,011,1110,1011,011001,011,11,111101,1111,1111,1111,1111,1111,111011,11010111,00111,111011,1111,10110111,01011111,1111111,1110
168_8;line;POSTBOP;MEDIUM;Freddie Hubbard;SWING;4;40;1;43;1;42;13;7,4,4,4,2,5,4,4,2,3,2,2,2;0111111,1111,1111,1111,11,01111,1111,1111,11,111,01,11,11
168_9;lick;POSTBOP;MEDIUM;Freddie Hubbard;SWING;1;44;1;44;4;9;4;4,4,4,1;0011,1001,1111,1
168_10;lick;POSTBOP;MEDIUM;Freddie Hubbard;SWING;6;45;2;50;2;126;21;4,4,8,6,4,8,6,6,8,6,6,7,8,8,8,9,6,8,8,10,6;1111,1111,00001111,011111,1111,11100011,011111,111111,11111111,011111,111111,1111111,11111111,11111110,11011111,101111111,111111,11111011,11111101,1110101111,111110
169_1;lick;HARDBOP;MEDIUM;Freddie Hubbard;SWING;3;1;4;3;4;11;7;4,2,1,1,1,3,4;0001,11,1,1,1,111,1001
169_2;lick;HARDBOP;MEDIUM;Freddie Hubbard;SWING;2;5;1;6;2;9;6;2,2,4,2,4,2;01,11,0001,11,0001,11
169_3;lick;HARDBOP;MEDIUM;Freddie Hubbard;SWING;1;7;1;7;4;6;4;1,4,4,2;1,0001,1001,11
169_4;lick;HARDBOP;MEDIUM;Freddie Hubbard;SWING;1;9;1;9;4;10;4;4,3,3,2;0011,111,111,11
169_5;lick;HARDBOP;MEDIUM;Freddie Hubbard;SWING;2;10;1;11;2;14;6;4,3,4,3,2,1;0011,111,0111,111,11,1
169_6;lick;HARDBOP;MEDIUM;Freddie Hubbard;SWING;5;12;3;16;2;23;14;2,8,6,1,1,1,4,1,2,4,2,4,1,1;01,00000011,010001,1,1,1,0111,1,11,0111,11,1001,1,1
169_7;lick;HARDBOP;MEDIUM;Freddie Hubbard;SWING;2;17;1;18;4;17;8;2,2,4,3,3,3,3,2;01,01,0001,111,111,111,111,11
169_8;lick;HARDBOP;MEDIUM;Freddie Hubbard;SWING;3;19;1;21;1;15;7;4,2,2,3,3,3,8;0001,01,11,111,111,111,00100001
169_9;lick;HARDBOP;MEDIUM;Freddie Hubbard;SWING;2;22;1;23;2;7;5;8,4,2,2,2;00000011,0001,11,01,01
169_10;lick;HARDBOP;MEDIUM;Freddie Hubbard;SWING;1;25;1;25;4;8;4;4,2,8,2;0011,01,01010101,01
169_11;lick;HARDBOP;MEDIUM;Freddie Hubbard;SWING;1;26;1;26;4;9;4;3,2,4,2;011,11,1111,01
169_12;lick;HARDBOP;MEDIUM;Freddie Hubbard;SWING;1;27;1;27;4;9;4;4,2,4,2;0110,11,1111,01
169_13;lick;HARDBOP;MEDIUM;Freddie Hubbard;SWING;1;28;1;28;4;9;4;4,2,4,2;0110,11,1111,01
169_14;lick;HARDBOP;MEDIUM;Freddie Hubbard;SWING;1;29;1;29;4;9;4;2,3,4,1;01,111,1111,1
169_15;lick;HARDBOP;MEDIUM;Freddie Hubbard;SWING;1;30;1;30;4;11;4;4,4,4,1;0110,1111,1111,1
169_16;line;HARDBOP;MEDIUM;Freddie Hubbard;SWING;3;31;1;33;1;30;8;3,4,4,6,6,6,4,5;011,1110,1111,011110,000111,111110,1111,11111
169_17;lick;HARDBOP;MEDIUM;Freddie Hubbard;SWING;2;34;2;35;2;15;5;4,4,6,1,4;0111,1111,011011,1,0111
169_18;lick;HARDBOP;MEDIUM;Freddie Hubbard;SWING;3;36;3;38;2;12;8;4,2,4,6,4,6,4,2;0001,11,0001,001001,0001,001001,0001,11
169_19;lick;HARDBOP;MEDIUM;Freddie Hubbard;SWING;3;38;3;40;2;16;8;4,2,4,4,4,5,4,2;0001,11,0001,1101,0001,01111,1100,11
169_20;lick;HARDBOP;MEDIUM;Freddie Hubbard;SWING;6;40;3;45;1;22;13;2,2,4,2,2,2,6,2,6,2,6,1,4;01,11,0001,11,01,11,000011,11,000011,11,010001,1,1001
169_21;lick;HARDBOP;MEDIUM;Freddie Hubbard;SWING;2;46;1;47;3;11;6;4,2,2,2,4,2;0001,11,11,11,0011,11
169_23;lick;HARDBOP;MEDIUM;Freddie Hubbard;SWING;4;52;2;55;3;22;12;4,4,4,1,2,3,4,6,4,1,4,1;0011,1101,0001,1,01,111,0001,001101,0111,1,0011,1
169_24;line;HARDBOP;MEDIUM;Freddie Hubbard;SWING;5;57;1;61;2;65;18;4,5,8,2,3,4,4,4,3,5,4,4,4,5,4,4,6,2;0111,11111,01010101,11,111,1011,1011,1111,111,01111,1111,1111,0111,11111,1111,1111,101111,11
169_25;line;HARDBOP;MEDIUM;Freddie Hubbard;SWING;2;62;1;63;1;16;5;3,4,4,6,2;011,1111,1111,101011,11
169_26;line;HARDBOP;MEDIUM;Freddie Hubbard;SWING;6;64;3;69;2;37;20;4,6,2,4,2,5,1,6,2,6,2,2,1,1,1,1,1,1,4,2;1110,000101,01,0001,11,01111,1,110111,11,100011,01,01,1,1,1,1,1,1,0111,11
169_27;lick;HARDBOP;MEDIUM;Freddie Hubbard;SWING;2;71;1;72;4;13;8;2,4,2,2,2,2,2,1;01,0001,11,11,11,11,11,1
170_1;lick;POSTBOP;MEDIUM UP;Freddie Hubbard;SWING;2;0;2;1;1;8;4;4,2,3,4;0011,01,111,1001
170_2;lick;POSTBOP;MEDIUM UP;Freddie Hubbard;SWING;3;1;4;3;1;10;6;2,2,1,4,3,4;11,01,1,1001,011,1001
170_3;lick;POSTBOP;MEDIUM UP;Freddie Hubbard;SWING;3;3;4;5;4;13;8;2,2,2,2,2,2,1,2;01,01,11,11,11,11,1,11
170_4;line;POSTBOP;MEDIUM UP;Freddie Hubbard;SWING;3;6;3;8;4;20;10;2,2,6,2,2,2,6,4,1,2;01,11,010011,11,11,11,111000,1001,1,11
170_7;lick;POSTBOP;MEDIUM UP;Freddie Hubbard;SWING;1;13;3;13;4;3;2;2,2;01,11
170_8;lick;POSTBOP;MEDIUM UP;Freddie Hubbard;SWING;3;14;2;16;1;5;3;2,4,3;01,0011,110
170_10;lick;POSTBOP;MEDIUM UP;Freddie Hubbard;SWING;1;17;1;17;2;3;2;2,4;01,1001
170_11;lick;POSTBOP;MEDIUM UP;Freddie Hubbard;SWING;2;17;3;18;3;8;5;4,2,2,3,1;0001,01,11,111,1
170_12;lick;POSTBOP;MEDIUM UP;Freddie Hubbard;SWING;1;19;1;19;4;6;3;3,2,2;110,11,11
170_13;line;POSTBOP;MEDIUM UP;Freddie Hubbard;SWING;2;20;3;21;4;13;6;2,2,2,2,4,4;01,11,11,11,1101,1110
170_16;lick;POSTBOP;MEDIUM UP;Freddie Hubbard;SWING;2;24;2;25;1;10;4;4,6,4,2;0011,010101,0111,11
170_17;lick;POSTBOP;MEDIUM UP;Freddie Hubbard;SWING;2;27;1;28;3;12;7;2,1,4,1,2,4,8;11,1,1001,1,11,1001,10000001
170_18;line;POSTBOP;MEDIUM UP;Freddie Hubbard;SWING;2;29;1;30;4;15;8;4,4,2,2,2,2,2,1;0011,0011,11,11,11,11,11,1
170_19;line;POSTBOP;MEDIUM UP;Freddie Hubbard;SWING;1;31;1;31;4;7;4;6,3,2,1;000011,011,11,1
170_20;lick;POSTBOP;MEDIUM UP;Freddie Hubbard;SWING;2;32;1;33;2;10;6;6,2,2,2,1,4;000011,11,11,11,1,0001
170_21;lick;POSTBOP;MEDIUM UP;Freddie Hubbard;SWING;2;34;1;35;3;7;3;6,3,3;000011,111,110
170_22;lick;POSTBOP;MEDIUM UP;Freddie Hubbard;SWING;2;36;1;37;3;7;3;6,4,3;000011,0111,110
170_24;lick;POSTBOP;MEDIUM UP;Freddie Hubbard;SWING;2;42;4;43;1;7;2;3,4;111,1111
170_25;lick;POSTBOP;MEDIUM UP;Freddie Hubbard;SWING;4;43;4;46;4;16;12;6,4,2,1,1,1,1,2,1,2,1,1;000011,0001,11,1,1,1,1,11,1,11,1,1
171_4;lick;POSTBOP;MEDIUM;George Coleman;SWING;2;14;3;15;1;5;3;8,2,1;00010011,01,1
171_5;lick;POSTBOP;MEDIUM;George Coleman;SWING;1;15;2;15;3;4;2;4,2;0011,11
171_6;line;POSTBOP;MEDIUM;George Coleman;SWING;2;16;2;17;1;16;4;5,6,3,4;11111,111101,111,1110
171_7;line;POSTBOP;MEDIUM;George Coleman;SWING;4;17;2;20;3;51;14;8,4,4,4,4,4,3,8,8,2,4,4,6,6;01011101,1111,1111,1111,1111,1111,111,10101011,00101011,01,1001,1111,101111,000011
171_9;line;POSTBOP;MEDIUM;George Coleman;SWING;3;25;4;27;4;34;9;4,6,4,4,1,4,4,8,4;1111,101011,1111,1111,1,0111,0111,11111011,1111
171_10;lick;POSTBOP;MEDIUM;George Coleman;SWING;1;29;3;29;4;3;2;4,4;1001,0001
171_11;lick;POSTBOP;MEDIUM;George Coleman;SWING;2;30;2;31;3;15;6;4,4,6,1,7,1;0001,1100,000111,1,1111111,1
172_1;lick;COOL;MEDIUM;Gerry Mulligan;SWING;5;1;4;5;1;23;14;4,2,1,4,1,2,1,2,1,4,4,2,3,2;0011,11,1,1001,1,11,1,11,1,1001,0001,01,111,11
172_2;lick;COOL;MEDIUM;Gerry Mulligan;SWING;2;5;3;6;1;6;3;2,3,2;01,111,11
172_3;lick;COOL;MEDIUM;Gerry Mulligan;SWING;2;6;3;7;3;9;5;2,3,2,4,2;01,111,11,0001,11
172_4;lick;COOL;MEDIUM;Gerry Mulligan;SWING;1;8;2;8;4;7;3;2,3,8;01,111,10000101
172_5;lick;COOL;MEDIUM;Gerry Mulligan;SWING;3;9;2;11;2;13;9;2,1,2,2,2,2,2,2,1;01,1,01,11,11,01,11,11,1
172_6;lick;COOL;MEDIUM;Gerry Mulligan;SWING;2;12;2;13;2;9;5;2,2,2,2,1;11,11,11,11,1
172_7;lick;COOL;MEDIUM;Gerry Mulligan;SWING;3;13;3;15;3;18;9;2,3,2,4,4,2,4,2,4;01,111,01,1001,0111,11,0001,11,1101
172_8;lick;COOL;MEDIUM;Gerry Mulligan;SWING;3;17;1;19;2;21;10;8,6,2,2,6,2,1,2,2,2;00000001,000111,11,11,100111,11,1,11,11,11
172_10;lick;COOL;MEDIUM;Gerry Mulligan;SWING;2;21;4;22;1;6;2;4,3;1111,110
172_12;lick;COOL;MEDIUM;Gerry Mulligan;SWING;3;24;3;26;2;20;7;4,4,1,4,4,4,1;1111,1110,1,1111,1110,1111,1
172_13;lick;COOL;MEDIUM;Gerry Mulligan;SWING;3;26;4;28;4;25;9;4,1,1,2,2,4,4,4,4;1110,1,1,11,11,1111,1111,1111,1111
172_14;line;COOL;MEDIUM;Gerry Mulligan;SWING;2;29;2;30;1;13;4;4,6,3,4;0011,011011,111,1111
172_15;line;COOL;MEDIUM;Gerry Mulligan;SWING;4;30;3;33;1;35;11;6,4,1,4,6,6,3,4,4,4,1;000011,1111,1,1111,110111,001111,111,1111,1111,1110,1
173_1;lick;COOL;MEDIUM UP;Gerry Mulligan;SWING;7;-1;3;5;3;36;23;2,2,2,1,2,2,2,2,2,6,1,4,2,1,2,3,1,1,2,2,2,2,1;01,11,11,1,01,11,11,11,11,010001,1,1001,01,1,11,110,1,1,11,01,11,11,1
173_2;lick;COOL;MEDIUM UP;Gerry Mulligan;SWING;4;6;2;9;1;18;11;2,2,2,2,2,4,1,2,2,4,1;01,11,11,01,11,1001,1,11,11,1100,1
173_3;lick;COOL;MEDIUM UP;Gerry Mulligan;SWING;5;9;4;13;1;25;14;4,2,2,1,4,2,4,1,2,3,2,6,2,4;0001,11,11,1,1001,01,1001,1,11,111,11,010011,01,1001
173_4;lick;COOL;MEDIUM UP;Gerry Mulligan;SWING;3;13;3;15;1;11;7;4,4,1,2,2,4,2;0001,1001,1,11,01,1001,11
173_5;line;COOL;MEDIUM UP;Gerry Mulligan;SWING;5;15;4;19;1;26;14;4,2,2,2,3,2,4,2,2,1,2,4,2,4;0011,11,11,11,111,11,1001,11,11,1,11,0001,11,0001
173_6;lick;COOL;MEDIUM UP;Gerry Mulligan;SWING;4;20;1;23;4;25;15;6,2,2,2,2,1,4,4,2,2,2,2,2,2,2;000011,11,11,11,01,1,1001,0001,01,11,11,01,11,11,11
173_7;lick;COOL;MEDIUM UP;Gerry Mulligan;SWING;7;24;4;30;4;45;25;2,4,2,2,1,2,2,2,2,2,2,2,4,2,2,2,2,2,2,2,4,2,4,2,2;01,1100,11,01,1,11,11,11,11,11,01,11,1001,01,11,11,11,11,11,11,0011,11,1001,11,11
173_8;lick;COOL;MEDIUM UP;Gerry Mulligan;SWING;3;31;3;33;1;12;6;6,1,1,4,4,1;000011,1,1,1111,1011,1
174_1;lick;COOL;UP;Gerry Mulligan;SWING;6;1;3;6;2;26;17;1,2,2,2,1,1,1,1,3,2,1,2,2,1,1,2,1;1,11,11,11,1,1,1,1,111,11,1,11,11,1,1,11,1
174_2;lick;COOL;UP;Gerry Mulligan;SWING;3;7;1;9;3;14;10;2,1,2,2,2,2,1,1,2,1;11,1,11,11,01,01,1,1,11,1
174_3;line;COOL;UP;Gerry Mulligan;SWING;4;10;3;13;3;24;13;2,2,2,1,2,2,2,3,2,2,2,2,2;01,01,11,1,11,11,11,111,11,11,11,11,11
174_4;lick;COOL;UP;Gerry Mulligan;SWING;7;14;4;20;3;39;21;3,1,2,4,2,2,2,2,2,2,2,2,4,2,2,2,1,1,1,2,2;111,1,11,1100,11,11,11,11,11,11,11,11,1101,11,11,11,1,1,1,01,11
174_5;lick;COOL;UP;Gerry Mulligan;SWING;3;21;3;23;4;18;10;2,2,2,3,4,1,1,2,2,2;11,11,11,111,1100,1,1,01,11,11
174_6;lick;COOL;UP;Gerry Mulligan;SWING;7;25;2;31;2;33;20;2,2,2,2,2,2,2,2,2,2,4,1,1,2,1,4,2,2,1,2;11,11,11,11,11,11,11,11,11,01,0001,1,1,01,1,1011,11,11,1,01
174_7;lick;COOL;UP;Gerry Mulligan;SWING;3;33;1;35;3;15;11;1,2,1,1,2,4,1,1,1,2,2;1,11,1,1,11,1001,1,1,1,01,11
174_8;lick;COOL;UP;Gerry Mulligan;SWING;6;36;3;41;4;27;21;2,1,1,2,1,1,1,2,2,2,2,1,2,2,2,2,1,1,1,1,2;01,1,1,11,1,1,1,01,11,11,11,1,11,11,01,01,1,1,1,1,01
174_9;line;COOL;UP;Gerry Mulligan;SWING;8;42;4;49;1;46;25;2,2,2,2,2,2,1,3,2,2,2,1,1,2,2,2,4,2,2,2,2,2,4,1,1;01,11,11,11,11,11,1,111,11,11,11,1,1,11,11,11,1101,01,11,11,11,11,0111,1,1
174_10;lick;COOL;UP;Gerry Mulligan;SWING;2;50;1;51;3;10;7;3,1,1,1,1,2,2;111,1,1,1,1,01,11
174_11;line;COOL;UP;Gerry Mulligan;SWING;9;52;3;60;1;50;27;3,1,2,2,2,2,2,2,3,3,2,2,2,2,2,2,2,2,2,1,2,2,1,1,2,2,2;111,1,11,11,11,11,11,11,110,110,11,11,11,11,11,11,11,11,11,1,01,11,1,1,11,11,11
174_13;lick;COOL;UP;Gerry Mulligan;SWING;2;62;1;63;4;12;8;1,2,2,2,2,1,1,1;1,11,11,11,11,1,1,1
174_15;lick;COOL;UP;Gerry Mulligan;SWING;12;72;4;83;2;62;37;4,2,1,1,2,4,1,2,2,2,2,2,2,4,2,2,2,2,2,2,2,1,4,2,1,2,2,2,1,1,1,1,2,1,4,1,2;1011,11,1,1,11,1100,1,11,11,11,11,11,11,1001,11,11,11,11,11,11,11,1,1001,01,1,11,11,11,1,1,1,1,01,1,1001,1,11
174_16;lick;COOL;UP;Gerry Mulligan;SWING;2;84;1;85;2;10;6;2,2,2,1,2,2;01,11,11,1,11,11
174_17;lick;COOL;UP;Gerry Mulligan;SWING;6;86;1;91;3;39;21;2,2,2,2,2,2,1,2,2,2,2,2,2,2,2,2,2,1,3,2,4;01,11,11,11,11,11,1,11,11,11,11,11,11,11,11,11,11,1,011,11,1001
174_18;lick;COOL;UP;Gerry Mulligan;SWING;4;92;2;95;2;18;10;2,2,2,4,1,2,2,2,4,2;11,11,11,1101,1,01,11,11,1001,01
174_19;line;COOL;UP;Gerry Mulligan;SWING;7;96;3;102;3;43;25;2,2,3,2,2,1,2,2,2,2,2,2,2,1,1,2,2,2,2,2,2,1,2,2,1;11,11,011,11,11,1,11,11,11,11,11,11,11,1,1,11,11,11,11,11,11,1,01,01,1
174_20;line;COOL;UP;Gerry Mulligan;SWING;2;103;3;104;2;7;4;2,2,2,2;01,11,11,11
174_21;lick;COOL;UP;Gerry Mulligan;SWING;8;105;1;112;2;47;29;2,2,2,1,1,2,2,2,2,2,1,1,1,1,2,2,2,2,1,2,2,2,2,2,2,2,2,2,6;01,11,11,1,1,01,11,01,11,11,1,1,1,1,01,11,11,11,1,11,11,11,11,11,11,11,11,11,000011
174_22;lick;COOL;UP;Gerry Mulligan;SWING;2;113;3;114;1;6;3;2,2,2;11,11,11
174_23;lick;COOL;UP;Gerry Mulligan;SWING;3;114;4;116;1;6;5;1,1,2,4,2;1,1,01,0001,11
174_24;lick;COOL;UP;Gerry Mulligan;SWING;8;116;4;123;4;50;27;4,1,4,3,1,3,2,2,4,2,1,1,2,2,1,1,2,2,2,2,4,2,2,2,2,3,2;0001,1,1111,011,1,111,11,11,1001,11,1,1,11,11,1,1,11,11,11,11,1101,11,01,11,11,110,11
174_25;lick;COOL;UP;Gerry Mulligan;SWING;6;124;3;129;1;35;18;3,2,2,2,2,2,2,2,2,1,2,2,2,3,2,3,3,4;011,01,11,11,11,11,11,11,11,1,11,11,11,110,01,111,111,1100
175_1;lick;COOL;UP;Gerry Mulligan;SWING;8;0;3;7;3;40;25;4,1,4,2,2,4,1,1,1,2,2,2,2,2,2,1,2,2,2,2,2,2,2,2,2;1001,1,1001,01,01,0001,1,1,1,11,01,01,11,11,11,1,11,11,11,11,11,11,11,11,11
175_2;line;COOL;UP;Gerry Mulligan;SWING;7;9;1;15;1;43;25;4,2,2,2,2,2,2,2,2,2,2,2,2,2,2,2,1,1,1,1,1,2,1,2,2;1111,11,11,11,11,01,11,11,11,11,11,11,11,11,11,11,1,1,1,1,1,01,1,11,01
175_3;lick;COOL;UP;Gerry Mulligan;SWING;4;17;1;20;4;31;16;2,2,4,2,2,2,2,2,2,2,2,2,2,2,2,2;01,11,1011,01,11,11,11,11,11,11,11,11,11,11,11,11
175_4;lick;COOL;UP;Gerry Mulligan;SWING;3;21;2;23;4;15;11;2,3,1,1,2,1,1,2,2,2,1;01,110,1,1,01,1,1,11,11,11,1
175_5;lick;COOL;UP;Gerry Mulligan;SWING;3;24;3;26;2;8;6;4,2,1,2,2,1;1001,01,1,11,01,1
175_6;lick;COOL;UP;Gerry Mulligan;SWING;5;27;2;31;3;29;17;2,1,2,2,1,4,2,2,2,2,2,2,2,3,2,4,1;01,1,11,01,1,0111,11,11,11,11,11,11,11,110,01,0011,1
175_7;lick;COOL;UP;Gerry Mulligan;SWING;2;32;3;33;3;9;5;4,3,1,1,1;1111,011,1,1,1
175_8;lick;COOL;UP;Gerry Mulligan;SWING;2;34;1;35;3;11;7;2,2,2,2,1,1,1;11,11,11,11,1,1,1
175_9;lick;COOL;UP;Gerry Mulligan;SWING;5;35;4;39;3;27;14;4,2,2,2,1,4,2,2,2,2,2,4,5,1;0001,11,11,11,1,1001,11,11,11,11,11,1001,10111,1
175_10;lick;COOL;UP;Gerry Mulligan;SWING;5;40;4;44;4;30;17;2,2,2,2,4,1,3,4,4,2,2,2,2,2,2,2,1;01,11,11,11,1001,1,111,1001,0001,11,11,11,01,11,11,11,1
175_11;line;COOL;UP;Gerry Mulligan;SWING;3;45;2;47;4;22;11;2,2,3,2,2,2,2,2,2,2,2;11,11,111,01,11,11,11,11,11,11,11
175_12;lick;COOL;UP;Gerry Mulligan;SWING;2;48;3;49;4;8;6;1,1,2,4,1,4;1,1,11,0001,1,0110
175_13;lick;COOL;UP;Gerry Mulligan;SWING;3;50;3;52;1;11;7;2,2,2,2,1,2,2;01,11,11,11,1,11,01
175_14;lick;COOL;UP;Gerry Mulligan;SWING;4;52;3;55;3;23;13;2,2,3,2,1,1,2,2,2,2,2,4,2;01,11,111,01,1,1,11,11,11,11,11,1001,11
175_15;lick;COOL;UP;Gerry Mulligan;SWING;8;56;3;63;1;44;27;2,2,2,2,1,2,2,1,1,2,2,1,1,3,2,2,2,3,2,2,4,1,2,2,1,2,2;01,01,11,11,1,11,11,1,1,11,11,1,1,111,11,11,11,111,01,11,1100,1,11,01,1,11,01
175_16;lick;COOL;UP;Gerry Mulligan;SWING;3;64;1;66;2;8;7;2,1,1,2,1,2,1;01,1,1,11,1,01,1
176_2;line;COOL;UP;Gerry Mulligan;SWING;8;8;2;15;2;47;27;2,2,2,2,2,2,1,4,2,2,2,2,2,2,1,1,2,2,1,1,2,1,2,2,3,1,2;11,11,11,11,11,11,1,1110,11,11,11,11,11,11,1,1,01,11,1,1,11,1,11,11,111,1,01
176_3;lick;COOL;UP;Gerry Mulligan;SWING;8;16;2;23;2;52;28;2,2,2,2,1,1,2,2,2,2,2,2,2,2,2,4,2,2,4,2,2,1,1,2,2,2,2,2;11,11,11,11,1,1,11,11,11,11,11,11,11,11,11,1001,11,11,1001,11,11,1,1,11,11,11,11,11
176_4;lick;COOL;UP;Gerry Mulligan;SWING;6;24;2;29;3;31;20;2,2,2,1,2,2,2,2,2,3,1,2,1,1,2,2,1,1,1,1;11,11,11,1,01,11,11,11,11,111,1,11,1,1,01,11,1,1,1,1
176_6;lick;COOL;UP;Gerry Mulligan;SWING;2;34;3;35;4;8;6;2,1,2,1,1,1;11,1,11,1,1,1
176_7;line;COOL;UP;Gerry Mulligan;SWING;7;36;3;42;3;44;25;2,3,2,1,1,1,1,2,2,2,2,2,2,2,2,2,2,2,2,2,1,3,2,2,2;01,011,01,1,1,1,1,11,11,11,11,11,11,11,11,11,11,11,11,11,1,111,11,11,11
176_8;lick;COOL;UP;Gerry Mulligan;SWING;3;43;1;45;2;10;9;1,1,2,1,1,1,1,2,2;1,1,01,1,1,1,1,11,01
176_9;lick;COOL;UP;Gerry Mulligan;SWING;2;46;4;47;4;8;5;2,2,2,1,1;11,11,11,1,1
176_10;lick;COOL;UP;Gerry Mulligan;SWING;3;49;1;51;2;16;10;2,1,2,2,2,2,2,1,1,2;11,1,11,11,11,11,11,1,1,01
176_11;lick;COOL;UP;Gerry Mulligan;SWING;3;52;2;54;3;13;9;2,2,3,2,1,1,1,2,4;11,11,011,01,1,1,1,01,1001
176_12;lick;COOL;UP;Gerry Mulligan;SWING;5;55;2;59;2;28;16;2,2,2,2,2,2,2,4,1,1,2,2,2,2,1,2;11,11,11,11,11,11,11,1001,1,1,11,11,11,11,1,01
176_13;lick;COOL;UP;Gerry Mulligan;SWING;4;60;1;63;4;26;16;4,1,3,2,2,2,1,2,2,2,2,2,1,1,1,1;0001,1,111,11,11,11,1,11,11,11,11,11,1,1,1,1
176_14;lick;COOL;UP;Gerry Mulligan;SWING;2;64;2;65;4;8;7;2,1,1,1,2,2,2;01,1,1,1,01,11,01
176_15;lick;COOL;UP;Gerry Mulligan;SWING;2;66;2;67;4;9;7;2,1,1,1,1,2,2;01,1,1,1,1,11,11
176_16;line;COOL;UP;Gerry Mulligan;SWING;8;68;4;75;3;48;26;2,2,2,2,4,2,2,2,2,2,4,2,2,2,2,2,4,1,6,2,1,2,2,4,2,2;11,11,11,11,1001,01,11,11,11,11,1001,01,11,11,11,11,1001,1,000111,11,1,11,01,1011,11,01
176_17;line;COOL;UP;Gerry Mulligan;SWING;4;76;3;79;2;20;12;2,3,2,2,2,2,2,2,2,1,2,1;01,011,01,11,11,11,11,11,11,1,11,1
176_18;lick;COOL;UP;Gerry Mulligan;SWING;6;80;2;85;4;20;16;1,1,2,2,4,2,1,1,1,1,1,1,2,1,2,1;1,1,01,01,0011,11,1,1,1,1,1,1,11,1,11,1
176_19;lick;COOL;UP;Gerry Mulligan;SWING;2;86;1;87;3;10;7;4,3,1,1,1,2,2;0001,111,1,1,1,01,11
176_20;line;COOL;UP;Gerry Mulligan;SWING;2;88;2;89;3;13;6;2,2,2,2,3,2;11,11,11,11,111,11
176_21;lick;COOL;UP;Gerry Mulligan;SWING;2;90;2;91;4;10;7;2,2,1,1,1,2,2;11,01,1,1,1,11,11
176_22;line;COOL;UP;Gerry Mulligan;SWING;4;92;3;95;2;20;12;4,3,2,2,2,2,2,2,2,1,1,2;0001,011,11,11,11,11,11,11,11,1,1,01
176_23;lick;COOL;UP;Gerry Mulligan;SWING;4;96;2;99;3;16;12;2,4,1,1,4,2,1,4,1,3,1,1;01,1001,1,1,0011,01,1,1100,1,110,1,1
176_24;lick;COOL;UP;Gerry Mulligan;SWING;4;100;2;103;2;14;12;2,2,1,1,1,1,1,2,2,1,1,2;01,11,1,1,1,1,1,01,11,1,1,01
176_25;lick;COOL;UP;Gerry Mulligan;SWING;8;104;3;111;2;44;27;2,2,2,2,2,4,4,2,3,2,1,1,1,1,1,1,2,1,3,2,2,4,2,2,2,5,2;01,01,11,11,11,0011,0011,01,011,01,1,1,1,1,1,1,11,1,111,01,11,1011,01,11,11,10011,11
176_26;lick;COOL;UP;Gerry Mulligan;SWING;2;112;3;113;2;6;4;1,1,2,2;1,1,11,11
176_27;line;COOL;UP;Gerry Mulligan;SWING;4;114;1;117;4;30;16;2,2,2,2,2,2,2,1,4,2,2,2,2,2,2,1;11,11,11,11,11,11,11,1,1001,11,11,11,11,11,11,1
176_28;lick;COOL;UP;Gerry Mulligan;SWING;1;118;2;118;4;5;3;2,2,1;11,11,1
176_29;lick;COOL;UP;Gerry Mulligan;SWING;5;119;2;123;4;27;17;2,2,2,2,2,2,1,4,1,1,2,2,2,1,1,1,2;11,11,11,11,11,11,1,0001,1,1,11,11,11,1,1,1,11
176_30;lick;COOL;UP;Gerry Mulligan;SWING;2;124;4;125;1;2;2;2,1;01,1
176_31;lick;COOL;UP;Gerry Mulligan;SWING;2;126;2;127;1;6;4;2,2,2,2;11,11,01,01
176_32;lick;COOL;UP;Gerry Mulligan;SWING;8;128;1;135;3;44;30;2,2,1,1,1,2,1,4,2,1,1,3,1,1,2,2,2,2,2,1,1,2,2,2,2,2,2,2,2,1;01,01,1,1,1,01,1,1001,01,1,1,111,1,1,11,01,01,11,11,1,1,11,11,11,11,11,11,11,11,1
176_33;lick;COOL;UP;Gerry Mulligan;SWING;5;136;2;140;4;27;19;2,2,2,2,1,1,2,2,1,1,2,2,2,3,1,4,2,2,1;11,11,11,11,1,1,01,11,1,1,01,01,01,111,1,1001,01,01,1
176_34;line;COOL;UP;Gerry Mulligan;SWING;3;141;2;143;3;21;10;2,2,2,2,2,2,2,2,2,4;11,11,11,11,11,11,11,11,11,1101
176_35;lick;COOL;UP;Gerry Mulligan;SWING;3;144;4;146;3;14;8;2,2,1,2,2,2,4,1;01,11,1,11,11,11,1011,1
176_36;lick;COOL;UP;Gerry Mulligan;SWING;2;147;1;148;2;9;6;2,2,1,2,3,2;01,11,1,01,111,01
176_37;lick;COOL;UP;Gerry Mulligan;SWING;9;149;1;157;3;56;34;2,2,2,2,4,2,2,2,2,1,2,2,2,2,2,2,1,1,1,1,4,2,2,2,2,2,2,4,2,2,2,4,4,1;01,11,11,11,1001,11,11,11,11,1,11,11,11,11,11,11,1,1,1,1,1001,01,01,11,11,11,11,1101,01,01,11,0001,0001,1
176_38;lick;COOL;UP;Gerry Mulligan;SWING;2;158;2;159;1;5;4;2,4,2,2;01,1001,01,01
176_39;lick;COOL;UP;Gerry Mulligan;SWING;4;160;2;163;1;13;10;4,4,2,1,1,1,2,4,2,2;0011,1001,01,1,1,1,01,1001,01,01
176_40;lick;COOL;UP;Gerry Mulligan;SWING;4;164;2;167;1;14;10;3,4,4,2,4,2,2,1,2,2;011,0001,0001,01,1001,11,01,1,11,01
176_41;lick;COOL;UP;Gerry Mulligan;SWING;10;168;2;177;1;65;35;2,1,2,2,2,1,2,2,2,2,2,2,2,2,2,1,2,2,2,2,2,2,2,2,2,1,2,2,4,2,2,2,3,4,1;01,1,11,01,11,1,11,11,11,11,11,11,11,11,11,1,11,11,11,11,11,11,11,11,11,1,11,11,1011,01,11,11,111,0111,1
176_42;lick;COOL;UP;Gerry Mulligan;SWING;2;178;1;179;3;9;7;2,1,1,1,1,2,2;11,1,1,1,1,11,01
176_43;lick;COOL;UP;Gerry Mulligan;SWING;9;180;4;188;1;45;28;3,1,2,2,2,1,2,3,2,4,2,2,1,2,2,2,1,1,1,1,2,2,4,2,1,1,2,2;111,1,11,01,11,1,11,011,01,1001,01,11,1,11,11,11,1,1,1,1,11,11,1011,11,1,1,11,01
176_44;lick;COOL;UP;Gerry Mulligan;SWING;1;189;1;189;3;6;3;2,3,1;11,111,1
176_45;lick;COOL;UP;Gerry Mulligan;SWING;4;190;2;193;1;22;12;2,2,1,2,2,2,2,2,2,2,2,1;11,11,1,11,11,11,11,11,11,11,11,1
177_1;lick;COOL;MEDIUM;Gerry Mulligan;SWING;4;-2;4;1;4;24;13;2,2,1,2,2,1,2,2,2,2,2,2,4;11,11,1,11,11,1,11,11,11,11,11,11,1001
177_2;lick;COOL;MEDIUM;Gerry Mulligan;SWING;3;2;3;4;2;13;7;2,4,2,2,6,2,2;01,1001,11,11,010001,11,11
177_3;lick;COOL;MEDIUM;Gerry Mulligan;SWING;2;4;3;5;2;7;4;2,2,1,4;01,11,1,1101
177_4;line;COOL;MEDIUM;Gerry Mulligan;SWING;3;5;4;7;4;15;9;4,1,2,4,2,2,6,2,2;0001,1,01,1001,11,11,010001,11,11
177_5;lick;COOL;MEDIUM;Gerry Mulligan;SWING;2;8;3;9;1;3;3;2,1,1;01,1,1
177_6;lick;COOL;MEDIUM;Gerry Mulligan;SWING;3;9;3;11;4;14;10;1,4,2,2,4,1,2,1,2,1;1,0001,11,11,0001,1,11,1,11,1
177_7;line;COOL;MEDIUM;Gerry Mulligan;SWING;4;12;2;15;2;25;12;2,4,2,2,1,4,2,5,2,2,6,4;11,1011,11,11,1,1001,11,00111,11,11,010001,1100
177_8;line;COOL;MEDIUM;Gerry Mulligan;SWING;5;16;3;20;1;23;14;2,2,1,1,4,2,1,2,2,2,4,2,2,1;11,11,1,1,1001,11,1,11,11,01,1001,11,11,1
177_9;line;COOL;MEDIUM;Gerry Mulligan;SWING;4;20;3;23;1;18;11;2,2,6,2,2,1,2,2,2,1,2;01,11,010001,11,11,1,11,11,11,1,01
177_10;lick;COOL;MEDIUM;Gerry Mulligan;SWING;6;24;1;29;4;38;24;2,2,2,2,2,2,1,1,1,1,2,3,2,2,2,2,3,1,1,2,2,2,2,1;01,11,11,11,11,11,1,1,1,1,11,111,11,01,11,11,011,1,1,11,01,01,11,1
177_11;lick;COOL;MEDIUM;Gerry Mulligan;SWING;2;30;2;31;3;12;6;2,4,6,2,2,2;01,1101,010001,11,11,11
177_12;lick;COOL;MEDIUM;Gerry Mulligan;SWING;3;32;2;34;1;10;6;4,4,2,1,6,1;0001,1101,11,1,000011,1
178_1;lick;HARDBOP;MEDIUM;Hank Mobley;SWING;2;0;3;1;1;5;3;4,3,4;0001,011,0110
178_2;line;HARDBOP;MEDIUM;Hank Mobley;SWING;3;1;2;3;4;21;11;8,4,2,2,1,1,4,6,5,1,1;00000111,0111,11,01,1,1,0011,001001,01111,1,1
178_3;line;HARDBOP;MEDIUM;Hank Mobley;SWING;4;4;4;7;1;24;10;3,2,2,8,2,2,2,4,4,6;011,11,11,00010111,11,01,01,1111,0111,111000
178_4;line;HARDBOP;MEDIUM;Hank Mobley;SWING;2;8;1;9;3;24;7;8,4,4,6,4,4,1;10010101,0111,1111,011111,0111,1111,1
178_5;lick;HARDBOP;MEDIUM;Hank Mobley;SWING;1;10;1;10;4;9;4;8,3,8,1;00001111,110,00000011,1
178_6;line;HARDBOP;MEDIUM;Hank Mobley;SWING;2;11;2;12;1;13;4;3,6,4,4;111,111010,1111,1100
178_7;line;HARDBOP;MEDIUM;Hank Mobley;SWING;2;12;2;13;1;12;4;8,6,4,1;01010101,010111,0111,1
178_8;lick;HARDBOP;MEDIUM;Hank Mobley;SWING;1;13;2;13;3;3;2;2,6;01,010001
178_9;lick;HARDBOP;MEDIUM;Hank Mobley;SWING;1;14;2;14;4;4;3;2,2,1;11,01,1
178_10;line;HARDBOP;MEDIUM;Hank Mobley;SWING;3;15;4;17;1;13;6;2,4,3,4,8,2;11,1101,011,1011,00001001,01
178_11;line;HARDBOP;MEDIUM;Hank Mobley;SWING;2;18;1;19;3;9;5;4,6,3,3,1;0001,010101,011,110,1
178_12;line;HARDBOP;MEDIUM;Hank Mobley;SWING;3;19;4;21;1;15;6;2,4,2,6,4,1;01,1111,11,101101,0111,1
178_13;line;HARDBOP;MEDIUM;Hank Mobley;SWING;2;21;2;22;1;11;4;4,4,6,2;0001,1110,101111,11
178_14;lick;HARDBOP;MEDIUM;Hank Mobley;SWING;2;22;3;23;2;6;4;4,2,2,2;0001,11,01,11
178_15;lick;HARDBOP;MEDIUM;Hank Mobley;SWING;3;25;1;27;1;25;9;2,2,4,4,4,6,7,5,1;11,11,0111,0111,1100,101111,0100101,01111,1
178_17;line;HARDBOP;MEDIUM;Hank Mobley;SWING;2;28;2;29;1;12;4;6,8,3,1;111101,01100001,111,1
178_18;line;HARDBOP;MEDIUM;Hank Mobley;SWING;2;29;2;30;2;10;5;4,3,4,2,2;0001,011,1011,11,11
178_19;line;HARDBOP;MEDIUM;Hank Mobley;SWING;2;31;2;32;4;17;7;2,6,2,2,3,4,3;01,100111,11,11,011,1111,110
178_20;lick;HARDBOP;MEDIUM;Hank Mobley;SWING;1;33;1;33;3;9;3;4,4,6;0001,1111,011101
178_21;lick;HARDBOP;MEDIUM;Hank Mobley;SWING;1;34;1;34;3;6;3;4,2,3;0011,11,011
178_22;line;HARDBOP;MEDIUM;Hank Mobley;SWING;2;35;2;36;2;21;5;5,4,6,4,4;11111,1111,011011,1111,1111
178_23;lick;HARDBOP;MEDIUM;Hank Mobley;SWING;2;36;4;37;1;3;2;2,3;01,110
179_1;lick;HARDBOP;UP;Hank Mobley;SWING;1;2;1;2;1;2;1;2;11
179_2;lick;HARDBOP;UP;Hank Mobley;SWING;1;2;3;2;4;2;2;2,2;01,01
179_3;lick;HARDBOP;UP;Hank Mobley;SWING;1;3;2;3;3;2;2;6,2;000001,01
179_4;lick;HARDBOP;UP;Hank Mobley;SWING;1;4;1;4;4;3;3;4,2,2;0001,01,01
179_5;lick;HARDBOP;UP;Hank Mobley;SWING;1;5;2;5;2;1;1;2;01
179_6;lick;HARDBOP;UP;Hank Mobley;SWING;6;5;4;10;1;29;17;2,4,6,2,2,2,2,2,4,2,2,3,2,4,2,2,1;01,0001,001001,01,11,11,11,01,1001,11,11,011,11,1011,01,11,1
179_7;line;HARDBOP;UP;Hank Mobley;SWING;5;11;2;15;1;29;16;3,2,2,2,2,2,4,4,2,2,2,2,4,2,2,1;011,01,11,01,11,11,1011,0011,01,11,11,11,1011,01,11,1
179_8;line;HARDBOP;UP;Hank Mobley;SWING;6;15;2;20;3;40;22;4,2,4,4,3,2,2,1,3,2,2,3,2,2,2,2,2,1,1,2,4,1;0001,11,0011,0011,011,01,11,1,011,11,11,111,11,11,11,11,11,1,1,11,1011,1
179_9;lick;HARDBOP;UP;Hank Mobley;SWING;2;21;2;22;3;8;6;2,1,4,1,4,1;01,1,0011,1,0011,1
179_10;line;HARDBOP;UP;Hank Mobley;SWING;3;23;2;25;3;19;9;4,2,3,4,4,2,2,2,1;1111,01,111,1001,0110,11,11,11,1
179_11;line;HARDBOP;UP;Hank Mobley;SWING;5;26;3;30;2;25;16;2,2,2,2,2,2,2,4,2,2,4,2,2,2,2,2;01,01,01,01,01,01,01,1011,01,11,1011,01,11,11,11,11
179_12;line;HARDBOP;UP;Hank Mobley;SWING;4;31;2;34;4;19;14;4,2,2,2,2,2,1,1,1,2,2,2,2,2;0001,01,11,11,11,11,1,1,1,01,11,01,01,01
179_13;lick;HARDBOP;UP;Hank Mobley;SWING;3;35;3;37;2;12;7;2,3,2,2,4,2,2;11,011,11,01,1001,11,01
179_14;lick;HARDBOP;UP;Hank Mobley;SWING;5;38;4;42;3;28;16;2,4,2,2,2,2,2,1,3,2,3,2,3,2,3,2;01,1001,11,01,01,11,11,1,011,11,111,11,011,01,011,11
179_15;lick;HARDBOP;UP;Hank Mobley;SWING;2;43;2;44;3;9;6;6,2,2,4,2,2;000001,11,01,1001,01,11
179_16;lick;HARDBOP;UP;Hank Mobley;SWING;3;45;2;47;1;15;8;4,3,4,2,2,2,3,1;0001,011,1011,01,11,11,111,1
179_17;lick;HARDBOP;UP;Hank Mobley;SWING;5;47;3;51;1;27;15;2,4,1,4,2,2,1,1,2,3,2,2,2,2,1;11,1011,1,0011,11,11,1,1,11,011,11,11,11,11,1
179_18;lick;HARDBOP;UP;Hank Mobley;SWING;1;51;3;51;4;4;2;4,1;1011,1
179_19;lick;HARDBOP;UP;Hank Mobley;SWING;5;52;4;56;1;22;14;4,2,2,2,1,2,2,2,4,2,2,2,2,1;0001,11,01,01,1,11,11,11,0011,11,01,11,11,1
179_20;lick;HARDBOP;UP;Hank Mobley;SWING;3;56;3;58;3;12;9;2,2,1,2,1,4,4,2,2;11,11,1,01,1,0001,0001,11,01
179_21;line;HARDBOP;UP;Hank Mobley;SWING;5;59;2;63;1;29;16;4,2,2,3,2,1,2,2,4,2,4,2,2,4,2,2;1001,01,11,011,01,1,11,11,1011,01,1101,01,11,1011,01,11
179_22;lick;HARDBOP;UP;Hank Mobley;SWING;6;63;4;68;1;24;17;2,4,2,2,2,1,1,2,2,2,4,2,2,1,2,4,1;01,1001,01,11,11,1,1,11,11,01,0001,01,01,1,11,0011,1
179_23;lick;HARDBOP;UP;Hank Mobley;SWING;5;69;3;73;1;23;14;2,4,2,3,3,2,2,2,2,1,4,1,2,1;11,1011,01,011,111,01,01,11,01,1,0011,1,11,1
179_24;lick;HARDBOP;UP;Hank Mobley;SWING;2;73;4;74;3;7;4;4,2,2,4;0001,01,11,1101
179_25;line;HARDBOP;UP;Hank Mobley;SWING;4;75;2;78;4;28;15;2,4,2,2,2,2,2,4,1,2,3,2,2,2,2;01,1001,01,11,11,11,11,1011,1,11,111,01,11,11,11
179_26;lick;HARDBOP;UP;Hank Mobley;SWING;4;79;2;82;2;15;12;4,2,2,4,4,4,1,1,1,1,4,2;0001,01,01,0001,0001,0001,1,1,1,1,1011,11
179_27;lick;HARDBOP;UP;Hank Mobley;SWING;2;83;3;84;3;9;5;2,2,4,2,2;11,11,1001,01,11
179_28;lick;HARDBOP;UP;Hank Mobley;SWING;5;85;3;89;4;24;16;2,2,2,2,1,2,1,2,4,2,3,2,4,1,4,2;11,01,11,01,1,01,1,11,1011,01,111,01,0001,1,1001,01
179_29;line;HARDBOP;UP;Hank Mobley;SWING;4;90;4;93;2;16;10;2,1,2,2,2,2,2,2,4,2;01,1,11,11,11,11,11,11,0001,01
179_30;lick;HARDBOP;UP;Hank Mobley;SWING;4;94;4;97;2;16;11;2,3,2,2,2,2,2,1,1,2,4;01,011,01,11,01,11,01,1,1,11,1001
180_1;line;HARDBOP;MEDIUM UP;Hank Mobley;SWING;6;-1;1;4;2;33;21;4,3,2,2,2,2,2,2,4,2,1,2,1,2,1,2,1,4,1,1,3;0001,111,11,11,11,11,11,11,0110,01,1,11,1,01,1,11,1,0001,1,1,011
180_2;lick;HARDBOP;MEDIUM UP;Hank Mobley;SWING;2;5;1;6;2;9;6;2,3,1,2,1,1;01,111,1,11,1,1
180_3;line;HARDBOP;MEDIUM UP;Hank Mobley;SWING;3;7;1;9;2;18;10;3,2,2,2,2,2,2,2,1,4;011,11,11,11,11,11,11,11,1,0001
180_4;lick;HARDBOP;MEDIUM UP;Hank Mobley;SWING;3;10;1;12;1;15;9;2,6,2,1,2,2,2,4,1;11,000011,11,1,11,01,11,1001,1
180_5;line;HARDBOP;MEDIUM UP;Hank Mobley;SWING;6;13;4;18;4;35;19;2,2,2,2,2,3,2,2,2,2,4,2,2,2,4,6,1,1,1;01,11,11,11,11,011,11,11,11,11,0111,11,11,11,0001,011001,1,1,1
180_6;lick;HARDBOP;MEDIUM UP;Hank Mobley;SWING;3;20;1;22;1;18;8;4,2,2,2,4,2,2,6;1111,11,01,11,0111,11,11,001001
180_7;lick;HARDBOP;MEDIUM UP;Hank Mobley;SWING;4;23;3;26;3;20;11;2,2,2,2,2,2,4,4,2,2,4;11,11,01,01,11,11,0011,1001,11,01,1101
180_8;lick;HARDBOP;MEDIUM UP;Hank Mobley;SWING;3;27;1;29;1;15;9;6,2,2,1,4,2,2,1,1;000101,11,11,1,1100,11,11,1,1
180_9;lick;HARDBOP;MEDIUM UP;Hank Mobley;SWING;3;29;3;31;2;13;8;2,3,4,1,4,1,1,1;01,111,1001,1,0111,1,1,1
180_10;lick;HARDBOP;MEDIUM UP;Hank Mobley;SWING;3;32;1;34;2;11;7;4,1,1,4,4,1,1;0111,1,1,1001,0110,1,1
180_11;lick;HARDBOP;MEDIUM UP;Hank Mobley;SWING;2;35;1;36;3;11;7;1,2,2,1,3,2,2;1,11,01,1,110,11,11
180_12;lick;HARDBOP;MEDIUM UP;Hank Mobley;SWING;2;37;2;38;4;12;7;2,3,2,3,6,1,4;01,011,11,011,010001,1,1001
180_13;line;HARDBOP;MEDIUM UP;Hank Mobley;SWING;6;39;3;44;3;31;21;4,4,2,2,2,2,3,2,1,1,1,1,1,1,1,1,1,2,4,4,2;0001,0111,11,11,11,11,111,11,1,1,1,1,1,1,1,1,1,11,0001,0001,01
180_14;line;HARDBOP;MEDIUM UP;Hank Mobley;SWING;3;45;1;47;3;22;11;2,3,2,2,2,4,3,2,2,2,1;01,111,11,11,11,1011,011,11,11,11,1
180_15;lick;HARDBOP;MEDIUM UP;Hank Mobley;SWING;2;48;1;49;1;11;5;4,4,6,2,2;0011,1111,000111,01,01
180_16;lick;HARDBOP;MEDIUM UP;Hank Mobley;SWING;5;49;3;53;1;38;15;4,3,2,6,3,6,6,2,7,4,4,2,2,2,1;0011,111,01,101001,011,000011,001101,11,1001111,1111,1111,11,11,11,1
180_17;lick;HARDBOP;MEDIUM UP;Hank Mobley;SWING;2;53;3;54;3;11;5;2,2,6,2,4;01,11,001101,11,0111
180_18;lick;HARDBOP;MEDIUM UP;Hank Mobley;SWING;4;55;2;58;4;32;15;2,4,2,6,2,2,2,1,4,4,6,2,3,4,1;01,1100,01,100011,11,11,11,1,0111,0111,100101,11,111,1110,1
180_19;lick;HARDBOP;MEDIUM UP;Hank Mobley;SWING;1;59;1;59;4;9;4;4,4,4,1;0011,1011,0111,1
180_20;line;HARDBOP;MEDIUM UP;Hank Mobley;SWING;2;60;1;61;4;24;8;4,4,4,4,8,3,4,1;0011,0011,1110,1111,10101011,111,1111,1
180_21;lick;HARDBOP;MEDIUM UP;Hank Mobley;SWING;2;62;3;63;2;8;4;2,3,3,1;11,111,110,1
180_22;lick;HARDBOP;MEDIUM UP;Hank Mobley;SWING;3;64;2;66;1;19;8;4,2,4,4,3,2,4,3;1011,11,1101,0110,111,01,0110,111
180_23;lick;HARDBOP;MEDIUM UP;Hank Mobley;SWING;1;67;1;67;4;9;4;6,3,3,1;000011,111,111,1
180_24;line;HARDBOP;MEDIUM UP;Hank Mobley;SWING;4;68;1;71;1;45;13;4,2,6,5,6,3,4,3,4,6,4,4,4;0011,01,110111,01111,101111,111,1111,111,1111,011011,0111,1111,1110
180_25;lick;HARDBOP;MEDIUM UP;Hank Mobley;SWING;2;71;3;72;3;9;4;2,3,5,2;01,111,00111,11
180_26;lick;HARDBOP;MEDIUM UP;Hank Mobley;SWING;2;73;2;74;4;12;7;2,2,4,4,4,2,2;11,11,1001,0110,0001,11,01
180_27;lick;HARDBOP;MEDIUM UP;Hank Mobley;SWING;2;75;2;76;3;11;6;1,2,2,2,4,2;1,11,11,11,1001,11
180_28;line;HARDBOP;MEDIUM UP;Hank Mobley;SWING;4;77;3;80;1;22;11;2,4,3,4,2,2,2,2,4,3,1;11,0011,110,0111,11,11,11,11,1001,011,1
180_29;lick;HARDBOP;MEDIUM UP;Hank Mobley;SWING;3;80;4;82;2;10;7;2,2,2,2,1,2,6;01,11,11,01,1,11,000001
180_30;line;HARDBOP;MEDIUM UP;Hank Mobley;SWING;4;82;4;85;1;21;10;5,3,3,2,8,1,2,2,2,1;00111,011,011,11,00100111,1,11,11,11,1
180_31;line;HARDBOP;MEDIUM UP;Hank Mobley;SWING;5;85;3;89;1;30;15;4,2,2,3,2,2,2,2,2,2,2,2,2,2,2;0001,11,11,111,11,11,11,11,11,11,11,11,11,11,11
180_32;lick;HARDBOP;MEDIUM UP;Hank Mobley;SWING;2;89;4;90;1;4;2;2,2;11,11
180_33;lick;HARDBOP;MEDIUM UP;Hank Mobley;SWING;3;90;4;92;1;12;5;5,2,4,4,2;01111,11,0110,0011,11
180_34;lick;HARDBOP;MEDIUM UP;Hank Mobley;SWING;2;93;1;94;4;15;8;4,6,2,4,3,2,2,2;0110,001001,01,0111,011,11,01,11
180_35;lick;HARDBOP;MEDIUM UP;Hank Mobley;SWING;3;95;2;97;1;18;8;2,3,2,3,4,2,4,2;01,111,11,011,0111,11,0111,11
181_2;lick;HARDBOP;MEDIUM SLOW;Hank Mobley;SWING;2;2;1;3;1;10;5;4,8,3,4,2;1111,00000001,011,0001,11
181_4;lick;HARDBOP;MEDIUM SLOW;Hank Mobley;SWING;1;6;1;6;3;6;3;4,3,3;0001,011,111
181_5;line;HARDBOP;MEDIUM SLOW;Hank Mobley;SWING;2;7;1;8;3;19;7;6,1,2,4,8,5,4;000011,1,01,1111,01101001,01111,1110
181_6;lick;HARDBOP;MEDIUM SLOW;Hank Mobley;SWING;4;9;1;12;2;38;14;6,8,2,4,8,10,2,3,4,4,10,1,3,4;000011,10010011,11,0111,00000011,1100100101,11,110,0011,0111,0100010011,1,111,0111
181_7;line;HARDBOP;MEDIUM SLOW;Hank Mobley;SWING;4;13;2;16;1;31;12;8,6,5,4,1,4,4,2,8,2,2,3;00000011,011011,01111,0111,1,1011,1111,11,01000001,11,11,110
181_8;lick;HARDBOP;MEDIUM SLOW;Hank Mobley;SWING;2;16;3;17;2;8;4;3,6,2,1;011,011101,01,1
181_9;lick;HARDBOP;MEDIUM SLOW;Hank Mobley;SWING;2;17;3;18;1;8;3;3,4,4;011,0111,1101
181_11;lick;HARDBOP;MEDIUM SLOW;Hank Mobley;SWING;1;20;4;20;4;2;1;2;11
181_12;lick;HARDBOP;MEDIUM SLOW;Hank Mobley;SWING;2;21;4;22;4;13;5;6,3,4,2,1;101011,011,1111,11,1
181_13;line;HARDBOP;MEDIUM SLOW;Hank Mobley;SWING;3;23;3;25;1;24;7;4,3,3,6,4,4,6;1111,111,111,101111,1111,1100,111000
181_14;lick;HARDBOP;MEDIUM SLOW;Hank Mobley;SWING;3;25;2;27;3;29;10;4,4,2,6,6,3,6,8,4,1;0001,1101,11,010001,111011,111,110011,11010101,1110,1
181_15;lick;HARDBOP;MEDIUM SLOW;Hank Mobley;SWING;2;28;1;29;1;14;5;4,4,4,4,2;0011,0011,1111,1111,11
181_16;lick;HARDBOP;MEDIUM SLOW;Hank Mobley;SWING;1;29;3;29;3;2;1;2;11
181_17;lick;HARDBOP;MEDIUM SLOW;Hank Mobley;SWING;3;29;4;31;1;14;6;6,2,6,4,3,1;000101,11,011001,1110,111,1
181_18;lick;HARDBOP;MEDIUM SLOW;Hank Mobley;SWING;2;31;3;32;1;7;3;1,4,4;1,1111,1100
181_19;lick;HARDBOP;MEDIUM SLOW;Hank Mobley;SWING;3;32;4;34;1;10;6;6,1,2,1,2,1;011101,1,01,1,11,1
181_20;lick;HARDBOP;MEDIUM SLOW;Hank Mobley;SWING;2;34;4;35;4;10;5;9,1,2,1,8;100100101,1,01,1,10000011
181_21;lick;HARDBOP;MEDIUM SLOW;Hank Mobley;SWING;2;36;4;37;4;10;5;3,3,2,1,4;111,110,01,1,1101
181_22;line;HARDBOP;MEDIUM SLOW;Hank Mobley;SWING;3;38;4;40;2;19;7;4,3,4,4,6,8,1;1111,011,0110,0111,011101,01000011,1
181_23;lick;HARDBOP;MEDIUM SLOW;Hank Mobley;SWING;3;41;1;43;4;34;12;4,4,2,2,4,4,7,4,6,1,5,1;0011,1111,11,11,1101,1111,1010011,0111,111011,1,00111,1
181_24;line;HARDBOP;MEDIUM SLOW;Hank Mobley;SWING;3;44;2;46;2;31;9;3,6,4,4,5,4,4,6,1;011,101011,1111,1111,11111,1111,1111,101001,1
181_25;lick;HARDBOP;MEDIUM SLOW;Hank Mobley;SWING;2;46;3;47;1;6;3;4,6,2;0011,101001,01
181_26;lick;HARDBOP;MEDIUM SLOW;Hank Mobley;SWING;2;47;2;48;1;9;4;2,6,4,2;01,101101,0111,01
181_28;lick;HARDBOP;MEDIUM SLOW;Hank Mobley;SWING;3;50;2;52;1;18;8;4,4,8,6,3,6,4,2;0001,0111,01001001,100101,011,100101,0011,01
181_29;lick;HARDBOP;MEDIUM SLOW;Hank Mobley;SWING;2;52;2;53;1;12;4;2,9,3,4;01,101001111,111,0110
181_30;lick;HARDBOP;MEDIUM SLOW;Hank Mobley;SWING;2;53;2;54;1;8;4;6,3,4,2;000001,011,1011,11
181_31;lick;HARDBOP;MEDIUM SLOW;Hank Mobley;SWING;2;54;2;55;1;7;4;4,4,1,2;0001,1110,1,11
181_32;line;HARDBOP;MEDIUM SLOW;Hank Mobley;SWING;2;55;2;56;1;10;4;6,4,4,1;000011,0111,1111,1
181_33;lick;HARDBOP;MEDIUM SLOW;Hank Mobley;SWING;3;56;3;58;1;18;7;4,2,3,8,8,6,1;0111,11,011,00001011,00101001,011011,1
181_34;line;HARDBOP;MEDIUM SLOW;Hank Mobley;SWING;2;58;2;59;4;22;7;2,4,4,5,4,4,1;11,1111,1111,10111,1011,1111,1
181_35;lick;HARDBOP;MEDIUM SLOW;Hank Mobley;SWING;1;60;2;60;4;10;3;4,4,3;0111,1111,111
181_36;line;HARDBOP;MEDIUM SLOW;Hank Mobley;SWING;4;61;2;64;1;35;12;4,4,4,6,4,4,4,1,1,3,4,1;1111,1111,1111,011101,1111,1111,0111,1,1,011,0111,1
181_38;lick;HARDBOP;MEDIUM SLOW;Hank Mobley;SWING;3;66;3;68;3;17;7;3,4,3,6,4,4,2;011,0110,011,101011,0011,0111,11
181_39;line;HARDBOP;MEDIUM SLOW;Hank Mobley;SWING;2;69;2;70;3;18;6;4,3,4,4,4,2;1011,011,1111,1111,1101,11
181_40;line;HARDBOP;MEDIUM SLOW;Hank Mobley;SWING;3;71;2;73;3;34;10;8,6,4,4,4,6,4,4,8,2;00001111,110111,0111,0111,1111,111110,1111,1011,00000101,01
181_42;line;HARDBOP;MEDIUM SLOW;Hank Mobley;SWING;3;77;2;79;1;19;8;4,4,4,2,2,2,2,1;0011,1111,1111,11,11,11,11,1
181_43;line;HARDBOP;MEDIUM SLOW;Hank Mobley;SWING;2;79;3;80;4;15;6;4,6,1,3,3,3;0110,011011,1,111,111,110
184_1;lick;POSTBOP;UP;Herbie Hancock;SWING;3;2;2;4;1;6;4;3,1,2,2;011,1,01,11
184_2;lick;POSTBOP;UP;Herbie Hancock;SWING;3;5;4;7;1;9;6;2,1,2,2,2,1;01,1,11,11,11,1
184_3;lick;POSTBOP;UP;Herbie Hancock;SWING;2;8;1;9;3;10;6;1,2,2,2,2,3;1,01,11,11,11,011
184_4;line;POSTBOP;UP;Herbie Hancock;SWING;3;11;3;13;4;20;10;2,2,2,2,2,2,2,4,2,2;11,11,11,11,11,11,11,1001,11,11
184_5;lick;POSTBOP;UP;Herbie Hancock;SWING;12;14;4;25;2;38;22;2,2,2,3,2,1,2,2,2,2,4,1,2,3,2,2,2,3,3,1,3,2;01,11,11,011,11,1,01,11,11,01,1101,1,01,111,01,11,11,011,011,1,111,01
184_6;lick;POSTBOP;UP;Herbie Hancock;SWING;4;26;2;29;2;18;12;2,2,2,2,2,2,2,1,2,1,3,1;01,11,11,01,11,11,11,1,01,1,011,1
184_7;lick;POSTBOP;UP;Herbie Hancock;SWING;1;30;2;30;4;4;3;2,1,2;01,1,11
184_8;line;POSTBOP;UP;Herbie Hancock;SWING;3;31;4;33;4;17;9;2,4,2,2,2,2,2,4,2;01,1001,11,11,11,11,11,1011,01
184_9;lick;POSTBOP;UP;Herbie Hancock;SWING;1;34;2;34;3;4;2;4,6;0011,000011
184_10;line;POSTBOP;UP;Herbie Hancock;SWING;4;35;2;38;1;18;12;2,1,3,1,2,2,2,1,2,2,2,4;01,1,011,1,01,01,11,1,11,11,01,1011
184_11;line;POSTBOP;UP;Herbie Hancock;SWING;4;39;2;42;1;18;12;2,2,4,2,2,3,2,1,4,4,2,3;01,01,1001,01,11,111,01,1,0110,0001,01,110
184_12;lick;POSTBOP;UP;Herbie Hancock;SWING;3;43;2;45;3;7;7;2,2,1,1,2,2,1;01,01,1,1,01,01,1
184_13;line;POSTBOP;UP;Herbie Hancock;SWING;5;46;4;50;2;24;15;4,1,2,2,2,3,2,2,2,2,2,2,2,2,1;0001,1,01,11,01,111,11,11,11,11,11,11,01,01,1
184_14;line;POSTBOP;UP;Herbie Hancock;SWING;2;53;2;54;3;13;6;2,2,4,2,2,4;11,11,1011,01,11,1101
184_15;lick;POSTBOP;UP;Herbie Hancock;SWING;1;55;3;55;4;5;2;4,2;0111,11
184_16;line;POSTBOP;UP;Herbie Hancock;SWING;3;56;3;58;1;12;7;2,4,2,2,2,2,1;01,0011,11,11,11,11,1
184_17;line;POSTBOP;UP;Herbie Hancock;SWING;13;58;3;70;1;72;43;1,2,2,1,4,2,2,2,1,2,2,2,2,2,2,2,2,3,3,2,2,4,3,2,2,2,2,2,2,2,2,2,2,1,1,2,1,2,1,2,1,1,2;1,11,01,1,0110,11,11,01,1,11,11,11,11,01,11,11,11,110,111,11,11,1101,011,01,11,11,11,11,11,11,11,11,11,1,1,01,1,01,1,01,1,1,11
184_18;line;POSTBOP;UP;Herbie Hancock;SWING;3;71;3;73;1;12;7;2,3,2,3,2,1,4;11,011,11,011,11,1,0001
184_19;lick;POSTBOP;UP;Herbie Hancock;SWING;2;74;2;75;1;5;4;1,2,2,4;1,01,01,1001
184_20;lick;POSTBOP;UP;Herbie Hancock;SWING;2;76;2;77;1;5;4;2,1,2,1;01,1,11,1
184_21;lick;POSTBOP;UP;Herbie Hancock;SWING;2;77;4;78;3;6;4;2,2,2,1;11,01,11,1
184_22;lick;POSTBOP;UP;Herbie Hancock;SWING;2;79;2;80;1;5;4;2,2,2,1;01,11,01,1
184_23;lick;POSTBOP;UP;Herbie Hancock;SWING;2;80;4;81;2;5;3;2,2,2;01,11,11
184_24;lick;POSTBOP;UP;Herbie Hancock;SWING;3;82;2;84;3;10;7;2,2,2,1,1,2,2;01,01,11,1,1,11,11
185_1;line;POSTBOP;UP;Herbie Hancock;SWING;3;1;3;3;3;18;9;2,3,2,2,2,2,2,2,2;11,011,11,11,11,11,11,11,11
185_2;line;POSTBOP;UP;Herbie Hancock;SWING;2;4;3;5;3;9;5;2,2,2,2,1;11,11,11,11,1
185_3;line;POSTBOP;UP;Herbie Hancock;SWING;7;7;1;13;3;46;27;2,2,2,2,2,2,2,1,2,2,1,3,1,4,2,2,4,2,2,2,2,2,2,2,2,2,1;11,11,11,11,01,11,01,1,11,01,1,111,1,0001,11,01,1001,11,11,11,11,11,11,11,11,11,1
185_4;line;POSTBOP;UP;Herbie Hancock;SWING;7;14;3;20;3;43;25;1,4,2,2,2,4,2,2,2,3,2,2,2,3,3,3,1,2,2,2,2,2,2,2,2;1,1101,11,11,11,0001,01,01,11,011,11,11,11,011,011,011,1,11,01,11,11,11,01,11,01
185_5;lick;POSTBOP;UP;Herbie Hancock;SWING;4;23;1;26;4;26;14;4,3,3,1,2,2,2,2,2,2,2,2,2,3;0001,011,011,1,11,11,11,11,11,11,11,11,11,110
185_6;lick;POSTBOP;UP;Herbie Hancock;SWING;2;27;3;28;3;10;5;2,2,2,2,4;01,11,11,11,1011
185_7;lick;POSTBOP;UP;Herbie Hancock;SWING;5;30;1;34;3;27;18;2,3,1,4,2,2,1,2,2,2,2,2,2,1,2,1,2,1;01,011,1,0011,11,11,1,11,11,11,11,01,01,1,01,1,11,1
185_8;lick;POSTBOP;UP;Herbie Hancock;SWING;2;35;3;36;4;9;6;2,3,2,1,2,1;01,011,11,1,11,1
185_9;line;POSTBOP;UP;Herbie Hancock;SWING;12;37;3;48;1;88;43;2,2,4,3,2,3,2,2,4,2,2,2,2,2,2,2,2,1,2,2,2,2,2,2,2,2,1,2,2,2,2,2,1,2,3,3,3,3,4,2,3,2,4;01,11,1011,011,11,011,11,11,1001,11,11,11,11,11,11,11,11,1,11,11,11,11,11,11,11,01,1,11,01,11,11,11,1,11,111,111,111,111,1011,11,111,11,1110
185_10;line;POSTBOP;UP;Herbie Hancock;SWING;6;48;4;53;1;32;18;2,2,2,2,2,4,2,2,4,2,2,2,2,2,2,2,2,2;01,11,11,11,11,0001,01,11,0110,11,11,11,11,11,11,11,11,01
185_11;lick;POSTBOP;UP;Herbie Hancock;SWING;2;54;3;55;2;7;4;2,2,2,2;01,11,11,11
185_12;lick;POSTBOP;UP;Herbie Hancock;SWING;2;56;3;57;2;7;4;2,2,2,1;11,11,11,1
185_13;line;POSTBOP;UP;Herbie Hancock;SWING;2;58;1;59;4;15;8;2,2,2,2,2,2,3,1;11,11,11,11,11,11,011,1
185_14;line;POSTBOP;UP;Herbie Hancock;SWING;3;61;1;63;1;17;9;2,2,2,2,2,2,2,2,1;11,11,11,11,11,11,11,11,1
185_15;lick;POSTBOP;UP;Herbie Hancock;SWING;3;64;4;66;3;12;8;2,1,2,2,1,2,1,2;11,1,11,01,1,11,1,11
185_16;lick;POSTBOP;UP;Herbie Hancock;SWING;14;67;1;80;2;76;49;2,1,2,2,2,1,2,1,4,4,2,2,3,2,2,4,2,3,3,2,2,2,4,2,2,2,2,3,2,1,2,2,1,3,1,4,2,2,2,2,2,2,2,2,2,2,2,2,1;01,1,01,01,01,1,01,1,0001,1001,11,01,110,11,01,1011,11,011,011,11,11,11,0001,11,11,11,01,111,01,1,11,01,1,011,1,0001,01,01,01,11,11,11,11,01,11,11,11,11,1
185_17;lick;POSTBOP;UP;Herbie Hancock;SWING;6;83;3;88;3;28;17;2,2,2,2,3,2,2,2,2,2,3,2,1,1,1,2,4;11,01,11,11,011,11,11,11,11,11,011,11,1,1,1,01,0001
185_19;lick;POSTBOP;UP;Herbie Hancock;SWING;2;95;3;96;3;8;5;2,3,1,2,2;11,011,1,01,11
185_20;line;POSTBOP;UP;Herbie Hancock;SWING;5;97;3;101;1;29;15;4,2,2,3,2,3,2,2,2,3,2,2,2,3,1;1001,11,11,011,11,110,11,11,11,111,01,11,11,110,1
185_22;line;POSTBOP;UP;Herbie Hancock;SWING;3;107;3;109;4;18;10;2,2,2,2,2,4,3,3,1,3;11,11,11,01,01,1011,011,011,1,110
185_23;line;POSTBOP;UP;Herbie Hancock;SWING;3;110;2;112;3;18;10;2,2,2,2,2,2,2,1,2,1;11,11,11,11,11,11,11,1,11,1
185_24;line;POSTBOP;UP;Herbie Hancock;SWING;2;113;3;114;4;11;6;2,2,2,2,2,1;11,11,11,11,11,1
185_25;lick;POSTBOP;UP;Herbie Hancock;SWING;3;116;1;118;3;15;10;4,2,2,2,1,2,3,2,4,1;1011,01,11,11,1,01,011,01,0001,1
186_1;lick;POSTBOP;UP;Herbie Hancock;SWING;2;5;3;6;4;6;4;1,2,2,2;1,11,01,11
186_2;line;POSTBOP;UP;Herbie Hancock;SWING;2;8;1;9;1;9;5;2,2,3,3,2;01,11,111,011,01
186_3;lick;POSTBOP;UP;Herbie Hancock;SWING;1;10;1;10;4;7;4;1,2,2,2;1,11,11,11
186_4;lick;POSTBOP;UP;Herbie Hancock;SWING;2;11;4;12;4;10;5;2,2,2,3,2;11,11,11,011,11
186_5;line;POSTBOP;UP;Herbie Hancock;SWING;3;13;2;15;1;12;7;4,2,2,2,2,2,2;0001,01,11,11,11,11,11
186_6;lick;POSTBOP;UP;Herbie Hancock;SWING;2;16;3;17;1;5;3;2,2,2;11,01,11
186_7;lick;POSTBOP;UP;Herbie Hancock;SWING;2;19;1;20;2;11;6;2,2,2,2,3,2;11,11,01,11,011,11
186_8;line;POSTBOP;UP;Herbie Hancock;SWING;9;21;4;29;3;59;32;2,2,2,2,1,3,2,2,4,3,2,2,2,3,2,3,2,2,2,2,2,2,2,2,2,2,2,2,2,2,2,1;01,11,11,01,1,011,11,11,0011,011,11,11,11,011,11,011,11,01,11,11,11,11,11,11,11,11,11,11,11,11,11,1
186_9;line;POSTBOP;UP;Herbie Hancock;SWING;3;30;3;32;4;13;10;1,2,2,1,2,2,2,2,2,1;1,11,01,1,11,01,01,11,01,1
186_10;line;POSTBOP;UP;Herbie Hancock;SWING;2;33;3;34;4;11;6;2,3,2,2,2,1;11,011,11,11,11,1
186_11;line;POSTBOP;UP;Herbie Hancock;SWING;5;35;2;39;4;35;19;4,2,2,1,2,3,2,2,2,1,3,2,3,2,3,2,2,2,4;0001,01,01,1,11,111,11,01,11,1,111,01,111,11,011,11,11,11,1101
186_12;line;POSTBOP;UP;Herbie Hancock;SWING;5;41;2;45;1;22;16;2,2,2,2,2,2,1,1,2,2,2,2,2,2,1,1;11,11,11,11,11,11,1,1,01,01,01,01,01,01,1,1
186_13;line;POSTBOP;UP;Herbie Hancock;SWING;5;46;3;50;2;31;16;2,2,2,3,1,4,3,2,2,2,2,2,2,2,2,1;11,11,11,011,1,1101,011,11,11,11,11,11,11,11,11,1
186_14;line;POSTBOP;UP;Herbie Hancock;SWING;4;51;3;54;4;20;12;2,2,2,4,3,2,2,1,1,2,2,2;11,11,01,1101,011,11,11,1,1,11,01,01
186_15;line;POSTBOP;UP;Herbie Hancock;SWING;8;55;3;62;1;49;27;4,2,2,2,2,2,2,2,2,2,3,2,2,2,1,2,2,2,2,2,2,3,4,2,2,2,1;1001,11,11,11,11,11,11,11,11,11,011,11,11,11,1,01,11,11,01,11,11,011,1001,01,11,11,1
186_16;lick;POSTBOP;UP;Herbie Hancock;SWING;4;62;3;65;4;18;12;2,1,2,1,4,2,1,2,2,3,4,1;11,1,11,1,0001,01,1,11,11,011,1001,1
186_17;lick;POSTBOP;UP;Herbie Hancock;SWING;2;67;3;68;4;9;6;2,1,4,1,2,1;11,1,1001,1,11,1
186_18;lick;POSTBOP;UP;Herbie Hancock;SWING;1;70;1;70;4;6;4;2,2,2,1;11,11,01,1
186_19;lick;POSTBOP;UP;Herbie Hancock;SWING;1;72;1;72;4;7;4;4,3,2,1;1001,011,11,1
186_20;line;POSTBOP;UP;Herbie Hancock;SWING;8;73;3;80;4;52;30;2,2,3,2,2,1,2,2,2,2,2,2,2,2,2,4,2,1,1,1,2,2,1,2,2,2,2,2,4,1;11,11,110,11,01,1,11,11,01,11,11,11,11,11,01,1101,01,1,1,1,11,11,1,11,11,11,11,11,1011,1
186_21;lick;POSTBOP;UP;Herbie Hancock;SWING;5;82;1;86;2;26;18;1,2,1,2,1,2,1,2,1,2,1,2,1,2,1,2,1,1;1,11,1,11,1,11,1,11,1,11,1,11,1,11,1,11,1,1
186_22;lick;POSTBOP;UP;Herbie Hancock;SWING;3;86;4;88;3;10;8;2,2,2,1,2,1,2,1;01,01,01,1,11,1,11,1
186_23;lick;POSTBOP;UP;Herbie Hancock;SWING;8;89;2;96;4;49;29;2,2,2,1,2,1,2,2,2,2,2,2,2,2,4,2,2,2,2,2,2,2,2,3,2,3,4,2,2;01,01,01,1,11,1,11,01,11,01,11,01,11,01,1001,01,11,11,11,11,11,11,11,111,01,111,1101,01,11
186_24;lick;POSTBOP;UP;Herbie Hancock;SWING;2;97;3;98;3;6;5;1,2,2,2,1;1,01,11,01,1
186_25;line;POSTBOP;UP;Herbie Hancock;SWING;5;99;3;103;4;28;18;2,2,2,2,2,2,2,2,1,2,2,2,1,2,2,2,3,4;11,11,11,11,01,11,11,01,1,11,11,01,1,01,01,01,011,1100
186_26;line;POSTBOP;UP;Herbie Hancock;SWING;5;105;1;109;4;37;20;2,2,3,3,2,1,2,4,2,2,3,2,2,2,2,2,2,2,2,1;01,11,011,011,11,1,11,1101,01,01,111,11,11,11,11,11,11,11,11,1
186_27;lick;POSTBOP;UP;Herbie Hancock;SWING;3;110;3;112;4;14;8;1,4,1,2,2,4,2,4;1,0001,1,11,11,1100,11,1110
186_28;line;POSTBOP;UP;Herbie Hancock;SWING;1;114;1;114;4;7;4;2,3,2,1;11,011,11,1
186_29;line;POSTBOP;UP;Herbie Hancock;SWING;2;115;4;116;2;7;3;2,2,3;11,11,111
186_30;line;POSTBOP;UP;Herbie Hancock;SWING;1;118;1;118;3;7;3;2,4,2;11,1101,11
186_31;line;POSTBOP;UP;Herbie Hancock;SWING;1;120;1;120;4;6;4;2,2,2,1;11,11,01,1
186_32;line;POSTBOP;UP;Herbie Hancock;SWING;4;121;4;124;4;20;13;2,2,2,2,1,2,2,2,2,2,1,2,1;01,11,11,11,1,01,11,01,11,11,1,11,1
186_33;line;POSTBOP;UP;Herbie Hancock;SWING;4;125;3;128;3;25;13;2,2,2,3,2,2,2,2,4,2,3,2,2;11,11,01,011,11,11,11,11,1011,01,110,11,11
186_34;lick;POSTBOP;UP;Herbie Hancock;SWING;8;129;2;136;3;46;29;4,2,1,1,2,2,1,2,2,1,2,2,1,2,2,1,2,2,2,2,2,2,2,4,3,1,2,3,3;0001,11,1,1,11,01,1,11,01,1,11,01,1,11,01,1,11,01,11,11,11,11,11,0110,011,1,11,111,011
186_35;line;POSTBOP;UP;Herbie Hancock;SWING;2;139;1;140;3;14;7;1,4,4,3,2,2,2;1,1001,1101,011,11,11,11
186_36;lick;POSTBOP;UP;Herbie Hancock;SWING;4;141;3;144;4;14;9;2,2,1,1,4,2,2,2,1;11,01,1,1,1001,11,11,11,1
187_1;lick;POSTBOP;UP;Herbie Hancock;SWING;7;2;1;8;4;19;18;1,4,1,2,1,2,1,1,2,2,1,1,2,2,1,1,2,2;1,0001,1,01,1,01,1,1,01,01,1,1,01,01,1,1,01,11
187_2;lick;POSTBOP;UP;Herbie Hancock;SWING;4;9;4;12;1;9;7;2,3,4,2,1,2,1;01,011,0001,01,1,11,1
187_3;lick;POSTBOP;UP;Herbie Hancock;SWING;3;13;1;15;4;12;10;2,1,2,1,2,1,2,2,2,1;01,1,01,1,01,1,11,01,11,1
187_4;lick;POSTBOP;UP;Herbie Hancock;SWING;3;16;4;18;4;10;9;2,4,2,2,2,2,2,1,1;01,0001,01,01,01,01,11,1,1
187_5;lick;POSTBOP;UP;Herbie Hancock;SWING;4;20;1;23;3;10;9;1,2,2,2,1,1,2,2,2;1,01,01,01,1,1,01,01,11
187_6;lick;POSTBOP;UP;Herbie Hancock;SWING;2;25;1;26;1;7;5;2,2,2,2,1;01,11,01,11,1
187_7;line;POSTBOP;UP;Herbie Hancock;SWING;2;28;1;29;3;11;7;2,2,2,2,2,1,1;01,11,11,11,11,1,1
187_8;lick;POSTBOP;UP;Herbie Hancock;SWING;7;32;1;38;1;43;25;2,2,2,2,2,4,1,2,1,3,2,2,2,2,3,2,2,2,2,2,1,4,3,3,1;01,01,01,01,01,0001,1,11,1,111,11,11,11,11,011,11,11,11,11,11,1,1101,111,011,1
187_9;line;POSTBOP;UP;Herbie Hancock;SWING;2;40;1;41;2;12;6;4,2,2,2,2,2;0011,11,11,11,11,11
187_10;lick;POSTBOP;UP;Herbie Hancock;SWING;5;41;4;45;3;19;15;4,1,2,2,2,2,1,1,1,2,2,2,4,2,1;0001,1,01,11,11,11,1,1,1,11,01,01,0001,01,1
187_11;line;POSTBOP;UP;Herbie Hancock;SWING;3;46;2;48;1;12;8;2,2,2,2,2,2,1,1;01,11,11,11,01,11,1,1
187_12;line;POSTBOP;UP;Herbie Hancock;SWING;7;48;4;54;3;42;24;2,2,2,3,2,2,2,2,2,1,4,1,3,1,4,1,4,1,2,3,2,2,2,1;01,11,11,110,11,01,11,11,01,1,1011,1,111,1,1011,1,1011,1,01,011,11,11,11,1
187_13;lick;POSTBOP;UP;Herbie Hancock;SWING;2;55;3;56;4;9;6;2,2,1,2,2,1;01,11,1,11,11,1
187_14;line;POSTBOP;UP;Herbie Hancock;SWING;2;57;4;58;4;9;5;2,2,2,2,2;11,11,11,11,01
187_15;line;POSTBOP;UP;Herbie Hancock;SWING;2;59;3;60;4;10;6;2,2,2,2,2,1;01,11,11,11,11,1
187_16;lick;POSTBOP;UP;Herbie Hancock;SWING;8;61;3;68;4;33;27;2,2,2,2,2,2,2,1,2,1,2,2,1,2,2,1,2,2,1,2,2,2,1,2,1,2,2;01,11,01,11,01,11,01,1,01,1,01,01,1,01,01,1,01,01,1,01,01,11,1,11,1,11,01
187_17;line;POSTBOP;UP;Herbie Hancock;SWING;3;69;3;71;4;18;10;4,2,2,4,2,2,2,1,2,2;0011,11,11,1001,11,11,11,1,11,01
187_18;lick;POSTBOP;UP;Herbie Hancock;SWING;5;74;3;78;4;31;18;2,3,2,2,2,1,1,2,2,2,2,2,2,2,2,2,2,2;01,111,01,01,11,1,1,11,01,11,11,11,11,11,11,11,11,11
187_19;line;POSTBOP;UP;Herbie Hancock;SWING;8;79;3;86;4;38;25;1,2,2,2,2,2,2,2,2,2,2,1,1,2,1,2,2,2,2,1,2,2,2,2,1;1,01,11,11,11,11,11,11,11,01,11,1,1,11,1,01,01,01,11,1,01,11,11,11,1
187_20;lick;POSTBOP;UP;Herbie Hancock;SWING;5;87;3;91;2;25;14;2,2,1,2,2,2,2,3,2,2,2,2,2,2;01,11,1,01,11,11,11,011,11,11,11,11,11,11
187_21;lick;POSTBOP;UP;Herbie Hancock;SWING;2;95;1;96;2;7;6;2,2,2,2,1,2;01,01,01,01,1,11
187_22;lick;POSTBOP;UP;Herbie Hancock;SWING;2;97;2;98;4;8;6;2,2,2,2,1,1;01,11,11,01,1,1
187_23;lick;POSTBOP;UP;Herbie Hancock;SWING;2;99;3;100;3;8;5;2,2,2,2,2;01,11,01,11,11
187_24;line;POSTBOP;UP;Herbie Hancock;SWING;4;101;1;104;3;29;15;3,2,2,2,2,2,2,2,2,2,2,2,2,3,2;011,01,11,11,11,11,11,11,11,11,11,11,11,011,11
187_25;lick;POSTBOP;UP;Herbie Hancock;SWING;9;107;2;115;4;43;31;2,1,1,4,4,4,2,2,2,2,2,2,1,4,2,2,4,2,2,2,2,4,1,2,2,2,2,2,2,2,1;01,1,1,0001,1001,0011,01,01,11,01,11,01,1,1001,11,01,1001,01,11,01,11,0001,1,01,01,01,01,11,11,11,1
187_26;line;POSTBOP;UP;Herbie Hancock;SWING;4;116;3;119;4;26;14;2,3,2,2,2,2,2,2,2,2,3,2,4,2;01,011,11,11,11,11,11,11,11,11,011,11,0001,11
187_27;line;POSTBOP;UP;Herbie Hancock;SWING;6;122;2;127;1;32;18;2,1,2,2,2,2,2,2,2,2,2,2,2,2,2,1,2,2;01,1,11,11,11,11,11,11,11,11,11,11,11,11,11,1,11,01
187_28;lick;POSTBOP;UP;Herbie Hancock;SWING;1;128;1;128;4;6;4;2,2,2,2;01,01,11,11
187_29;lick;POSTBOP;UP;Herbie Hancock;SWING;5;130;1;134;3;12;9;1,2,2,4,2,2,2,2,2;1,01,01,1001,01,11,01,01,11
187_30;lick;POSTBOP;UP;Herbie Hancock;SWING;3;135;4;137;1;9;6;2,1,2,2,2,1;01,1,11,11,11,1
187_31;lick;POSTBOP;UP;Herbie Hancock;SWING;2;138;1;139;1;9;5;3,4,2,2,1;011,0011,11,11,1
187_32;line;POSTBOP;UP;Herbie Hancock;SWING;11;143;1;153;3;74;43;2,2,2,2,2,2,1,2,2,2,2,2,2,2,2,2,2,4,2,2,2,2,2,2,2,2,2,2,2,1,2,2,2,2,2,2,1,2,2,2,2,2,2;11,11,11,11,11,11,1,01,01,01,01,01,01,11,11,11,11,1001,11,11,01,11,11,11,11,01,11,11,11,1,11,11,11,11,11,11,1,11,11,11,11,11,01
188_2;lick;POSTBOP;UP;Herbie Hancock;SWING;2;5;3;6;2;5;4;1,2,2,1;1,01,11,1
188_3;lick;POSTBOP;UP;Herbie Hancock;SWING;2;7;2;8;4;11;7;1,2,2,2,1,1,2;1,11,11,11,1,1,11
188_4;lick;POSTBOP;UP;Herbie Hancock;SWING;7;9;3;15;4;40;24;2,4,2,2,2,2,2,2,3,2,2,4,1,2,2,2,2,1,2,1,2,2,1,4;01,1100,11,11,11,11,01,11,011,11,11,1101,1,01,01,01,11,1,11,1,11,01,1,1101
188_5;lick;POSTBOP;UP;Herbie Hancock;SWING;2;17;1;18;2;8;6;2,2,1,2,1,2;01,11,1,11,1,01
188_6;line;POSTBOP;UP;Herbie Hancock;SWING;15;19;3;33;4;99;56;2,3,2,3,2,2,4,2,3,2,2,3,3,2,3,4,4,4,2,2,2,2,3,2,2,2,2,2,2,2,2,2,3,2,2,2,1,2,2,2,1,2,1,2,2,2,2,4,1,2,4,2,1,2,2,2;11,011,11,011,11,11,1001,11,011,11,11,011,110,11,110,1011,0011,0001,11,11,11,11,011,11,11,11,11,11,11,11,01,11,011,11,11,11,1,11,01,11,1,11,1,11,11,01,01,0001,1,01,1101,11,1,01,01,01
188_7;lick;POSTBOP;UP;Herbie Hancock;SWING;4;35;1;38;2;16;13;1,2,2,2,1,2,2,1,1,1,2,2,1;1,11,11,11,1,01,01,1,1,1,01,01,1
188_8;line;POSTBOP;UP;Herbie Hancock;SWING;4;39;2;42;3;28;14;2,2,2,2,2,2,2,2,2,2,2,2,2,2;11,11,11,11,11,11,11,11,11,11,11,11,11,11
188_9;line;POSTBOP;UP;Herbie Hancock;SWING;10;43;3;52;2;60;33;2,3,2,2,3,2,2,3,2,2,2,3,2,4,2,2,1,3,2,2,2,2,2,2,3,1,2,2,2,4,4,2,1;11,011,11,11,011,01,01,111,11,11,11,011,01,1011,11,01,1,111,11,01,01,11,11,11,011,1,11,11,11,0110,0110,11,1
188_10;line;POSTBOP;UP;Herbie Hancock;SWING;7;54;1;60;3;46;27;2,2,2,2,2,2,2,2,2,2,2,3,2,2,2,2,2,2,2,1,1,1,4,2,2,2,2;11,11,11,11,11,11,11,11,11,11,11,011,11,11,11,11,01,01,11,1,1,1,1001,11,01,01,01
188_11;line;POSTBOP;UP;Herbie Hancock;SWING;3;61;2;63;2;17;9;2,2,2,2,2,2,2,3,2;11,11,11,11,11,11,11,011,01
188_12;line;POSTBOP;UP;Herbie Hancock;SWING;6;65;1;70;2;38;22;1,2,4,3,2,2,2,2,3,1,2,2,2,2,2,1,1,2,2,2,2,2;1,11,1001,011,01,11,11,01,011,1,11,11,11,11,11,1,1,11,11,11,11,11
188_13;line;POSTBOP;UP;Herbie Hancock;SWING;17;71;2;87;4;80;50;2,3,2,2,2,1,2,2,2,2,2,2,2,1,2,2,2,2,2,2,2,2,2,2,2,2,2,2,1,2,1,2,1,3,2,1,2,4,2,1,2,4,2,1,2,4,2,1,2,2;11,110,11,11,01,1,11,11,11,11,11,11,11,1,11,11,11,11,11,11,11,11,11,11,11,11,11,11,1,11,1,11,1,011,11,1,01,0001,01,1,01,0001,01,1,01,0001,01,1,01,11
191_1;lick;BEBOP;UP;J.J. Johnson;SWING;4;0;3;3;4;13;11;2,1,1,2,2,2,2,1,1,1,2;01,1,1,01,11,01,01,1,1,1,11
191_2;lick;BEBOP;UP;J.J. Johnson;SWING;3;4;3;6;1;7;7;2,4,2,1,1,1,1;01,0001,01,1,1,1,1
191_3;lick;BEBOP;UP;J.J. Johnson;SWING;6;6;4;11;3;21;14;2,2,2,2,2,2,2,2,1,4,2,6,2,1;01,11,01,11,01,11,01,11,1,0011,01,000011,11,1
191_4;lick;BEBOP;UP;J.J. Johnson;SWING;6;12;2;17;3;22;16;2,1,1,1,2,4,4,2,1,2,2,2,1,1,2,2;01,1,1,1,11,0011,0011,01,1,01,01,11,1,1,11,11
191_7;lick;BEBOP;UP;J.J. Johnson;SWING;5;24;3;28;2;26;16;2,2,2,1,1,1,2,2,2,1,2,4,2,4,1,2;01,11,11,1,1,1,11,11,11,1,11,1011,01,1001,1,11
191_8;lick;BEBOP;UP;J.J. Johnson;SWING;3;28;4;30;1;7;4;2,2,2,2;11,01,11,11
191_9;lick;BEBOP;UP;J.J. Johnson;SWING;2;31;1;32;3;10;7;2,2,1,2,2,2,2;11,11,1,01,01,01,11
191_10;lick;BEBOP;UP;J.J. Johnson;SWING;3;33;1;35;2;14;8;2,2,2,2,2,2,4,2;01,11,11,11,11,11,1001,01
191_11;lick;BEBOP;UP;J.J. Johnson;SWING;4;36;2;39;3;16;13;2,2,1,1,1,1,2,2,2,1,2,4,2;01,11,1,1,1,1,01,01,01,1,01,1011,01
191_12;line;BEBOP;UP;J.J. Johnson;SWING;3;41;1;43;1;17;9;3,2,3,2,3,2,2,2,1;011,11,011,11,011,11,11,11,1
191_13;lick;BEBOP;UP;J.J. Johnson;SWING;3;43;3;45;3;13;8;2,2,2,2,2,2,2,1;11,11,01,11,01,11,11,1
191_14;lick;BEBOP;UP;J.J. Johnson;SWING;4;46;2;49;3;20;12;2,2,1,1,1,2,2,4,3,2,2,2;01,11,1,1,1,11,11,1001,011,11,11,11
191_15;lick;BEBOP;UP;J.J. Johnson;SWING;2;50;3;51;3;5;4;2,2,4,2;01,11,0001,01
191_16;lick;BEBOP;UP;J.J. Johnson;SWING;2;52;2;53;2;6;4;2,4,3,1;01,1001,110,1
191_17;lick;BEBOP;UP;J.J. Johnson;SWING;2;54;2;55;3;4;4;2,1,4,2;01,1,0001,01
191_18;lick;BEBOP;UP;J.J. Johnson;SWING;3;56;2;58;2;16;9;2,2,2,3,2,2,2,1,2;01,11,11,011,11,11,11,1,11
191_19;lick;BEBOP;UP;J.J. Johnson;SWING;6;59;1;64;2;25;18;4,3,2,2,2,2,1,1,1,1,1,1,1,2,2,1,1,1;0011,011,11,11,11,11,1,1,1,1,1,1,1,11,01,1,1,1
191_20;lick;BEBOP;UP;J.J. Johnson;SWING;3;64;4;66;2;7;5;2,2,1,4,2;01,11,1,0001,11
191_21;line;BEBOP;UP;J.J. Johnson;SWING;4;66;4;69;1;19;10;2,2,2,2,2,2,2,2,2,4;01,11,11,11,11,11,11,11,11,1001
191_22;lick;BEBOP;UP;J.J. Johnson;SWING;2;70;3;71;4;8;5;2,2,2,1,1;11,11,11,1,1
191_23;line;BEBOP;UP;J.J. Johnson;SWING;3;72;4;74;4;8;5;2,1,2,2,2;01,1,11,11,11
191_24;lick;BEBOP;UP;J.J. Johnson;SWING;4;75;3;78;4;23;12;2,2,1,2,2,4,2,4,4,2,2,4;11,11,1,11,11,1011,01,1011,0001,01,11,1011
191_25;line;BEBOP;UP;J.J. Johnson;SWING;4;80;1;83;3;20;14;2,2,1,1,1,1,1,2,1,2,2,2,2,1;01,11,1,1,1,1,1,11,1,11,11,11,11,1
191_27;line;BEBOP;UP;J.J. Johnson;SWING;2;90;1;91;3;12;7;2,2,2,2,2,2,1;01,11,11,11,11,11,1
191_28;lick;BEBOP;UP;J.J. Johnson;SWING;2;92;2;93;3;5;5;2,1,1,1,1;01,1,1,1,1
191_29;lick;BEBOP;UP;J.J. Johnson;SWING;6;94;3;99;4;27;18;1,1,1,2,1,2,2,2,2,4,1,2,4,2,3,3,1,1;1,1,1,01,1,11,11,11,11,1011,1,01,0011,01,011,011,1,1
191_30;lick;BEBOP;UP;J.J. Johnson;SWING;3;100;3;102;1;10;7;2,3,1,2,1,2,2;01,111,1,01,1,01,11
191_31;lick;BEBOP;UP;J.J. Johnson;SWING;3;102;3;104;2;11;7;4,3,1,4,3,1,1;0011,011,1,0011,011,1,1
191_32;lick;BEBOP;UP;J.J. Johnson;SWING;6;105;1;110;2;33;21;2,3,3,2,2,2,4,2,4,2,4,2,2,2,2,2,1,2,2,2,2;01,011,011,01,11,01,1001,01,1001,01,1001,01,11,01,11,01,1,11,11,11,11
191_33;line;BEBOP;UP;J.J. Johnson;SWING;3;110;4;112;2;12;7;2,2,2,2,2,1,2;01,11,11,11,11,1,11
191_34;line;BEBOP;UP;J.J. Johnson;SWING;1;113;1;113;3;7;3;4,3,1;1110,111,1
191_35;lick;BEBOP;UP;J.J. Johnson;SWING;2;114;1;115;3;9;6;2,2,3,2,2,1;11,01,011,01,11,1
191_36;lick;BEBOP;UP;J.J. Johnson;SWING;3;117;1;119;4;13;9;2,2,2,2,2,2,1,1,1;11,01,01,11,11,11,1,1,1
191_37;lick;BEBOP;UP;J.J. Johnson;SWING;4;120;2;123;1;15;11;2,1,2,4,2,2,4,2,2,1,2;01,1,11,1001,01,01,1001,01,01,1,11
191_38;lick;BEBOP;UP;J.J. Johnson;SWING;4;124;1;127;3;15;9;4,2,4,1,2,2,2,2,1;1001,11,1100,1,11,11,11,01,1
191_39;lick;BEBOP;UP;J.J. Johnson;SWING;8;128;4;135;4;37;21;2,2,2,2,2,3,1,3,1,3,1,3,1,2,2,1,2,2,2,4,2;01,11,01,11,01,111,1,111,1,111,1,111,1,11,11,1,01,01,11,1011,11
191_40;lick;BEBOP;UP;J.J. Johnson;SWING;4;137;1;140;2;20;13;2,4,1,2,1,2,2,2,1,1,2,4,2;01,1001,1,11,1,11,01,11,1,1,11,1001,11
191_41;lick;BEBOP;UP;J.J. Johnson;SWING;3;140;4;142;2;8;7;2,1,2,1,2,4,2;01,1,01,1,01,1001,01
191_42;lick;BEBOP;UP;J.J. Johnson;SWING;2;143;1;144;1;7;4;2,2,2,1;11,11,11,1
191_43;lick;BEBOP;UP;J.J. Johnson;SWING;6;144;4;149;3;25;19;4,1,4,2,2,4,4,4,2,1,2,2,2,1,2,1,2,1,2;0001,1,0001,01,11,1001,0001,0001,01,1,11,01,01,1,11,1,11,1,11
191_44;line;BEBOP;UP;J.J. Johnson;SWING;2;151;1;152;1;9;5;2,2,2,2,1;11,11,11,11,1
191_46;lick;BEBOP;UP;J.J. Johnson;SWING;2;157;1;158;3;7;5;1,2,2,2,1;1,11,11,01,1
191_47;lick;BEBOP;UP;J.J. Johnson;SWING;2;159;1;160;1;5;4;2,2,1,1;01,11,1,1
191_49;lick;BEBOP;UP;J.J. Johnson;SWING;2;166;1;167;4;12;8;2,2,2,1,2,2,2,1;01,11,01,1,11,11,11,1
191_51;lick;BEBOP;UP;J.J. Johnson;SWING;2;172;4;173;2;7;3;3,2,4;011,11,1011
191_53;lick;BEBOP;UP;J.J. Johnson;SWING;4;180;2;183;3;19;13;2,4,2,2,1,2,2,1,2,2,1,2,4;01,1011,01,01,1,11,01,1,11,01,1,11,1001
191_54;lick;BEBOP;UP;J.J. Johnson;SWING;1;184;3;184;4;4;2;2,2;11,11
191_55;line;BEBOP;UP;J.J. Johnson;SWING;4;186;2;189;3;14;13;4,1,2,2,1,2,2,1,2,2,1,2,1;1001,1,01,01,1,01,01,1,01,01,1,01,1
191_56;lick;BEBOP;UP;J.J. Johnson;SWING;4;190;1;193;4;21;13;2,2,1,1,1,2,2,1,4,4,1,6,1;11,11,1,1,1,01,01,1,1011,0011,1,010111,1
192_1;lick;BEBOP;UP;J.J. Johnson;SWING;5;-1;1;3;2;17;15;2,1,1,2,4,3,2,1,1,1,2,1,4,1,2;01,1,1,01,0001,011,01,1,1,1,01,1,1001,1,01
192_2;lick;BEBOP;UP;J.J. Johnson;SWING;3;4;3;6;2;9;6;4,2,2,4,1,2;1001,11,01,1001,1,01
192_3;line;BEBOP;UP;J.J. Johnson;SWING;4;7;1;10;3;21;14;2,2,4,2,2,2,1,2,4,2,2,2,2,2;01,11,0001,11,01,01,1,11,0011,11,01,11,01,11
192_4;line;BEBOP;UP;J.J. Johnson;SWING;4;12;1;15;2;22;14;2,1,2,2,2,2,3,1,1,1,1,2,4,2;11,1,11,11,11,11,110,1,1,1,1,01,1011,01
192_5;line;BEBOP;UP;J.J. Johnson;SWING;4;16;3;19;3;20;13;2,2,2,2,2,2,2,2,2,3,2,2,2;01,01,11,01,11,01,11,01,11,011,01,11,11
192_6;lick;BEBOP;UP;J.J. Johnson;SWING;3;21;1;23;3;15;10;2,3,2,2,2,2,2,2,2,1;11,011,01,01,11,01,11,01,11,1
192_7;lick;BEBOP;UP;J.J. Johnson;SWING;3;24;2;26;2;9;6;2,2,2,1,2,2;01,11,01,1,11,11
192_8;lick;BEBOP;UP;J.J. Johnson;SWING;3;27;3;29;2;9;6;2,2,4,2,2,2;11,01,1001,01,11,01
192_9;lick;BEBOP;UP;J.J. Johnson;SWING;2;30;2;31;4;6;5;4,2,4,1,1;0001,11,0001,1,1
192_10;lick;BEBOP;UP;J.J. Johnson;SWING;5;32;4;36;4;18;13;4,1,4,2,2,2,2,2,2,2,2,2,2;0001,1,0001,01,01,11,11,01,11,01,11,01,11
192_11;lick;BEBOP;UP;J.J. Johnson;SWING;3;37;3;39;2;12;8;2,2,1,1,1,3,2,4;11,11,1,1,1,011,11,0001
192_12;line;BEBOP;UP;J.J. Johnson;SWING;4;40;3;43;3;21;12;2,2,2,2,2,2,2,2,1,2,2,2;11,11,01,11,11,11,11,01,1,11,11,11
192_13;lick;BEBOP;UP;J.J. Johnson;SWING;2;44;3;45;3;8;4;3,2,2,2;111,11,01,11
192_14;lick;BEBOP;UP;J.J. Johnson;SWING;2;46;4;47;2;4;2;3,4;011,1001
192_15;lick;BEBOP;UP;J.J. Johnson;SWING;3;49;1;51;3;14;9;4,1,4,2,2,4,2,2,2;1100,1,0011,01,11,0001,01,11,11
192_16;lick;BEBOP;UP;J.J. Johnson;SWING;4;52;3;55;4;13;10;4,2,2,1,3,2,2,1,4,2;0001,01,11,1,011,11,01,1,0001,01
192_17;lick;BEBOP;UP;J.J. Johnson;SWING;4;56;4;59;2;15;9;4,4,2,2,3,2,2,2,4;0001,0011,01,11,111,01,11,11,0001
192_21;line;BEBOP;UP;J.J. Johnson;SWING;6;64;4;69;3;16;16;2,1,1,4,2,1,1,1,2,1,1,2,2,2,2,1;01,1,1,0001,01,1,1,1,01,1,1,01,01,01,01,1
192_22;lick;BEBOP;UP;J.J. Johnson;SWING;2;70;3;71;3;4;4;1,2,1,1;1,01,1,1
192_23;line;BEBOP;UP;J.J. Johnson;SWING;2;73;1;74;3;8;6;2,2,1,2,2,1;11,01,1,11,01,1
192_24;line;BEBOP;UP;J.J. Johnson;SWING;3;74;4;76;3;8;6;4,1,3,2,4,1;0001,1,011,11,0001,1
192_25;line;BEBOP;UP;J.J. Johnson;SWING;4;77;3;80;1;20;11;2,2,2,4,2,2,3,1,1,2,2;11,11,11,1011,11,01,111,1,1,11,01
192_26;lick;BEBOP;UP;J.J. Johnson;SWING;3;81;2;83;2;13;9;4,4,3,4,3,4,2,2,4;0001,0011,011,0011,011,0001,01,01,0001
192_27;lick;BEBOP;UP;J.J. Johnson;SWING;4;84;3;87;1;15;10;2,2,2,2,1,3,2,2,2,1;01,11,01,11,1,011,11,11,01,1
192_31;lick;BEBOP;UP;J.J. Johnson;SWING;3;97;1;99;2;11;9;2,1,2,2,2,2,2,1,2;11,1,11,01,01,01,01,1,01
192_33;lick;BEBOP;UP;J.J. Johnson;SWING;2;105;1;106;4;10;6;1,2,2,2,2,2;1,11,11,01,11,11
192_34;line;BEBOP;UP;J.J. Johnson;SWING;4;108;3;111;3;19;13;2,2,2,1,2,2,1,2,2,2,4,2,2;11,11,01,1,11,01,1,11,01,01,1001,01,11
192_35;line;BEBOP;UP;J.J. Johnson;SWING;4;113;1;116;2;14;12;1,4,2,2,2,4,1,2,1,2,2,2;1,0001,01,01,01,1001,1,01,1,11,01,01
192_36;lick;BEBOP;UP;J.J. Johnson;SWING;2;117;1;118;1;7;5;2,2,2,2,1;01,01,11,11,1
192_37;line;BEBOP;UP;J.J. Johnson;SWING;3;118;4;120;2;15;7;4,2,2,3,4,3,2;1011,01,11,111,0011,011,11
192_38;lick;BEBOP;UP;J.J. Johnson;SWING;3;121;1;123;3;12;11;1,3,2,2,2,2,1,1,1,2,1;1,011,01,01,01,01,1,1,1,01,1
192_39;lick;BEBOP;UP;J.J. Johnson;SWING;2;124;3;125;2;4;4;1,1,1,2;1,1,1,01
192_40;lick;BEBOP;UP;J.J. Johnson;SWING;8;126;4;133;2;36;23;2,2,4,4,2,2,2,2,2,2,1,2,2,2,2,2,2,2,2,2,4,1,2;01,01,1001,0001,11,11,11,11,01,11,1,01,11,11,11,11,11,01,01,11,1001,1,01
192_41;line;BEBOP;UP;J.J. Johnson;SWING;3;135;1;137;1;10;9;2,1,1,4,4,2,2,4,4;01,1,1,1001,0001,01,01,0001,0001
192_42;line;BEBOP;UP;J.J. Johnson;SWING;4;137;4;140;1;11;9;4,1,4,2,2,2,2,4,4;1001,1,1001,01,01,01,01,0001,0001
192_43;line;BEBOP;UP;J.J. Johnson;SWING;4;141;1;144;1;13;12;2,2,1,1,1,1,4,4,2,4,4,1;01,01,1,1,1,1,1001,0001,01,0001,0001,1
192_44;lick;BEBOP;UP;J.J. Johnson;SWING;3;145;1;147;3;12;10;1,4,4,2,2,1,1,1,2,1;1,1001,0001,01,01,1,1,1,11,1
192_45;lick;BEBOP;UP;J.J. Johnson;SWING;5;149;1;153;3;30;18;2,3,2,2,3,2,1,2,2,2,4,3,2,2,3,4,2,2;11,111,01,01,011,11,1,01,01,11,1001,011,11,11,011,0001,11,01
192_46;lick;BEBOP;UP;J.J. Johnson;SWING;2;154;2;155;3;7;5;4,2,4,3,1;1001,01,0001,011,1
193_1;line;BEBOP;UP;J.J. Johnson;SWING;3;1;1;3;2;15;10;2,2,1,2,2,4,1,1,1,2;01,11,1,11,11,1001,1,1,1,11
193_2;lick;BEBOP;UP;J.J. Johnson;SWING;2;4;1;5;1;7;5;4,2,2,1,2;0001,11,01,1,11
193_3;line;BEBOP;UP;J.J. Johnson;SWING;6;6;1;11;3;31;19;1,2,2,2,4,4,4,4,2,6,1,1,1,2,2,2,1,2,1;1,11,01,11,1011,0001,0011,0110,11,100101,1,1,1,11,11,01,1,11,1
193_4;lick;BEBOP;UP;J.J. Johnson;SWING;2;14;1;15;3;10;6;2,2,2,4,2,1;01,01,11,1101,11,1
193_5;lick;BEBOP;UP;J.J. Johnson;SWING;3;17;1;19;3;12;9;1,2,2,2,2,2,2,4,1;1,01,11,01,01,11,01,1100,1
193_6;line;BEBOP;UP;J.J. Johnson;SWING;3;20;1;22;2;17;10;1,2,2,1,4,5,2,1,2,2;1,11,01,1,1011,01101,01,1,11,11
193_7;line;BEBOP;UP;J.J. Johnson;SWING;3;22;4;24;1;13;6;3,3,2,6,2,4;111,011,11,000011,01,1101
193_8;lick;BEBOP;UP;J.J. Johnson;SWING;5;25;3;29;3;21;13;1,4,1,2,4,3,2,2,2,2,1,1,2;1,0001,1,11,0011,011,11,11,11,11,1,1,11
193_9;line;BEBOP;UP;J.J. Johnson;SWING;4;30;4;33;1;14;9;4,4,2,2,1,2,2,4,1;0011,0001,01,11,1,11,01,1011,1
195_1;lick;BEBOP;UP;J.J. Johnson;SWING;6;0;4;5;3;21;15;2,4,4,2,4,2,2,2,2,2,4,2,2,4,1;01,0001,0001,11,0001,11,11,01,11,11,0001,01,11,0001,1
195_2;lick;BEBOP;UP;J.J. Johnson;SWING;2;6;4;7;3;5;4;2,4,2,2;01,0001,01,11
195_3;lick;BEBOP;UP;J.J. Johnson;SWING;4;8;4;11;4;17;13;2,2,2,1,1,1,2,2,1,1,4,2,2;01,01,01,1,1,1,11,01,1,1,0111,01,11
195_4;lick;BEBOP;UP;J.J. Johnson;SWING;5;12;2;16;1;18;13;2,2,1,1,2,2,2,3,1,1,1,1,2;01,11,1,1,11,01,11,110,1,1,1,1,11
195_6;lick;BEBOP;UP;J.J. Johnson;SWING;8;25;1;32;1;40;26;1,1,1,2,2,1,4,2,2,2,2,2,2,1,2,1,1,2,1,3,2,2,2,3,3,1;1,1,1,11,01,1,1110,11,01,11,11,01,11,1,01,1,1,01,1,111,11,01,11,110,111,1
195_7;lick;BEBOP;UP;J.J. Johnson;SWING;9;33;1;41;1;47;32;4,4,2,1,4,4,2,1,1,2,2,1,1,2,3,1,2,4,2,4,4,2,4,1,2,2,2,1,1,1,1,2;1001,0001,01,1,0011,1001,11,1,1,11,01,1,1,01,011,1,01,1110,01,0011,1100,11,1001,1,11,01,11,1,1,1,1,11
195_8;lick;BEBOP;UP;J.J. Johnson;SWING;5;43;1;47;3;28;17;3,4,2,2,2,4,3,3,1,4,2,1,3,4,1,2,1;111,1001,11,01,01,0011,110,111,1,0110,01,1,011,1100,1,01,1
195_9;lick;BEBOP;UP;J.J. Johnson;SWING;5;49;1;53;3;13;13;1,1,1,2,1,2,1,2,1,4,4,1,1;1,1,1,01,1,01,1,01,1,0001,0001,1,1
195_10;lick;BEBOP;UP;J.J. Johnson;SWING;3;57;1;59;3;18;11;1,1,1,2,2,1,2,3,1,4,2;1,1,1,11,01,1,11,110,1,1111,11
195_11;lick;BEBOP;UP;J.J. Johnson;SWING;4;61;1;64;4;20;15;1,2,2,2,1,4,2,2,1,2,2,1,1,4,1;1,11,01,11,1,1001,01,11,1,11,01,1,1,0001,1
196_2;lick;HARDBOP;MEDIUM;J.J. Johnson;SWING;2;2;4;3;4;8;5;2,2,2,2,2;01,11,11,01,11
196_3;lick;HARDBOP;MEDIUM;J.J. Johnson;SWING;3;4;3;6;1;8;6;2,2,3,1,1,1;11,01,011,1,1,1
196_4;lick;HARDBOP;MEDIUM;J.J. Johnson;SWING;3;6;3;8;3;12;8;2,2,4,2,1,2,2,1;11,11,0011,01,1,01,11,1
196_6;lick;HARDBOP;MEDIUM;J.J. Johnson;SWING;2;13;1;14;3;10;7;2,4,1,2,6,6,2;01,1001,1,11,000001,000011,01
196_7;lick;HARDBOP;MEDIUM;J.J. Johnson;SWING;3;15;1;17;1;16;9;2,4,2,2,2,2,2,2,2;01,1001,11,01,11,11,11,11,11
196_8;lick;HARDBOP;MEDIUM;J.J. Johnson;SWING;2;18;2;19;2;10;5;2,2,2,4,1;11,11,11,1011,1
196_9;lick;HARDBOP;MEDIUM;J.J. Johnson;SWING;1;20;2;20;3;6;2;3,3;111,111
196_10;lick;HARDBOP;MEDIUM;J.J. Johnson;SWING;1;21;2;21;4;11;3;4,4,5;1110,1110,11111
196_12;lick;HARDBOP;MEDIUM;J.J. Johnson;SWING;6;24;4;29;1;34;17;4,3,2,6,2,6,2,2,2,2,2,2,2,2,2,2,1;0001,111,11,000001,11,011110,11,11,11,11,11,11,11,11,11,11,1
196_13;lick;HARDBOP;MEDIUM;J.J. Johnson;SWING;3;29;3;31;1;12;6;8,8,2,2,2,1;10000011,00000011,11,11,11,1
196_14;lick;HARDBOP;MEDIUM;J.J. Johnson;SWING;5;33;1;37;3;28;18;3,2,3,2,2,2,1,2,1,2,1,2,1,2,2,2,1,1;011,11,011,11,11,11,1,11,1,01,1,11,1,01,11,11,1,1
196_15;lick;HARDBOP;MEDIUM;J.J. Johnson;SWING;2;38;1;39;2;10;6;2,2,1,2,5,2;11,11,1,11,10001,01
196_16;line;HARDBOP;MEDIUM;J.J. Johnson;SWING;4;40;2;43;2;19;13;2,2,2,2,2,1,1,1,1,4,2,1,4;01,11,11,11,11,1,1,1,1,1001,01,1,1001
196_17;line;HARDBOP;MEDIUM;J.J. Johnson;SWING;2;45;1;46;2;15;6;6,4,3,3,3,1;000101,0111,111,111,111,1
196_18;lick;HARDBOP;MEDIUM;J.J. Johnson;SWING;2;46;3;47;4;11;6;4,2,2,2,2,2;0001,11,11,11,11,11
196_19;lick;HARDBOP;MEDIUM;J.J. Johnson;SWING;2;48;3;49;2;7;4;2,3,4,1;01,011,0111,1
196_20;lick;HARDBOP;MEDIUM;J.J. Johnson;SWING;2;50;1;51;3;17;7;2,2,4,4,8,2,4;01,01,1011,0111,10010101,11,1110
196_21;lick;HARDBOP;MEDIUM;J.J. Johnson;SWING;2;53;2;54;4;10;7;2,2,2,1,1,1,1;11,11,11,1,1,1,1
196_22;lick;HARDBOP;MEDIUM;J.J. Johnson;SWING;5;55;2;59;3;27;18;2,2,2,1,2,1,2,1,2,1,2,6,2,2,4,6,6,2;11,11,11,1,01,1,11,1,01,1,01,100001,01,11,1001,100001,000011,01
196_23;line;HARDBOP;MEDIUM;J.J. Johnson;SWING;5;61;1;65;1;40;17;2,6,2,2,2,2,4,4,2,2,2,2,4,6,6,6,1;11,100011,01,11,11,11,1001,1001,01,11,11,11,1111,011110,011101,111100,1
196_24;line;HARDBOP;MEDIUM;J.J. Johnson;SWING;4;65;3;68;1;16;10;4,2,2,2,2,2,1,3,2,1;0001,11,11,11,01,11,1,011,11,1
196_25;lick;HARDBOP;MEDIUM;J.J. Johnson;SWING;2;69;1;70;4;27;8;3,8,4,8,5,6,4,7;111,01010101,0110,10101011,01111,000111,0111,1010001
196_26;lick;HARDBOP;MEDIUM;J.J. Johnson;SWING;4;72;1;75;2;19;11;2,2,2,2,2,2,3,6,1,2,4;01,11,11,11,11,11,011,010001,1,11,0001
196_27;lick;HARDBOP;MEDIUM;J.J. Johnson;SWING;2;76;3;77;1;4;3;2,2,4;01,11,0001
196_28;lick;HARDBOP;MEDIUM;J.J. Johnson;SWING;2;78;2;79;3;8;5;2,2,2,6,1;01,11,11,010001,1
196_29;lick;HARDBOP;MEDIUM;J.J. Johnson;SWING;3;81;1;83;2;18;9;2,8,3,5,3,2,2,2,6;01,00100001,011,01111,011,11,01,11,100001
196_30;lick;HARDBOP;MEDIUM;J.J. Johnson;SWING;1;84;1;84;4;8;4;2,2,2,2;11,11,11,11
197_1;line;BEBOP;MEDIUM;J.J. Johnson;SWING;4;-2;3;1;2;28;11;1,3,3,3,3,3,3,3,3,3,1;1,011,111,111,111,111,111,111,111,111,1
197_2;line;BEBOP;MEDIUM;J.J. Johnson;SWING;4;1;3;4;1;23;11;4,2,3,3,3,3,1,4,1,3,2;0001,11,111,111,111,111,1,0011,1,011,11
197_3;line;BEBOP;MEDIUM;J.J. Johnson;SWING;5;4;4;8;3;50;16;4,6,4,6,4,8,5,6,4,4,4,4,8,3,4,2;0001,010011,1011,101101,1111,10101011,01111,001011,0111,1011,1011,1011,10001011,011,1011,11
197_4;line;BEBOP;MEDIUM;J.J. Johnson;SWING;4;9;1;12;1;33;13;4,5,4,4,4,4,1,4,8,4,2,2,1;1111,11111,0011,0001,1110,1011,1,1001,10001011,0111,11,11,1
197_5;lick;BEBOP;MEDIUM;J.J. Johnson;SWING;2;12;2;13;4;16;6;2,2,4,3,3,6;01,11,0111,111,111,101101
197_6;lick;BEBOP;MEDIUM;J.J. Johnson;SWING;3;14;2;16;1;7;5;4,2,2,1,1;0001,11,11,1,1
197_7;lick;BEBOP;MEDIUM;J.J. Johnson;SWING;4;16;3;19;2;25;11;1,4,4,2,4,3,4,4,3,3,1;1,0011,1111,11,1001,111,1011,0110,111,110,1
197_8;line;BEBOP;MEDIUM;J.J. Johnson;SWING;2;19;4;20;3;12;4;6,4,4,4;000011,1011,1111,1110
197_9;lick;BEBOP;MEDIUM;J.J. Johnson;SWING;3;20;4;22;4;27;8;4,6,7,4,4,4,4,4;0011,100011,0011011,0111,1111,1111,1111,1110
197_10;lick;BEBOP;MEDIUM;J.J. Johnson;SWING;2;23;1;24;2;8;6;2,2,1,2,3,1;01,11,1,01,110,1
197_11;lick;BEBOP;MEDIUM;J.J. Johnson;SWING;6;25;2;30;1;39;20;4,2,2,2,2,3,3,3,3,2,2,1,2,2,2,4,2,2,2,1;0111,11,11,11,11,011,011,011,011,11,11,1,11,11,11,1110,01,11,11,1
197_12;lick;BEBOP;MEDIUM;J.J. Johnson;SWING;3;30;2;32;3;18;10;2,2,2,1,1,4,2,3,2,3;01,11,11,1,1,1110,01,111,01,111
197_13;lick;BEBOP;MEDIUM;J.J. Johnson;SWING;3;32;4;34;4;21;9;4,4,2,4,2,4,4,4,1;0001,1111,11,1011,01,1110,1001,1111,1
197_14;lick;BEBOP;MEDIUM;J.J. Johnson;SWING;3;35;1;37;4;26;12;2,2,4,4,6,4,8,2,4,1,4,1;01,11,1011,0011,001001,0111,01000011,11,1011,1,0111,1
197_15;line;BEBOP;MEDIUM;J.J. Johnson;SWING;2;38;1;39;1;13;5;2,4,4,4,2;11,1011,1011,1011,11
197_16;line;BEBOP;MEDIUM;J.J. Johnson;SWING;3;39;3;41;2;20;7;6,8,6,4,2,4,1;111011,00100011,001011,0011,11,1111,1
197_17;line;BEBOP;MEDIUM;J.J. Johnson;SWING;1;42;1;42;3;7;3;4,3,1;0111,111,1
197_18;lick;BEBOP;MEDIUM;J.J. Johnson;SWING;1;43;1;43;2;5;2;4,1;1111,1
197_19;line;BEBOP;MEDIUM;J.J. Johnson;SWING;3;44;1;46;2;17;9;3,3,1,6,2,1,2,1,4;111,111,1,110111,01,1,01,1,0001
197_21;lick;BEBOP;MEDIUM;J.J. Johnson;SWING;3;50;4;52;4;11;7;2,2,4,2,6,4,1;01,11,0001,11,010001,0011,1
197_22;lick;BEBOP;MEDIUM;J.J. Johnson;SWING;3;53;2;55;4;13;9;4,1,2,1,2,1,2,1,2;0111,1,01,1,01,1,11,1,11
197_24;lick;BEBOP;MEDIUM;J.J. Johnson;SWING;3;59;4;61;1;5;3;2,2,3;01,11,110
197_25;lick;BEBOP;MEDIUM;J.J. Johnson;SWING;4;61;4;64;3;17;10;4,2,2,2,2,4,3,3,2,1;0001,11,11,11,01,0001,011,111,11,1
198_1;lick;POSTBOP;UP;Joe Henderson;SWING;1;1;3;1;3;2;1;4;1001
198_2;lick;POSTBOP;UP;Joe Henderson;SWING;1;2;3;2;3;3;1;3;111
198_3;line;POSTBOP;UP;Joe Henderson;SWING;3;3;3;5;3;13;8;4,2,2,1,2,2,1,1;1011,01,11,1,11,11,1,1
198_4;line;POSTBOP;UP;Joe Henderson;SWING;5;6;1;10;3;31;17;2,2,2,2,2,1,2,2,2,2,2,2,1,2,1,4,2;01,11,11,11,11,1,11,11,11,11,11,11,1,01,1,1111,11
198_7;line;POSTBOP;UP;Joe Henderson;SWING;4;14;4;17;1;17;10;2,2,2,2,2,2,2,2,2,1;01,01,11,11,11,11,11,11,11,1
198_8;line;POSTBOP;UP;Joe Henderson;SWING;2;17;3;18;3;7;5;1,2,2,2,1;1,01,11,11,1
198_9;line;POSTBOP;UP;Joe Henderson;SWING;5;19;1;23;3;31;18;2,2,2,2,2,2,2,2,2,2,2,2,2,2,2,2,2,1;01,01,11,11,11,11,11,11,01,11,11,11,01,11,11,11,11,1
198_10;line;POSTBOP;UP;Joe Henderson;SWING;3;24;3;26;1;14;7;2,2,2,2,2,2,2;11,11,11,11,11,11,11
198_11;line;POSTBOP;UP;Joe Henderson;SWING;3;26;3;28;4;19;10;2,2,2,2,2,2,3,1,2,1;11,11,11,11,11,11,111,1,11,1
198_12;line;POSTBOP;UP;Joe Henderson;SWING;1;29;3;29;4;4;2;2,2;11,11
198_13;line;POSTBOP;UP;Joe Henderson;SWING;4;30;3;33;3;22;12;2,2,3,1,2,2,4,1,2,1,1,3;11,11,011,1,11,11,1101,1,11,1,1,111
198_14;line;POSTBOP;UP;Joe Henderson;SWING;3;34;3;36;3;17;9;2,2,2,2,2,1,2,2,3;11,11,11,11,11,1,11,11,011
198_15;lick;POSTBOP;UP;Joe Henderson;SWING;3;37;1;39;2;10;9;1,1,1,4,2,1,2,1,1;1,1,1,1001,01,1,01,1,1
198_16;lick;POSTBOP;UP;Joe Henderson;SWING;2;39;4;40;3;7;4;2,2,2,2;01,11,11,11
198_17;lick;POSTBOP;UP;Joe Henderson;SWING;3;41;4;43;3;7;6;2,1,4,2,2,2;01,1,0001,11,01,01
198_18;line;POSTBOP;UP;Joe Henderson;SWING;6;44;3;49;4;38;22;2,2,2,2,2,2,2,2,4,1,3,4,1,4,1,2,4,2,2,2,2,2;01,01,01,01,01,11,11,11,1001,1,110,1101,1,1101,1,11,1001,11,11,11,11,11
198_19;line;POSTBOP;UP;Joe Henderson;SWING;1;50;3;50;4;4;2;4,2;1001,11
198_20;line;POSTBOP;UP;Joe Henderson;SWING;2;51;2;52;3;12;6;2,2,2,3,2,3;11,11,01,111,01,111
198_21;lick;POSTBOP;UP;Joe Henderson;SWING;1;53;3;53;4;4;2;2,2;11,11
198_22;line;POSTBOP;UP;Joe Henderson;SWING;3;54;3;56;1;13;7;2,2,2,2,4,3,2;11,11,01,01,0111,011,11
198_23;lick;POSTBOP;UP;Joe Henderson;SWING;1;57;1;57;3;6;3;2,4,2;01,1110,11
198_24;lick;POSTBOP;UP;Joe Henderson;SWING;1;58;1;58;3;5;3;2,2,1;11,11,1
198_25;lick;POSTBOP;UP;Joe Henderson;SWING;8;58;4;65;1;36;22;2,2,2,2,4,4,2,2,2,2,4,1,2,2,4,1,4,2,2,2,2,4;01,01,01,11,0001,0011,01,11,11,11,0001,1,11,11,1001,1,1011,01,11,11,11,1100
198_26;lick;POSTBOP;UP;Joe Henderson;SWING;4;66;1;69;1;19;11;2,4,2,2,1,4,2,1,2,2,4;11,1001,01,01,1,1001,11,1,11,11,1101
198_27;line;POSTBOP;UP;Joe Henderson;SWING;2;70;1;71;2;9;6;1,2,4,2,1,1;1,11,1001,11,1,1
198_28;lick;POSTBOP;UP;Joe Henderson;SWING;1;72;3;72;4;4;2;3,2;011,11
198_29;line;POSTBOP;UP;Joe Henderson;SWING;4;73;2;76;3;23;14;4,2,4,4,2,2,3,4,2,2,2,4,2,2;0001,01,0110,1001,11,01,011,0011,01,11,11,0011,01,11
198_30;lick;POSTBOP;UP;Joe Henderson;SWING;1;78;1;78;4;7;4;2,2,4,1;11,11,0110,1
198_31;line;POSTBOP;UP;Joe Henderson;SWING;3;80;1;82;1;19;9;4,2,4,2,2,2,3,2,1;1011,11,1001,11,11,11,111,11,1
198_32;lick;POSTBOP;UP;Joe Henderson;SWING;3;86;1;88;3;19;8;2,3,2,3,4,3,3,2;11,011,11,111,1011,011,111,11
198_33;line;POSTBOP;UP;Joe Henderson;SWING;4;89;4;92;3;21;12;2,2,2,2,2,2,2,1,2,2,2,1;01,11,11,11,11,11,11,1,11,11,11,1
198_34;lick;POSTBOP;UP;Joe Henderson;SWING;4;92;4;95;2;17;10;2,2,1,4,2,2,2,2,1,1;01,11,1,1111,01,11,11,11,1,1
198_35;line;POSTBOP;UP;Joe Henderson;SWING;6;95;3;100;2;27;20;2,2,2,2,2,2,2,2,2,2,2,2,2,2,2,4,2,2,2,1;01,11,11,11,01,01,01,01,01,01,11,11,01,01,01,0001,01,11,11,1
198_38;lick;POSTBOP;UP;Joe Henderson;SWING;1;105;2;105;2;2;1;2;11
198_39;line;POSTBOP;UP;Joe Henderson;SWING;4;106;4;109;2;20;11;2,4,4,1,3,2,2,3,2,2,1;01,0001,0111,1,111,11,11,011,11,11,1
198_40;line;POSTBOP;UP;Joe Henderson;SWING;4;109;4;112;2;23;11;4,2,3,2,4,3,2,2,3,4,2;1101,11,011,11,1001,011,11,11,011,1011,01
198_41;lick;POSTBOP;UP;Joe Henderson;SWING;2;113;4;114;4;9;5;1,2,2,4,2;1,11,11,1001,11
198_43;lick;POSTBOP;UP;Joe Henderson;SWING;6;128;3;133;3;27;20;3,1,1,4,2,2,3,1,4,2,2,2,2,2,1,1,4,2,3,2;011,1,1,1001,01,01,011,1,1011,01,01,01,01,01,1,1,1001,01,011,01
198_44;line;POSTBOP;UP;Joe Henderson;SWING;3;134;2;136;2;17;9;2,2,2,2,2,2,4,3,2;11,11,11,01,01,11,1101,011,11
198_45;line;POSTBOP;UP;Joe Henderson;SWING;6;137;3;142;1;36;19;2,2,2,4,2,2,2,2,1,2,1,2,1,2,2,2,3,2,4;01,11,11,1101,11,11,11,11,1,11,1,11,1,11,11,11,110,11,1011
198_46;line;POSTBOP;UP;Joe Henderson;SWING;8;142;4;149;2;49;26;2,2,2,2,2,2,2,2,2,2,6,2,2,2,2,2,2,4,2,2,2,2,1,2,2,1;01,01,11,11,11,11,11,11,11,11,100011,11,11,11,11,11,11,1101,01,11,11,11,1,11,11,1
198_47;lick;POSTBOP;UP;Joe Henderson;SWING;2;149;4;150;3;8;4;2,2,2,2;11,11,11,11
198_48;line;POSTBOP;UP;Joe Henderson;SWING;4;151;3;154;3;19;12;4,2,2,2,2,1,1,4,1,4,2,1;0001,01,11,01,11,1,1,1101,1,1101,11,1
198_50;line;POSTBOP;UP;Joe Henderson;SWING;2;157;2;158;4;14;7;2,4,2,2,2,2,2;11,1001,11,11,11,11,11
198_51;line;POSTBOP;UP;Joe Henderson;SWING;4;159;2;162;2;26;13;3,4,2,2,2,2,2,4,2,2,4,1,1;111,1110,11,11,11,11,11,1001,11,11,1001,1,1
198_52;line;POSTBOP;UP;Joe Henderson;SWING;3;162;4;164;4;16;9;2,2,4,1,4,1,2,2,1;01,11,1101,1,1111,1,11,01,1
198_53;line;POSTBOP;UP;Joe Henderson;SWING;9;166;2;174;1;51;31;2,2,3,2,2,2,2,2,2,2,1,4,3,2,1,2,4,2,1,1,2,2,1,2,1,2,2,4,3,2,2;11,11,111,11,11,01,11,11,11,11,1,1001,011,01,1,01,0001,01,1,1,01,01,1,11,1,11,11,1101,011,11,11
198_60;line;POSTBOP;UP;Joe Henderson;SWING;4;189;4;192;3;22;12;2,2,1,4,2,2,2,4,3,3,3,2;11,11,1,1001,11,11,11,0001,011,011,011,11
198_61;line;POSTBOP;UP;Joe Henderson;SWING;5;193;4;197;2;24;15;1,4,4,4,2,2,2,2,2,2,2,2,4,2,4;1,1001,0001,0001,01,01,01,01,11,11,11,11,1011,11,1001
198_62;lick;POSTBOP;UP;Joe Henderson;SWING;2;198;2;199;1;3;2;4,4;0001,1001
198_63;line;POSTBOP;UP;Joe Henderson;SWING;11;200;4;210;4;64;37;2,2,2,2,1,2,2,2,4,2,2,2,1,2,2,2,2,2,1,2,2,2,2,2,2,1,2,2,2,2,2,2,2,2,2,3,2;01,11,11,11,1,11,01,11,1011,11,11,11,1,01,11,01,11,01,1,01,11,11,11,11,11,1,11,11,11,11,11,01,11,11,11,011,11
198_64;line;POSTBOP;UP;Joe Henderson;SWING;1;211;2;211;4;5;3;4,2,1;1011,01,1
198_66;line;POSTBOP;UP;Joe Henderson;SWING;4;213;4;216;4;21;12;3,4,2,3,2,4,1,3,4,4,2,1;011,1101,01,111,11,0110,1,111,0001,0001,01,1
199_1;lick;POSTBOP;UP;Joe Henderson;SWING;2;-7;4;-6;4;6;4;2,2,4,2;01,01,1101,01
199_2;lick;POSTBOP;UP;Joe Henderson;SWING;2;-5;3;-4;1;6;3;2,3,2;11,011,11
199_3;lick;POSTBOP;UP;Joe Henderson;SWING;2;-4;2;-3;3;9;6;2,4,2,3,2,2;01,0111,01,110,01,01
199_4;lick;POSTBOP;UP;Joe Henderson;SWING;2;-3;4;-2;4;10;5;2,2,2,4,1;01,11,11,1111,1
199_5;line;POSTBOP;UP;Joe Henderson;SWING;12;0;4;11;4;83;43;4,3,3,2,1,2,2,2,2,2,2,2,2,4,2,2,2,2,2,2,4,4,2,2,2,1,2,3,2,3,2,2,2,2,2,2,2,2,1,2,2,4,3;0001,111,011,11,1,11,11,11,11,11,11,11,11,1011,01,11,11,11,11,11,1110,1001,11,11,01,1,01,111,11,011,11,11,11,11,11,11,11,11,1,11,01,1011,011
199_7;line;POSTBOP;UP;Joe Henderson;SWING;9;19;2;27;2;45;31;2,2,2,4,3,2,2,1,4,2,2,2,2,1,2,1,1,2,2,2,2,3,1,2,3,4,2,4,2,2,1;01,11,11,1001,111,11,11,1,1101,01,01,01,01,1,01,1,1,01,01,01,01,011,1,11,111,1001,01,0001,01,01,1
199_8;line;POSTBOP;UP;Joe Henderson;SWING;3;28;1;30;1;13;8;1,2,2,2,2,2,1,1;1,11,11,11,11,11,1,1
199_10;lick;POSTBOP;UP;Joe Henderson;SWING;1;33;1;33;2;5;2;4,2;1111,01
199_11;lick;POSTBOP;UP;Joe Henderson;SWING;4;34;1;37;1;23;13;4,2,2,2,2,2,2,2,2,2,3,2,2;1111,01,11,11,11,01,11,01,11,11,011,01,01
199_12;lick;POSTBOP;UP;Joe Henderson;SWING;2;37;4;38;3;8;4;2,4,4,2;01,1011,0011,11
199_15;lick;POSTBOP;UP;Joe Henderson;SWING;2;61;4;62;1;3;2;2,2;01,11
199_16;line;POSTBOP;UP;Joe Henderson;SWING;5;62;4;66;4;27;15;2,4,2,2,2,4,2,2,2,2,2,4,2,2,1;01,1101,01,11,11,1001,11,11,11,11,11,0110,01,11,1
199_17;line;POSTBOP;UP;Joe Henderson;SWING;4;67;4;70;1;17;9;2,2,2,3,2,2,2,2,2;01,01,11,111,11,11,11,11,11
199_18;line;POSTBOP;UP;Joe Henderson;SWING;7;70;4;76;3;34;23;4,2,3,2,3,2,2,3,2,2,3,2,2,4,4,2,2,4,2,4,4,2,2;0001,01,111,11,011,01,11,111,11,11,011,01,11,0001,0001,01,01,0001,01,0001,0001,01,01
199_20;lick;POSTBOP;UP;Joe Henderson;SWING;2;82;2;83;1;6;4;2,2,2,2;11,11,01,01
199_21;line;POSTBOP;UP;Joe Henderson;SWING;7;85;3;91;2;43;21;4,5,3,2,4,3,2,2,2,3,2,2,3,2,1,2,2,2,2,4,2;1110,10111,011,11,0111,011,01,11,01,111,11,11,110,11,1,11,11,11,11,1001,01
199_22;line;POSTBOP;UP;Joe Henderson;SWING;2;92;1;93;3;13;7;2,2,4,2,4,2,2;11,11,1110,11,1001,01,01
199_23;line;POSTBOP;UP;Joe Henderson;SWING;4;93;4;96;3;19;12;4,3,4,4,2,2,2,2,2,3,3,1;0001,011,0001,0001,11,01,11,11,11,011,011,1
200_2;line;POSTBOP;UP;Joe Henderson;SWING;5;11;1;15;3;35;19;2,2,2,2,2,2,2,2,2,2,2,2,2,2,3,4,1,2,2;01,11,11,11,11,11,11,11,11,11,11,11,11,11,011,1001,1,01,11
200_3;line;POSTBOP;UP;Joe Henderson;SWING;6;16;1;21;3;44;22;5,2,4,2,2,3,2,2,4,2,4,3,2,2,2,2,2,2,1,2,2,2;00111,11,1001,11,11,011,11,11,1101,11,0111,011,11,01,11,11,11,11,1,11,01,11
200_5;line;POSTBOP;UP;Joe Henderson;SWING;4;23;3;26;1;35;11;4,4,4,2,4,4,4,2,6,4,4;0111,0111,1111,11,1011,1111,1111,11,010111,1111,1100
200_6;lick;POSTBOP;UP;Joe Henderson;SWING;2;26;2;27;2;7;5;2,1,2,2,4;01,1,01,11,1001
200_7;line;POSTBOP;UP;Joe Henderson;SWING;4;28;2;31;3;19;12;4,1,2,1,2,1,2,4,2,2,2,4;0001,1,11,1,11,1,11,1001,01,11,11,1001
200_8;lick;POSTBOP;UP;Joe Henderson;SWING;2;32;3;33;3;5;4;2,1,3,1;01,1,011,1
200_9;line;POSTBOP;UP;Joe Henderson;SWING;2;34;1;35;1;10;5;2,3,1,2,4;11,111,1,11,1100
200_10;line;POSTBOP;UP;Joe Henderson;SWING;3;35;2;37;1;14;8;2,4,2,2,2,2,2,1;01,1101,11,11,01,11,11,1
200_11;line;POSTBOP;UP;Joe Henderson;SWING;4;37;2;40;4;29;15;2,1,2,2,2,2,4,2,2,2,2,2,4,4,2;01,1,11,11,11,11,1011,11,11,11,11,11,1101,0011,01
200_13;lick;POSTBOP;UP;Joe Henderson;SWING;5;47;4;51;3;27;15;2,4,2,2,2,4,2,1,2,2,2,2,2,2,4;01,0001,11,11,11,1100,11,1,11,11,11,11,11,01,1101
200_14;lick;POSTBOP;UP;Joe Henderson;SWING;3;52;3;54;4;13;9;2,2,4,1,2,2,1,2,2;11,01,1001,1,01,11,1,11,01
200_15;line;POSTBOP;UP;Joe Henderson;SWING;7;55;2;61;2;45;25;2,3,3,2,2,4,1,1,4,2,1,2,2,2,2,3,2,2,2,1,4,2,1,4,1;01,011,111,11,11,1101,1,1,0001,11,1,11,01,11,11,011,11,11,11,1,1110,11,1,1011,1
200_16;lick;POSTBOP;UP;Joe Henderson;SWING;6;61;4;66;3;23;13;2,1,2,1,2,2,2,2,4,3,1,2,2;01,1,11,1,11,11,11,11,1011,111,1,01,11
200_17;lick;POSTBOP;UP;Joe Henderson;SWING;5;68;1;72;4;29;18;2,2,2,2,2,1,4,4,2,2,2,2,1,2,1,2,2,2;11,11,11,11,11,1,1001,0001,11,11,11,01,1,01,1,01,11,11
200_18;lick;POSTBOP;UP;Joe Henderson;SWING;2;73;3;74;3;7;4;2,2,2,2;01,11,11,11
200_19;line;POSTBOP;UP;Joe Henderson;SWING;2;75;3;76;4;12;6;3,4,4,2,2,1;011,0110,1101,11,11,1
200_20;lick;POSTBOP;UP;Joe Henderson;SWING;4;77;3;80;3;20;12;1,2,2,2,4,4,4,4,2,2,2,1;1,11,11,01,0001,0110,0001,0111,11,11,11,1
200_21;lick;POSTBOP;UP;Joe Henderson;SWING;5;80;4;84;3;22;13;2,1,2,2,2,4,2,2,1,4,2,1,2;01,1,11,11,11,1001,11,11,1,1100,11,1,11
200_22;line;POSTBOP;UP;Joe Henderson;SWING;7;85;4;91;3;37;24;4,1,2,1,2,1,3,2,2,2,2,2,2,1,2,2,2,3,4,2,1,1,2,1;0001,1,11,1,11,1,011,11,11,11,11,11,11,1,11,11,01,110,0001,01,1,1,11,1
200_23;line;POSTBOP;UP;Joe Henderson;SWING;4;91;4;94;1;18;10;2,1,3,2,2,2,2,2,2,1;01,1,111,11,11,11,11,11,11,1
200_24;line;POSTBOP;UP;Joe Henderson;SWING;3;94;3;96;4;15;9;2,2,2,2,2,2,2,1,2;11,01,11,11,11,11,11,1,01
201_1;line;POSTBOP;MEDIUM UP;Joe Henderson;SWING;2;1;4;2;4;13;4;4,4,6,3;0111,1110,001111,111
201_2;line;POSTBOP;MEDIUM UP;Joe Henderson;SWING;2;3;3;4;4;21;6;4,4,6,3,4,4;0111,1111,111011,111,1111,1100
201_4;line;POSTBOP;MEDIUM UP;Joe Henderson;SWING;5;8;2;12;3;43;18;4,3,3,3,4,6,4,4,3,4,6,2,2,2,2,4,4,1;0001,111,111,111,0111,100111,0111,0111,011,1100,010011,01,11,11,11,1011,1001,1
201_5;lick;POSTBOP;MEDIUM UP;Joe Henderson;SWING;5;13;2;17;2;38;17;4,4,2,5,2,4,4,1,4,2,2,2,2,4,2,1,2;0111,1101,11,01111,11,1111,1001,1,1001,11,11,11,11,1001,11,1,11
201_6;line;POSTBOP;MEDIUM UP;Joe Henderson;SWING;2;17;4;18;2;5;3;6,4,1;000001,0111,1
201_7;line;POSTBOP;MEDIUM UP;Joe Henderson;SWING;1;19;1;19;3;7;3;6,6,2;000011,000111,11
201_8;line;POSTBOP;MEDIUM UP;Joe Henderson;SWING;2;20;4;21;3;7;4;6,6,3,1;100001,000011,110,1
201_9;line;POSTBOP;MEDIUM UP;Joe Henderson;SWING;2;21;4;22;2;6;3;6,6,2;000001,000111,11
201_11;lick;POSTBOP;MEDIUM UP;Joe Henderson;SWING;3;23;4;25;2;19;7;4,3,4,4,4,4,1;0001,110,1111,1111,1111,1101,1
201_12;lick;POSTBOP;MEDIUM UP;Joe Henderson;SWING;2;26;2;27;1;9;4;4,4,4,1;0111,1011,0011,1
201_13;lick;POSTBOP;MEDIUM UP;Joe Henderson;SWING;3;27;2;29;1;16;8;2,3,3,1,3,4,4,1;01,111,111,1,011,1111,0001,1
201_14;lick;POSTBOP;MEDIUM UP;Joe Henderson;SWING;5;29;3;33;1;33;15;4,4,4,2,2,2,2,2,2,2,2,2,2,2,3;1111,1100,1101,11,11,11,11,11,11,11,11,11,11,11,110
201_15;lick;POSTBOP;MEDIUM UP;Joe Henderson;SWING;2;33;3;34;3;9;5;1,4,4,2,6;1,0001,0111,11,010001
201_16;lick;POSTBOP;MEDIUM UP;Joe Henderson;SWING;1;35;2;35;4;8;3;6,4,4;011101,0011,1100
201_20;line;POSTBOP;MEDIUM UP;Joe Henderson;SWING;1;44;2;44;3;4;2;3,3;011,110
201_22;lick;POSTBOP;MEDIUM UP;Joe Henderson;SWING;1;50;3;50;4;6;2;5,4;00111,1110
201_23;line;POSTBOP;MEDIUM UP;Joe Henderson;SWING;3;51;1;53;3;30;11;6,4,6,4,5,4,4,4,2,2,2;000001,0110,011011,1111,11111,0111,1111,1111,01,01,01
201_27;lick;POSTBOP;MEDIUM UP;Joe Henderson;SWING;1;64;3;64;4;6;2;6,2;101101,11
201_28;line;POSTBOP;MEDIUM UP;Joe Henderson;SWING;5;65;4;69;3;58;16;4,1,6,6,6,6,4,4,4,4,4,6,3,6,4,6;0001,1,001111,111111,001111,110111,1111,0111,1111,0111,1111,100111,011,010111,1111,110111
201_29;line;POSTBOP;MEDIUM UP;Joe Henderson;SWING;5;69;4;73;1;27;12;6,3,4,6,6,4,4,6,1,1,4,3;000001,111,1111,101011,101111,0001,1001,000001,1,1,1100,110
201_32;line;POSTBOP;MEDIUM UP;Joe Henderson;SWING;3;77;3;79;2;15;8;2,2,2,2,4,2,2,1;11,11,11,11,1001,11,11,1
201_34;line;POSTBOP;MEDIUM UP;Joe Henderson;SWING;8;82;4;89;4;93;29;4,4,2,5,4,1,6,6,7,3,6,6,3,4,4,4,6,5,6,6,4,4,1,2,1,1,1,2,1;0011,1111,11,11111,1111,1,111101,101111,1010111,111,110111,011011,111,1111,1111,1111,110101,01111,010111,011110,1111,1111,1,11,1,1,1,11,1
202_1;lick;POSTBOP;MEDIUM UP;Joe Henderson;SWING;2;1;4;2;2;6;3;2,3,2;01,111,11
202_3;line;POSTBOP;MEDIUM UP;Joe Henderson;SWING;1;8;1;8;4;12;4;4,4,4,4;0011,1111,1111,0110
202_5;lick;POSTBOP;MEDIUM UP;Joe Henderson;SWING;3;13;4;15;3;18;7;4,6,2,6,8,8,6;0001,010011,11,010101,00000111,00000111,111000
202_6;line;POSTBOP;MEDIUM UP;Joe Henderson;SWING;1;16;1;16;2;9;2;6,4;011111,1111
202_7;lick;POSTBOP;MEDIUM UP;Joe Henderson;SWING;2;16;3;17;3;9;5;4,2,6,4,2;0001,11,010001,1110,01
202_8;line;POSTBOP;MEDIUM UP;Joe Henderson;SWING;1;18;3;18;4;5;2;4,1;1111,1
202_9;line;POSTBOP;MEDIUM UP;Joe Henderson;SWING;1;19;1;19;2;5;2;4,1;1111,1
202_10;lick;POSTBOP;MEDIUM UP;Joe Henderson;SWING;2;19;3;20;1;4;3;2,1,2;01,1,11
202_11;line;POSTBOP;MEDIUM UP;Joe Henderson;SWING;3;20;2;22;2;22;9;4,4,4,6,6,2,4,2,2;0001,0111,1101,010011,100001,11,1111,11,11
202_16;line;POSTBOP;MEDIUM UP;Joe Henderson;SWING;3;32;3;34;4;35;10;4,2,6,6,4,6,4,2,3,3;1111,11,111101,010111,1111,111101,1111,11,111,110
202_17;line;POSTBOP;MEDIUM UP;Joe Henderson;SWING;2;35;3;36;3;16;5;4,4,6,2,4;0111,1111,001011,11,1111
202_18;line;POSTBOP;MEDIUM UP;Joe Henderson;SWING;2;36;4;37;3;17;4;4,6,6,4;0111,111111,101011,1111
202_19;lick;POSTBOP;MEDIUM UP;Joe Henderson;SWING;2;38;3;39;2;6;4;2,2,4,2;01,01,1110,01
202_20;lick;POSTBOP;MEDIUM UP;Joe Henderson;SWING;1;39;3;39;4;5;2;4,4;0011,1110
202_21;line;POSTBOP;MEDIUM UP;Joe Henderson;SWING;3;40;3;42;2;17;8;4,2,3,2,2,2,4,1;0111,11,111,11,11,11,1001,1
202_25;line;POSTBOP;MEDIUM UP;Joe Henderson;SWING;3;48;2;50;3;20;10;4,2,2,2,3,2,2,5,3,4;0001,11,11,11,011,11,11,01011,011,1100
202_26;line;POSTBOP;MEDIUM UP;Joe Henderson;SWING;2;51;3;52;2;17;4;6,6,5,1;011111,111111,11111,1
202_27;line;POSTBOP;MEDIUM UP;Joe Henderson;SWING;2;52;3;53;1;10;3;4,4,3;1111,0111,111
202_28;line;POSTBOP;MEDIUM UP;Joe Henderson;SWING;4;53;4;56;2;41;11;6,4,4,3,6,3,4,6,4,6,1;101111,1111,1111,111,111011,111,1110,111101,1111,111100,1
202_30;lick;POSTBOP;MEDIUM UP;Joe Henderson;SWING;1;57;3;57;4;4;2;2,4;11,1100
202_31;lick;POSTBOP;MEDIUM UP;Joe Henderson;SWING;1;58;1;58;2;3;2;2,1;11,1
202_32;line;POSTBOP;MEDIUM UP;Joe Henderson;SWING;2;58;4;59;4;13;5;2,6,6,3,3;01,011011,011100,111,110
202_33;line;POSTBOP;MEDIUM UP;Joe Henderson;SWING;3;60;2;62;1;33;8;5,4,5,4,6,4,6,4;11111,1111,00101,1111,110111,1111,111111,1110
202_35;lick;POSTBOP;MEDIUM UP;Joe Henderson;SWING;2;68;4;69;1;4;2;6,4;000011,1001
202_36;line;POSTBOP;MEDIUM UP;Joe Henderson;SWING;3;69;3;71;2;17;7;4,2,2,2,2,8,2;1111,11,11,11,11,01000011,11
203_1;lick;POSTBOP;MEDIUM UP;Joe Henderson;LATIN;6;2;4;7;2;25;13;2,4,1,4,3,2,3,3,1,3,4,5,2;11,0110,1,0011,111,01,011,011,1,011,1011,01011,01
203_2;lick;POSTBOP;MEDIUM UP;Joe Henderson;LATIN;3;8;4;10;2;13;5;3,4,3,3,6;011,0111,011,111,100101
203_3;lick;POSTBOP;MEDIUM UP;Joe Henderson;LATIN;6;11;2;16;2;40;19;2,3,4,4,6,2,4,6,4,3,4,4,4,4,3,4,5,6,2;01,111,0011,1011,001001,01,0001,001001,0001,110,0011,1110,0011,1110,110,1110,11111,000001,01
203_4;line;POSTBOP;MEDIUM UP;Joe Henderson;LATIN;2;18;1;19;4;20;8;6,4,8,6,6,6,4,1;000111,1001,10000011,110001,100011,100011,1001,1
203_5;lick;POSTBOP;MEDIUM UP;Joe Henderson;LATIN;2;20;2;21;2;10;5;6,4,6,1,2;000001,0111,101011,1,01
203_7;lick;POSTBOP;MEDIUM UP;Joe Henderson;LATIN;2;26;2;27;2;13;5;4,4,3,4,3;0001,1111,111,0111,110
203_8;lick;POSTBOP;MEDIUM UP;Joe Henderson;LATIN;2;28;1;29;2;19;6;2,5,6,4,5,3;01,10111,101101,1111,10111,110
203_9;lick;POSTBOP;MEDIUM UP;Joe Henderson;LATIN;3;29;3;31;3;31;9;2,4,6,4,6,4,4,4,2;01,1111,101101,1111,101111,0111,1111,1111,11
203_10;lick;POSTBOP;MEDIUM UP;Joe Henderson;LATIN;3;32;2;34;1;9;5;3,2,6,1,2;011,01,101011,1,01
203_11;lick;POSTBOP;MEDIUM UP;Joe Henderson;LATIN;5;35;3;39;1;27;13;4,3,2,3,2,4,2,1,2,3,2,4,4;0011,111,01,111,11,1011,11,1,01,111,11,0111,0001
203_12;lick;POSTBOP;MEDIUM UP;Joe Henderson;LATIN;2;40;2;41;3;9;6;2,4,2,3,2,2;01,1001,01,011,01,11
203_13;lick;POSTBOP;MEDIUM UP;Joe Henderson;LATIN;2;42;3;43;2;9;4;4,4,3,3;0011,0011,111,110
203_14;line;POSTBOP;MEDIUM UP;Joe Henderson;LATIN;2;44;1;45;4;26;8;2,8,4,5,6,3,4,4;01,10101011,1110,11111,101011,111,1110,1100
203_15;lick;POSTBOP;MEDIUM UP;Joe Henderson;LATIN;1;46;2;46;4;7;3;4,4,2;0001,1111,11
203_17;lick;POSTBOP;MEDIUM UP;Joe Henderson;LATIN;2;54;1;55;4;20;8;4,4,4,3,5,2,2,2;0011,1111,1011,011,11001,11,11,11
203_18;lick;POSTBOP;MEDIUM UP;Joe Henderson;LATIN;2;57;3;58;1;6;3;4,3,2;0011,111,01
203_19;line;POSTBOP;MEDIUM UP;Joe Henderson;LATIN;3;60;1;62;3;29;10;4,2,6,6,6,8,6,1,4,2;0011,01,101011,011101,010111,01011011,111011,1,0001,11
203_20;lick;POSTBOP;MEDIUM UP;Joe Henderson;LATIN;3;63;4;65;1;16;6;6,4,3,6,2,4;000011,0111,111,011101,11,1100
203_21;line;POSTBOP;MEDIUM UP;Joe Henderson;LATIN;3;65;4;67;2;24;7;6,6,8,4,3,6,2;000011,011111,10100111,1111,111,110011,01
203_22;lick;POSTBOP;MEDIUM UP;Joe Henderson;LATIN;5;67;4;71;1;21;12;2,2,2,2,2,4,2,4,6,1,2,3;01,11,11,11,01,0001,11,1101,100001,1,01,111
203_23;lick;POSTBOP;MEDIUM UP;Joe Henderson;LATIN;3;71;4;73;1;11;6;3,2,2,2,2,3;011,11,11,01,11,110
204_6;lick;POSTBOP;MEDIUM;Joe Henderson;SWING;1;9;2;9;3;3;2;4,2;0011,01
204_7;lick;POSTBOP;MEDIUM;Joe Henderson;SWING;2;10;2;11;2;16;5;4,4,4,4,4;0001,1111,1111,1111,1110
204_8;lick;POSTBOP;MEDIUM;Joe Henderson;SWING;3;11;3;13;1;18;7;8,3,4,4,2,3,1;00000011,111,1111,1101,11,111,1
204_9;lick;POSTBOP;MEDIUM;Joe Henderson;SWING;2;13;3;14;4;18;6;4,4,6,7,2,4;0111,1111,110111,0000011,01,1110
204_10;lick;POSTBOP;MEDIUM;Joe Henderson;SWING;1;15;2;15;2;3;1;6;001101
204_11;lick;POSTBOP;MEDIUM;Joe Henderson;SWING;1;16;1;16;4;16;4;5,6,6,7;00111,100111,100111,1001111
204_13;lick;POSTBOP;MEDIUM;Joe Henderson;SWING;2;20;2;21;1;15;4;6,4,6,2;001111,1111,110111,11
204_15;line;POSTBOP;MEDIUM;Joe Henderson;SWING;1;22;2;22;4;10;3;6,6,4;001011,011011,0111
204_16;line;POSTBOP;MEDIUM;Joe Henderson;SWING;3;23;2;25;2;33;8;3,4,8,8,5,6,6,4;011,1111,11011111,01101111,11111,111101,001001,0011
204_17;lick;POSTBOP;MEDIUM;Joe Henderson;SWING;2;26;1;27;3;19;7;4,6,3,6,2,3,2;0111,011011,011,010101,11,111,11
204_18;lick;POSTBOP;MEDIUM;Joe Henderson;SWING;3;28;1;30;4;44;12;6,3,6,4,4,4,4,6,6,6,5,4;000011,111,111011,0111,1111,1111,1111,101101,011101,101011,10111,1110
204_19;lick;POSTBOP;MEDIUM;Joe Henderson;SWING;2;31;2;32;2;15;5;2,4,4,6,1;01,1111,1111,110111,1
204_21;lick;POSTBOP;MEDIUM;Joe Henderson;SWING;1;34;2;34;4;6;3;2,3,3;01,111,110
204_23;lick;POSTBOP;MEDIUM;Joe Henderson;SWING;1;36;2;36;4;7;3;4,6,3;1111,000001,011
204_25;line;POSTBOP;MEDIUM;Joe Henderson;SWING;1;38;1;38;3;8;3;4,4,1;0111,1111,1
204_27;lick;POSTBOP;MEDIUM;Joe Henderson;SWING;2;40;2;41;2;11;5;2,4,4,2,2;01,1111,1110,01,11
204_28;lick;POSTBOP;MEDIUM;Joe Henderson;SWING;2;42;1;43;3;29;7;6,4,6,6,4,6,1;011111,1110,111111,100111,1111,111111,1
204_29;line;POSTBOP;MEDIUM;Joe Henderson;SWING;3;43;4;45;2;22;7;6,6,4,4,4,4,4;001011,011011,0111,1111,1111,1001,1100
204_30;lick;POSTBOP;MEDIUM;Joe Henderson;SWING;2;46;2;47;3;17;6;4,6,2,4,3,2;1011,011101,11,1111,111,01
204_32;lick;POSTBOP;MEDIUM;Joe Henderson;SWING;2;50;1;51;3;38;7;8,7,4,9,8,6,6;00111011,1111111,1011,001011111,11111111,100011,111111
204_33;lick;POSTBOP;MEDIUM;Joe Henderson;SWING;2;52;2;53;1;13;4;4,4,6,3;1111,1110,011110,110
204_34;lick;POSTBOP;MEDIUM;Joe Henderson;SWING;3;53;4;55;4;25;8;4,6,6,5,10,6,4,1;0001,101011,011011,10111,1010010011,010011,0111,1
204_36;lick;POSTBOP;MEDIUM;Joe Henderson;SWING;2;57;3;58;4;11;6;2,3,2,3,2,5;01,011,11,011,01,01011
205_1;lick;POSTBOP;UP;Joe Henderson;SWING;3;1;1;3;3;10;7;1,4,2,2,4,1,4;1,0001,11,11,0001,1,1001
205_2;line;POSTBOP;UP;Joe Henderson;SWING;3;4;3;6;3;15;8;4,2,2,2,2,2,2,4;0001,11,01,11,11,11,11,1101
205_3;line;POSTBOP;UP;Joe Henderson;SWING;3;7;1;9;3;18;11;1,2,4,3,3,2,2,2,1,2,1;1,01,1011,011,011,11,11,11,1,01,1
205_4;line;POSTBOP;UP;Joe Henderson;SWING;4;10;1;13;3;25;13;2,2,2,1,3,4,2,2,2,2,2,6,1;11,11,11,1,110,0011,11,11,11,11,11,100011,1
205_5;line;POSTBOP;UP;Joe Henderson;SWING;5;15;1;19;3;26;16;2,1,2,2,2,2,2,2,3,2,1,4,2,4,2,1;01,1,11,11,11,11,11,11,111,01,1,1001,01,1001,01,1
205_6;lick;POSTBOP;UP;Joe Henderson;SWING;2;20;1;21;1;9;4;4,5,2,1;1110,00111,11,1
205_7;line;POSTBOP;UP;Joe Henderson;SWING;3;21;2;23;2;17;9;2,3,3,2,4,1,2,1,4;01,111,011,11,1111,1,01,1,1001
205_8;lick;POSTBOP;UP;Joe Henderson;SWING;2;24;3;25;3;9;5;2,4,1,2,2;01,1111,1,01,11
205_9;line;POSTBOP;UP;Joe Henderson;SWING;2;26;1;27;3;11;7;2,2,2,1,4,4,4;11,11,11,1,1001,0001,0001
205_10;line;POSTBOP;UP;Joe Henderson;SWING;6;28;1;33;4;35;20;4,4,6,2,2,2,2,2,2,2,3,2,2,2,2,4,1,2,1,1;0011,1111,111001,11,01,01,01,01,11,11,011,11,11,11,11,0001,1,01,1,1
205_12;line;POSTBOP;UP;Joe Henderson;SWING;2;38;2;39;3;11;6;2,2,2,2,4,1;11,11,11,11,1001,1
205_13;line;POSTBOP;UP;Joe Henderson;SWING;2;40;1;41;3;11;7;2,1,2,2,2,2,1;11,1,11,01,11,11,1
205_14;line;POSTBOP;UP;Joe Henderson;SWING;4;41;4;44;4;23;13;4,1,2,2,2,2,2,6,2,1,4,4,2;0001,1,01,11,11,11,11,010001,11,1,0111,0110,11
205_15;lick;POSTBOP;UP;Joe Henderson;SWING;2;45;3;46;3;8;5;1,4,4,2,4;1,0001,1001,11,1001
205_16;line;POSTBOP;UP;Joe Henderson;SWING;7;47;3;53;1;29;18;2,1,2,2,2,2,4,1,2,4,2,4,2,2,2,2,1,1;01,1,11,11,11,11,1001,1,11,1100,01,1100,01,11,11,11,1,1
205_17;lick;POSTBOP;UP;Joe Henderson;SWING;5;54;1;58;2;25;16;2,2,2,1,4,2,2,1,1,2,1,4,4,4,1,2;01,11,11,1,1101,11,11,1,1,11,1,0001,0110,0001,1,11
205_19;lick;POSTBOP;UP;Joe Henderson;SWING;6;60;3;65;1;23;16;1,2,2,4,1,4,1,2,4,1,2,1,2,2,2,1;1,01,01,1001,1,1001,1,11,1001,1,11,1,11,01,11,1
209_3;lick;POSTBOP;MEDIUM;Joe Lovano;LATIN/SWING;3;6;2;8;3;25;10;8,3,3,3,3,4,4,2,4,1;00010011,011,111,111,111,0111,0110,01,1111,1
209_5;line;POSTBOP;MEDIUM;Joe Lovano;LATIN/SWING;4;11;1;14;3;55;15;5,8,3,4,4,8,4,4,4,5,3,3,5,4,2;01111,01010011,111,1111,1111,01111110,1110,1111,1100,10111,111,111,11111,1111,11
209_6;line;POSTBOP;MEDIUM;Joe Lovano;LATIN/SWING;2;15;1;16;4;34;8;4,4,5,6,6,6,6,3;0111,1111,11111,011111,110011,011111,101111,111
209_7;lick;POSTBOP;MEDIUM;Joe Lovano;LATIN/SWING;2;17;3;18;1;8;3;3,6,4;011,010101,1011
209_9;line;POSTBOP;MEDIUM;Joe Lovano;LATIN/SWING;2;23;2;24;3;20;6;8,4,4,4,4,3;00001011,1111,1111,1111,1110,110
209_10;line;POSTBOP;MEDIUM;Joe Lovano;LATIN/SWING;4;24;4;27;3;42;12;4,4,4,6,5,6,5,4,4,6,3,1;0111,1111,1111,101011,10111,101101,01111,1011,1111,011011,111,1
210_1;line;POSTBOP;MEDIUM SLOW;Joe Lovano;SWING;3;-3;2;-1;3;31;10;6,6,5,4,6,2,2,3,3,1;011111,110111,01111,1110,101011,11,11,011,111,1
210_2;line;POSTBOP;MEDIUM SLOW;Joe Lovano;SWING;3;-1;4;1;3;25;8;5,4,3,4,4,4,2,4;00111,1111,111,1111,0111,0111,11,1101
210_3;lick;POSTBOP;MEDIUM SLOW;Joe Lovano;SWING;1;2;1;2;4;8;4;2,3,4,1;01,111,0111,1
210_4;line;POSTBOP;MEDIUM SLOW;Joe Lovano;SWING;3;3;2;5;2;16;9;2,2,6,3,2,2,1,4,2;01,11,100101,011,11,01,1,1101,01
210_5;lick;POSTBOP;MEDIUM SLOW;Joe Lovano;SWING;3;5;4;7;1;11;6;2,2,2,2,4,2;01,11,11,11,0011,11
210_6;line;POSTBOP;MEDIUM SLOW;Joe Lovano;SWING;4;7;4;10;1;27;10;6,5,4,4,4,4,1,4,2,2;000111,11111,1111,0111,0110,1101,1,1011,01,11
210_7;line;POSTBOP;MEDIUM SLOW;Joe Lovano;SWING;3;11;1;13;2;31;10;4,7,4,5,4,4,3,3,2,1;0001,1011011,0111,11111,1111,1111,111,111,11,1
210_8;lick;POSTBOP;MEDIUM SLOW;Joe Lovano;SWING;2;13;3;14;1;6;3;6,3,2;000111,011,01
210_9;lick;POSTBOP;MEDIUM SLOW;Joe Lovano;SWING;2;14;3;15;1;4;2;3,3;011,011
210_10;lick;POSTBOP;MEDIUM SLOW;Joe Lovano;SWING;2;15;4;16;1;5;2;4,3;0111,011
210_11;line;POSTBOP;MEDIUM SLOW;Joe Lovano;SWING;3;16;4;18;1;14;6;6,4,3,8,3,2;010001,0111,011,01001001,011,11
210_12;line;POSTBOP;MEDIUM SLOW;Joe Lovano;SWING;2;18;4;19;1;7;2;6,3;001111,111
210_13;line;POSTBOP;MEDIUM SLOW;Joe Lovano;SWING;1;19;2;19;3;7;2;4,8;0011,10110011
210_14;lick;POSTBOP;MEDIUM SLOW;Joe Lovano;SWING;3;20;3;22;1;19;7;6,6,6,8,4,2,6;001011,100111,100101,00100011,0110,11,001001
210_15;lick;POSTBOP;MEDIUM SLOW;Joe Lovano;SWING;2;22;3;23;1;5;3;2,3,1;01,111,1
210_16;line;POSTBOP;MEDIUM SLOW;Joe Lovano;SWING;3;23;4;25;2;22;7;6,4,3,4,4,4,4;011011,1111,111,0110,0111,1111,1100
210_17;lick;POSTBOP;MEDIUM SLOW;Joe Lovano;SWING;2;25;3;26;1;6;3;4,2,2;1100,11,11
210_18;line;POSTBOP;MEDIUM SLOW;Joe Lovano;SWING;4;26;3;29;3;43;13;4,4,8,6,5,6,5,4,4,3,3,3,4;0001,1111,01011111,011111,01111,101011,10111,0111,1011,011,111,110,0110
210_19;lick;POSTBOP;MEDIUM SLOW;Joe Lovano;SWING;2;30;1;31;1;12;5;6,2,6,5,6;000011,11,111100,00111,010001
210_20;line;POSTBOP;MEDIUM SLOW;Joe Lovano;SWING;2;31;1;32;1;16;5;6,8,6,4,6;010001,01001101,010111,0111,111100
210_21;lick;POSTBOP;MEDIUM SLOW;Joe Lovano;SWING;2;32;3;33;1;6;3;4,6,2;0110,010001,11
210_22;lick;POSTBOP;MEDIUM SLOW;Joe Lovano;SWING;1;34;1;34;4;12;4;6,5,6,1;000111,01111,001111,1
210_23;lick;POSTBOP;MEDIUM SLOW;Joe Lovano;SWING;1;35;2;35;4;10;3;6,6,1;011111,010111,1
210_24;lick;POSTBOP;MEDIUM SLOW;Joe Lovano;SWING;1;36;1;36;2;3;2;4,2;0110,01
210_25;lick;POSTBOP;MEDIUM SLOW;Joe Lovano;SWING;2;36;4;37;1;3;2;2,1;11,1
210_26;lick;POSTBOP;MEDIUM SLOW;Joe Lovano;SWING;1;37;2;37;2;2;1;3;011
210_27;line;POSTBOP;MEDIUM SLOW;Joe Lovano;SWING;2;38;1;39;4;26;8;6,3,5,4,6,4,4,3;000011,111,01011,0111,111101,1111,1111,011
210_28;line;POSTBOP;MEDIUM SLOW;Joe Lovano;SWING;2;40;2;41;3;29;6;8,6,6,10,8,4;00000001,111111,111110,1011111101,01111101,1110
210_29;line;POSTBOP;MEDIUM SLOW;Joe Lovano;SWING;2;42;1;43;1;13;5;8,8,2,6,1;00000011,01001101,11,101101,1
210_30;line;POSTBOP;MEDIUM SLOW;Joe Lovano;SWING;4;43;2;46;1;35;12;4,4,8,3,5,2,2,4,6,6,4,1;0001,0111,10101101,111,01111,11,11,0110,001011,111111,1110,1
210_32;line;POSTBOP;MEDIUM SLOW;Joe Lovano;SWING;3;47;3;49;3;30;9;4,4,6,2,6,6,4,3,2;0011,1111,010111,11,101111,010111,1111,111,11
210_33;lick;POSTBOP;MEDIUM SLOW;Joe Lovano;SWING;1;50;2;50;3;4;2;4,1;0111,1
210_34;line;POSTBOP;MEDIUM SLOW;Joe Lovano;SWING;4;51;2;54;2;43;13;4,6,4,4,6,8,6,4,8,4,4,4,1;1111,011111,1100,1111,111000,00010101,010111,0111,01011011,1100,0111,1111,1
210_35;lick;POSTBOP;MEDIUM SLOW;Joe Lovano;SWING;2;54;3;55;4;13;6;6,4,2,2,2,2;000011,1111,11,11,11,01
210_36;lick;POSTBOP;MEDIUM SLOW;Joe Lovano;SWING;2;56;2;57;1;7;4;6,3,2,4;011100,110,01,0001
210_39;line;POSTBOP;MEDIUM SLOW;Joe Lovano;SWING;2;58;3;59;1;13;3;8,8,6;00000001,01111111,111110
210_40;line;POSTBOP;MEDIUM SLOW;Joe Lovano;SWING;3;59;3;61;2;37;8;7,10,6,6,6,6,6,1;0111111,0010011011,011101,111111,011110,111111,111101,1
210_41;line;POSTBOP;MEDIUM SLOW;Joe Lovano;SWING;3;62;1;64;1;39;9;6,6,8,8,6,6,4,3,2;011101,111101,10101111,11011011,111111,111101,1110,011,11
210_42;line;POSTBOP;MEDIUM SLOW;Joe Lovano;SWING;1;64;3;64;4;9;2;8,5;00011111,11110
210_43;line;POSTBOP;MEDIUM SLOW;Joe Lovano;SWING;2;65;2;66;3;25;6;7,4,6,10,4,2;1011111,1111,111110,1010000111,1111,01
210_44;line;POSTBOP;MEDIUM SLOW;Joe Lovano;SWING;3;67;1;69;2;43;10;8,5,8,5,7,5,8,7,2,1;00001111,11111,11111011,01111,0011111,11111,10111101,1010111,01,1
210_45;lick;POSTBOP;MEDIUM SLOW;Joe Lovano;SWING;4;69;3;72;3;31;13;4,2,3,1,3,1,4,4,6,4,4,2,3;0011,11,011,1,111,1,1111,1111,010101,0111,1011,01,110
210_46;lick;POSTBOP;MEDIUM SLOW;Joe Lovano;SWING;2;72;4;73;3;8;4;4,2,4,1;0111,01,1101,1
210_47;lick;POSTBOP;MEDIUM SLOW;Joe Lovano;SWING;1;73;4;73;4;2;1;4;0011
210_48;lick;POSTBOP;MEDIUM SLOW;Joe Lovano;SWING;1;74;2;74;4;5;3;2,3,1;01,111,1
210_49;lick;POSTBOP;MEDIUM SLOW;Joe Lovano;SWING;2;75;2;76;2;8;5;6,2,2,2,2;001001,01,11,11,01
210_51;lick;POSTBOP;MEDIUM SLOW;Joe Lovano;SWING;4;77;3;80;1;25;10;3,4,2,3,4,3,2,6,1,3;011,1111,11,111,1111,011,11,010011,1,011
210_53;lick;POSTBOP;MEDIUM SLOW;Joe Lovano;SWING;2;82;3;83;3;7;5;1,2,1,1,3;1,11,1,1,110
210_54;line;POSTBOP;MEDIUM SLOW;Joe Lovano;SWING;3;83;4;85;2;21;7;4,4,6,4,4,4,6;0001,0111,111101,1011,0111,1101,011100
210_55;lick;POSTBOP;MEDIUM SLOW;Joe Lovano;SWING;3;85;4;87;3;16;8;4,4,4,4,1,1,4,2;0011,0111,1011,0110,1,1,0011,11
210_56;lick;POSTBOP;MEDIUM SLOW;Joe Lovano;SWING;3;88;1;90;4;25;12;4,2,3,8,3,1,10,2,3,4,3,2;0011,01,111,00000001,011,1,0000011001,11,111,1101,011,11
210_57;lick;POSTBOP;MEDIUM SLOW;Joe Lovano;SWING;2;91;2;92;2;6;5;2,2,4,2,2;01,01,1001,01,01
210_58;lick;POSTBOP;MEDIUM SLOW;Joe Lovano;SWING;2;92;4;93;3;8;4;4,3,4,2;0011,011,0110,11
210_59;lick;POSTBOP;MEDIUM SLOW;Joe Lovano;SWING;3;93;4;95;1;12;6;2,2,3,4,3,4;01,11,110,0011,110,1101
210_60;line;POSTBOP;MEDIUM SLOW;Joe Lovano;SWING;3;95;4;97;3;18;8;4,4,4,4,2,2,1,1;0111,1111,0011,1111,01,11,1,1
211_1;line;POSTBOP;UP;Joe Lovano;SWING;5;0;1;4;4;33;18;2,2,2,2,2,2,3,2,2,2,1,2,2,4,4,1,1,2;11,11,11,11,11,11,111,11,11,11,1,11,11,1100,1001,1,1,01
211_2;lick;POSTBOP;UP;Joe Lovano;SWING;4;5;4;8;3;17;12;1,4,2,2,2,1,4,1,2,1,1,2;1,0001,11,01,11,1,1100,1,11,1,1,11
211_3;lick;POSTBOP;UP;Joe Lovano;SWING;5;10;1;14;4;29;20;4,2,3,1,2,2,1,2,2,3,2,1,1,1,2,1,3,1,2,2;0001,11,011,1,01,11,1,01,11,011,11,1,1,1,11,1,110,1,11,01
211_4;lick;POSTBOP;UP;Joe Lovano;SWING;4;15;4;18;3;16;10;2,2,4,2,2,4,1,1,1,1;11,11,1011,01,11,0011,1,1,1,1
211_5;lick;POSTBOP;UP;Joe Lovano;SWING;3;19;1;21;3;10;9;2,2,1,1,2,1,1,1,1;11,01,1,1,01,1,1,1,1
211_6;line;POSTBOP;UP;Joe Lovano;SWING;3;22;2;24;2;13;8;2,2,2,2,2,1,1,1;11,11,11,11,11,1,1,1
211_7;lick;POSTBOP;UP;Joe Lovano;SWING;2;25;2;26;3;7;5;2,4,2,1,1;01,1001,11,1,1
211_8;line;POSTBOP;UP;Joe Lovano;SWING;4;26;4;29;3;19;11;2,2,2,2,1,4,2,2,1,4,1;01,11,11,11,1,1101,11,11,1,1001,1
211_9;line;POSTBOP;UP;Joe Lovano;SWING;2;30;2;31;3;9;6;2,2,3,1,2,1;01,11,011,1,11,1
211_12;line;POSTBOP;UP;Joe Lovano;SWING;4;40;3;43;3;26;13;2,2,2,2,2,2,2,2,2,2,2,4,1;11,11,11,11,11,11,11,11,11,11,11,1101,1
211_13;line;POSTBOP;UP;Joe Lovano;SWING;6;44;1;49;3;38;23;1,2,2,2,2,2,2,1,2,2,2,2,2,2,2,2,2,3,1,1,2,2,1;1,01,11,11,11,11,01,1,11,11,11,11,11,11,11,11,01,111,1,1,01,11,1
211_14;lick;POSTBOP;UP;Joe Lovano;SWING;1;50;1;50;3;5;3;1,3,2;1,011,11
211_15;lick;POSTBOP;UP;Joe Lovano;SWING;2;51;1;52;3;12;7;2,3,1,3,1,3,2;01,011,1,111,1,011,11
211_16;line;POSTBOP;UP;Joe Lovano;SWING;4;53;3;56;1;21;11;2,3,3,2,2,2,2,2,1,2,4;01,011,111,11,11,11,11,11,1,11,1001
211_17;lick;POSTBOP;UP;Joe Lovano;SWING;4;57;1;60;1;21;13;2,2,1,2,4,3,2,1,4,1,2,3,1;11,11,1,01,1001,011,11,1,1001,1,11,110,1
211_18;line;POSTBOP;UP;Joe Lovano;SWING;3;61;2;63;3;19;10;2,2,2,2,4,2,1,2,4,2;11,11,11,11,1011,01,1,11,1011,01
211_19;line;POSTBOP;UP;Joe Lovano;SWING;6;64;4;69;4;38;21;2,2,2,2,2,2,1,2,2,3,2,2,3,1,3,2,2,2,2,3,2;01,11,01,11,11,11,1,01,11,011,11,11,011,1,111,11,11,11,11,011,11
211_20;line;POSTBOP;UP;Joe Lovano;SWING;3;70;2;72;3;16;9;2,2,2,3,2,2,1,1,2;01,11,11,111,11,11,1,1,11
211_21;lick;POSTBOP;UP;Joe Lovano;SWING;1;73;3;73;4;3;2;2,2;01,11
211_22;lick;POSTBOP;UP;Joe Lovano;SWING;2;74;3;75;4;7;6;1,2,2,1,1,1;1,01,11,1,1,1
211_23;line;POSTBOP;UP;Joe Lovano;SWING;5;76;4;80;1;28;14;2,2,2,2,4,3,2,2,2,2,2,2,2,1;11,11,11,11,1001,111,11,11,11,11,11,11,11,1
211_24;line;POSTBOP;UP;Joe Lovano;SWING;2;80;3;81;4;10;6;1,2,2,2,2,2;1,01,11,11,11,11
211_25;line;POSTBOP;UP;Joe Lovano;SWING;2;83;1;84;1;9;5;2,3,2,2,2;01,011,11,11,11
211_26;line;POSTBOP;UP;Joe Lovano;SWING;5;85;1;89;2;32;18;2,2,2,4,2,1,2,2,2,2,2,2,2,2,1,1,2,3;11,11,11,1101,01,1,01,11,11,11,11,11,01,11,1,1,11,111
211_27;line;POSTBOP;UP;Joe Lovano;SWING;4;90;1;93;4;34;16;4,2,2,2,2,4,2,2,4,3,4,2,2,2,4,2;0001,11,11,11,11,1011,01,11,1011,011,1011,11,11,11,1011,11
211_28;line;POSTBOP;UP;Joe Lovano;SWING;3;94;3;96;1;11;6;4,2,4,2,3,2;1100,01,1101,11,011,01
211_29;line;POSTBOP;UP;Joe Lovano;SWING;6;97;1;102;2;33;18;2,3,2,2,2,2,2,2,3,2,1,1,2,3,1,3,2,2;01,011,11,11,11,11,11,11,111,11,1,1,11,110,1,110,11,11
211_30;line;POSTBOP;UP;Joe Lovano;SWING;4;103;3;106;2;25;12;2,2,2,2,2,2,2,2,2,2,2,3;11,11,11,11,11,11,11,11,11,11,11,111
211_31;line;POSTBOP;UP;Joe Lovano;SWING;7;107;3;113;4;44;24;2,4,2,3,2,2,3,2,2,2,2,4,2,4,1,1,2,2,1,2,4,1,1,4;01,1110,11,111,11,11,111,11,11,01,11,1001,01,1011,1,1,11,11,1,01,1011,1,1,1100
211_32;lick;POSTBOP;UP;Joe Lovano;SWING;3;114;4;116;3;11;7;4,2,2,2,2,3,1;1100,01,11,11,01,011,1
211_33;line;POSTBOP;UP;Joe Lovano;SWING;3;117;2;119;2;23;9;2,4,3,4,3,4,2,2,2;11,1111,111,1011,011,1111,11,11,01
211_34;line;POSTBOP;UP;Joe Lovano;SWING;1;120;1;120;4;10;4;4,4,4,1;0001,1111,1111,1
211_35;line;POSTBOP;UP;Joe Lovano;SWING;4;122;1;125;1;31;13;2,2,2,3,4,3,3,3,4,3,2,4,4;01,11,11,110,1011,011,110,111,1101,111,11,1011,0111
211_36;line;POSTBOP;UP;Joe Lovano;SWING;3;126;2;128;1;16;8;3,2,2,2,4,2,2,2;011,11,11,11,1001,11,11,11
211_37;lick;POSTBOP;UP;Joe Lovano;SWING;2;129;2;130;2;7;5;1,4,4,2,2;1,1001,0001,01,11
211_38;lick;POSTBOP;UP;Joe Lovano;SWING;5;131;2;135;3;21;14;2,1,1,1,4,2,3,1,2,2,3,2,4,2;01,1,1,1,1001,11,110,1,01,11,111,01,0001,11
211_39;line;POSTBOP;UP;Joe Lovano;SWING;7;137;3;143;3;44;24;2,2,3,2,2,4,2,4,2,2,1,2,2,3,2,2,2,3,4,4,2,4,2,2;11,11,011,11,11,1011,01,1001,01,11,1,11,11,111,01,01,11,111,1001,0011,01,1001,11,01
211_40;lick;POSTBOP;UP;Joe Lovano;SWING;1;144;1;144;3;5;3;2,2,2;01,11,11
211_41;lick;POSTBOP;UP;Joe Lovano;SWING;3;145;2;147;1;10;8;2,1,2,1,4,2,2,3;01,1,01,1,0011,01,01,110
211_42;lick;POSTBOP;UP;Joe Lovano;SWING;3;147;4;149;1;7;5;1,1,3,1,2;1,1,110,1,11
211_43;line;POSTBOP;UP;Joe Lovano;SWING;4;150;3;153;3;25;13;3,2,2,2,2,3,2,2,2,2,2,2,1;111,11,11,11,01,110,11,11,11,11,11,11,1
211_44;lick;POSTBOP;UP;Joe Lovano;SWING;2;154;2;155;2;6;5;2,1,1,1,4;11,1,1,1,0001
211_45;lick;POSTBOP;UP;Joe Lovano;SWING;3;155;4;157;1;9;6;3,2,2,1,1,1;011,11,11,1,1,1
211_46;lick;POSTBOP;UP;Joe Lovano;SWING;3;158;1;160;1;10;7;2,1,4,2,2,2,1;11,1,1001,01,01,11,1
211_48;line;POSTBOP;UP;Joe Lovano;SWING;3;168;3;170;2;22;8;4,4,3,4,4,4,4,4;0011,1110,111,1101,1011,0111,1011,1100
211_49;line;POSTBOP;UP;Joe Lovano;SWING;6;170;4;175;2;50;19;4,4,4,3,3,4,3,3,4,4,4,2,3,4,2,3,1,1,2;0001,1110,1011,111,111,1111,110,111,1111,1111,1101,11,111,1011,11,111,1,1,11
211_50;line;POSTBOP;UP;Joe Lovano;SWING;4;176;2;179;4;42;15;3,3,3,4,3,4,4,3,3,4,2,4,3,4,3;111,011,111,1011,111,1101,1101,011,111,1011,11,1111,111,0111,110
211_51;line;POSTBOP;UP;Joe Lovano;SWING;4;181;1;184;3;27;15;4,3,3,1,2,2,1,2,2,2,3,2,1,1,2;0001,111,111,1,11,11,1,11,11,11,110,11,1,1,11
211_52;line;POSTBOP;UP;Joe Lovano;SWING;3;185;3;187;3;18;9;2,2,2,1,3,2,2,4,2;11,11,11,1,111,11,11,1011,01
211_53;line;POSTBOP;UP;Joe Lovano;SWING;4;188;2;191;4;23;13;2,2,2,2,2,2,2,3,1,2,4,2,1;11,01,11,11,11,11,11,111,1,01,1101,01,1
211_54;line;POSTBOP;UP;Joe Lovano;SWING;3;192;3;194;3;16;9;2,2,2,2,2,2,2,1,1;11,11,11,11,11,11,11,1,1
211_55;line;POSTBOP;UP;Joe Lovano;SWING;3;195;1;197;1;12;8;2,2,1,2,1,2,3,4;01,01,1,11,1,11,110,0110
211_56;line;POSTBOP;UP;Joe Lovano;SWING;3;198;3;200;3;14;9;2,2,3,2,2,2,1,1,1;11,01,111,01,11,11,1,1,1
211_57;lick;POSTBOP;UP;Joe Lovano;SWING;2;202;1;203;3;7;5;2,2,4,1,1;01,11,1001,1,1
211_58;line;POSTBOP;UP;Joe Lovano;SWING;3;204;1;206;1;16;9;2,2,2,2,2,4,3,1,2;11,11,11,11,11,1001,011,1,01
211_59;line;POSTBOP;UP;Joe Lovano;SWING;5;207;3;211;4;22;14;2,2,2,2,3,2,1,2,2,4,1,1,1,1;11,11,11,01,011,11,1,11,01,1011,1,1,1,1
211_60;lick;POSTBOP;UP;Joe Lovano;SWING;3;212;3;214;1;7;4;2,2,2,1;11,11,11,1
211_61;line;POSTBOP;UP;Joe Lovano;SWING;2;215;1;216;3;14;7;2,4,2,3,1,2,2;11,1111,01,110,1,11,11
211_62;line;POSTBOP;UP;Joe Lovano;SWING;4;217;2;220;1;26;12;4,6,4,1,3,4,4,2,2,3,2,1;0011,011011,0001,1,011,1111,1100,11,11,111,11,1
211_63;line;POSTBOP;UP;Joe Lovano;SWING;3;221;1;223;3;22;11;2,3,3,2,2,2,2,2,2,2,2;11,111,011,01,11,11,11,11,11,11,11
211_64;lick;POSTBOP;UP;Joe Lovano;SWING;3;224;4;226;3;14;8;2,2,2,2,2,1,1,2;11,11,11,11,11,1,1,11
211_65;line;POSTBOP;UP;Joe Lovano;SWING;3;227;2;229;3;18;10;2,2,2,2,2,2,1,2,2,2;01,11,11,11,11,11,1,11,11,11
211_66;line;POSTBOP;UP;Joe Lovano;SWING;3;230;1;232;3;17;10;2,2,2,4,1,2,2,2,1,2;01,11,11,1001,1,11,11,11,1,11
211_67;line;POSTBOP;UP;Joe Lovano;SWING;3;233;2;235;3;22;10;2,6,3,4,2,2,2,2,3,1;01,111101,011,1101,01,11,11,11,111,1
211_68;line;POSTBOP;UP;Joe Lovano;SWING;2;236;1;237;2;14;6;3,2,2,2,2,4;111,11,11,11,11,1011
211_69;lick;POSTBOP;UP;Joe Lovano;SWING;2;237;4;238;4;5;5;4,2,4,1,1;0001,01,0001,1,1
211_70;line;POSTBOP;UP;Joe Lovano;SWING;2;239;3;240;3;12;5;3,2,2,2,4;111,11,11,11,1011
211_71;line;POSTBOP;UP;Joe Lovano;SWING;3;241;4;243;4;17;9;1,2,2,4,4,3,3,4,1;1,01,11,1011,0110,111,011,1100,1
211_72;lick;POSTBOP;UP;Joe Lovano;SWING;3;244;3;246;3;12;8;4,2,1,2,2,4,2,1;0001,01,1,11,11,1100,11,1
211_73;line;POSTBOP;UP;Joe Lovano;SWING;2;247;3;248;3;9;5;4,2,2,2,1;1011,01,11,11,1
211_74;line;POSTBOP;UP;Joe Lovano;SWING;4;249;1;252;1;24;13;2,2,1,2,2,2,3,2,2,2,3,2,1;11,11,1,01,11,11,011,11,11,11,111,11,1
211_76;line;POSTBOP;UP;Joe Lovano;SWING;5;253;3;257;2;27;15;2,3,2,2,2,2,2,1,4,2,2,2,3,2,1;11,111,11,01,11,11,01,1,0111,11,11,11,110,01,1
212_1;line;POSTBOP;UP;Joe Lovano;SWING;4;-2;1;1;1;22;12;4,2,2,2,3,4,2,1,4,4,2,1;0001,11,11,11,011,1101,01,1,1001,1101,11,1
212_2;lick;POSTBOP;UP;Joe Lovano;SWING;3;1;3;3;3;9;7;2,2,1,1,1,1,1;11,11,1,1,1,1,1
212_3;lick;POSTBOP;UP;Joe Lovano;SWING;4;4;2;7;3;14;11;2,2,2,4,1,1,1,4,2,1,1;11,11,01,0001,1,1,1,1001,01,1,1
212_4;lick;POSTBOP;UP;Joe Lovano;SWING;2;9;2;10;2;4;4;1,1,1,1;1,1,1,1
212_5;lick;POSTBOP;UP;Joe Lovano;SWING;2;11;1;12;3;6;6;1,1,1,1,1,1;1,1,1,1,1,1
212_6;lick;POSTBOP;UP;Joe Lovano;SWING;6;13;4;18;4;28;20;1,1,4,2,1,1,4,2,2,2,1,2,2,2,1,1,1,1,1,2;1,1,1001,01,1,1,1001,11,11,11,1,11,11,01,1,1,1,1,1,11
212_7;lick;POSTBOP;UP;Joe Lovano;SWING;2;19;3;20;1;3;3;1,2,1;1,01,1
212_8;line;POSTBOP;UP;Joe Lovano;SWING;4;20;2;23;4;21;14;6,2,4,2,4,2,2,2,2,1,1,2,1,2;000001,01,1001,01,1101,01,11,11,11,1,1,11,1,01
212_9;line;POSTBOP;UP;Joe Lovano;SWING;4;24;4;27;1;15;10;2,2,4,1,2,4,4,4,2,2;01,11,1001,1,11,0001,0001,1101,01,01
212_10;line;POSTBOP;UP;Joe Lovano;SWING;3;27;3;29;3;15;9;4,1,2,6,1,6,2,4,1;1001,1,11,001001,1,010001,11,0011,1
212_11;lick;POSTBOP;UP;Joe Lovano;SWING;3;30;3;32;1;9;5;4,2,1,4,2;0111,11,1,0001,11
212_12;lick;POSTBOP;UP;Joe Lovano;SWING;6;32;4;37;1;26;16;2,2,2,2,1,1,4,2,2,2,2,2,1,2,1,1;01,11,11,11,1,1,1001,11,11,11,11,11,1,11,1,1
212_14;line;POSTBOP;UP;Joe Lovano;SWING;4;41;2;44;4;44;15;4,4,6,4,4,4,5,4,6,6,2,4,1,4,2;0001,0111,101011,1111,0111,1111,00111,0110,110111,000111,11,1111,1,1011,11
212_15;line;POSTBOP;UP;Joe Lovano;SWING;4;45;3;48;2;34;12;4,4,3,4,3,4,2,2,2,4,3,5;1111,1011,011,0011,111,1111,11,11,11,1111,111,10101
212_18;line;POSTBOP;UP;Joe Lovano;SWING;2;55;1;56;3;13;7;2,2,2,2,2,1,2;11,11,11,11,11,1,11
212_19;lick;POSTBOP;UP;Joe Lovano;SWING;8;57;3;64;2;40;25;2,1,1,1,1,2,2,2,4,2,4,4,2,1,1,4,1,1,2,2,2,3,2,2,4;11,1,1,1,1,11,11,11,1001,11,0011,1100,11,1,1,0001,1,1,11,11,01,011,11,11,1001
212_20;line;POSTBOP;UP;Joe Lovano;SWING;7;65;3;71;3;42;24;2,2,2,2,2,2,1,4,2,2,4,2,2,2,2,2,1,1,2,2,1,2,4,4;11,11,11,11,11,11,1,1001,11,11,0001,11,11,11,11,11,1,1,11,01,1,11,1001,0110
212_21;lick;POSTBOP;UP;Joe Lovano;SWING;3;72;1;74;3;16;11;1,2,3,4,1,4,1,3,1,4,1;1,01,110,0011,1,0011,1,011,1,0011,1
212_22;lick;POSTBOP;UP;Joe Lovano;SWING;6;75;1;80;1;27;18;4,3,2,4,2,2,4,1,4,2,1,2,1,2,1,1,2,2;0011,011,11,0001,11,11,0001,1,1001,01,1,11,1,11,1,1,01,11
212_23;line;POSTBOP;UP;Joe Lovano;SWING;4;81;1;84;1;38;13;4,4,4,4,6,5,4,2,4,4,4,2,4;0001,0111,0111,1110,110011,01111,0111,11,1111,1011,1111,11,1100
212_24;line;POSTBOP;UP;Joe Lovano;SWING;5;84;4;88;3;22;14;4,2,2,2,1,1,1,2,2,2,2,2,3,2;1001,01,01,11,1,1,1,11,11,01,11,11,011,11
212_29;line;POSTBOP;UP;Joe Lovano;SWING;4;108;3;111;4;22;14;4,2,1,2,2,2,2,1,1,2,2,1,2,2;0001,11,1,11,11,01,11,1,1,11,11,1,11,11
212_31;line;POSTBOP;UP;Joe Lovano;SWING;6;115;4;120;1;26;17;4,2,2,2,2,4,4,4,2,1,1,1,4,2,2,2,2;0001,01,11,11,11,0001,0001,1001,11,1,1,1,1001,11,11,01,11
212_32;line;POSTBOP;UP;Joe Lovano;SWING;2;121;1;122;1;11;5;3,4,3,4,4;011,0111,110,0011,1100
212_33;line;POSTBOP;UP;Joe Lovano;SWING;5;122;3;126;3;57;17;3,4,4,4,4,2,3,3,5,3,4,4,4,4,5,6,1;011,1111,1111,1111,1111,11,111,111,10111,111,1110,1011,1111,1110,11111,111101,1
212_34;line;POSTBOP;UP;Joe Lovano;SWING;3;127;1;129;4;34;12;4,4,4,3,3,4,5,3,3,3,4,1;0001,1111,1111,111,111,1111,10101,011,111,111,1011,1
212_35;line;POSTBOP;UP;Joe Lovano;SWING;5;130;2;134;3;48;17;4,4,4,4,4,3,4,4,2,4,3,3,3,4,6,3,1;0001,1001,1111,1111,0111,111,1111,0111,11,1111,111,111,111,1100,101011,011,1
212_36;line;POSTBOP;UP;Joe Lovano;SWING;6;135;2;140;2;37;21;6,2,2,2,2,1,2,2,1,4,2,2,2,2,1,2,2,2,2,2,4;001001,01,11,11,11,1,11,11,1,1001,01,11,11,11,1,11,11,11,11,11,1001
212_37;lick;POSTBOP;UP;Joe Lovano;SWING;2;141;1;142;4;12;7;1,4,2,2,2,2,4;1,1001,01,11,11,11,1001
212_38;lick;POSTBOP;UP;Joe Lovano;SWING;4;143;3;146;1;14;10;2,2,4,1,2,1,1,1,4,1;01,11,1001,1,11,1,1,1,1001,1
212_42;lick;POSTBOP;UP;Joe Lovano;SWING;3;155;3;157;2;13;8;4,2,2,1,2,2,2,1;1001,01,11,1,11,11,11,1
212_43;line;POSTBOP;UP;Joe Lovano;SWING;3;157;4;159;4;15;8;2,2,2,2,3,2,1,2;01,11,11,11,111,11,1,11
213_1;lick;POSTBOP;UP;Joe Lovano;SWING;4;1;1;4;3;17;12;2,2,1,2,2,2,4,1,1,4,1,4;01,11,1,11,01,01,1001,1,1,1100,1,1100
213_2;line;POSTBOP;UP;Joe Lovano;SWING;4;5;3;8;4;27;14;2,2,2,6,2,2,2,2,2,2,2,2,1,1;11,11,11,010011,11,11,11,11,11,11,11,11,1,1
213_3;lick;POSTBOP;UP;Joe Lovano;SWING;2;9;2;10;2;7;5;4,6,4,1,1;1001,010001,0001,1,1
213_4;lick;POSTBOP;UP;Joe Lovano;SWING;2;10;4;11;4;9;5;2,2,1,3,2;11,11,1,110,11
213_5;line;POSTBOP;UP;Joe Lovano;SWING;4;13;1;16;3;25;15;2,3,2,1,2,1,4,2,1,2,4,2,2,1,2;01,111,11,1,11,1,1101,11,1,11,0110,11,01,1,01
213_6;lick;POSTBOP;UP;Joe Lovano;SWING;2;17;1;18;3;9;7;4,2,1,2,4,2,1;0001,01,1,01,1001,11,1
213_7;line;POSTBOP;UP;Joe Lovano;SWING;3;19;3;21;1;13;7;2,2,2,2,4,2,1;11,11,11,01,1101,11,1
213_8;lick;POSTBOP;UP;Joe Lovano;SWING;5;21;2;25;1;22;14;2,2,2,2,2,4,2,1,4,2,1,1,1,1;01,11,11,11,11,0110,11,1,1001,11,1,1,1,1
213_9;lick;POSTBOP;UP;Joe Lovano;SWING;2;25;4;26;4;5;4;3,1,1,1;110,1,1,1
213_10;lick;POSTBOP;UP;Joe Lovano;SWING;2;27;3;28;2;8;4;2,4,4,2;11,1001,0110,11
213_11;lick;POSTBOP;UP;Joe Lovano;SWING;2;29;1;30;2;8;5;2,4,2,2,2;01,0111,01,11,01
213_12;line;POSTBOP;UP;Joe Lovano;SWING;2;31;1;32;1;9;5;2,3,2,2,1;01,111,11,11,1
213_13;line;POSTBOP;UP;Joe Lovano;SWING;3;32;2;34;4;16;11;2,2,2,1,1,1,4,2,3,1,1;11,11,11,1,1,1,0001,01,111,1,1
213_14;lick;POSTBOP;UP;Joe Lovano;SWING;4;35;3;38;1;18;11;2,3,2,2,2,2,1,2,2,4,1;11,111,01,01,01,11,1,11,11,1001,1
213_15;line;POSTBOP;UP;Joe Lovano;SWING;5;38;3;42;3;33;16;2,2,2,2,2,3,4,3,4,2,2,2,2,1,2,2;11,11,11,11,11,111,0011,011,1101,11,11,11,11,1,11,11
213_16;lick;POSTBOP;UP;Joe Lovano;SWING;2;43;1;44;2;12;6;2,4,4,2,2,2;01,0111,1100,11,11,11
213_17;line;POSTBOP;UP;Joe Lovano;SWING;2;45;1;46;4;24;8;2,4,4,4,3,4,4,1;01,1111,1011,1111,111,1111,1111,1
213_18;lick;POSTBOP;UP;Joe Lovano;SWING;2;47;3;48;4;10;6;2,4,2,2,1,1;01,0111,11,11,1,1
213_19;line;POSTBOP;UP;Joe Lovano;SWING;4;49;3;52;3;25;13;2,2,3,2,2,4,2,2,2,6,1,4,1;11,11,111,11,11,1001,11,11,11,010001,1,0110,1
213_20;lick;POSTBOP;UP;Joe Lovano;SWING;4;53;1;56;3;25;13;2,1,2,4,2,3,1,2,4,2,2,3,2;01,1,11,0111,11,011,1,11,0111,11,11,110,11
213_21;lick;POSTBOP;UP;Joe Lovano;SWING;1;57;2;57;2;2;1;2;11
213_22;lick;POSTBOP;UP;Joe Lovano;SWING;2;57;4;58;1;3;2;2,2;01,11
213_23;lick;POSTBOP;UP;Joe Lovano;SWING;3;58;3;60;2;15;8;2,2,2,2,2,2,4,1;01,11,11,11,11,11,1110,1
213_24;line;POSTBOP;UP;Joe Lovano;SWING;4;61;1;64;3;57;15;4,6,6,4,1,3,4,4,3,4,6,6,4,6,4;0011,111111,101011,1111,1,111,1111,1111,111,1111,111110,111110,1111,111011,1110
213_25;line;POSTBOP;UP;Joe Lovano;SWING;6;65;2;70;2;40;21;2,4,3,3,2,2,2,2,2,2,2,2,1,2,2,2,2,2,3,1,1;11,1001,111,111,11,11,11,11,11,11,11,11,1,11,01,11,11,11,011,1,1
213_26;lick;POSTBOP;UP;Joe Lovano;SWING;1;70;3;70;3;2;1;2;11
213_27;line;POSTBOP;UP;Joe Lovano;SWING;2;71;2;72;1;8;4;2,2,3,4;01,11,111,1001
213_28;line;POSTBOP;UP;Joe Lovano;SWING;4;73;1;76;2;26;14;2,4,4,1,2,2,3,2,3,1,2,2,1,2;01,1111,1101,1,11,11,011,11,011,1,01,11,1,11
213_29;line;POSTBOP;UP;Joe Lovano;SWING;4;77;1;80;3;26;15;2,4,2,2,5,3,1,4,2,1,2,1,1,1,1;01,1111,11,11,10011,011,1,1001,11,1,11,1,1,1,1
213_30;line;POSTBOP;UP;Joe Lovano;SWING;5;81;1;85;1;30;17;2,2,1,4,2,2,4,1,4,1,4,2,2,2,2,2,3;01,11,1,1101,11,11,0110,1,1100,1,1001,11,11,11,11,01,110
213_31;lick;POSTBOP;UP;Joe Lovano;SWING;2;85;4;86;3;6;4;2,2,4,1;01,11,1001,1
213_32;lick;POSTBOP;UP;Joe Lovano;SWING;2;87;1;88;1;7;5;2,2,2,1,1;01,11,11,1,1
213_33;line;POSTBOP;UP;Joe Lovano;SWING;3;88;4;90;2;26;7;6,6,3,5,4,4,4;100111,111011,011,11111,1111,1111,1100
213_34;lick;POSTBOP;UP;Joe Lovano;SWING;1;91;1;91;4;10;4;2,3,6,4;01,111,110011,1001
213_35;lick;POSTBOP;UP;Joe Lovano;SWING;2;92;4;93;3;6;3;3,4,1;111,1001,1
213_36;lick;POSTBOP;UP;Joe Lovano;SWING;2;93;4;94;3;3;3;6,4,1;000001,0001,1
213_37;lick;POSTBOP;UP;Joe Lovano;SWING;3;95;1;97;1;11;7;2,2,2,2,2,2,1;01,11,11,11,01,11,1
214_1;lick;POSTBOP;UP;John Abercrombie;SWING;5;1;1;5;3;15;12;1,2,3,2,1,4,1,2,1,1,2,2;1,01,110,01,1,0110,1,11,1,1,01,01
214_2;lick;POSTBOP;UP;John Abercrombie;SWING;5;7;2;11;2;10;10;1,1,1,1,2,1,1,2,6,2;1,1,1,1,01,1,1,01,000001,01
214_3;lick;POSTBOP;UP;John Abercrombie;SWING;5;12;2;16;3;16;12;1,1,1,2,1,2,4,2,2,2,2,1;1,1,1,01,1,11,0001,01,11,11,11,1
214_4;lick;POSTBOP;UP;John Abercrombie;SWING;2;17;2;18;1;4;3;2,2,1;01,11,1
214_5;lick;POSTBOP;UP;John Abercrombie;SWING;8;19;2;26;1;22;19;2,2,1,4,2,1,2,1,2,2,1,2,2,1,2,2,1,2,1;01,11,1,1001,01,1,01,1,01,01,1,01,01,1,11,01,1,01,1
214_6;line;POSTBOP;UP;John Abercrombie;SWING;22;27;2;48;2;91;61;1,1,1,2,1,1,2,2,1,4,2,2,2,2,2,2,2,1,2,4,4,2,2,2,2,2,1,2,1,1,2,1,2,2,1,2,1,2,2,2,4,2,2,2,6,2,2,2,2,4,2,2,2,4,2,2,4,2,2,2,1;1,1,1,11,1,1,11,01,1,0001,11,11,11,11,11,11,11,1,01,0001,0001,01,01,01,01,01,1,11,1,1,01,1,01,01,1,01,1,01,11,11,1001,11,11,11,100101,01,11,11,11,1001,01,11,11,1011,01,01,1011,11,01,11,1
214_7;line;POSTBOP;UP;John Abercrombie;SWING;6;49;2;54;1;24;14;4,4,2,3,2,2,2,2,2,2,5,2,1,4;1011,0001,01,011,01,01,01,11,11,11,10101,01,1,1011
214_8;line;POSTBOP;UP;John Abercrombie;SWING;4;55;2;58;3;15;10;3,1,2,2,1,2,2,1,1,6;011,1,11,11,1,11,01,1,1,100001
214_9;lick;POSTBOP;UP;John Abercrombie;SWING;6;59;2;64;2;24;16;1,2,2,2,4,2,4,2,1,1,2,2,1,2,2,1;1,11,11,11,1001,11,1001,01,1,1,01,11,1,01,11,1
214_10;line;POSTBOP;UP;John Abercrombie;SWING;8;65;1;72;2;37;21;2,2,1,6,2,2,2,1,2,1,2,1,2,4,2,2,2,3,2,2,2;01,11,1,100001,11,11,11,1,11,1,11,1,11,1011,01,11,11,111,01,11,11
214_11;lick;POSTBOP;UP;John Abercrombie;SWING;13;73;1;85;1;40;28;4,1,2,1,1,2,2,2,2,4,2,2,2,4,2,4,2,4,2,4,2,1,2,4,2,1,1,1;1101,1,11,1,1,11,11,11,11,1001,01,11,01,0001,01,0001,11,0011,01,0001,01,1,01,0001,11,1,1,1
215_1;lick;HARDBOP;UP;John Coltrane;SWING;3;2;1;4;4;11;8;4,1,4,1,1,1,1,2;1100,1,1001,1,1,1,1,11
215_2;lick;HARDBOP;UP;John Coltrane;SWING;2;5;3;6;1;5;3;2,2,3;01,11,110
215_3;lick;HARDBOP;UP;John Coltrane;SWING;2;6;2;7;1;5;4;4,1,4,1;0001,1,1001,1
215_4;lick;HARDBOP;UP;John Coltrane;SWING;2;7;2;8;2;9;5;4,2,2,2,6;0001,11,11,11,010001
215_5;lick;HARDBOP;UP;John Coltrane;SWING;2;8;4;9;3;4;3;2,2,2;01,01,11
215_6;lick;HARDBOP;UP;John Coltrane;SWING;4;10;2;13;2;23;13;2,2,4,2,1,2,1,1,2,2,2,2,2;11,11,1001,11,1,11,1,1,11,11,11,11,11
215_7;lick;HARDBOP;UP;John Coltrane;SWING;4;14;2;17;3;20;11;2,2,2,1,4,2,2,2,1,2,4;11,11,11,1,1100,11,11,11,1,11,1001
215_8;lick;HARDBOP;UP;John Coltrane;SWING;4;18;3;21;4;23;14;4,6,2,4,6,2,2,2,2,2,1,4,1,1;0001,001011,01,0001,010011,11,11,11,11,11,1,0001,1,1
215_9;lick;HARDBOP;UP;John Coltrane;SWING;3;22;2;24;3;12;8;6,4,2,2,1,1,2,4;000011,0001,11,11,1,1,01,1001
215_10;lick;HARDBOP;UP;John Coltrane;SWING;6;25;2;30;4;34;21;2,1,2,2,2,4,2,1,4,2,1,2,2,2,2,2,2,4,1,1,2;01,1,01,11,11,0001,11,1,1101,11,1,11,11,01,11,11,11,0110,1,1,11
215_11;lick;HARDBOP;UP;John Coltrane;SWING;2;31;3;32;4;7;6;4,2,2,1,1,2;0001,01,01,1,1,11
215_13;lick;HARDBOP;UP;John Coltrane;SWING;4;37;4;40;2;12;9;2,1,4,1,2,2,4,1,1;11,1,0001,1,11,11,0001,1,1
215_14;lick;HARDBOP;UP;John Coltrane;SWING;1;41;1;41;2;3;2;4,2;0001,11
215_15;lick;HARDBOP;UP;John Coltrane;SWING;2;42;2;43;1;5;4;4,2,4,1;0001,11,0001,1
215_16;lick;HARDBOP;UP;John Coltrane;SWING;6;43;3;48;1;30;17;2,1,1,2,4,4,2,2,3,2,2,1,1,2,4,6,1;11,1,1,11,0111,1101,11,11,011,11,11,1,1,11,1001,000001,1
215_17;lick;HARDBOP;UP;John Coltrane;SWING;2;48;2;49;3;6;4;4,2,2,2;0001,01,11,11
215_18;lick;HARDBOP;UP;John Coltrane;SWING;4;50;2;53;3;25;13;4,3,4,4,2,2,2,2,2,2,1,4,2;0001,110,1111,1011,11,11,11,11,11,11,1,0001,01
215_19;line;HARDBOP;UP;John Coltrane;SWING;3;54;2;56;1;12;6;2,3,2,2,2,2;01,111,11,11,11,11
215_20;lick;HARDBOP;UP;John Coltrane;SWING;2;56;3;57;3;8;5;2,1,3,2,2;11,1,110,11,01
215_22;lick;HARDBOP;UP;John Coltrane;SWING;3;62;3;64;4;15;9;2,2,1,4,6,1,2,1,4;11,11,1,1001,100001,1,11,1,1001
215_23;line;HARDBOP;UP;John Coltrane;SWING;7;65;3;71;2;36;22;2,2,2,2,2,1,2,1,2,2,2,2,2,1,4,2,4,1,2,2,4,2;01,11,11,11,11,1,11,1,11,11,11,11,11,1,1001,01,0011,1,11,11,0001,01
215_24;line;HARDBOP;UP;John Coltrane;SWING;1;72;1;72;4;15;4;3,4,4,6;011,1111,1111,111011
215_25;lick;HARDBOP;UP;John Coltrane;SWING;3;73;2;75;3;10;6;2,2,2,2,2,2;01,11,11,01,11,11
215_26;lick;HARDBOP;UP;John Coltrane;SWING;4;76;2;79;1;21;12;2,6,2,1,2,2,2,2,2,2,2,2;11,010001,01,1,11,01,11,11,11,11,11,11
215_27;lick;HARDBOP;UP;John Coltrane;SWING;3;79;3;81;2;8;7;1,1,1,4,1,2,1;1,1,1,0001,1,11,1
215_28;line;HARDBOP;UP;John Coltrane;SWING;4;82;1;85;2;24;14;4,6,1,2,2,2,2,2,2,2,2,2,1,4;0001,001001,1,01,11,11,11,11,11,11,11,11,1,1001
215_29;lick;HARDBOP;UP;John Coltrane;SWING;3;86;1;88;1;14;7;4,4,2,4,2,2,2;0001,0110,11,1101,11,11,11
215_31;lick;HARDBOP;UP;John Coltrane;SWING;3;94;1;96;1;12;6;2,2,2,2,2,4;01,11,11,11,11,1011
215_32;lick;HARDBOP;UP;John Coltrane;SWING;2;96;4;97;1;3;2;4,2;0011,01
215_33;lick;HARDBOP;UP;John Coltrane;SWING;3;97;4;99;1;8;6;2,2,2,2,2,2;01,01,01,11,01,11
215_34;line;HARDBOP;UP;John Coltrane;SWING;2;99;3;100;3;11;5;2,3,4,3,1;01,111,1011,111,1
215_35;line;HARDBOP;UP;John Coltrane;SWING;3;100;4;102;1;13;5;4,4,4,4,1;0001,1111,0111,1111,1
215_36;line;HARDBOP;UP;John Coltrane;SWING;2;102;3;103;3;13;5;4,4,4,1,6;0001,0111,1111,1,011101
215_37;line;HARDBOP;UP;John Coltrane;SWING;2;104;1;105;1;20;5;4,5,6,6,3;0001,01111,111111,111111,111
215_38;line;HARDBOP;UP;John Coltrane;SWING;2;105;3;106;3;20;5;6,8,4,6,3;001111,10110011,1111,011111,110
215_39;lick;HARDBOP;UP;John Coltrane;SWING;5;107;1;111;1;30;16;2,2,4,2,1,2,4,2,2,6,2,1,1,6,2,2;01,01,1001,11,1,11,1101,11,11,100111,11,1,1,010101,01,11
215_40;lick;HARDBOP;UP;John Coltrane;SWING;6;112;3;117;3;33;19;2,2,1,6,2,1,2,2,2,1,4,4,2,1,2,1,2,2,2;01,11,1,001111,01,1,11,11,11,1,0111,1110,01,1,11,1,11,01,11
215_42;lick;HARDBOP;UP;John Coltrane;SWING;3;121;3;123;1;9;6;4,2,2,1,4,1;0011,01,11,1,1001,1
215_43;lick;HARDBOP;UP;John Coltrane;SWING;2;123;3;124;1;4;3;1,2,1;1,11,1
215_44;lick;HARDBOP;UP;John Coltrane;SWING;2;125;1;126;1;9;5;2,2,2,2,1;11,11,11,11,1
215_45;lick;HARDBOP;UP;John Coltrane;SWING;3;126;2;128;3;17;10;4,2,2,1,2,2,2,2,2,2;0001,11,11,1,11,11,01,11,11,11
215_46;lick;HARDBOP;UP;John Coltrane;SWING;2;129;1;130;1;6;4;2,1,1,2;11,1,1,11
216_1;lick;POSTBOP;UP;John Coltrane;SWING;3;0;1;2;3;14;9;2,2,4,1,2,4,2,4,2;01,11,0001,1,11,0001,11,0111,01
216_2;lick;POSTBOP;UP;John Coltrane;SWING;4;3;1;6;3;28;14;2,3,6,2,4,4,1,4,3,2,3,3,3,2;01,111,100001,01,0111,0111,1,0001,011,01,011,111,111,11
216_3;lick;POSTBOP;UP;John Coltrane;SWING;5;7;1;11;1;31;17;2,3,3,2,4,2,4,2,1,2,2,2,2,1,1,2,2;01,111,111,11,1001,11,1001,11,1,11,11,11,11,1,1,01,11
216_4;lick;POSTBOP;UP;John Coltrane;SWING;3;12;1;14;4;16;10;2,1,1,4,2,2,2,3,2,1;01,1,1,1110,01,11,01,111,11,1
216_5;lick;POSTBOP;UP;John Coltrane;SWING;5;15;3;19;3;31;15;6,2,2,2,3,4,2,2,6,2,2,4,4,3,4;000011,01,11,11,011,1001,11,11,001011,11,11,1001,1100,111,1001
216_6;lick;POSTBOP;UP;John Coltrane;SWING;3;20;3;22;3;17;9;2,2,2,2,2,2,2,2,2;01,11,11,11,11,11,11,11,11
216_7;lick;POSTBOP;UP;John Coltrane;SWING;6;23;3;28;2;33;19;2,3,2,2,2,2,4,2,6,2,3,4,2,2,2,2,4,2,4;01,011,01,11,01,11,1001,11,010011,01,011,1001,11,01,11,11,1001,01,1001
216_8;lick;POSTBOP;UP;John Coltrane;SWING;2;29;1;30;3;11;7;2,2,2,2,1,4,2;01,11,11,11,1,0001,11
216_9;lick;POSTBOP;UP;John Coltrane;SWING;5;31;2;35;4;31;17;2,2,2,2,4,1,2,2,2,2,2,4,4,3,6,4,1;01,11,11,11,1001,1,11,11,11,11,11,1011,0001,111,010001,0001,1
216_10;lick;POSTBOP;UP;John Coltrane;SWING;3;36;3;38;3;12;8;2,2,2,3,2,1,4,2;01,01,11,011,11,1,0001,11
216_11;lick;POSTBOP;UP;John Coltrane;SWING;2;39;2;40;4;12;7;2,1,2,2,4,3,1;01,1,11,11,1001,111,1
216_12;lick;POSTBOP;UP;John Coltrane;SWING;1;41;2;41;3;5;2;5,3;00011,111
216_13;lick;POSTBOP;UP;John Coltrane;SWING;1;42;2;42;4;4;3;2,2,1;01,11,1
216_14;lick;POSTBOP;UP;John Coltrane;SWING;2;43;2;44;3;13;6;2,1,2,2,2,5;01,1,11,11,11,11111
216_15;lick;POSTBOP;UP;John Coltrane;SWING;3;45;2;47;2;17;9;4,2,6,4,2,1,4,1,2;1011,11,100011,1100,11,1,0001,1,11
216_16;line;POSTBOP;UP;John Coltrane;SWING;5;48;1;52;2;31;17;2,1,4,2,4,2,2,2,2,3,2,2,1,2,4,2,2;01,1,0011,11,1001,11,11,11,11,111,01,11,1,11,1001,11,11
216_17;lick;POSTBOP;UP;John Coltrane;SWING;2;53;1;54;4;10;8;2,3,1,2,2,2,1,1;01,110,1,11,01,01,1,1
216_18;lick;POSTBOP;UP;John Coltrane;SWING;5;55;2;59;2;30;16;4,2,1,2,2,2,2,4,2,2,2,2,2,2,2,2;0001,11,1,01,11,11,11,1101,11,11,11,11,11,11,11,11
216_19;lick;POSTBOP;UP;John Coltrane;SWING;2;60;1;61;2;6;5;4,1,2,1,2;0001,1,01,1,11
217_1;lick;HARDBOP;MEDIUM UP;John Coltrane;SWING;3;2;3;4;3;11;6;2,4,4,1,2,3;01,1101,0001,1,11,111
217_2;lick;HARDBOP;MEDIUM UP;John Coltrane;SWING;1;6;1;6;4;6;3;2,4,1;11,0111,1
217_3;lick;HARDBOP;MEDIUM UP;John Coltrane;SWING;1;9;1;9;3;4;3;2,2,2;01,01,11
217_4;lick;HARDBOP;MEDIUM UP;John Coltrane;SWING;4;10;1;13;1;22;12;6,2,2,2,1,3,2,3,3,3,3,1;000101,01,11,11,1,111,01,111,110,110,110,1
217_5;line;HARDBOP;MEDIUM UP;John Coltrane;SWING;4;15;2;18;1;22;11;6,2,2,3,6,2,4,5,4,2,2;101001,11,11,011,000001,11,0011,00111,0011,01,11
217_6;line;HARDBOP;MEDIUM UP;John Coltrane;SWING;4;20;1;23;2;27;14;2,2,6,3,4,2,2,2,1,6,2,2,2,6;01,11,100101,011,1111,11,11,01,1,100001,01,11,11,010001
217_7;lick;HARDBOP;MEDIUM UP;John Coltrane;SWING;5;25;3;29;3;30;15;4,2,1,6,4,6,1,2,2,2,4,2,6,1,3;0110,01,1,000111,1001,000111,1,11,11,11,0111,11,111000,1,110
217_8;lick;HARDBOP;MEDIUM UP;John Coltrane;SWING;5;31;2;35;2;30;16;4,2,2,2,4,2,3,4,1,4,4,2,2,2,2,2;1011,11,11,11,1101,01,110,0111,1,0001,0001,11,11,01,11,11
217_9;lick;HARDBOP;MEDIUM UP;John Coltrane;SWING;4;37;2;40;4;30;13;4,4,2,6,2,1,6,4,4,4,5,1,4;0001,0111,01,100101,01,1,001011,1011,0001,1110,11111,1,1111
217_10;line;HARDBOP;MEDIUM UP;John Coltrane;SWING;2;42;1;43;3;15;7;2,2,4,2,2,6,4;11,01,1011,01,11,000011,1111
217_11;lick;HARDBOP;MEDIUM UP;John Coltrane;SWING;1;45;1;45;3;6;3;2,4,4;11,0001,1110
217_12;line;HARDBOP;MEDIUM UP;John Coltrane;SWING;5;46;3;50;3;34;15;4,2,1,1,2,2,3,3,2,6,4,4,3,4,4;1110,11,1,1,11,11,111,111,11,100101,0110,1101,111,0001,1101
217_13;line;HARDBOP;MEDIUM UP;John Coltrane;SWING;4;52;1;55;4;30;16;6,2,2,2,1,4,2,2,2,2,2,4,4,6,2,1;011101,11,11,11,1,0001,11,11,11,01,01,0111,1011,001001,01,1
217_14;lick;HARDBOP;MEDIUM UP;John Coltrane;SWING;3;57;2;59;3;14;9;4,2,2,3,2,4,1,2,1;0001,11,11,011,11,1001,1,01,1
217_15;lick;HARDBOP;MEDIUM UP;John Coltrane;SWING;2;61;1;62;4;17;8;6,2,2,4,3,6,2,1;000001,01,11,1111,111,010101,11,1
217_16;lick;HARDBOP;MEDIUM UP;John Coltrane;SWING;2;63;3;64;4;12;6;4,6,4,1,4,4;0001,010011,0111,1,0011,1100
217_17;lick;HARDBOP;MEDIUM UP;John Coltrane;SWING;3;65;4;67;4;23;9;1,3,3,3,3,3,3,3,1;1,111,111,111,111,111,111,111,1
217_18;line;HARDBOP;MEDIUM UP;John Coltrane;SWING;5;68;2;72;3;45;18;4,4,1,3,3,3,2,3,2,6,3,3,3,3,4,3,3,3;0011,1011,1,011,111,111,11,011,11,011001,011,111,111,111,1111,011,111,110
217_19;line;HARDBOP;MEDIUM UP;John Coltrane;SWING;2;73;2;74;4;20;7;4,7,4,6,4,4,6;0001,0101111,1100,000001,1011,1111,111100
217_20;line;HARDBOP;MEDIUM UP;John Coltrane;SWING;6;76;2;81;2;38;20;4,1,3,4,2,2,2,2,1,3,4,4,2,2,5,2,2,2,2,1;0001,1,110,1101,11,11,11,01,1,111,0111,1101,11,01,01111,01,11,11,01,1
217_21;lick;HARDBOP;MEDIUM UP;John Coltrane;SWING;3;82;3;84;3;13;8;2,3,2,4,4,2,2,2;11,011,01,0001,0011,01,11,11
218_1;lick;HARDBOP;MEDIUM UP;John Coltrane;SWING;4;0;2;3;1;16;9;4,2,2,1,2,2,4,2,6;1011,11,11,1,01,11,0001,11,000011
218_2;lick;HARDBOP;MEDIUM UP;John Coltrane;SWING;4;4;1;7;4;30;15;2,1,4,3,4,1,4,3,4,3,2,3,3,2,3;01,1,0001,011,0111,1,0001,111,1100,111,11,111,111,11,110
218_3;lick;HARDBOP;MEDIUM UP;John Coltrane;SWING;2;8;2;9;3;8;5;4,3,6,4,2;0001,011,000001,0011,11
218_4;line;HARDBOP;MEDIUM UP;John Coltrane;SWING;3;10;2;12;1;28;8;5,3,4,3,4,4,4,2;10111,111,1111,111,1111,1111,1111,11
218_5;line;HARDBOP;MEDIUM UP;John Coltrane;SWING;2;12;3;13;4;16;6;2,4,3,4,6,4;01,1111,011,0001,111101,1110
218_6;line;HARDBOP;MEDIUM UP;John Coltrane;SWING;1;14;1;14;2;8;2;6,5;000111,11111
218_7;line;HARDBOP;MEDIUM UP;John Coltrane;SWING;4;14;4;17;2;35;11;6,4,4,4,4,4,4,4,3,2,4;101011,0111,1111,1111,1111,1111,1111,1101,011,11,0001
218_8;line;HARDBOP;MEDIUM UP;John Coltrane;SWING;4;18;2;21;2;36;13;2,4,2,4,5,4,4,6,4,4,6,4,4;01,1101,11,0110,00111,1100,0011,110111,1011,1101,101011,0111,1110
218_9;line;HARDBOP;MEDIUM UP;John Coltrane;SWING;3;21;4;23;4;28;9;3,6,6,6,4,4,2,1,4;011,011011,101011,010111,1111,1111,11,1,1110
218_10;line;HARDBOP;MEDIUM UP;John Coltrane;SWING;3;24;3;26;3;16;9;3,4,2,3,2,2,1,4,4;110,0001,11,011,01,11,1,0111,0110
218_11;line;HARDBOP;MEDIUM UP;John Coltrane;SWING;2;27;2;28;4;15;7;3,4,1,2,2,2,4;111,1011,1,11,01,11,0111
218_12;line;HARDBOP;MEDIUM UP;John Coltrane;SWING;3;29;2;31;3;22;9;3,4,4,2,2,5,1,4,3;011,1111,1011,11,11,00111,1,0011,111
218_13;line;HARDBOP;MEDIUM UP;John Coltrane;SWING;1;32;1;32;4;12;4;2,4,4,8;01,1111,1101,00101011
218_14;lick;HARDBOP;MEDIUM UP;John Coltrane;SWING;2;33;2;34;1;12;4;1,4,5,4;1,1111,11111,1100
218_15;line;HARDBOP;MEDIUM UP;John Coltrane;SWING;3;34;2;36;3;37;10;6,3,4,6,8,4,4,4,4,4;010111,111,1111,011101,01101001,1111,1111,1111,1111,1100
218_16;line;HARDBOP;MEDIUM UP;John Coltrane;SWING;2;36;4;37;2;9;3;4,4,4;0111,1101,0111
218_17;lick;HARDBOP;MEDIUM UP;John Coltrane;SWING;1;38;2;38;4;6;3;4,4,4;1100,0001,1110
218_18;line;HARDBOP;MEDIUM UP;John Coltrane;SWING;2;39;2;40;4;28;7;6,4,4,6,3,4,6;011111,0111,1111,110111,111,1111,111100
218_19;lick;HARDBOP;MEDIUM UP;John Coltrane;SWING;5;41;2;45;3;70;18;4,4,6,6,3,4,5,4,5,4,2,4,4,6,4,6,6,5;1111,1111,010111,011011,111,1100,11111,1111,11111,1111,11,1111,1111,101111,1111,110101,010111,10111
218_20;lick;HARDBOP;MEDIUM UP;John Coltrane;SWING;3;46;1;48;1;28;8;4,4,5,8,4,4,1,4;0111,1111,10111,11011101,0111,1111,1,1110
218_21;line;HARDBOP;MEDIUM UP;John Coltrane;SWING;2;48;3;49;4;18;6;4,4,3,4,2,3;1101,1111,111,1111,11,110
218_22;line;HARDBOP;MEDIUM UP;John Coltrane;SWING;1;50;1;50;4;12;4;6,4,6,4;011110,1111,000001,0111
218_23;lick;HARDBOP;MEDIUM UP;John Coltrane;SWING;3;51;2;53;3;27;10;4,4,6,8,4,3,4,6,2,3;0001,1001,101111,10101001,0111,111,1110,000001,11,111
218_24;line;HARDBOP;MEDIUM UP;John Coltrane;SWING;4;54;2;57;4;51;15;6,8,6,3,6,5,4,3,3,4,4,4,4,4,3;000011,00011011,101011,111,111011,10111,1111,111,111,0001,1111,1111,1111,1111,110
218_25;line;HARDBOP;MEDIUM UP;John Coltrane;SWING;2;58;2;59;4;24;7;3,4,4,4,4,4,4;011,1111,1111,1111,1110,1101,1111
218_26;line;HARDBOP;MEDIUM UP;John Coltrane;SWING;3;60;2;62;3;31;9;10,4,6,4,4,4,3,2,6;1011100111,1111,010111,0111,0110,0011,111,11,111100
218_27;lick;HARDBOP;MEDIUM UP;John Coltrane;SWING;1;63;1;63;4;12;4;4,6,5,4;0111,011100,00111,1101
218_28;lick;HARDBOP;MEDIUM UP;John Coltrane;SWING;1;64;1;64;4;15;4;2,6,6,5;01,111111,010111,10111
218_29;line;HARDBOP;MEDIUM UP;John Coltrane;SWING;3;65;1;67;4;33;12;6,3,6,4,1,7,5,4,2,5,6,1;000001,111,101011,0011,1,1010111,11111,0001,11,01111,111100,1
218_30;line;HARDBOP;MEDIUM UP;John Coltrane;SWING;4;68;2;71;2;50;13;4,6,4,6,5,3,4,6,4,4,4,4,2;1111,111011,1111,011101,11111,111,1111,011011,1111,1111,0111,1111,11
218_32;line;HARDBOP;MEDIUM UP;John Coltrane;SWING;3;72;2;74;4;37;11;3,4,8,3,4,6,4,2,6,3,3;111,1110,11001011,111,1111,110111,1111,11,011001,111,110
218_33;line;HARDBOP;MEDIUM UP;John Coltrane;SWING;4;75;2;78;4;44;14;6,4,4,4,4,4,4,5,4,2,3,4,3,2;101110,1111,1100,0111,1110,1111,1111,11111,1111,11,111,1001,111,01
218_34;line;HARDBOP;MEDIUM UP;John Coltrane;SWING;2;79;1;80;1;16;5;2,5,4,6,1;01,11111,1111,110111,1
218_35;lick;HARDBOP;MEDIUM UP;John Coltrane;SWING;2;80;2;81;4;20;7;2,4,6,3,6,4,1;01,1111,110111,110,100101,1111,1
218_36;lick;HARDBOP;MEDIUM UP;John Coltrane;SWING;2;82;2;83;4;15;6;4,3,4,2,3,3;1110,011,1111,11,011,110
218_37;line;HARDBOP;MEDIUM UP;John Coltrane;SWING;1;84;2;84;4;11;3;4,6,4;1011,101111,1110
218_38;line;HARDBOP;MEDIUM UP;John Coltrane;SWING;1;85;1;85;3;3;3;2,4,1;01,0001,1
218_39;lick;HARDBOP;MEDIUM UP;John Coltrane;SWING;1;86;1;86;2;4;2;1,4;1,1011
218_40;lick;HARDBOP;MEDIUM UP;John Coltrane;SWING;2;87;1;88;2;13;6;4,2,1,4,4,1;1111,01,1,0011,1111,1
218_41;line;HARDBOP;MEDIUM UP;John Coltrane;SWING;3;88;3;90;3;23;9;2,6,2,4,3,4,4,3,4;01,010111,11,0110,111,1111,0110,011,1110
218_42;lick;HARDBOP;MEDIUM UP;John Coltrane;SWING;1;91;1;91;4;12;4;3,8,4,2;011,10101101,0111,11
218_43;line;HARDBOP;MEDIUM UP;John Coltrane;SWING;1;92;1;92;4;11;4;4,5,2,4;0011,11111,01,1110
218_44;line;HARDBOP;MEDIUM UP;John Coltrane;SWING;1;93;1;93;3;10;3;6,4,4;000111,1111,0111
218_45;line;HARDBOP;MEDIUM UP;John Coltrane;SWING;4;94;1;97;1;38;13;4,4,3,5,3,2,1,4,4,4,4,4,4;1111,1100,111,01111,111,11,1,0011,1111,1111,0111,1111,1100
219_10;line;POSTBOP;MEDIUM;John Coltrane;SWING;1;24;1;24;4;18;4;4,7,8,4;0001,1101111,11110111,1111
219_12;line;POSTBOP;MEDIUM;John Coltrane;SWING;3;27;3;29;1;21;7;4,5,4,4,4,6,1;0001,11111,1001,1111,1111,101011,1
219_16;line;POSTBOP;MEDIUM;John Coltrane;SWING;5;41;2;45;3;53;17;2,4,2,6,4,4,4,6,8,6,4,4,6,4,6,4,2;01,1100,11,001011,0001,1110,1111,110111,01010001,010011,1100,1111,110111,1111,110111,1111,11
219_18;line;POSTBOP;MEDIUM;John Coltrane;SWING;3;47;3;49;2;27;8;6,2,4,4,4,4,4,3;100011,11,1111,1111,1111,1111,1111,111
219_21;lick;POSTBOP;MEDIUM;John Coltrane;SWING;2;55;4;56;3;11;4;4,4,4,4;0011,1111,1001,1110
220_4;lick;POSTBOP;MEDIUM UP;John Coltrane;SWING;2;7;4;8;4;7;4;2,1,2,6;01,1,01,101011
220_5;lick;POSTBOP;MEDIUM UP;John Coltrane;SWING;5;9;2;13;1;34;14;2,6,6,4,2,2,4,4,6,6,4,6,4,1;01,010011,100011,0011,11,01,0110,0001,000011,011011,1111,011011,1111,1
220_6;lick;POSTBOP;MEDIUM UP;John Coltrane;SWING;3;13;2;15;4;17;10;2,6,4,4,2,6,4,4,4,2;01,100001,0011,0001,01,100011,0001,0011,1001,11
220_7;lick;POSTBOP;MEDIUM UP;John Coltrane;SWING;2;16;3;17;1;6;3;8,4,1;00110001,1100,1
220_8;lick;POSTBOP;MEDIUM UP;John Coltrane;SWING;2;17;3;18;3;8;5;6,4,1,2,2;000001,0111,1,01,11
220_9;lick;POSTBOP;MEDIUM UP;John Coltrane;SWING;3;19;1;21;1;14;7;2,6,2,3,3,4,4;01,101011,01,011,110,1001,1100
220_11;lick;POSTBOP;MEDIUM UP;John Coltrane;SWING;4;25;2;28;1;32;11;4,2,6,5,2,2,2,3,4,6,6;0011,11,010011,00111,01,11,01,110,1111,111111,111111
220_12;lick;POSTBOP;MEDIUM UP;John Coltrane;SWING;4;28;3;31;4;19;11;6,2,1,2,2,6,2,2,4,4,4;000011,01,1,01,01,100011,01,01,1001,1011,1101
220_13;line;POSTBOP;MEDIUM UP;John Coltrane;SWING;2;32;3;33;1;13;3;6,4,6;111101,1111,111100
220_15;lick;POSTBOP;MEDIUM UP;John Coltrane;SWING;4;37;3;40;4;26;12;4,2,4,2,6,6,4,4,5,4,4,2;0011,01,1101,01,000001,000011,0001,0111,11111,0011,0111,11
220_16;lick;POSTBOP;MEDIUM UP;John Coltrane;SWING;5;41;2;45;4;28;15;2,6,2,4,4,3,2,2,3,6,1,6,4,6,4;01,110001,01,0111,0011,011,01,01,011,001001,1,100101,0011,100001,1001
220_17;lick;POSTBOP;MEDIUM UP;John Coltrane;SWING;2;46;2;47;1;11;4;6,5,4,2;000111,01111,1101,01
220_18;lick;POSTBOP;MEDIUM UP;John Coltrane;SWING;4;47;4;50;2;23;10;4,2,4,4,4,4,4,4,4,1;0110,11,0110,0001,1110,1111,1111,0110,1001,1
220_19;lick;POSTBOP;MEDIUM UP;John Coltrane;SWING;3;50;4;52;4;12;6;4,4,2,4,3,3;0011,0110,11,0001,110,111
220_21;lick;POSTBOP;MEDIUM UP;John Coltrane;SWING;3;57;2;59;2;14;8;4,2,2,8,2,3,2,2;0011,01,11,00001011,01,011,11,01
220_22;lick;POSTBOP;MEDIUM UP;John Coltrane;SWING;2;60;1;61;4;10;7;4,2,2,4,2,4,6;0001,11,01,0001,01,0001,010101
220_23;lick;POSTBOP;MEDIUM UP;John Coltrane;SWING;2;62;3;63;4;11;6;2,4,6,3,2,2;01,1110,000011,011,01,11
221_1;line;HARDBOP;UP;John Coltrane;SWING;8;1;1;8;3;62;31;2,2,2,2,4,2,2,2,2,2,3,2,4,2,2,2,2,3,3,2,3,1,2,2,2,2,4,2,2,2,2;11,11,11,11,1011,11,11,01,11,11,110,11,1101,11,11,01,11,110,110,11,111,1,11,11,11,11,1011,11,01,11,11
221_2;line;HARDBOP;UP;John Coltrane;SWING;7;9;2;15;1;40;24;2,2,2,2,3,4,2,4,2,2,2,2,2,2,2,1,1,1,2,1,2,1,2,2;11,11,11,11,111,0111,01,1101,11,01,01,11,11,11,11,1,1,1,01,1,01,1,01,11
221_3;line;HARDBOP;UP;John Coltrane;SWING;2;16;1;17;4;17;8;3,4,2,3,2,2,3,2;110,0110,11,111,11,01,111,11
221_4;line;HARDBOP;UP;John Coltrane;SWING;3;18;3;20;3;20;9;2,2,2,2,2,2,3,3,2;11,11,11,11,11,11,111,111,11
221_5;line;HARDBOP;UP;John Coltrane;SWING;4;21;2;24;3;28;14;2,2,2,2,2,2,2,2,2,3,2,2,2,2;11,11,11,11,11,11,11,11,11,111,11,11,11,01
221_6;line;HARDBOP;UP;John Coltrane;SWING;8;25;1;32;3;59;29;2,4,3,2,2,2,3,2,2,2,1,2,2,2,2,3,2,2,2,4,2,2,2,2,3,2,3,6,3;01,1111,011,01,11,11,111,11,11,11,1,11,11,11,11,111,01,01,11,1101,01,11,11,11,110,11,111,001011,011
221_7;line;HARDBOP;UP;John Coltrane;SWING;2;33;1;34;1;8;5;2,2,2,2,1;01,11,11,11,1
221_8;line;HARDBOP;UP;John Coltrane;SWING;3;34;3;36;4;21;10;2,2,2,4,2,2,2,4,2,1;11,11,11,1111,11,11,11,1011,01,1
221_11;line;HARDBOP;UP;John Coltrane;SWING;3;39;3;41;4;20;10;1,3,2,2,2,2,2,2,3,2;1,111,11,11,11,11,11,11,110,11
221_12;line;HARDBOP;UP;John Coltrane;SWING;5;42;2;46;2;31;17;2,2,4,2,1,2,4,2,2,2,2,1,2,2,3,2,1;11,11,1111,01,1,11,1101,11,11,01,11,1,01,11,011,11,1
221_13;line;HARDBOP;UP;John Coltrane;SWING;5;47;1;51;4;42;20;2,2,2,3,1,4,2,2,2,2,2,4,3,2,2,2,2,4,4,1;11,11,11,111,1,1101,11,11,11,11,11,1101,011,11,11,11,11,1101,0110,1
221_14;line;HARDBOP;UP;John Coltrane;SWING;4;52;2;55;3;28;14;2,2,2,3,1,4,3,2,3,2,2,1,4,4;11,11,11,111,1,1101,011,01,111,01,11,1,1101,1100
221_15;line;HARDBOP;UP;John Coltrane;SWING;7;56;1;62;1;50;25;2,2,2,2,2,4,2,2,3,3,2,2,3,4,4,1,2,1,1,4,2,2,2,3,2;01,11,11,11,11,1101,11,11,110,110,11,11,111,0110,1111,1,01,1,1,0111,11,11,11,111,01
221_16;line;HARDBOP;UP;John Coltrane;SWING;4;62;4;65;2;20;10;2,3,3,2,2,2,2,4,2,3;01,011,011,11,11,11,11,0011,11,111
221_17;line;HARDBOP;UP;John Coltrane;SWING;6;65;4;70;1;38;18;4,2,2,3,3,4,3,2,4,4,2,1,2,3,2,4,3,2;0001,11,11,110,111,1011,011,01,1101,0111,11,1,11,110,11,1101,011,11
221_18;line;HARDBOP;UP;John Coltrane;SWING;5;71;2;75;2;32;16;4,2,2,2,2,2,2,1,3,3,2,2,3,3,3,2;1011,11,01,11,11,11,11,1,110,111,01,11,111,011,011,11
221_19;line;HARDBOP;UP;John Coltrane;SWING;3;76;1;78;2;21;10;4,2,2,2,4,3,2,4,2,1;1011,11,11,11,0110,111,11,0110,11,1
221_20;line;HARDBOP;UP;John Coltrane;SWING;8;78;4;85;4;58;29;3,2,2,1,3,2,3,3,2,3,2,2,3,3,4,2,2,1,4,4,2,2,2,2,3,2,2,4,3;011,11,01,1,111,11,110,110,01,111,01,11,111,111,0111,11,11,1,1001,1101,01,11,11,11,110,11,11,1001,011
221_21;line;HARDBOP;UP;John Coltrane;SWING;5;86;4;90;3;32;16;2,2,3,2,1,3,3,1,3,2,3,2,2,2,2,2;11,11,111,01,1,111,011,1,111,01,111,11,11,11,11,11
221_22;line;HARDBOP;UP;John Coltrane;SWING;5;91;2;95;2;31;17;2,3,2,3,2,2,2,2,1,2,2,2,4,3,2,3,3;01,111,01,111,11,11,11,11,1,01,01,11,1001,011,11,011,011
221_23;line;HARDBOP;UP;John Coltrane;SWING;9;95;4;103;2;61;31;2,3,2,2,2,2,2,2,3,2,2,2,2,3,2,2,3,2,2,3,4,3,2,2,2,2,2,3,2,2,3;01,011,01,11,11,11,11,11,111,11,11,01,11,110,11,11,111,11,01,110,1101,011,11,11,11,11,11,011,11,11,011
221_24;line;HARDBOP;UP;John Coltrane;SWING;3;104;1;106;3;23;11;4,3,4,2,1,2,2,2,4,4,2;1101,011,0110,11,1,11,11,11,1101,0110,11
221_25;line;HARDBOP;UP;John Coltrane;SWING;4;107;2;110;1;20;12;1,2,2,2,2,1,4,2,2,2,2,1;1,01,11,11,11,1,1001,11,11,11,11,1
221_26;line;HARDBOP;UP;John Coltrane;SWING;8;110;3;117;1;47;27;2,2,1,1,2,1,3,2,2,3,2,2,4,2,2,2,1,2,1,2,2,2,3,2,2,2,2;01,11,1,1,11,1,111,01,11,110,11,11,1101,11,11,01,1,11,1,01,11,11,110,11,11,11,11
221_27;line;HARDBOP;UP;John Coltrane;SWING;9;118;4;126;1;48;25;4,2,2,2,2,2,2,2,2,1,2,2,2,3,3,2,2,4,2,2,2,2,2,2,4;1110,11,11,11,11,11,11,11,11,1,11,11,11,110,111,11,11,0001,01,11,11,11,11,01,1001
222_1;line;HARDBOP;UP;John Coltrane;SWING;8;0;1;7;2;55;30;2,2,1,2,2,1,2,2,2,1,2,2,2,2,2,2,2,3,2,2,2,2,2,2,2,2,2,2,1,2;11,11,1,01,11,1,11,11,11,1,11,11,11,11,11,11,11,011,11,11,11,11,11,11,11,11,11,11,1,11
222_2;line;HARDBOP;UP;John Coltrane;SWING;7;8;1;14;1;48;25;2,2,2,2,2,2,2,2,2,2,2,2,2,2,2,2,2,2,2,2,2,2,2,2,1;11,11,11,11,11,11,11,11,11,11,11,11,11,11,11,11,11,11,01,11,11,11,11,11,1
222_3;lick;HARDBOP;UP;John Coltrane;SWING;2;14;3;15;3;9;5;2,2,2,2,2;11,11,11,01,11
222_4;lick;HARDBOP;UP;John Coltrane;SWING;5;16;2;20;4;26;15;3,2,4,4,2,2,2,2,2,2,2,2,2,2,1;111,01,1001,0001,11,11,11,11,11,11,11,11,01,01,1
222_5;line;HARDBOP;UP;John Coltrane;SWING;5;21;1;25;1;29;17;2,2,2,2,2,2,4,2,1,2,2,2,2,1,3,2,1;01,11,11,11,11,11,1001,01,1,01,11,11,11,1,111,11,1
222_6;lick;HARDBOP;UP;John Coltrane;SWING;4;25;3;28;1;18;10;3,2,2,2,2,4,2,4,1,2;111,01,01,11,11,1101,01,1011,1,01
222_7;line;HARDBOP;UP;John Coltrane;SWING;4;28;4;31;2;18;11;4,2,2,2,2,2,2,2,2,1,2;0001,01,11,11,11,11,11,11,11,1,01
222_8;line;HARDBOP;UP;John Coltrane;SWING;8;32;1;39;3;59;31;2,3,2,2,2,4,2,2,2,1,2,2,2,2,2,2,2,1,2,2,2,3,2,2,1,3,2,3,1,2,3;01,111,11,11,11,1001,11,11,11,1,11,11,11,11,11,11,11,1,01,11,11,111,11,11,1,111,11,011,1,11,011
222_9;lick;HARDBOP;UP;John Coltrane;SWING;9;40;2;48;1;55;30;4,1,2,4,2,4,4,2,2,4,2,2,2,2,2,2,2,2,2,2,2,1,4,2,2,2,2,2,2,1;0001,1,11,1101,11,1001,0001,11,01,1101,11,11,11,11,11,11,11,11,11,11,11,1,0011,11,11,11,11,11,01,1
222_10;line;HARDBOP;UP;John Coltrane;SWING;6;49;1;54;3;42;23;2,2,2,3,2,2,2,3,2,3,2,2,2,2,2,2,2,2,2,2,4,1,1;01,11,11,011,11,11,11,011,11,011,01,11,11,11,01,11,11,11,11,11,1101,1,1
222_11;line;HARDBOP;UP;John Coltrane;SWING;5;55;1;59;3;31;17;2,1,3,2,4,2,2,2,2,2,2,2,2,2,1,1,4;01,1,111,01,1101,11,11,11,11,11,11,11,11,11,1,1,1100
222_12;lick;HARDBOP;UP;John Coltrane;SWING;4;60;1;63;3;23;15;2,3,1,3,1,2,2,2,2,2,2,2,2,2,1;01,111,1,110,1,01,11,01,01,01,11,11,11,11,1
222_13;lick;HARDBOP;UP;John Coltrane;SWING;5;64;1;68;3;26;16;2,2,1,2,2,4,2,2,2,2,2,2,1,4,1,2;01,11,1,01,11,0001,11,11,11,11,11,11,1,1001,1,11
222_14;line;HARDBOP;UP;John Coltrane;SWING;7;69;2;75;3;47;25;2,2,4,2,2,2,2,2,2,2,2,2,2,2,2,2,2,2,2,3,4,1,2,2,2;11,11,1101,11,01,11,11,11,11,11,11,11,11,11,11,11,11,11,11,011,0001,1,11,01,11
222_15;lick;HARDBOP;UP;John Coltrane;SWING;2;76;1;77;4;12;6;2,3,4,2,2,1;01,111,1011,11,11,1
222_16;line;HARDBOP;UP;John Coltrane;SWING;2;78;1;79;3;12;7;1,4,2,2,2,2,1;1,1001,11,11,11,11,1
222_17;lick;HARDBOP;UP;John Coltrane;SWING;5;80;1;84;2;31;16;3,2,2,2,2,2,2,2,4,2,2,2,2,4,2,2;011,01,11,11,11,11,11,01,1101,11,11,11,11,0011,11,11
222_18;line;HARDBOP;UP;John Coltrane;SWING;5;85;1;89;4;43;20;2,2,2,2,2,2,2,2,3,2,3,1,3,3,2,2,4,3,4,1;01,11,11,11,11,11,11,11,111,01,111,1,111,011,11,11,0111,111,1111,1
222_19;lick;HARDBOP;UP;John Coltrane;SWING;2;90;2;91;3;9;3;2,4,4;11,1111,1101
222_20;lick;HARDBOP;UP;John Coltrane;SWING;2;92;1;93;3;11;7;2,4,2,1,1,2,2;01,1111,01,1,1,01,11
222_21;line;HARDBOP;UP;John Coltrane;SWING;6;94;1;99;1;40;20;2,2,4,3,2,4,2,2,2,1,4,4,4,4,2,2,2,2,2,2;01,11,1011,011,01,1011,01,11,11,1,1001,1101,0110,1101,11,11,11,11,11,11
222_22;line;HARDBOP;UP;John Coltrane;SWING;9;99;4;107;2;54;31;2,1,4,2,3,2,6,1,4,1,3,2,2,1,2,2,2,2,1,4,2,2,2,2,2,2,1,1,4,2,2;01,1,0001,11,011,01,000011,1,1101,1,111,11,11,1,11,11,11,11,1,1101,11,11,11,11,11,11,1,1,0001,11,11
222_23;lick;HARDBOP;UP;John Coltrane;SWING;4;108;1;111;4;23;16;2,2,1,1,1,2,1,1,3,2,2,2,2,2,2,1;01,11,1,1,1,01,1,1,011,11,11,11,11,11,01,1
222_24;line;HARDBOP;UP;John Coltrane;SWING;5;112;3;116;1;22;14;2,1,2,3,2,4,1,3,2,2,2,2,2,1;01,1,01,111,01,0001,1,011,11,11,11,11,11,1
222_25;line;HARDBOP;UP;John Coltrane;SWING;6;116;3;121;4;43;22;2,2,2,2,2,2,2,3,2,2,1,2,2,1,2,2,2,4,2,2,4,2;11,11,11,11,11,11,11,011,11,11,1,11,11,1,11,11,11,1011,01,11,1101,11
222_26;lick;HARDBOP;UP;John Coltrane;SWING;6;122;3;127;3;34;20;1,3,2,2,1,1,2,1,4,2,3,2,2,2,2,2,2,2,2,1;1,011,11,11,1,1,11,1,0001,11,011,11,11,11,11,11,11,11,11,1
222_27;line;HARDBOP;UP;John Coltrane;SWING;4;128;2;131;3;19;11;3,2,2,2,2,1,4,1,3,4,3;011,11,11,11,11,1,0011,1,011,0001,011
222_28;line;HARDBOP;UP;John Coltrane;SWING;5;132;1;136;3;34;18;2,3,2,2,2,4,4,2,3,2,2,2,2,2,2,2,4,1;01,110,01,01,11,1110,1011,11,011,11,11,11,11,11,11,11,1001,1
222_29;lick;HARDBOP;UP;John Coltrane;SWING;4;137;1;140;1;24;13;2,2,2,2,4,1,2,2,3,2,2,2,1;01,11,11,11,1001,1,11,11,111,11,11,11,1
222_30;line;HARDBOP;UP;John Coltrane;SWING;7;140;3;146;1;38;21;1,1,2,2,2,2,2,2,2,2,2,2,1,4,2,1,3,2,2,2,1;1,1,01,11,11,11,11,11,11,11,11,11,1,1101,11,1,111,11,11,11,1
222_31;line;HARDBOP;UP;John Coltrane;SWING;3;146;3;148;1;12;7;2,1,3,2,2,3,1;01,1,111,11,11,011,1
222_32;lick;HARDBOP;UP;John Coltrane;SWING;3;148;3;150;1;12;7;4,2,1,4,2,2,1;1001,01,1,1101,11,11,1
222_33;line;HARDBOP;UP;John Coltrane;SWING;7;150;3;156;1;42;23;2,2,2,2,2,1,2,2,2,3,3,2,2,2,2,2,2,2,2,2,1,4,1;01,11,11,11,11,1,11,01,11,111,011,11,11,11,11,11,01,11,11,11,1,1110,1
222_34;line;HARDBOP;UP;John Coltrane;SWING;5;156;3;160;1;24;14;4,1,2,2,2,2,2,2,2,2,4,1,2,4;0110,1,01,11,11,11,11,11,11,11,0011,1,01,1001
222_35;lick;HARDBOP;UP;John Coltrane;SWING;2;161;2;162;4;10;6;4,2,1,2,3,1;1100,01,1,11,111,1
222_36;lick;HARDBOP;UP;John Coltrane;SWING;9;163;2;171;4;51;31;2,1,2,2,2,4,1,2,2,2,3,3,1,2,2,1,2,2,2,2,2,2,2,2,2,2,2,1,2,2,1;01,1,11,11,01,1001,1,11,01,11,011,011,1,11,11,1,11,11,11,11,11,11,11,11,11,11,01,1,11,01,1
222_37;line;HARDBOP;UP;John Coltrane;SWING;7;172;2;178;2;41;24;2,1,2,2,2,2,2,2,2,2,2,4,2,2,3,2,2,1,2,2,2,2,2,1;01,1,01,11,11,01,01,11,11,11,11,1011,01,11,111,11,11,1,11,11,11,11,01,1
223_1;line;HARDBOP;UP;John Coltrane;SWING;9;1;1;9;3;69;35;2,3,2,2,2,1,2,2,3,2,3,2,1,2,2,2,3,3,2,4,2,2,2,2,1,2,2,1,6,2,4,2,2,3,1;11,111,01,11,11,1,11,11,011,11,011,11,1,11,11,11,011,111,11,1101,11,11,01,11,1,11,11,1,001111,11,1101,11,11,011,1
223_2;lick;HARDBOP;UP;John Coltrane;SWING;7;10;1;16;1;28;18;4,3,2,2,1,4,4,2,2,2,4,1,2,2,2,1,3,1;0001,110,11,01,1,1100,1100,11,01,11,0001,1,01,11,11,1,111,1
223_3;line;HARDBOP;UP;John Coltrane;SWING;10;17;1;26;1;72;37;2,2,4,2,2,2,2,2,2,2,2,2,2,2,2,2,2,2,2,3,4,2,4,2,2,2,2,4,2,2,2,2,2,2,2,2,1;01,11,1001,11,11,11,11,11,11,11,11,11,11,01,11,11,11,11,11,111,1011,01,1001,11,11,11,11,1011,11,01,11,11,11,11,11,11,1
223_4;line;HARDBOP;UP;John Coltrane;SWING;2;26;3;27;4;8;6;4,1,1,4,2,1;1100,1,1,0001,11,1
223_5;lick;HARDBOP;UP;John Coltrane;SWING;2;28;1;29;4;8;7;2,4,1,1,2,1,2;01,1001,1,1,01,1,11
223_6;lick;HARDBOP;UP;John Coltrane;SWING;4;29;4;32;1;13;9;2,2,3,1,4,2,2,2,2;11,11,011,1,0011,01,01,01,11
224_2;lick;POSTBOP;UP;John Coltrane;SWING;1;0;3;0;4;3;2;1,2;1,11
224_3;lick;POSTBOP;UP;John Coltrane;SWING;2;2;1;3;1;7;5;1,3,2,1,1;1,011,11,1,1
224_4;lick;POSTBOP;UP;John Coltrane;SWING;8;3;4;10;4;38;24;2,4,1,1,4,2,2,3,1,2,2,4,3,4,2,2,1,1,2,4,2,3,1,1;01,1100,1,1,1001,01,01,110,1,11,11,1011,011,0011,01,01,1,1,11,1011,01,111,1,1
224_5;line;POSTBOP;UP;John Coltrane;SWING;5;11;3;15;3;33;17;2,2,2,2,2,4,4,2,4,2,2,2,2,4,3,2,1;11,01,11,11,11,1011,0011,11,0011,11,11,01,11,1011,111,01,1
224_6;lick;POSTBOP;UP;John Coltrane;SWING;2;17;2;18;2;9;5;2,2,2,4,1;11,11,01,1011,1
224_7;lick;POSTBOP;UP;John Coltrane;SWING;2;19;1;20;2;9;5;4,4,2,3,3;0001,0011,11,011,011
224_8;lick;POSTBOP;UP;John Coltrane;SWING;2;21;3;22;3;9;5;4,2,4,2,1;1011,01,1011,01,1
224_9;lick;POSTBOP;UP;John Coltrane;SWING;1;23;1;23;3;4;3;2,2,1;01,11,1
224_10;lick;POSTBOP;UP;John Coltrane;SWING;2;23;4;24;2;7;3;4,4,2;0011,1011,11
224_11;lick;POSTBOP;UP;John Coltrane;SWING;1;25;1;25;3;4;3;2,2,1;01,11,1
224_12;lick;POSTBOP;UP;John Coltrane;SWING;2;25;4;26;2;6;3;2,3,2;01,111,11
224_13;lick;POSTBOP;UP;John Coltrane;SWING;1;27;1;27;4;8;4;2,2,2,3;11,11,11,011
224_14;lick;POSTBOP;UP;John Coltrane;SWING;1;28;2;28;4;5;3;4,3,2;0001,011,11
224_15;line;POSTBOP;UP;John Coltrane;SWING;3;29;3;31;4;18;10;1,2,4,3,2,2,2,2,3,2;1,01,1011,011,11,01,11,11,111,01
224_16;lick;POSTBOP;UP;John Coltrane;SWING;2;32;3;33;2;6;4;4,2,2,3;0001,01,11,110
224_17;lick;POSTBOP;UP;John Coltrane;SWING;1;34;1;34;3;5;3;2,2,1;11,11,1
224_18;line;POSTBOP;UP;John Coltrane;SWING;4;35;2;38;2;26;13;2,4,2,2,2,4,4,2,2,3,1,2,1;11,1011,11,11,01,1011,0011,11,11,111,1,11,1
224_19;lick;POSTBOP;UP;John Coltrane;SWING;1;39;1;39;3;5;3;2,3,1;01,111,1
224_20;lick;POSTBOP;UP;John Coltrane;SWING;1;40;1;40;3;4;3;1,2,1;1,11,1
224_21;lick;POSTBOP;UP;John Coltrane;SWING;1;41;1;41;2;4;2;2,2;11,11
224_22;lick;POSTBOP;UP;John Coltrane;SWING;1;42;1;42;2;4;2;1,3;1,111
224_23;lick;POSTBOP;UP;John Coltrane;SWING;2;42;4;43;2;4;3;4,4,3;0001,0001,011
224_24;lick;POSTBOP;UP;John Coltrane;SWING;2;43;4;44;2;5;3;4,3,3;0001,011,011
224_25;lick;POSTBOP;UP;John Coltrane;SWING;1;45;1;45;2;5;2;1,7;1,1001011
224_26;lick;POSTBOP;UP;John Coltrane;SWING;2;45;4;46;4;9;5;4,2,2,2,5;0001,01,01,11,10111
224_27;lick;POSTBOP;UP;John Coltrane;SWING;2;47;2;48;3;11;6;2,4,5,2,2,4;01,0001,00111,01,11,1011
224_28;lick;POSTBOP;UP;John Coltrane;SWING;2;48;4;49;3;4;3;4,2,1;0001,11,1
224_29;lick;POSTBOP;UP;John Coltrane;SWING;1;50;1;50;4;9;4;4,2,3,3;1011,11,011,011
224_30;lick;POSTBOP;UP;John Coltrane;SWING;2;51;2;52;2;7;5;4,4,2,2,2;0001,0001,01,11,11
224_31;lick;POSTBOP;UP;John Coltrane;SWING;2;52;4;53;1;3;2;2,1;11,1
224_32;lick;POSTBOP;UP;John Coltrane;SWING;1;53;2;53;4;4;3;4,3,1;0001,011,1
224_33;lick;POSTBOP;UP;John Coltrane;SWING;2;54;2;55;1;8;4;2,2,3,1;11,11,111,1
224_34;line;POSTBOP;UP;John Coltrane;SWING;2;55;2;56;3;12;6;4,3,2,2,3,4;0001,011,11,01,111,1011
224_35;lick;POSTBOP;UP;John Coltrane;SWING;1;57;2;57;2;3;1;3;111
224_36;lick;POSTBOP;UP;John Coltrane;SWING;2;57;4;58;2;4;3;2,3,2;01,011,01
224_37;lick;POSTBOP;UP;John Coltrane;SWING;2;58;4;59;2;7;3;2,4,3;11,1011,011
224_38;lick;POSTBOP;UP;John Coltrane;SWING;2;60;1;61;1;9;5;3,4,2,1,4;111,0011,11,1,1001
224_39;lick;POSTBOP;UP;John Coltrane;SWING;3;61;1;63;3;20;10;4,4,1,4,2,1,2,2,2,2;1001,1111,1,0111,11,1,11,11,11,11
224_40;lick;POSTBOP;UP;John Coltrane;SWING;2;64;2;65;2;7;4;3,4,2,4;011,0001,01,0111
224_41;lick;POSTBOP;UP;John Coltrane;SWING;1;66;1;66;2;6;2;4,4;1011,0111
224_42;lick;POSTBOP;UP;John Coltrane;SWING;1;67;1;67;4;9;4;2,3,4,3;11,110,1011,011
224_43;line;POSTBOP;UP;John Coltrane;SWING;4;68;3;71;2;25;12;4,2,4,1,2,3,3,2,2,2,1,4;1111,01,1011,1,01,111,111,01,11,11,1,1110
224_44;lick;POSTBOP;UP;John Coltrane;SWING;2;72;2;73;4;8;5;4,2,1,4,2;1110,01,1,1001,01
224_45;line;POSTBOP;UP;John Coltrane;SWING;2;74;2;75;4;12;6;4,2,2,4,2,4;0001,11,11,1011,01,1011
224_46;lick;POSTBOP;UP;John Coltrane;SWING;2;76;3;77;1;5;3;4,2,1;1011,01,1
224_47;line;POSTBOP;UP;John Coltrane;SWING;4;77;2;80;2;23;12;4,2,2,2,1,2,2,2,3,2,2,3;1011,11,01,11,1,11,11,01,111,11,01,111
224_48;lick;POSTBOP;UP;John Coltrane;SWING;2;81;3;82;3;3;2;1,2;1,11
224_49;lick;POSTBOP;UP;John Coltrane;SWING;2;83;2;84;3;9;5;4,2,2,4,1;0111,01,11,1001,1
224_51;line;POSTBOP;UP;John Coltrane;SWING;1;93;1;93;4;8;4;3,2,3,1;111,01,111,1
224_52;line;POSTBOP;UP;John Coltrane;SWING;1;94;1;94;3;5;3;3,2,1;011,11,1
224_53;line;POSTBOP;UP;John Coltrane;SWING;2;94;4;95;3;8;4;4,4,4,1;0001,0111,1101,1
224_55;lick;POSTBOP;UP;John Coltrane;SWING;2;98;2;99;1;4;3;2,2,2;01,01,11
224_56;lick;POSTBOP;UP;John Coltrane;SWING;2;100;2;101;1;4;3;1,2,1;1,11,1
224_57;lick;POSTBOP;UP;John Coltrane;SWING;3;101;2;103;1;13;8;4,3,6,2,1,1,4,1;0001,011,000111,11,1,1,0011,1
224_59;line;POSTBOP;UP;John Coltrane;SWING;2;103;4;104;4;10;5;2,4,2,2,4;01,1011,01,11,1011
224_60;line;POSTBOP;UP;John Coltrane;SWING;1;105;2;105;2;1;1;2;01
224_61;lick;POSTBOP;UP;John Coltrane;SWING;2;105;4;106;1;2;2;4,1;0001,1
224_62;lick;POSTBOP;UP;John Coltrane;SWING;1;106;2;106;3;2;2;2,1;01,1
224_63;lick;POSTBOP;UP;John Coltrane;SWING;2;106;4;107;1;2;2;4,1;0001,1
224_64;lick;POSTBOP;UP;John Coltrane;SWING;1;107;2;107;3;2;2;2,1;01,1
224_65;lick;POSTBOP;UP;John Coltrane;SWING;2;107;4;108;4;10;5;2,3,2,3,3;01,111,11,011,011
224_66;lick;POSTBOP;UP;John Coltrane;SWING;1;109;2;109;2;2;1;4;0011
224_67;lick;POSTBOP;UP;John Coltrane;SWING;2;109;4;110;4;10;5;2,2,3,2,3;01,11,111,01,111
224_68;lick;POSTBOP;UP;John Coltrane;SWING;1;111;2;111;2;2;1;3;011
224_69;lick;POSTBOP;UP;John Coltrane;SWING;2;111;4;112;1;4;2;2,4;01,1110
224_70;lick;POSTBOP;UP;John Coltrane;SWING;2;112;2;113;1;4;3;2,3,1;01,011,1
224_71;lick;POSTBOP;UP;John Coltrane;SWING;1;113;2;113;2;2;1;3;011
224_72;lick;POSTBOP;UP;John Coltrane;SWING;2;113;4;114;1;2;2;2,1;01,1
224_73;lick;POSTBOP;UP;John Coltrane;SWING;2;114;2;115;1;7;4;2,4,2,1;01,1110,11,1
224_74;lick;POSTBOP;UP;John Coltrane;SWING;1;115;3;115;3;1;1;1;1
224_75;lick;POSTBOP;UP;John Coltrane;SWING;2;115;4;116;1;2;2;2,1;01,1
224_76;lick;POSTBOP;UP;John Coltrane;SWING;1;116;2;116;4;5;3;4,3,4;0001,011,0011
224_77;lick;POSTBOP;UP;John Coltrane;SWING;1;117;2;117;3;2;2;2,1;01,1
224_78;lick;POSTBOP;UP;John Coltrane;SWING;2;117;4;118;4;9;5;2,2,2,2,2;01,11,11,11,11
224_79;lick;POSTBOP;UP;John Coltrane;SWING;1;119;3;119;3;1;1;1;1
224_80;lick;POSTBOP;UP;John Coltrane;SWING;3;119;4;121;1;10;6;2,3,2,2,2,1;01,111,01,11,11,1
224_81;lick;POSTBOP;UP;John Coltrane;SWING;1;121;2;121;2;2;1;3;011
224_82;lick;POSTBOP;UP;John Coltrane;SWING;1;121;4;121;4;2;1;3;011
224_83;lick;POSTBOP;UP;John Coltrane;SWING;2;122;2;123;1;7;4;3,4,2,1;011,0111,01,1
224_84;lick;POSTBOP;UP;John Coltrane;SWING;1;123;2;123;2;1;1;4;0001
224_85;lick;POSTBOP;UP;John Coltrane;SWING;1;123;4;123;4;2;1;4;0011
224_86;lick;POSTBOP;UP;John Coltrane;SWING;1;124;2;124;3;3;2;3,1;011,1
224_87;lick;POSTBOP;UP;John Coltrane;SWING;1;124;4;124;4;3;1;6;000111
224_88;lick;POSTBOP;UP;John Coltrane;SWING;1;125;3;125;3;1;1;1;1
224_89;lick;POSTBOP;UP;John Coltrane;SWING;2;125;4;126;1;3;2;3,1;011,1
224_90;lick;POSTBOP;UP;John Coltrane;SWING;2;126;2;127;2;10;5;2,3,3,2,3;01,111,011,11,110
224_92;lick;POSTBOP;UP;John Coltrane;SWING;4;132;2;135;2;22;12;2,2,4,3,3,2,2,2,2,3,2,3;01,01,1011,011,011,01,11,01,11,111,01,111
224_93;line;POSTBOP;UP;John Coltrane;SWING;1;136;2;136;4;4;2;2,3;01,111
224_94;line;POSTBOP;UP;John Coltrane;SWING;2;137;2;138;2;12;5;2,4,2,2,4;11,1111,01,11,1011
224_95;lick;POSTBOP;UP;John Coltrane;SWING;1;139;1;139;3;4;3;1,2,1;1,11,1
224_96;lick;POSTBOP;UP;John Coltrane;SWING;1;140;1;140;2;4;2;2,2;11,11
224_97;lick;POSTBOP;UP;John Coltrane;SWING;2;140;4;141;1;5;2;4,2;1011,11
224_98;lick;POSTBOP;UP;John Coltrane;SWING;1;141;3;141;4;4;2;4,2;1011,01
224_99;line;POSTBOP;UP;John Coltrane;SWING;1;142;1;142;4;7;4;4,3,3,3;0001,011,011,011
224_100;line;POSTBOP;UP;John Coltrane;SWING;2;143;3;144;3;9;5;3,3,4,2,4;111,011,0011,01,1001
224_101;lick;POSTBOP;UP;John Coltrane;SWING;2;144;3;145;1;4;3;4,3,2;1001,011,01
224_102;lick;POSTBOP;UP;John Coltrane;SWING;1;145;3;145;4;4;2;4,1;1011,1
224_110;line;POSTBOP;UP;John Coltrane;SWING;3;151;4;153;2;10;7;4,2,3,3,4,2,1;0001,01,111,011,0001,01,1
224_122;lick;POSTBOP;UP;John Coltrane;SWING;2;162;2;163;2;9;5;4,2,3,3,2;0001,11,011,011,11
224_123;lick;POSTBOP;UP;John Coltrane;SWING;1;164;1;164;3;5;3;4,2,1;1011,01,1
224_124;line;POSTBOP;UP;John Coltrane;SWING;3;165;1;167;3;23;11;1,6,2,3,2,2,4,3,2,2,1;1,100111,11,111,11,01,1101,011,11,11,1
224_125;lick;POSTBOP;UP;John Coltrane;SWING;2;168;2;169;2;7;5;3,1,4,2,3;011,1,0001,01,011
224_126;lick;POSTBOP;UP;John Coltrane;SWING;1;170;1;170;2;5;2;2,3;11,111
224_127;lick;POSTBOP;UP;John Coltrane;SWING;2;170;4;171;2;6;3;2,2,4;01,11,0111
224_128;lick;POSTBOP;UP;John Coltrane;SWING;3;171;4;173;2;13;7;4,4,3,3,3,3,2;0001,0110,011,011,011,011,11
224_129;lick;POSTBOP;UP;John Coltrane;SWING;3;174;1;176;2;19;9;4,3,2,3,2,2,3,2,2;1011,011,11,011,11,11,011,11,11
224_130;lick;POSTBOP;UP;John Coltrane;SWING;3;177;1;179;2;18;10;4,2,1,3,3,1,2,3,2,3;0001,01,1,111,011,1,11,111,01,111
224_131;lick;POSTBOP;UP;John Coltrane;SWING;4;180;3;183;3;16;11;1,4,2,2,2,3,3,2,1,2,2;1,1100,01,01,11,011,011,01,1,01,11
224_132;lick;POSTBOP;UP;John Coltrane;SWING;3;184;2;186;1;15;8;4,3,3,2,2,1,4,4;0001,011,011,11,11,1,0011,1011
224_133;lick;POSTBOP;UP;John Coltrane;SWING;2;187;1;188;2;10;6;2,3,1,2,3,1;01,111,1,01,111,1
224_134;lick;POSTBOP;UP;John Coltrane;SWING;2;189;2;190;2;8;5;2,1,2,2,2;11,1,01,11,11
224_135;lick;POSTBOP;UP;John Coltrane;SWING;2;191;3;192;4;8;5;1,2,2,2,1;1,11,11,11,1
224_136;lick;POSTBOP;UP;John Coltrane;SWING;2;193;3;194;4;11;6;4,4,2,2,2,1;1110,0001,11,11,11,1
224_137;lick;POSTBOP;UP;John Coltrane;SWING;2;195;2;196;4;11;6;4,2,3,4,2,2;0001,11,011,0111,01,11
224_138;lick;POSTBOP;UP;John Coltrane;SWING;1;198;1;198;4;9;4;4,2,2,3;1011,01,11,111
224_139;lick;POSTBOP;UP;John Coltrane;SWING;2;199;4;200;4;8;5;4,2,2,3,2;0001,11,11,011,01
224_140;lick;POSTBOP;UP;John Coltrane;SWING;3;201;4;203;1;9;6;4,3,2,2,2,1;0001,011,11,01,11,1
224_141;line;POSTBOP;UP;John Coltrane;SWING;5;203;4;207;1;27;14;4,3,2,2,4,4,2,2,2,2,2,3,2,1;0001,011,11,11,0110,1101,11,11,11,11,11,111,01,1
224_142;line;POSTBOP;UP;John Coltrane;SWING;3;208;2;210;3;17;10;4,2,2,4,4,3,3,2,2,1;0001,01,01,1011,0111,011,011,11,01,1
224_143;lick;POSTBOP;UP;John Coltrane;SWING;2;211;3;212;4;9;5;4,2,2,4,2;0001,11,01,1011,11
224_144;lick;POSTBOP;UP;John Coltrane;SWING;1;214;1;214;4;9;4;4,2,4,2;1011,11,0110,11
224_145;lick;POSTBOP;UP;John Coltrane;SWING;2;215;3;216;3;11;5;3,2,1,3,2;111,11,1,111,11
224_146;lick;POSTBOP;UP;John Coltrane;SWING;2;217;3;218;4;13;6;3,2,4,2,2,1;111,11,1101,11,11,1
224_147;lick;POSTBOP;UP;John Coltrane;SWING;2;219;4;220;3;7;4;2,3,4,2;01,011,0111,01
224_148;lick;POSTBOP;UP;John Coltrane;SWING;1;222;1;222;1;1;1;1;1
224_149;lick;POSTBOP;UP;John Coltrane;SWING;4;222;3;225;1;19;10;2,4,2,2,1,4,4,2,4,1;11,1011,11,11,1,1101,0110,01,1001,1
224_151;lick;POSTBOP;UP;John Coltrane;SWING;4;228;3;231;1;12;8;2,2,1,3,2,2,2,2;01,01,1,011,01,11,11,11
224_152;lick;POSTBOP;UP;John Coltrane;SWING;4;232;2;235;1;11;9;2,1,4,2,2,2,4,1,2;01,1,0001,11,01,01,0001,1,11
224_153;lick;POSTBOP;UP;John Coltrane;SWING;3;236;2;238;4;11;9;2,1,2,1,1,4,2,1,1;01,1,11,1,1,1001,01,1,1
224_154;lick;POSTBOP;UP;John Coltrane;SWING;2;239;1;240;2;6;6;2,4,4,2,2,1;01,0001,0001,01,01,1
224_162;line;POSTBOP;UP;John Coltrane;SWING;2;257;4;258;4;6;4;2,2,2,1;01,11,11,1
224_163;line;POSTBOP;UP;John Coltrane;SWING;2;259;3;260;3;11;5;2,3,2,2,4;11,110,11,11,1011
224_164;lick;POSTBOP;UP;John Coltrane;SWING;1;261;3;261;4;4;2;4,2;1001,11
224_165;line;POSTBOP;UP;John Coltrane;SWING;3;262;2;264;4;22;11;2,2,1,4,2,4,2,3,3,4,4;01,11,1,1011,01,1011,11,011,011,1011,0011
224_166;lick;POSTBOP;UP;John Coltrane;SWING;1;265;3;265;3;1;1;1;1
224_167;lick;POSTBOP;UP;John Coltrane;SWING;2;265;4;266;1;2;2;2,1;01,1
224_168;lick;POSTBOP;UP;John Coltrane;SWING;1;266;3;266;3;1;1;1;1
224_169;lick;POSTBOP;UP;John Coltrane;SWING;1;267;1;267;1;3;1;4;1011
224_170;lick;POSTBOP;UP;John Coltrane;SWING;1;267;3;267;4;3;2;4,4;0001,0011
224_171;lick;POSTBOP;UP;John Coltrane;SWING;2;268;3;269;1;5;3;2,2,1;11,11,1
224_172;line;POSTBOP;UP;John Coltrane;SWING;3;269;3;271;2;14;7;2,4,4,1,2,3,2;11,1011,1011,1,01,111,01
224_173;line;POSTBOP;UP;John Coltrane;SWING;2;272;3;273;3;10;5;4,2,2,2,1;1111,01,11,11,1
224_174;lick;POSTBOP;UP;John Coltrane;SWING;1;274;1;274;4;8;4;1,4,3,2;1,1011,011,11
224_175;line;POSTBOP;UP;John Coltrane;SWING;2;275;3;276;3;11;5;4,3,2,3,2;1101,011,01,111,11
224_176;line;POSTBOP;UP;John Coltrane;SWING;2;277;2;278;1;7;4;2,2,2,2;01,11,11,11
224_177;line;POSTBOP;UP;John Coltrane;SWING;3;279;2;281;1;13;8;4,2,1,4,1,4,2,1;0001,11,1,1011,1,1101,01,1
224_178;lick;POSTBOP;UP;John Coltrane;SWING;2;281;3;282;3;7;3;2,2,4;11,11,1011
224_179;line;POSTBOP;UP;John Coltrane;SWING;2;283;3;284;3;9;5;2,2,2,2,1;11,11,11,11,1
224_180;line;POSTBOP;UP;John Coltrane;SWING;2;285;2;286;1;7;4;2,4,2,1;11,1011,01,1
224_181;line;POSTBOP;UP;John Coltrane;SWING;1;286;2;286;4;6;3;4,2,6;0001,11,001011
224_182;line;POSTBOP;UP;John Coltrane;SWING;2;287;3;288;1;6;3;4,2,1;1011,11,1
224_183;lick;POSTBOP;UP;John Coltrane;SWING;2;288;3;289;1;5;3;2,2,1;11,11,1
224_184;lick;POSTBOP;UP;John Coltrane;SWING;1;289;3;289;4;3;2;2,2;11,01
224_185;lick;POSTBOP;UP;John Coltrane;SWING;1;290;3;290;4;5;2;4,3;1011,011
224_186;lick;POSTBOP;UP;John Coltrane;SWING;2;291;3;292;2;8;4;4,2,2,3;1100,01,11,111
224_187;line;POSTBOP;UP;John Coltrane;SWING;3;292;4;294;2;13;7;4,2,3,2,4,2,3;0001,01,110,11,1011,11,011
224_188;lick;POSTBOP;UP;John Coltrane;SWING;1;295;1;295;4;8;4;3,2,4,3;011,01,1011,011
224_189;lick;POSTBOP;UP;John Coltrane;SWING;1;296;2;296;4;6;3;4,2,4;0001,11,0111
224_190;line;POSTBOP;UP;John Coltrane;SWING;4;297;3;300;1;17;10;3,1,2,2,2,2,3,3,2,1;011,1,01,11,11,11,110,111,01,1
224_191;line;POSTBOP;UP;John Coltrane;SWING;5;301;1;305;2;30;17;2,1,2,2,2,2,4,2,2,1,3,3,3,2,3,2,2;01,1,01,11,11,11,1101,01,11,1,110,110,111,01,111,01,11
224_192;line;POSTBOP;UP;John Coltrane;SWING;3;306;2;308;3;15;9;2,4,2,4,3,2,3,2,3;01,0011,11,0001,011,01,111,01,011
224_193;line;POSTBOP;UP;John Coltrane;SWING;10;310;1;319;1;70;36;3,2,3,4,2,4,2,3,2,2,3,4,2,2,2,4,3,2,4,2,4,2,3,2,3,3,2,1,2,2,4,3,3,2,2,1;110,11,011,0110,11,1011,01,111,11,01,110,1011,01,11,11,1101,011,01,1011,01,1011,01,111,01,111,011,01,1,01,11,1101,011,011,11,11,1
224_195;lick;POSTBOP;UP;John Coltrane;SWING;2;322;2;323;1;4;3;2,2,2;01,01,11
224_196;line;POSTBOP;UP;John Coltrane;SWING;5;324;2;328;2;33;16;1,3,3,3,4,2,2,2,2,2,4,2,2,2,2,6;1,011,011,110,1011,11,01,11,11,11,1011,01,11,11,11,101011
224_197;lick;POSTBOP;UP;John Coltrane;SWING;1;329;2;329;3;3;2;2,1;11,1
224_198;lick;POSTBOP;UP;John Coltrane;SWING;1;330;1;330;2;4;2;2,2;11,11
224_200;lick;POSTBOP;UP;John Coltrane;SWING;1;335;2;335;4;7;3;4,3,3;1011,011,011
224_201;lick;POSTBOP;UP;John Coltrane;SWING;2;336;3;337;2;10;4;3,4,2,4;111,1011,01,1011
224_202;lick;POSTBOP;UP;John Coltrane;SWING;1;338;1;338;2;5;2;2,4;11,1011
224_203;lick;POSTBOP;UP;John Coltrane;SWING;2;338;4;339;2;5;3;4,3,2;0001,011,11
224_204;lick;POSTBOP;UP;John Coltrane;SWING;2;339;4;340;4;11;5;2,4,4,2,4;01,0110,1111,01,1011
224_206;line;POSTBOP;UP;John Coltrane;SWING;2;342;4;343;2;6;3;3,3,2;011,011,11
224_207;lick;POSTBOP;UP;John Coltrane;SWING;1;344;1;344;4;9;4;2,4,2,4;11,1011,01,1011
224_211;lick;POSTBOP;UP;John Coltrane;SWING;1;347;1;347;2;6;2;2,4;11,1111
224_212;lick;POSTBOP;UP;John Coltrane;SWING;1;348;1;348;4;8;4;3,2,2,3;111,11,01,011
224_213;lick;POSTBOP;UP;John Coltrane;SWING;1;349;2;349;4;4;3;4,2,2;0001,11,01
224_214;lick;POSTBOP;UP;John Coltrane;SWING;1;350;2;350;3;4;2;3,1;111,1
224_215;lick;POSTBOP;UP;John Coltrane;SWING;2;351;2;352;1;8;4;3,1,3,1;111,1,111,1
224_217;lick;POSTBOP;UP;John Coltrane;SWING;1;360;1;360;3;5;3;2,4,2;01,1101,01
224_218;lick;POSTBOP;UP;John Coltrane;SWING;2;361;3;362;1;5;3;2,2,2;01,11,11
224_219;lick;POSTBOP;UP;John Coltrane;SWING;1;362;2;362;4;5;3;2,2,2;01,11,11
224_220;lick;POSTBOP;UP;John Coltrane;SWING;2;363;2;364;2;8;5;4,2,3,2,3;0001,01,011,11,011
224_221;lick;POSTBOP;UP;John Coltrane;SWING;2;364;4;365;4;10;5;4,3,4,2,2;0001,011,0111,11,11
224_222;lick;POSTBOP;UP;John Coltrane;SWING;3;366;3;368;1;13;7;3,2,2,3,3,2,1;110,11,11,111,011,01,1
224_223;lick;POSTBOP;UP;John Coltrane;SWING;2;368;3;369;4;13;6;2,2,2,4,2,2;11,11,11,1011,11,11
224_224;line;POSTBOP;UP;John Coltrane;SWING;2;370;3;371;2;9;4;3,3,2,3;111,011,11,011
224_225;lick;POSTBOP;UP;John Coltrane;SWING;1;372;1;372;3;5;3;2,2,1;11,11,1
224_226;lick;POSTBOP;UP;John Coltrane;SWING;2;372;4;373;4;9;5;4,2,2,2,3;0001,01,11,11,111
224_227;line;POSTBOP;UP;John Coltrane;SWING;2;374;3;375;2;10;4;4,3,4,4;1001,011,1011,1101
224_228;lick;POSTBOP;UP;John Coltrane;SWING;1;376;1;376;3;5;3;2,2,1;11,11,1
224_229;line;POSTBOP;UP;John Coltrane;SWING;1;377;1;377;4;10;4;2,2,4,2;11,11,1111,11
224_230;lick;POSTBOP;UP;John Coltrane;SWING;1;378;3;378;4;5;2;4,2;1101,11
224_231;lick;POSTBOP;UP;John Coltrane;SWING;2;379;3;380;2;9;4;3,2,2,4;111,01,11,1011
224_232;line;POSTBOP;UP;John Coltrane;SWING;2;381;1;382;2;11;6;4,2,2,3,2,2;0001,11,11,011,11,11
224_233;lick;POSTBOP;UP;John Coltrane;SWING;2;383;2;384;2;9;4;3,3,2,3;111,011,11,011
224_235;lick;POSTBOP;UP;John Coltrane;SWING;1;386;1;386;4;8;4;2,2,4,1;11,11,1011,1
224_236;line;POSTBOP;UP;John Coltrane;SWING;3;387;3;389;4;18;10;4,2,2,2,1,2,3,2,3,3;1011,11,11,01,1,01,011,11,011,011
224_237;line;POSTBOP;UP;John Coltrane;SWING;3;390;2;392;3;17;10;4,2,2,2,2,3,2,2,2,2;0001,01,11,11,01,111,01,11,11,11
224_238;lick;POSTBOP;UP;John Coltrane;SWING;1;393;1;393;3;4;3;2,2,2;01,11,01
224_239;lick;POSTBOP;UP;John Coltrane;SWING;2;394;2;395;2;9;5;2,3,1,4,3;01,011,1,1011,011
224_240;lick;POSTBOP;UP;John Coltrane;SWING;3;396;2;398;1;14;7;2,3,2,2,4,3,4;11,011,11,01,1011,011,1100
224_241;lick;POSTBOP;UP;John Coltrane;SWING;2;399;1;400;3;11;6;4,2,2,1,2,1;1111,11,01,1,11,1
224_249;lick;POSTBOP;UP;John Coltrane;SWING;2;415;3;416;2;5;3;2,2,4;11,01,1001
224_251;lick;POSTBOP;UP;John Coltrane;SWING;2;426;2;427;1;5;4;1,2,2,2;1,01,11,01
224_252;lick;POSTBOP;UP;John Coltrane;SWING;1;428;2;428;4;3;2;1,4;1,0110
224_253;line;POSTBOP;UP;John Coltrane;SWING;3;429;2;431;2;18;9;4,3,2,2,4,2,3,2,3;0001,011,11,11,0111,01,111,11,011
224_254;lick;POSTBOP;UP;John Coltrane;SWING;2;432;3;433;3;8;5;1,2,3,3,1;1,01,111,011,1
224_255;line;POSTBOP;UP;John Coltrane;SWING;6;434;1;439;3;46;22;4,2,4,3,3,2,3,2,2,2,2,3,3,2,2,4,2,1,4,2,2,2;1011,11,1011,011,011,01,111,11,01,11,11,111,111,11,01,1101,11,1,1011,11,01,11
224_257;line;POSTBOP;UP;John Coltrane;SWING;3;441;4;443;2;15;7;2,4,2,2,2,2,4;01,1110,11,11,11,11,1101
224_258;line;POSTBOP;UP;John Coltrane;SWING;5;443;4;447;1;27;14;2,4,3,2,2,2,2,2,2,2,3,2,3,1;01,1100,111,11,11,01,11,11,11,11,111,11,011,1
224_263;lick;POSTBOP;UP;John Coltrane;SWING;2;457;4;458;4;4;4;2,2,1,1;01,01,1,1
224_264;lick;POSTBOP;UP;John Coltrane;SWING;2;459;3;460;3;8;5;2,2,2,2,1;11,01,11,11,1
224_265;line;POSTBOP;UP;John Coltrane;SWING;4;461;2;464;3;27;13;4,2,2,4,1,2,1,3,2,2,2,3,1;1111,11,11,1110,1,11,1,110,11,11,11,111,1
224_266;lick;POSTBOP;UP;John Coltrane;SWING;2;465;1;466;3;6;5;2,4,1,4,2;01,1001,1,0001,01
224_267;lick;POSTBOP;UP;John Coltrane;SWING;2;467;1;468;3;6;4;2,2,2,2;01,11,01,11
224_268;lick;POSTBOP;UP;John Coltrane;SWING;2;469;2;470;3;7;5;2,2,2,2,2;11,11,01,01,01
224_269;line;POSTBOP;UP;John Coltrane;SWING;3;471;3;473;1;12;7;1,2,3,3,3,2,1;1,11,111,011,011,01,1
224_270;line;POSTBOP;UP;John Coltrane;SWING;2;473;3;474;3;7;5;1,2,2,1,2;1,01,11,1,11
224_271;line;POSTBOP;UP;John Coltrane;SWING;3;474;4;476;3;18;8;4,3,4,4,4,2,2,1;0011,011,0111,1011,1011,11,11,1
224_272;line;POSTBOP;UP;John Coltrane;SWING;2;476;4;477;1;3;2;2,4;01,1100
224_273;line;POSTBOP;UP;John Coltrane;SWING;3;477;3;479;3;17;9;1,2,3,2,2,2,2,2,1;1,11,111,11,11,11,11,11,1
224_274;lick;POSTBOP;UP;John Coltrane;SWING;2;480;2;481;1;6;3;2,2,3;11,11,011
224_275;lick;POSTBOP;UP;John Coltrane;SWING;2;482;1;483;1;3;3;2,4,2;01,0001,01
224_277;line;POSTBOP;UP;John Coltrane;SWING;3;485;3;487;2;16;8;4,2,3,2,3,1,2,4;1011,11,011,01,111,1,11,1100
224_278;line;POSTBOP;UP;John Coltrane;SWING;4;488;2;491;2;22;12;2,2,3,2,2,3,3,3,4,4,2,1;01,01,111,01,11,011,111,011,0011,0111,01,1
224_279;lick;POSTBOP;UP;John Coltrane;SWING;2;492;1;493;1;10;5;3,2,4,2,1;111,01,1101,11,1
224_280;line;POSTBOP;UP;John Coltrane;SWING;2;493;3;494;2;10;4;4,1,3,3;1111,1,111,011
224_281;line;POSTBOP;UP;John Coltrane;SWING;4;495;2;498;3;23;13;2,2,3,2,3,3,3,2,1,3,3,2,2;01,11,011,11,011,011,011,01,1,011,011,11,11
224_282;line;POSTBOP;UP;John Coltrane;SWING;3;499;2;501;2;14;9;4,2,2,1,2,1,2,2,3;0001,11,11,1,01,1,11,11,110
224_283;lick;POSTBOP;UP;John Coltrane;SWING;3;501;4;503;2;9;7;4,2,2,1,2,2,1;0001,01,11,1,01,11,1
224_284;lick;POSTBOP;UP;John Coltrane;SWING;2;504;1;505;1;11;5;2,2,2,2,4;11,11,11,11,1011
224_285;lick;POSTBOP;UP;John Coltrane;SWING;1;506;1;506;2;4;2;2,2;11,11
224_286;lick;POSTBOP;UP;John Coltrane;SWING;2;507;2;508;2;10;5;3,4,3,2,1;111,1001,011,11,1
224_287;line;POSTBOP;UP;John Coltrane;SWING;1;509;2;509;2;3;1;4;1101
224_288;line;POSTBOP;UP;John Coltrane;SWING;2;509;4;510;1;2;2;2,1;01,1
224_289;line;POSTBOP;UP;John Coltrane;SWING;1;510;2;510;4;6;3;3,3,3;011,011,110
224_290;lick;POSTBOP;UP;John Coltrane;SWING;2;511;2;512;2;8;4;4,3,2,4;0001,110,11,1101
224_291;lick;POSTBOP;UP;John Coltrane;SWING;1;513;2;513;4;5;3;2,1,3;11,1,110
224_292;lick;POSTBOP;UP;John Coltrane;SWING;2;514;3;515;3;9;5;4,2,2,3,1;1100,11,11,110,1
224_293;lick;POSTBOP;UP;John Coltrane;SWING;1;516;1;516;4;8;4;3,4,2,1;111,1001,11,1
224_294;lick;POSTBOP;UP;John Coltrane;SWING;2;517;3;518;3;8;5;1,4,4,3,1;1,1001,1001,110,1
224_295;line;POSTBOP;UP;John Coltrane;SWING;2;519;2;520;2;11;5;3,1,3,2,4;111,1,011,01,1111
224_296;line;POSTBOP;UP;John Coltrane;SWING;2;521;1;522;3;10;6;4,3,3,1,3,3;0001,011,011,1,011,011
224_297;lick;POSTBOP;UP;John Coltrane;SWING;1;523;2;523;4;7;3;2,2,4;11,11,1011
224_298;line;POSTBOP;UP;John Coltrane;SWING;3;524;3;526;1;13;7;2,2,2,2,2,2,1;11,11,11,11,11,11,1
224_299;line;POSTBOP;UP;John Coltrane;SWING;2;526;3;527;4;13;6;2,4,2,2,3,2;11,1011,01,11,111,11
224_300;line;POSTBOP;UP;John Coltrane;SWING;2;529;2;530;4;12;7;2,3,2,1,2,2,1;11,111,11,1,01,11,1
224_301;lick;POSTBOP;UP;John Coltrane;SWING;2;531;2;532;2;12;5;2,3,3,4,2;11,110,111,0111,11
224_302;lick;POSTBOP;UP;John Coltrane;SWING;2;533;2;534;1;10;4;4,2,4,1;1111,01,1111,1
224_303;lick;POSTBOP;UP;John Coltrane;SWING;3;534;2;536;3;18;10;4,3,3,2,2,2,4,2,2,2;0001,011,011,11,01,11,1011,01,11,11
224_304;line;POSTBOP;UP;John Coltrane;SWING;7;537;3;543;4;53;26;1,2,2,3,4,2,2,2,3,4,2,3,4,2,3,3,3,2,2,4,2,2,1,1,4,1;1,11,11,111,1011,11,11,11,111,0011,01,011,0110,11,011,111,011,01,11,1111,11,11,1,1,1011,1
224_309;lick;POSTBOP;UP;John Coltrane;SWING;2;557;2;558;4;13;7;4,4,2,4,2,2,3;0001,1111,01,1001,01,11,011
224_310;lick;POSTBOP;UP;John Coltrane;SWING;2;559;2;560;2;9;5;4,3,2,2,4;0001,011,11,01,1011
224_311;line;POSTBOP;UP;John Coltrane;SWING;5;561;3;565;1;27;14;3,2,2,2,4,4,4,3,2,3,2,2,2,1;111,01,11,11,1001,1011,0011,011,11,011,11,01,11,1
224_312;line;POSTBOP;UP;John Coltrane;SWING;2;566;2;567;4;11;7;2,3,2,1,2,2,2;01,111,01,1,01,11,11
224_313;lick;POSTBOP;UP;John Coltrane;SWING;2;569;3;570;2;7;4;1,2,2,2;1,11,11,11
224_314;line;POSTBOP;UP;John Coltrane;SWING;2;571;2;572;3;10;6;4,2,2,2,3,4;0001,11,01,11,011,0011
224_315;line;POSTBOP;UP;John Coltrane;SWING;5;573;3;577;4;32;18;2,3,3,2,2,1,2,3,3,3,2,3,2,2,4,2,2,1;11,011,011,01,11,1,11,111,011,011,01,111,01,11,1101,01,01,1
224_316;lick;POSTBOP;UP;John Coltrane;SWING;2;578;2;579;2;5;4;4,3,2,1;0001,011,01,1
224_317;lick;POSTBOP;UP;John Coltrane;SWING;3;580;2;582;1;11;7;2,3,1,2,4,2,1;01,011,1,11,1001,11,1
224_318;lick;POSTBOP;UP;John Coltrane;SWING;2;583;3;584;4;12;6;4,2,2,3,2,1;1110,01,11,111,11,1
224_319;line;POSTBOP;UP;John Coltrane;SWING;8;585;3;592;3;53;28;1,4,1,2,3,2,2,4,2,2,2,2,2,2,2,2,2,2,3,2,2,4,2,2,3,4,1,1;1,0011,1,11,110,11,11,1011,11,11,11,11,11,11,11,01,11,11,111,11,01,1011,11,01,111,1001,1,1
224_320;lick;POSTBOP;UP;John Coltrane;SWING;3;593;4;595;3;8;4;4,2,3,2;0011,11,011,11
224_321;lick;POSTBOP;UP;John Coltrane;SWING;4;596;1;599;3;17;14;2,1,3,2,2,1,2,2,1,1,2,2,2,2;01,1,011,01,01,1,11,01,1,1,11,01,01,01
224_322;lick;POSTBOP;UP;John Coltrane;SWING;2;600;2;601;3;9;6;4,1,2,2,2,2;0001,1,01,11,11,11
224_323;lick;POSTBOP;UP;John Coltrane;SWING;1;602;1;602;4;7;4;2,2,2,4;11,01,01,1011
224_324;line;POSTBOP;UP;John Coltrane;SWING;2;603;3;604;4;13;6;2,2,2,3,4,3;11,11,11,111,0110,011
224_325;lick;POSTBOP;UP;John Coltrane;SWING;2;605;2;606;1;6;4;4,2,2,2;0001,01,11,11
224_326;lick;POSTBOP;UP;John Coltrane;SWING;2;609;3;610;4;7;5;2,2,2,1,1;11,01,11,1,1
224_327;lick;POSTBOP;UP;John Coltrane;SWING;2;611;3;612;3;5;3;2,2,2;11,01,11
224_328;lick;POSTBOP;UP;John Coltrane;SWING;3;613;3;615;3;8;6;4,4,4,2,2,2;1001,0001,0001,01,01,11
224_329;line;POSTBOP;UP;John Coltrane;SWING;2;616;2;617;3;8;5;2,2,2,2,1;01,11,11,11,1
224_330;lick;POSTBOP;UP;John Coltrane;SWING;1;618;1;618;2;5;2;4,2;1011,11
224_331;lick;POSTBOP;UP;John Coltrane;SWING;1;619;1;619;2;5;2;2,3;11,111
224_332;lick;POSTBOP;UP;John Coltrane;SWING;1;620;1;620;3;5;3;2,2,1;11,11,1
224_333;lick;POSTBOP;UP;John Coltrane;SWING;1;621;1;621;2;5;2;2,4;11,1011
224_334;lick;POSTBOP;UP;John Coltrane;SWING;1;622;1;622;2;5;2;4,3;1101,011
224_335;lick;POSTBOP;UP;John Coltrane;SWING;2;622;4;623;2;5;3;4,2,3;0001,11,011
224_336;lick;POSTBOP;UP;John Coltrane;SWING;2;623;4;624;3;5;4;2,2,2,1;01,01,11,1
224_337;lick;POSTBOP;UP;John Coltrane;SWING;1;625;1;625;2;5;2;3,3;111,011
224_338;lick;POSTBOP;UP;John Coltrane;SWING;2;625;4;626;2;5;3;4,3,3;0001,011,011
224_339;lick;POSTBOP;UP;John Coltrane;SWING;2;626;4;627;2;4;3;4,2,2;0001,01,11
224_340;lick;POSTBOP;UP;John Coltrane;SWING;2;627;4;628;2;4;3;2,2,1;11,01,1
224_341;lick;POSTBOP;UP;John Coltrane;SWING;1;628;3;628;4;4;2;2,4;01,0111
224_342;lick;POSTBOP;UP;John Coltrane;SWING;1;629;2;629;3;4;2;2,4;01,0111
224_343;lick;POSTBOP;UP;John Coltrane;SWING;1;630;2;630;2;3;1;3;111
224_347;lick;POSTBOP;UP;John Coltrane;SWING;1;633;1;633;2;5;2;2,4;11,0111
224_348;lick;POSTBOP;UP;John Coltrane;SWING;2;633;4;634;2;5;3;4,2,3;0001,11,011
224_357;lick;POSTBOP;UP;John Coltrane;SWING;3;645;2;647;4;9;8;4,2,2,2,1,1,1,1;0001,01,01,11,1,1,1,1
224_358;line;POSTBOP;UP;John Coltrane;SWING;2;649;2;650;4;13;7;2,1,3,2,3,2,4;11,1,011,11,011,11,0110
224_359;line;POSTBOP;UP;John Coltrane;SWING;3;651;2;653;2;17;9;2,2,2,3,2,2,3,3,2;01,11,11,011,11,01,111,011,11
224_360;lick;POSTBOP;UP;John Coltrane;SWING;2;654;2;655;2;8;4;4,3,3,2;0001,111,011,11
224_361;lick;POSTBOP;UP;John Coltrane;SWING;2;656;2;657;1;7;4;2,2,4,1;11,11,1001,1
224_362;line;POSTBOP;UP;John Coltrane;SWING;1;657;3;657;4;2;2;2,1;01,1
224_363;line;POSTBOP;UP;John Coltrane;SWING;1;658;2;658;2;2;1;4;0011
224_364;line;POSTBOP;UP;John Coltrane;SWING;1;658;4;658;4;2;1;3;011
224_365;line;POSTBOP;UP;John Coltrane;SWING;1;659;2;659;2;2;1;2;11
224_366;line;POSTBOP;UP;John Coltrane;SWING;1;659;4;659;4;2;1;3;011
224_367;line;POSTBOP;UP;John Coltrane;SWING;1;660;2;660;2;2;1;4;0011
224_368;line;POSTBOP;UP;John Coltrane;SWING;2;660;4;661;1;2;2;2,1;01,1
224_369;line;POSTBOP;UP;John Coltrane;SWING;1;661;2;661;2;2;1;3;011
224_370;line;POSTBOP;UP;John Coltrane;SWING;2;661;4;662;3;6;4;3,2,3,1;011,01,110,1
224_371;lick;POSTBOP;UP;John Coltrane;SWING;3;662;4;664;1;9;6;4,2,2,4,1,1;0001,11,01,1011,1,1
224_372;lick;POSTBOP;UP;John Coltrane;SWING;1;664;3;664;4;4;2;2,4;11,1001
224_374;lick;POSTBOP;UP;John Coltrane;SWING;2;665;4;666;2;8;3;2,3,4;11,111,0111
224_375;line;POSTBOP;UP;John Coltrane;SWING;3;666;4;668;4;16;8;4,2,2,2,2,2,2,4;0001,11,11,11,11,11,11,1011
224_376;lick;POSTBOP;UP;John Coltrane;SWING;2;670;2;671;2;6;4;3,4,2,3;011,0001,01,110
224_377;lick;POSTBOP;UP;John Coltrane;SWING;3;673;1;675;4;13;7;3,2,2,4,4,2,6;110,01,11,0001,0110,11,111000
224_378;lick;POSTBOP;UP;John Coltrane;SWING;4;676;3;679;1;13;8;1,4,2,4,2,2,3,2;1,1011,01,0011,01,01,110,11
224_379;lick;POSTBOP;UP;John Coltrane;SWING;3;680;1;682;4;14;10;2,1,4,2,2,2,4,2,2,1;01,1,1101,01,11,01,1001,01,01,1
224_385;line;POSTBOP;UP;John Coltrane;SWING;3;714;4;716;2;12;7;2,4,1,4,1,2,4;01,0001,1,1101,1,11,1011
224_387;line;POSTBOP;UP;John Coltrane;SWING;6;718;3;723;4;44;22;2,2,4,2,2,4,2,1,2,2,2,2,4,2,1,4,2,2,3,3,1,3;11,11,1011,01,11,1011,01,1,11,11,11,11,1110,11,1,0111,01,11,111,011,1,111
224_389;lick;POSTBOP;UP;John Coltrane;SWING;2;729;1;730;2;8;5;4,4,3,2,1;0001,0011,011,11,1
224_390;lick;POSTBOP;UP;John Coltrane;SWING;2;730;4;731;3;9;4;4,2,4,1;1110,11,1110,1
224_391;line;POSTBOP;UP;John Coltrane;SWING;3;732;1;734;2;24;10;4,3,3,2,4,2,4,5,6,3;1011,011,011,01,0110,01,1111,00111,001011,111
224_397;lick;POSTBOP;UP;John Coltrane;SWING;3;752;2;754;3;10;5;3,4,3,3,2;011,1100,111,011,01
224_398;lick;POSTBOP;UP;John Coltrane;SWING;2;755;2;756;3;7;4;2,2,3,2;01,11,011,11
224_399;lick;POSTBOP;UP;John Coltrane;SWING;2;757;2;758;2;9;5;4,2,3,2,3;0001,01,111,11,011
224_400;lick;POSTBOP;UP;John Coltrane;SWING;2;759;2;760;3;9;6;4,2,4,2,2,1;0001,11,0011,01,11,1
224_401;line;POSTBOP;UP;John Coltrane;SWING;3;761;3;763;4;18;10;3,2,2,4,4,4,2,2,1,2;111,01,11,1011,1001,0011,01,01,1,11
224_406;lick;POSTBOP;UP;John Coltrane;SWING;2;774;1;775;3;7;4;2,3,2,2;01,011,11,11
224_411;lick;POSTBOP;UP;John Coltrane;SWING;3;800;3;802;4;9;7;4,2,1,1,2,2,4;0001,01,1,1,01,11,1100
224_412;lick;POSTBOP;UP;John Coltrane;SWING;2;803;3;804;2;5;3;4,2,2;1001,01,11
224_413;lick;POSTBOP;UP;John Coltrane;SWING;2;805;3;806;3;10;5;1,4,4,4,1;1,1011,0111,0110,1
224_414;lick;POSTBOP;UP;John Coltrane;SWING;2;807;2;808;2;7;5;2,1,2,2,1;11,1,01,11,1
224_422;lick;POSTBOP;UP;John Coltrane;SWING;4;830;3;833;2;12;7;4,3,2,2,4,1,1;1110,011,11,11,0001,1,1
224_423;lick;POSTBOP;UP;John Coltrane;SWING;2;834;2;835;3;6;4;2,2,1,2;11,01,1,11
224_424;lick;POSTBOP;UP;John Coltrane;SWING;3;836;2;838;1;10;7;3,1,3,3,1,1,1;011,1,011,011,1,1,1
224_425;lick;POSTBOP;UP;John Coltrane;SWING;3;839;2;841;2;17;9;2,2,4,2,2,2,2,2,3;11,01,1101,01,11,01,11,11,111
224_426;lick;POSTBOP;UP;John Coltrane;SWING;1;842;1;842;4;9;4;2,4,3,2;11,1101,011,11
224_427;line;POSTBOP;UP;John Coltrane;SWING;4;843;2;846;4;30;15;2,3,2,4,2,2,2,2,2,2,3,2,3,2,3;01,011,01,1101,11,11,11,11,11,11,111,01,111,11,011
224_428;line;POSTBOP;UP;John Coltrane;SWING;8;848;1;855;3;52;28;2,3,2,3,1,2,2,4,2,2,3,2,4,2,1,3,2,2,3,2,2,2,2,2,2,3,3,1;01,011,01,011,1,11,11,1011,01,11,111,01,1011,01,1,111,11,11,011,11,11,11,11,11,01,110,111,1
224_429;line;POSTBOP;UP;John Coltrane;SWING;7;856;3;862;1;43;23;2,2,4,2,4,1,2,2,1,4,2,4,2,2,2,2,2,2,2,2,2,2,1;11,11,1011,01,1101,1,11,01,1,1111,01,1011,01,01,11,11,11,11,11,11,11,11,1
224_430;line;POSTBOP;UP;John Coltrane;SWING;2;863;1;864;1;8;5;2,2,2,2,1;01,11,11,11,1
224_431;lick;POSTBOP;UP;John Coltrane;SWING;2;864;4;865;2;5;3;4,2,1;1011,01,1
224_432;line;POSTBOP;UP;John Coltrane;SWING;2;866;4;867;2;7;3;2,4,2;11,1011,11
224_433;lick;POSTBOP;UP;John Coltrane;SWING;2;868;3;869;1;5;3;1,3,1;1,111,1
224_434;lick;POSTBOP;UP;John Coltrane;SWING;2;870;2;871;2;7;4;2,3,2,2;11,011,11,01
224_435;line;POSTBOP;UP;John Coltrane;SWING;2;873;1;874;2;11;6;2,3,3,2,3,2;01,011,011,11,011,11
224_436;lick;POSTBOP;UP;John Coltrane;SWING;2;875;3;876;1;6;3;3,2,1;111,11,1
224_437;lick;POSTBOP;UP;John Coltrane;SWING;1;876;3;876;4;5;2;3,2;111,11
224_438;lick;POSTBOP;UP;John Coltrane;SWING;3;877;4;879;2;12;7;4,3,2,2,2,4,3;0001,011,11,01,11,1001,011
224_445;line;POSTBOP;UP;John Coltrane;SWING;4;917;4;920;3;19;9;2,2,3,2,3,2,2,2,4;11,01,111,11,011,11,11,11,0111
224_450;line;POSTBOP;UP;John Coltrane;SWING;4;941;2;944;4;26;14;4,3,2,3,3,2,4,2,2,2,2,2,2,1;0001,011,11,011,011,11,0011,11,11,11,11,11,11,1
224_451;line;POSTBOP;UP;John Coltrane;SWING;1;946;1;946;3;6;3;3,3,2;110,111,01
224_452;line;POSTBOP;UP;John Coltrane;SWING;5;947;1;951;2;35;18;1,4,2,3,2,2,2,2,2,2,2,4,2,3,2,3,4,3;1,1111,01,011,11,11,01,11,11,01,11,1011,01,111,11,111,0001,011
224_453;lick;POSTBOP;UP;John Coltrane;SWING;2;953;1;954;2;8;6;4,2,1,2,2,3;0001,01,1,01,11,110
224_454;line;POSTBOP;UP;John Coltrane;SWING;5;955;2;959;3;35;18;2,3,3,2,2,2,3,3,2,3,2,2,2,2,4,2,3,2;01,011,011,01,11,11,111,011,01,111,11,11,11,11,0111,11,011,01
224_457;line;POSTBOP;UP;John Coltrane;SWING;4;964;1;967;2;24;13;2,1,3,2,2,3,2,2,4,2,3,3,2;01,1,011,01,01,111,11,01,1111,11,011,011,11
224_458;lick;POSTBOP;UP;John Coltrane;SWING;3;968;2;970;3;13;7;2,2,4,2,3,4,2;01,01,1001,11,111,0111,01
224_459;lick;POSTBOP;UP;John Coltrane;SWING;5;971;2;975;2;21;14;2,1,2,4,2,2,1,2,2,3,1,3,3,1;01,1,01,1001,01,01,1,11,11,111,1,011,011,1
224_460;lick;POSTBOP;UP;John Coltrane;SWING;2;976;2;977;2;7;4;1,3,3,2;1,011,011,11
224_461;line;POSTBOP;UP;John Coltrane;SWING;3;978;3;980;3;22;9;4,2,3,5,2,3,2,4,4;1001,01,111,10111,01,111,11,1101,0111
224_463;lick;POSTBOP;UP;John Coltrane;SWING;4;985;2;988;3;18;8;3,1,2,3,4,4,2,2;111,1,01,111,1011,1011,11,11
224_464;line;POSTBOP;UP;John Coltrane;SWING;3;989;2;991;3;18;10;4,1,4,4,2,2,3,1,2,1;0001,1,0110,1111,11,01,111,1,11,1
225_2;line;POSTBOP;UP;John Coltrane;SWING;4;5;2;8;4;18;12;2,1,3,3,2,1,1,3,1,2,1,1;01,1,111,011,11,1,1,110,1,11,1,1
225_3;line;POSTBOP;UP;John Coltrane;SWING;2;9;3;10;2;8;4;2,2,2,2;11,11,11,11
225_4;lick;POSTBOP;UP;John Coltrane;SWING;2;11;2;12;3;10;6;2,2,2,1,2,2;11,11,11,1,01,11
225_5;lick;POSTBOP;UP;John Coltrane;SWING;2;13;2;14;3;12;6;2,2,2,2,3,2;11,11,11,11,111,01
225_6;lick;POSTBOP;UP;John Coltrane;SWING;2;15;2;16;3;12;6;2,2,2,2,4,4;11,11,11,11,1011,0001
225_8;line;POSTBOP;UP;John Coltrane;SWING;2;19;1;20;1;8;5;2,3,2,2,1;01,011,11,11,1
225_9;line;POSTBOP;UP;John Coltrane;SWING;4;20;3;23;2;23;12;2,2,2,2,2,2,2,2,2,2,1,2;11,11,11,11,11,11,11,11,11,11,1,11
225_10;line;POSTBOP;UP;John Coltrane;SWING;7;24;2;30;1;36;21;2,2,2,2,2,2,4,2,2,2,2,2,2,2,1,1,1,3,2,2,1;11,11,11,11,11,01,0001,11,11,11,11,11,11,11,1,1,1,011,11,11,1
225_11;line;POSTBOP;UP;John Coltrane;SWING;11;30;3;40;2;56;35;4,2,2,2,2,1,2,2,2,1,2,2,2,1,1,2,2,2,2,2,2,2,2,2,2,2,2,2,2,1,2,1,2,2,2;0001,11,11,11,11,1,11,11,01,1,11,01,11,1,1,01,11,11,01,11,11,01,11,11,01,11,11,01,11,1,11,1,11,11,11
225_14;lick;POSTBOP;UP;John Coltrane;SWING;2;51;3;52;3;5;3;2,2,2;11,01,11
225_15;lick;POSTBOP;UP;John Coltrane;SWING;4;53;3;56;3;10;6;2,2,4,2,2,2;11,01,1001,11,01,11
225_16;lick;POSTBOP;UP;John Coltrane;SWING;3;57;2;59;1;5;5;4,2,1,2,2;0001,01,1,01,01
225_17;lick;POSTBOP;UP;John Coltrane;SWING;2;59;4;60;4;5;3;2,2,2;01,11,11
225_18;lick;POSTBOP;UP;John Coltrane;SWING;6;61;4;66;2;23;17;2,2,2,2,2,2,1,2,4,2,1,2,1,4,2,2,2;11,01,01,01,01,01,1,11,0001,11,1,01,1,1001,01,11,11
225_19;lick;POSTBOP;UP;John Coltrane;SWING;6;67;2;72;4;34;20;4,1,1,2,2,2,2,2,2,2,2,1,2,2,2,1,3,2,2,1;1001,1,1,11,11,11,11,11,11,11,11,1,11,11,11,1,011,11,01,1
225_20;line;POSTBOP;UP;John Coltrane;SWING;4;73;3;76;4;24;14;2,1,1,2,2,2,2,2,2,2,2,2,2,1;11,1,1,11,11,11,11,11,11,11,11,11,01,1
225_21;line;POSTBOP;UP;John Coltrane;SWING;4;77;3;80;3;17;9;1,4,2,2,2,2,4,1,2;1,1101,11,11,11,11,1001,1,11
225_23;line;POSTBOP;UP;John Coltrane;SWING;4;86;1;89;3;22;13;1,3,2,1,2,3,2,3,2,2,4,3,1;1,110,11,1,11,011,11,111,01,11,0001,011,1
225_24;line;POSTBOP;UP;John Coltrane;SWING;2;90;2;91;3;10;6;1,2,2,3,2,1;1,11,11,011,11,1
225_25;line;POSTBOP;UP;John Coltrane;SWING;4;92;2;95;2;24;13;2,3,1,2,4,2,2,2,3,1,2,3,2;11,011,1,11,1001,11,11,11,011,1,01,111,11
225_29;lick;POSTBOP;UP;John Coltrane;SWING;1;115;1;115;3;5;3;2,2,1;11,11,1
225_30;line;POSTBOP;UP;John Coltrane;SWING;5;116;1;120;2;31;15;2,3,2,4,3,3,2,2,2,2,2,2,2,1,2;01,111,11,1101,110,111,11,11,11,11,11,11,11,1,11
225_31;line;POSTBOP;UP;John Coltrane;SWING;2;121;3;122;3;8;5;2,2,1,2,2;11,11,1,01,11
225_32;line;POSTBOP;UP;John Coltrane;SWING;5;123;3;127;2;30;16;2,2,1,2,2,2,2,2,2,2,2,2,2,2,2,2;11,11,1,01,11,11,11,11,11,11,11,11,11,11,11,11
225_33;lick;POSTBOP;UP;John Coltrane;SWING;7;128;3;134;4;38;23;1,2,2,1,2,1,2,2,6,4,2,2,2,1,1,1,2,2,2,2,2,2,2;1,01,11,1,11,1,11,11,010001,0110,01,11,11,1,1,1,11,11,11,11,11,11,11
225_35;line;POSTBOP;UP;John Coltrane;SWING;6;139;3;144;4;24;15;2,2,4,2,1,2,2,2,2,2,2,2,2,2,2;11,11,1101,11,1,11,11,01,01,11,01,11,01,01,01
225_37;lick;POSTBOP;UP;John Coltrane;SWING;2;152;2;153;2;7;5;2,2,2,2,4;01,11,01,01,0110
225_38;line;POSTBOP;UP;John Coltrane;SWING;4;154;1;157;4;21;14;4,2,4,1,4,2,2,2,4,1,2,1,2,1;0001,11,1101,1,0001,11,11,11,1001,1,01,1,01,1
225_39;lick;POSTBOP;UP;John Coltrane;SWING;3;158;2;160;1;15;8;2,2,1,2,1,2,3,4;11,11,1,11,1,11,011,1110
225_40;lick;POSTBOP;UP;John Coltrane;SWING;3;160;4;162;1;8;6;4,3,1,2,2,1;0001,011,1,01,11,1
225_41;lick;POSTBOP;UP;John Coltrane;SWING;1;162;2;162;4;4;3;2,2,1;01,11,1
225_42;lick;POSTBOP;UP;John Coltrane;SWING;1;163;2;163;4;5;3;4,2,1;1011,01,1
225_43;line;POSTBOP;UP;John Coltrane;SWING;5;164;2;168;4;36;19;3,2,3,2,4,3,3,2,2,2,1,2,2,2,2,2,4,2,2;111,11,011,01,1011,011,011,01,11,11,1,11,11,11,11,11,0011,01,11
225_46;lick;POSTBOP;UP;John Coltrane;SWING;3;176;2;178;2;12;7;2,2,2,4,2,2,1;11,11,11,1001,01,11,1
225_47;lick;POSTBOP;UP;John Coltrane;SWING;1;179;1;179;2;4;2;4,1;1011,1
225_48;line;POSTBOP;UP;John Coltrane;SWING;5;180;1;184;3;34;19;2,2,2,2,2,2,1,4,2,2,2,2,2,2,2,2,2,2,2;11,11,11,11,11,11,1,0001,11,11,11,11,11,11,11,11,11,01,01
225_49;lick;POSTBOP;UP;John Coltrane;SWING;2;185;2;186;2;5;4;1,1,2,1;1,1,11,1
225_50;lick;POSTBOP;UP;John Coltrane;SWING;1;187;1;187;4;7;4;2,2,2,1;11,11,11,1
225_51;lick;POSTBOP;UP;John Coltrane;SWING;2;188;2;189;2;9;5;2,2,2,2,1;11,11,11,11,1
225_52;lick;POSTBOP;UP;John Coltrane;SWING;3;189;4;191;2;13;7;2,1,3,2,2,2,1;11,1,111,11,11,11,1
225_53;lick;POSTBOP;UP;John Coltrane;SWING;2;191;4;192;4;8;4;2,1,2,3;11,1,11,111
225_56;line;POSTBOP;UP;John Coltrane;SWING;6;204;2;209;1;30;18;2,4,1,2,1,2,2,2,1,2,2,1,3,2,3,2,2,1;11,0110,1,11,1,11,11,11,1,11,11,1,011,11,011,11,01,1
225_57;lick;POSTBOP;UP;John Coltrane;SWING;3;209;4;211;2;10;7;2,2,1,2,2,4,3;01,01,1,01,01,1011,011
225_58;lick;POSTBOP;UP;John Coltrane;SWING;2;212;1;213;2;12;6;2,4,2,2,4,2;11,1001,11,11,1011,01
225_59;lick;POSTBOP;UP;John Coltrane;SWING;1;214;1;214;3;5;3;2,2,1;11,11,1
225_60;lick;POSTBOP;UP;John Coltrane;SWING;2;215;1;216;1;8;5;2,2,2,2,2;11,01,11,11,01
225_61;lick;POSTBOP;UP;John Coltrane;SWING;2;216;3;217;3;9;5;2,1,2,2,2;11,1,11,11,11
225_62;lick;POSTBOP;UP;John Coltrane;SWING;2;218;2;219;1;6;4;2,2,2,2;11,11,01,01
225_63;line;POSTBOP;UP;John Coltrane;SWING;7;219;3;225;3;45;25;3,2,2,2,1,4,2,3,3,2,2,2,2,2,2,2,3,1,1,2,2,2,2,2,2;011,01,11,11,1,0001,01,111,111,11,11,11,11,11,11,11,011,1,1,11,11,11,01,11,11
225_64;lick;POSTBOP;UP;John Coltrane;SWING;3;226;3;228;2;8;6;2,2,2,1,1,2;01,01,11,1,1,11
225_66;lick;POSTBOP;UP;John Coltrane;SWING;2;231;4;232;1;3;2;2,1;11,1
225_67;lick;POSTBOP;UP;John Coltrane;SWING;1;232;3;232;4;3;2;2,1;11,1
225_68;lick;POSTBOP;UP;John Coltrane;SWING;3;233;3;235;1;9;7;2,2,2,1,1,2,2;01,11,01,1,1,01,11
225_69;line;POSTBOP;UP;John Coltrane;SWING;3;235;4;237;4;15;9;2,1,4,2,2,2,2,1,2;11,1,0001,11,11,11,11,1,11
225_70;lick;POSTBOP;UP;John Coltrane;SWING;2;238;4;239;1;3;2;4,2;1001,01
225_71;lick;POSTBOP;UP;John Coltrane;SWING;3;239;4;241;1;9;5;2,2,4,2,1;01,11,1011,11,1
225_72;lick;POSTBOP;UP;John Coltrane;SWING;2;241;4;242;1;2;2;1,1;1,1
225_73;lick;POSTBOP;UP;John Coltrane;SWING;1;242;3;242;3;2;1;2;11
225_74;lick;POSTBOP;UP;John Coltrane;SWING;1;243;1;243;2;2;2;2,2;01,01
225_75;lick;POSTBOP;UP;John Coltrane;SWING;2;243;4;244;1;3;2;3,2;011,01
225_76;lick;POSTBOP;UP;John Coltrane;SWING;1;245;1;245;4;6;4;3,2,2,1;011,11,01,1
225_77;line;POSTBOP;UP;John Coltrane;SWING;2;246;2;247;4;13;7;2,2,4,2,2,1,2;11,11,1001,11,11,1,11
225_78;lick;POSTBOP;UP;John Coltrane;SWING;1;249;1;249;4;6;4;2,2,1,1;11,11,1,1
225_79;lick;POSTBOP;UP;John Coltrane;SWING;2;250;3;251;3;7;5;2,1,2,2,1;01,1,11,11,1
225_80;line;POSTBOP;UP;John Coltrane;SWING;6;252;3;257;3;39;21;2,4,2,1,2,2,4,2,2,2,2,2,2,1,2,2,2,2,2,2,1;11,1011,01,1,11,11,1001,11,11,11,11,11,11,1,11,11,11,11,11,11,1
225_81;lick;POSTBOP;UP;John Coltrane;SWING;7;258;3;264;1;27;18;1,2,2,2,1,2,1,2,2,4,2,2,3,2,2,2,1,2;1,01,01,01,1,11,1,01,11,0001,11,11,011,11,11,11,1,11
225_84;line;POSTBOP;UP;John Coltrane;SWING;8;274;4;281;3;51;28;2,4,2,1,2,2,2,2,1,2,3,2,1,4,2,2,2,2,2,2,2,2,4,2,2,2,2,3;01,0001,01,1,11,11,11,11,1,11,011,11,1,1101,11,11,11,11,11,11,11,11,0110,11,11,11,11,011
225_85;line;POSTBOP;UP;John Coltrane;SWING;6;282;3;287;2;35;20;2,2,1,4,2,2,4,2,2,2,2,2,2,2,2,2,2,2,1,1;01,11,1,0001,11,11,1101,11,11,11,11,11,11,11,01,11,11,11,1,1
225_90;line;POSTBOP;UP;John Coltrane;SWING;4;301;4;304;1;15;9;2,2,2,2,4,2,2,2,2;01,01,11,11,1001,01,11,11,11
225_92;line;POSTBOP;UP;John Coltrane;SWING;5;308;4;312;2;19;12;2,2,2,2,4,2,2,2,2,2,1,1;01,01,11,11,1001,11,11,11,01,11,1,1
225_94;line;POSTBOP;UP;John Coltrane;SWING;6;314;3;319;4;41;22;2,2,2,2,1,2,2,3,2,2,2,2,4,2,2,2,2,2,2,2,2,2;01,11,11,11,1,11,11,011,01,11,11,11,1001,11,11,11,11,11,11,11,11,11
225_95;lick;POSTBOP;UP;John Coltrane;SWING;6;320;4;325;1;29;17;2,2,2,2,2,2,2,3,2,2,1,2,1,2,1,2,2;01,01,11,11,11,11,11,011,11,11,1,11,1,11,1,11,11
225_104;line;POSTBOP;UP;John Coltrane;SWING;7;358;2;364;1;30;18;4,3,2,2,1,2,2,2,2,4,1,2,2,2,2,4,3,2;0001,011,11,11,1,11,11,11,11,1001,1,11,01,01,01,1011,011,01
225_105;line;POSTBOP;UP;John Coltrane;SWING;5;364;4;368;2;24;14;2,2,1,2,1,2,2,2,2,2,2,2,2,2;01,01,1,11,1,11,11,11,11,11,11,11,11,11
225_106;lick;POSTBOP;UP;John Coltrane;SWING;10;369;1;378;1;53;33;2,2,1,1,3,1,4,2,3,1,4,2,2,1,3,2,4,2,4,2,1,2,2,2,4,3,2,2,2,1,2,2,1;11,11,1,1,111,1,0001,01,011,1,0001,01,11,1,111,01,1011,01,1001,11,1,11,01,11,1101,011,11,11,01,1,01,11,1
225_107;line;POSTBOP;UP;John Coltrane;SWING;7;378;3;384;1;41;23;4,3,2,2,2,2,2,2,2,2,2,2,2,2,2,2,2,2,2,2,1,1,1;0001,011,11,11,11,11,01,11,11,11,11,11,11,11,11,11,11,11,11,11,1,1,1
225_108;lick;POSTBOP;UP;John Coltrane;SWING;3;384;4;386;2;8;6;2,1,2,2,2,2;11,1,01,01,01,11
225_112;line;POSTBOP;UP;John Coltrane;SWING;5;405;4;409;2;26;14;2,2,4,3,2,2,2,1,4,4,4,2,3,1;01,11,0001,011,11,11,11,1,0111,1110,1001,11,011,1
226_1;line;HARDBOP;UP;John Coltrane;SWING;3;0;2;2;4;19;11;4,2,2,2,2,2,2,3,2,1,2;0001,01,11,11,11,11,11,011,11,1,11
226_2;line;HARDBOP;UP;John Coltrane;SWING;4;4;1;7;3;20;11;3,2,2,2,2,2,2,2,1,2,4;011,11,11,11,11,11,11,11,1,01,1001
226_3;line;HARDBOP;UP;John Coltrane;SWING;4;8;3;11;3;19;11;2,2,2,2,1,4,4,2,1,2,2;01,11,11,11,1,0011,0111,11,1,01,11
226_4;line;HARDBOP;UP;John Coltrane;SWING;5;12;2;16;2;33;15;4,1,2,2,2,4,3,2,4,3,4,3,4,3,2;0001,1,11,11,11,1011,011,11,0001,111,1011,011,1111,111,11
226_5;line;HARDBOP;UP;John Coltrane;SWING;7;17;2;23;2;46;23;4,2,2,2,2,2,2,2,2,2,1,2,2,2,2,4,1,3,2,3,2,2,2;0011,11,11,11,11,11,11,11,11,11,1,11,11,11,11,1111,1,111,11,110,01,11,11
226_6;lick;HARDBOP;UP;John Coltrane;SWING;3;25;1;27;3;14;8;4,2,1,4,2,2,3,2;0011,01,1,1101,01,11,011,11
226_7;line;HARDBOP;UP;John Coltrane;SWING;6;28;2;33;1;29;19;2,1,1,2,2,2,2,2,1,2,2,2,2,2,2,2,1,2,1;01,1,1,01,11,11,11,11,1,01,11,11,11,11,11,11,1,01,1
226_8;lick;HARDBOP;UP;John Coltrane;SWING;3;33;2;35;3;16;10;4,3,2,2,4,2,2,1,2,2;0001,111,11,01,0001,11,11,1,01,11
226_9;line;HARDBOP;UP;John Coltrane;SWING;8;37;1;44;3;54;29;2,2,2,2,2,4,2,2,4,3,2,2,2,3,1,2,2,2,1,2,2,2,2,2,2,2,2,4,2;01,11,11,11,11,1001,11,11,0111,011,11,11,11,011,1,01,11,01,1,11,11,11,11,11,11,11,11,1011,01
226_10;lick;HARDBOP;UP;John Coltrane;SWING;1;45;1;45;3;8;3;3,3,3;011,111,111
226_11;lick;HARDBOP;UP;John Coltrane;SWING;2;46;1;47;1;9;5;2,2,3,2,1;01,11,111,11,1
226_12;line;HARDBOP;UP;John Coltrane;SWING;5;47;3;51;3;30;16;2,2,2,2,2,2,2,2,2,2,2,2,2,2,2,2;11,01,11,11,11,11,11,11,11,11,11,11,01,11,11,11
226_13;line;HARDBOP;UP;John Coltrane;SWING;7;52;3;58;1;45;23;2,2,2,2,2,2,2,2,2,2,2,2,2,2,2,2,2,1,3,2,2,2,1;11,11,11,11,11,11,11,11,11,11,11,11,11,11,11,11,11,1,111,11,11,11,1
226_14;lick;HARDBOP;UP;John Coltrane;SWING;2;58;3;59;3;11;5;4,4,2,2,2;0111,1001,11,11,11
226_15;lick;HARDBOP;UP;John Coltrane;SWING;3;60;2;62;3;8;6;3,2,4,2,1,1;011,01,1001,01,1,1
226_16;line;HARDBOP;UP;John Coltrane;SWING;5;63;1;67;3;34;19;2,2,2,2,1,2,2,2,2,2,2,2,2,2,1,2,2,2,2;01,11,11,11,1,11,11,11,11,11,11,11,11,11,1,01,11,11,11
226_17;lick;HARDBOP;UP;John Coltrane;SWING;5;68;2;72;3;25;14;4,2,2,2,2,2,4,2,3,3,6,2,2,1;0011,01,01,11,01,11,0110,01,111,110,001011,11,11,1
226_18;lick;HARDBOP;UP;John Coltrane;SWING;2;73;1;74;4;10;6;4,2,2,1,4,2;0001,11,11,1,1100,11
226_20;line;HARDBOP;UP;John Coltrane;SWING;4;80;2;83;3;25;12;2,1,2,3,3,4,1,3,4,1,2,2;01,1,01,111,111,1111,1,111,1110,1,11,11
226_21;lick;HARDBOP;UP;John Coltrane;SWING;8;84;2;91;1;53;26;4,2,2,2,3,3,2,4,2,2,2,2,2,2,2,1,4,2,4,2,2,2,2,4,4,6;0011,11,11,11,111,111,11,1101,11,11,11,11,11,11,01,1,1001,11,0011,11,11,11,11,0001,0111,010001
226_22;line;HARDBOP;UP;John Coltrane;SWING;6;91;4;96;1;32;18;2,1,4,3,1,2,1,2,2,2,4,3,2,2,2,2,1,1;01,1,1110,111,1,11,1,11,11,11,0011,011,11,11,11,11,1,1
226_24;line;HARDBOP;UP;John Coltrane;SWING;3;101;1;103;1;20;8;4,4,3,2,4,4,6,1;0001,0111,110,01,1111,1111,011101,1
226_25;line;HARDBOP;UP;John Coltrane;SWING;2;103;3;104;3;14;5;4,4,3,6,3;0001,0111,111,101011,111
226_26;line;HARDBOP;UP;John Coltrane;SWING;3;105;1;107;3;17;8;4,4,3,1,2,4,2,4;0001,1111,111,1,11,1101,01,1001
226_27;line;HARDBOP;UP;John Coltrane;SWING;7;109;1;115;4;52;28;4,4,2,2,2,2,4,2,2,2,3,2,1,2,2,2,2,2,1,2,2,2,2,2,2,4,4,1;1111,0011,11,11,11,11,1001,11,11,11,011,01,1,11,11,11,11,11,1,11,11,01,11,11,11,1001,0001,1
226_28;lick;HARDBOP;UP;John Coltrane;SWING;2;116;3;117;3;8;5;1,4,2,1,3;1,0001,11,1,111
226_29;lick;HARDBOP;UP;John Coltrane;SWING;2;118;2;119;3;14;6;3,4,2,4,2,2;110,1101,11,1011,11,11
226_30;line;HARDBOP;UP;John Coltrane;SWING;8;120;2;127;4;49;27;3,3,1,2,2,2,2,2,2,2,2,2,2,2,2,2,3,2,2,1,2,2,2,2,2,1,2;011,011,1,11,11,01,11,11,11,11,11,11,11,11,11,11,110,11,01,1,11,11,11,11,11,1,11
226_31;lick;HARDBOP;UP;John Coltrane;SWING;4;128;2;131;1;20;12;2,1,2,4,3,1,2,2,3,1,2,3;01,1,01,1011,111,1,01,11,111,1,01,110
226_33;line;HARDBOP;UP;John Coltrane;SWING;5;139;1;143;3;37;19;2,2,2,2,3,2,2,4,2,2,3,1,4,2,2,1,2,3,4;01,11,11,11,011,11,11,1001,11,11,011,1,1101,11,11,1,11,111,1100
226_36;line;HARDBOP;UP;John Coltrane;SWING;7;153;3;159;1;40;21;3,3,2,2,4,2,2,2,2,2,2,1,2,2,2,2,2,2,3,2,2;011,011,11,11,1011,01,11,11,11,11,11,1,11,11,11,11,01,11,011,11,11
226_37;lick;HARDBOP;UP;John Coltrane;SWING;3;160;1;162;3;20;10;2,1,4,3,4,1,4,3,4,2;11,1,1001,011,0011,1,0011,111,1111,01
226_38;line;HARDBOP;UP;John Coltrane;SWING;2;163;1;164;4;24;8;4,6,3,6,4,4,3,4;0001,010011,111,111011,0111,1111,111,1100
226_39;line;HARDBOP;UP;John Coltrane;SWING;3;165;2;167;3;28;9;4,4,3,6,4,4,2,4,2;1111,1101,110,001111,1111,1111,01,1111,11
226_40;lick;HARDBOP;UP;John Coltrane;SWING;5;168;2;172;3;24;15;4,1,2,4,2,2,4,2,1,2,1,2,2,2,2;0001,1,11,1001,01,11,0011,11,1,11,1,11,11,01,11
226_41;lick;HARDBOP;UP;John Coltrane;SWING;4;173;1;176;3;22;15;2,2,2,2,4,4,2,1,1,1,1,4,1,2,1;01,11,11,11,0001,0110,11,1,1,1,1,0011,1,11,1
226_42;line;HARDBOP;UP;John Coltrane;SWING;6;177;1;182;2;36;20;2,2,3,6,2,4,2,2,2,2,2,2,2,2,2,2,1,2,2,2;01,11,011,010011,11,0001,11,11,01,11,11,11,11,11,11,11,1,11,01,11
226_43;lick;HARDBOP;UP;John Coltrane;SWING;4;183;1;186;3;22;10;2,2,1,4,3,3,2,3,4,4;01,11,1,0111,011,111,11,111,0011,1110
227_2;lick;POSTBOP;MEDIUM UP;John Coltrane;SWING;8;0;3;7;2;42;15;4,2,4,6,6,4,4,6,6,2,5,1,2,2,1;0001,01,0111,111011,011011,1111,1111,111111,111101,11,00011,1,01,11,1
227_3;lick;POSTBOP;MEDIUM UP;John Coltrane;SWING;4;8;1;11;2;13;10;2,1,4,1,4,2,1,6,1,1;01,1,0001,1,1001,01,1,000111,1,1
227_4;lick;POSTBOP;MEDIUM UP;John Coltrane;SWING;4;12;3;15;1;7;5;3,3,2,2,1;011,011,01,01,1
227_5;line;POSTBOP;MEDIUM UP;John Coltrane;SWING;6;17;1;22;2;48;16;4,4,5,6,4,3,4,6,2,6,6,4,6,4,6,5;0111,1100,00101,010111,0111,111,1100,000011,11,111110,001111,1110,000111,1101,111000,01111
227_6;lick;POSTBOP;MEDIUM UP;John Coltrane;SWING;4;24;3;27;2;15;7;4,6,1,4,1,2,1;1011,101111,1,0011,1,11,1
227_7;lick;POSTBOP;MEDIUM UP;John Coltrane;SWING;4;28;1;31;3;12;10;4,4,4,1,1,1,2,1,2,2;0001,0001,0001,1,1,1,11,1,01,11
227_12;lick;POSTBOP;MEDIUM UP;John Coltrane;SWING;4;60;3;63;1;13;7;2,3,4,2,4,4,4;01,110,1001,01,0001,1011,1110
227_13;lick;POSTBOP;MEDIUM UP;John Coltrane;SWING;3;64;2;66;3;22;8;4,6,6,1,2,6,1,2;0011,111110,111111,1,01,011111,1,01
227_14;lick;POSTBOP;MEDIUM UP;John Coltrane;SWING;2;67;2;68;3;18;5;5,8,6,1,2;11111,11101111,011110,1,01
227_15;lick;POSTBOP;MEDIUM UP;John Coltrane;SWING;7;69;2;75;1;27;14;4,8,4,1,2,1,2,1,4,1,3,1,4,2;0111,11011011,1111,1,01,1,01,1,1001,1,011,1,0001,11
227_16;lick;POSTBOP;MEDIUM UP;John Coltrane;SWING;3;77;1;79;2;7;5;2,2,2,1,1;11,11,01,1,1
227_17;line;POSTBOP;MEDIUM UP;John Coltrane;SWING;4;80;1;83;3;36;11;4,6,5,1,6,4,6,6,6,7,6;0011,110111,11111,1,000001,0111,001111,100011,111110,0001111,111000
227_18;lick;POSTBOP;MEDIUM UP;John Coltrane;SWING;4;84;2;87;2;19;9;4,2,1,6,1,2,4,6,3;0001,01,1,111111,1,01,0011,001111,110
227_19;line;POSTBOP;MEDIUM UP;John Coltrane;SWING;4;88;1;91;3;47;11;4,2,4,4,8,8,6,6,8,8,1;0001,01,1111,0011,11111111,01101011,111111,101011,11111111,11111110,1
227_20;line;POSTBOP;MEDIUM UP;John Coltrane;SWING;10;92;3;101;3;137;27;4,6,6,6,7,4,6,6,6,7,4,6,8,6,5,6,6,6,6,7,6,5,6,4,8,6,4;0011,101111,110111,111111,1101111,1111,101111,101111,111111,1011111,1110,000111,10111011,111111,11111,101111,111111,110111,011111,1011111,011111,11111,111111,1111,11111110,111111,1111
227_21;line;POSTBOP;MEDIUM UP;John Coltrane;SWING;6;102;3;107;3;44;13;4,6,6,1,4,4,4,6,4,6,5,4,4;0001,111110,111111,1,1101,1100,0011,110111,0111,101111,01111,1110,1111
227_22;lick;POSTBOP;MEDIUM UP;John Coltrane;SWING;3;109;1;111;1;7;5;4,2,2,1,2;0111,01,01,1,01
227_25;lick;POSTBOP;MEDIUM UP;John Coltrane;SWING;3;125;1;127;1;6;5;2,2,1,2,2;01,01,1,01,11
227_26;lick;POSTBOP;MEDIUM UP;John Coltrane;SWING;8;128;1;135;2;23;18;2,1,4,1,2,4,4,3,1,1,4,1,1,1,1,4,3,1;01,1,0011,1,01,1100,0001,111,1,1,0001,1,1,1,1,0001,110,1
228_1;lick;POSTBOP;MEDIUM UP;John Coltrane;SWING;2;0;3;1;1;2;2;2,1;01,1
228_2;lick;POSTBOP;MEDIUM UP;John Coltrane;SWING;1;1;2;1;3;2;2;2,1;01,1
228_3;line;POSTBOP;MEDIUM UP;John Coltrane;SWING;2;2;1;3;1;8;4;2,3,4,2;01,111,1011,01
228_4;lick;POSTBOP;MEDIUM UP;John Coltrane;SWING;1;3;2;3;3;2;2;2,1;01,1
228_5;line;POSTBOP;MEDIUM UP;John Coltrane;SWING;2;4;1;5;1;10;4;2,4,3,3;01,1011,111,111
228_6;lick;POSTBOP;MEDIUM UP;John Coltrane;SWING;2;5;3;6;1;5;2;2,6;01,101011
228_7;lick;POSTBOP;MEDIUM UP;John Coltrane;SWING;2;6;3;7;1;4;2;2,3;01,111
228_8;line;POSTBOP;MEDIUM UP;John Coltrane;SWING;7;7;3;13;2;35;15;4,2,3,3,3,3,3,3,1,2,3,6,4,3,1;0011,01,111,111,111,111,111,111,1,01,111,010111,0001,111,1
228_9;lick;POSTBOP;MEDIUM UP;John Coltrane;SWING;2;13;3;14;2;5;3;2,3,1;01,111,1
228_10;lick;POSTBOP;MEDIUM UP;John Coltrane;SWING;2;14;3;15;1;5;2;2,6;01,101101
228_11;line;POSTBOP;MEDIUM UP;John Coltrane;SWING;9;15;3;23;2;71;22;2,4,4,3,3,3,4,6,4,4,3,4,4,5,4,4,4,5,4,4,4,1;01,0011,0111,111,111,111,1011,010101,0111,0111,111,1111,1111,01111,1111,1111,1111,11111,0111,1111,1111,1
228_13;lick;POSTBOP;MEDIUM UP;John Coltrane;SWING;2;35;2;36;3;8;5;2,4,1,2,2;11,1001,1,01,11
228_14;lick;POSTBOP;MEDIUM UP;John Coltrane;SWING;2;37;1;38;3;8;6;4,2,2,2,1,1;0011,01,01,11,1,1
228_15;line;POSTBOP;MEDIUM UP;John Coltrane;SWING;2;39;1;40;3;15;5;5,4,6,3,4;00111,1111,111011,011,0001
228_17;line;POSTBOP;MEDIUM UP;John Coltrane;SWING;4;44;2;47;2;18;9;1,2,4,4,3,2,4,1,1;1,11,1111,0111,111,11,0001,1,1
228_18;line;POSTBOP;MEDIUM UP;John Coltrane;SWING;4;48;1;51;1;20;10;2,1,4,3,2,4,4,3,4,4;01,1,0001,110,01,1111,0001,111,1111,1100
228_19;line;POSTBOP;MEDIUM UP;John Coltrane;SWING;4;52;1;55;1;20;8;4,4,4,4,4,4,2,4;0011,0111,0111,0111,0111,0111,01,1001
228_20;lick;POSTBOP;MEDIUM UP;John Coltrane;SWING;4;56;1;59;2;11;10;2,1,4,1,1,1,1,4,1,2;01,1,0001,1,1,1,1,0001,1,11
228_21;lick;POSTBOP;MEDIUM UP;John Coltrane;SWING;4;60;3;63;1;10;7;4,1,1,1,1,2,6;0001,1,1,1,1,01,101011
228_22;line;POSTBOP;MEDIUM UP;John Coltrane;SWING;10;64;3;73;1;48;22;2,6,3,1,4,1,2,4,4,2,4,3,2,3,6,1,4,2,4,1,5,6;01,100101,111,1,0111,1,01,1110,0011,11,0001,111,01,111,001011,1,0011,11,0111,1,01111,111100
228_23;line;POSTBOP;MEDIUM UP;John Coltrane;SWING;3;73;3;75;1;13;5;6,4,4,3,1;000011,1111,0111,111,1
228_24;line;POSTBOP;MEDIUM UP;John Coltrane;SWING;3;75;2;77;1;15;6;4,3,4,4,4,1;0011,111,1011,0111,1011,1
228_25;line;POSTBOP;MEDIUM UP;John Coltrane;SWING;11;77;2;87;2;47;26;4,4,4,4,4,1,4,2,2,4,2,3,4,2,1,2,2,4,6,1,1,1,1,4,1,2;0011,1011,0111,1011,0111,1,1110,01,11,1001,01,110,1011,01,1,01,01,0001,011111,1,1,1,1,0001,1,11
228_26;line;POSTBOP;MEDIUM UP;John Coltrane;SWING;7;88;3;94;3;38;12;2,1,2,6,4,6,4,4,4,4,6,3;11,1,11,010111,0011,111111,1111,1111,1100,1111,011011,111
228_27;lick;POSTBOP;MEDIUM UP;John Coltrane;SWING;8;96;1;103;3;56;20;2,2,1,6,4,1,6,2,10,2,6,4,6,4,3,6,6,6,1,1;01,01,1,001111,1100,1,011111,11,0001011111,11,000111,1111,001111,1100,011,011111,110001,111111,1,1
228_28;line;POSTBOP;MEDIUM UP;John Coltrane;SWING;3;104;3;106;3;16;7;4,6,4,4,2,4,2;0111,011111,1100,1001,01,0001,11
228_29;lick;POSTBOP;MEDIUM UP;John Coltrane;SWING;2;107;1;108;3;10;6;6,6,2,1,1,1;000011,111001,01,1,1,1
228_30;lick;POSTBOP;MEDIUM UP;John Coltrane;SWING;3;109;1;111;1;15;6;6,4,7,4,4,2;000111,1101,0001111,0110,0001,11
228_31;line;POSTBOP;MEDIUM UP;John Coltrane;SWING;8;112;1;119;2;64;21;2,6,5,2,6,6,4,2,4,10,8,6,4,3,3,6,6,1,4,1,1;01,111110,11111,01,010011,101011,1110,01,1111,1100100111,00101111,111100,0011,111,111,111111,101011,1,0001,1,1
228_32;line;POSTBOP;MEDIUM UP;John Coltrane;SWING;12;120;1;131;1;55;27;2,1,4,3,3,4,4,2,3,3,2,4,2,4,4,4,4,4,1,2,4,4,1,1,2,2,4;01,1,0001,111,011,1100,1111,01,111,011,11,0111,11,0111,0111,1111,1110,1011,1,01,0011,1100,1,1,01,01,1001
228_33;lick;POSTBOP;MEDIUM UP;John Coltrane;SWING;4;132;1;135;1;10;8;2,1,6,1,1,1,1,4;01,1,000001,1,1,1,1,1011
228_34;lick;POSTBOP;MEDIUM UP;John Coltrane;SWING;3;136;1;138;2;7;5;4,4,2,2,1;0001,0001,11,11,1
228_35;lick;POSTBOP;MEDIUM UP;John Coltrane;SWING;1;139;1;139;2;3;2;2,1;11,1
229_14;lick;POSTBOP;UP;John Coltrane;SWING;4;150;1;153;1;9;4;3,2,2,2;111,11,11,11
229_15;lick;POSTBOP;UP;John Coltrane;SWING;5;155;1;159;1;9;5;4,2,2,4,2;0011,11,11,1001,01
229_16;lick;POSTBOP;UP;John Coltrane;SWING;4;161;1;164;1;9;4;3,2,2,2;111,11,11,11
229_17;lick;POSTBOP;UP;John Coltrane;SWING;6;166;1;171;1;13;6;3,3,3,1,4,4;111,111,011,1,1001,0011
229_18;lick;POSTBOP;UP;John Coltrane;SWING;6;173;1;178;1;12;6;4,3,2,4,3,1;0111,011,11,1001,011,1
229_19;lick;POSTBOP;UP;John Coltrane;SWING;7;179;1;185;1;11;6;4,6,4,4,6,2;0011,000101,0110,0001,000011,11
229_20;line;POSTBOP;UP;John Coltrane;SWING;9;188;1;196;1;18;9;2,4,2,2,6,3,4,2,2;01,1011,01,11,100001,011,1011,11,11
229_21;line;POSTBOP;UP;John Coltrane;SWING;6;199;1;204;1;15;5;3,3,4,4,1;111,111,1111,1111,1
229_22;line;POSTBOP;UP;John Coltrane;SWING;7;206;1;212;1;19;6;4,5,3,6,4,3;0111,00111,111,110101,0111,111
229_24;lick;POSTBOP;UP;John Coltrane;SWING;2;216;1;217;1;3;2;2,2;01,11
229_25;lick;POSTBOP;UP;John Coltrane;SWING;4;219;1;222;1;8;4;3,1,3,3;011,1,011,111
229_26;lick;POSTBOP;UP;John Coltrane;SWING;4;224;1;227;1;9;4;4,4,2,1;1011,0111,11,1
229_27;lick;POSTBOP;UP;John Coltrane;SWING;5;228;1;232;1;7;4;2,2,3,1;01,11,111,1
229_28;line;POSTBOP;UP;John Coltrane;SWING;5;234;1;238;1;16;5;3,3,3,4,3;111,111,111,1111,111
229_29;lick;POSTBOP;UP;John Coltrane;SWING;6;240;1;245;1;7;5;2,2,4,2,1;01,11,1100,01,1
229_30;lick;POSTBOP;UP;John Coltrane;SWING;4;246;1;249;1;7;4;2,3,4,1;01,111,1001,1
229_31;lick;POSTBOP;UP;John Coltrane;SWING;5;250;1;254;1;10;5;2,4,4,4,3;01,0111,0011,0011,110
229_32;lick;POSTBOP;UP;John Coltrane;SWING;4;255;1;258;1;8;4;6,4,3,1;000001,0111,111,1
229_33;line;POSTBOP;UP;John Coltrane;SWING;5;259;1;263;1;14;5;2,6,4,3,4;01,101111,0111,111,1100
229_34;lick;POSTBOP;UP;John Coltrane;SWING;3;266;1;268;1;8;3;2,3,3;11,111,111
229_35;line;POSTBOP;UP;John Coltrane;SWING;7;270;1;276;1;24;7;3,3,3,6,4,4,3;111,111,111,111011,0111,1111,111
229_36;line;POSTBOP;UP;John Coltrane;SWING;4;278;1;281;1;11;4;4,4,3,3;0111,0111,111,110
229_37;lick;POSTBOP;UP;John Coltrane;SWING;3;282;1;284;1;5;3;6,2,2;000001,11,11
229_38;lick;POSTBOP;UP;John Coltrane;SWING;6;285;1;290;1;15;6;2,3,6,6,4,4;01,110,101011,010111,0011,1100
229_39;lick;POSTBOP;UP;John Coltrane;SWING;5;291;1;295;1;14;5;4,4,4,4,4;0011,0111,1111,0111,1100
229_40;lick;POSTBOP;UP;John Coltrane;SWING;6;296;1;301;1;13;6;2,3,4,2,2,4;01,111,1110,01,11,1110
229_41;lick;POSTBOP;UP;John Coltrane;SWING;6;302;1;307;1;15;6;2,3,4,1,4,4;01,111,1110,1,1111,1110
229_42;lick;POSTBOP;UP;John Coltrane;SWING;1;309;1;309;1;4;1;6;110101
229_43;lick;POSTBOP;UP;John Coltrane;SWING;7;311;1;317;1;16;7;3,2,3,4,4,4,2;011,11,111,1001,0111,1001,11
229_44;lick;POSTBOP;UP;John Coltrane;SWING;4;319;1;322;1;12;4;2,6,4,4;11,001011,1011,1111
229_45;lick;POSTBOP;UP;John Coltrane;SWING;5;324;1;328;1;16;5;3,4,6,3,3;011,1001,111111,111,111
229_46;line;POSTBOP;UP;John Coltrane;SWING;8;330;1;337;1;23;8;6,2,4,4,4,5,3,3;001001,11,0111,1111,1110,10111,111,110
229_47;lick;POSTBOP;UP;John Coltrane;SWING;4;339;1;342;1;7;4;2,4,3,3;01,0001,011,111
229_48;line;POSTBOP;UP;John Coltrane;SWING;11;344;1;354;1;38;11;4,3,4,4,4,6,4,3,6,2,2;0111,111,1111,1111,1111,101011,1111,111,111110,11,11
229_50;lick;POSTBOP;UP;John Coltrane;SWING;2;370;1;371;1;5;2;2,4;01,1111
229_51;lick;POSTBOP;UP;John Coltrane;SWING;2;373;1;374;1;5;2;4,4;0111,1100
229_52;lick;POSTBOP;UP;John Coltrane;SWING;2;375;1;376;1;4;2;3,3;011,110
229_54;lick;POSTBOP;UP;John Coltrane;SWING;5;390;1;394;1;8;4;2,4,4,1;01,1110,1011,1
229_55;lick;POSTBOP;UP;John Coltrane;SWING;4;395;1;398;1;6;4;4,1,4,2;0011,1,0001,11
229_60;lick;POSTBOP;UP;John Coltrane;SWING;4;411;1;414;1;6;4;2,4,2,1;01,1001,11,1
229_63;line;POSTBOP;UP;John Coltrane;SWING;8;430;1;437;1;18;7;3,2,2,3,3,4,4;011,11,11,110,111,0111,1111
229_65;lick;POSTBOP;UP;John Coltrane;SWING;2;447;1;448;1;3;2;4,4;0001,0110
229_68;line;POSTBOP;UP;John Coltrane;SWING;5;460;1;464;1;17;5;3,4,4,5,1;111,1111,1111,11111,1
229_73;line;POSTBOP;UP;John Coltrane;SWING;13;487;1;499;1;24;11;4,2,6,6,4,3,3,2,6,4,1;0001,11,001011,010101,0111,111,111,01,010001,1100,1
229_74;line;POSTBOP;UP;John Coltrane;SWING;6;501;1;506;1;18;6;4,4,8,8,4,4;0011,1110,00001011,00100111,0111,0111
229_75;line;POSTBOP;UP;John Coltrane;SWING;5;508;1;512;1;12;5;2,3,3,3,4;01,111,111,111,1100
229_76;line;POSTBOP;UP;John Coltrane;SWING;10;514;1;523;1;30;10;1,4,6,4,3,4,6,6,2,2;1,0011,010111,1111,111,1111,101011,011011,11,11
229_77;line;POSTBOP;UP;John Coltrane;SWING;2;525;1;526;1;3;2;6,1;000101,1
229_78;line;POSTBOP;UP;John Coltrane;SWING;4;527;1;530;1;12;4;4,5,3,6;0111,01011,011,101011
229_79;lick;POSTBOP;UP;John Coltrane;SWING;5;535;1;539;1;8;4;2,4,4,2;01,1011,0011,11
229_80;lick;POSTBOP;UP;John Coltrane;SWING;5;541;1;545;1;10;5;4,2,2,2,2;1011,11,01,11,11
229_81;lick;POSTBOP;UP;John Coltrane;SWING;2;547;1;548;1;4;2;2,4;11,1100
229_82;line;POSTBOP;UP;John Coltrane;SWING;5;549;1;553;1;14;5;2,4,4,3,3;11,0111,1111,111,110
229_83;lick;POSTBOP;UP;John Coltrane;SWING;4;555;1;558;1;9;4;3,1,6,1;111,1,100111,1
229_84;line;POSTBOP;UP;John Coltrane;SWING;9;560;1;568;1;23;9;4,4,2,6,2,4,1,4,3;0111,1011,11,101011,11,0111,1,0011,111
229_85;lick;POSTBOP;UP;John Coltrane;SWING;7;570;1;576;1;12;6;2,3,2,1,3,2;11,011,11,1,111,11
229_86;line;POSTBOP;UP;John Coltrane;SWING;3;579;1;581;1;7;3;3,4,1;111,0111,1
229_87;line;POSTBOP;UP;John Coltrane;SWING;12;582;1;593;1;26;12;2,3,2,3,2,1,2,6,6,4,3,2;11,111,01,111,11,1,11,010001,001101,0111,011,11
229_88;line;POSTBOP;UP;John Coltrane;SWING;8;595;1;602;1;14;8;2,2,4,2,2,4,4,1;11,11,1011,01,11,1001,0001,1
229_89;line;POSTBOP;UP;John Coltrane;SWING;11;604;1;614;1;23;11;2,1,2,2,2,2,2,3,4,4,4;11,1,11,11,01,11,11,011,1011,0111,1011
229_90;lick;POSTBOP;UP;John Coltrane;SWING;7;616;1;622;1;16;7;3,2,4,4,4,2,4;011,01,0111,0111,1110,11,0110
229_91;lick;POSTBOP;UP;John Coltrane;SWING;7;624;1;630;1;14;6;2,2,3,2,4,3;11,11,111,01,1011,111
229_92;lick;POSTBOP;UP;John Coltrane;SWING;4;632;1;635;1;9;4;3,3,5,2;111,111,01001,01
229_93;lick;POSTBOP;UP;John Coltrane;SWING;5;636;1;640;1;11;5;4,2,3,3,3;0001,11,011,111,111
229_94;lick;POSTBOP;UP;John Coltrane;SWING;5;642;1;646;1;10;5;4,2,3,3,3;0011,01,011,111,110
229_95;lick;POSTBOP;UP;John Coltrane;SWING;3;647;1;649;1;6;3;2,3,3;01,111,110
229_96;lick;POSTBOP;UP;John Coltrane;SWING;7;650;1;656;1;16;7;2,3,3,3,3,3,1;01,111,110,111,111,111,1
229_97;line;POSTBOP;UP;John Coltrane;SWING;6;657;1;662;1;16;6;2,3,4,3,4,1;01,111,1111,111,1111,1
229_98;line;POSTBOP;UP;John Coltrane;SWING;10;663;1;672;1;23;10;4,3,4,2,4,4,4,6,4,1;0001,011,1011,11,1110,0001,0111,010111,1110,1
229_112;line;POSTBOP;UP;John Coltrane;SWING;10;739;1;748;1;25;9;2,1,4,4,4,4,3,2,3;01,1,1111,1111,1111,1111,111,01,111
229_113;line;POSTBOP;UP;John Coltrane;SWING;9;750;1;758;1;18;9;4,6,3,6,2,1,1,1,1;0001,101011,111,111101,01,1,1,1,1
230_2;line;HARDBOP;MEDIUM;John Coltrane;SWING;2;4;1;5;1;26;5;6,6,8,7,8;111111,111111,00000111,0111111,11111000
230_3;line;HARDBOP;MEDIUM;John Coltrane;SWING;3;5;3;7;4;33;10;4,5,6,4,4,4,4,6,1,6;0011,10111,011011,0111,1111,1111,1111,011101,1,001011
230_4;line;HARDBOP;MEDIUM;John Coltrane;SWING;4;8;4;11;2;43;11;3,4,4,4,6,8,3,6,8,6,2;111,1111,1111,1111,101111,01111100,111,111011,10100111,001101,11
230_5;line;HARDBOP;MEDIUM;John Coltrane;SWING;1;12;1;12;4;13;4;2,4,8,4;01,1111,11010101,0111
230_6;line;HARDBOP;MEDIUM;John Coltrane;SWING;2;13;4;14;2;12;3;4,6,4;1111,011011,1111
230_7;line;HARDBOP;MEDIUM;John Coltrane;SWING;3;15;2;17;1;31;8;4,6,6,4,5,4,4,4;1111,101011,011111,0111,10111,1111,1111,0111
230_8;line;HARDBOP;MEDIUM;John Coltrane;SWING;2;18;2;19;4;24;7;2,5,4,4,6,5,1;11,11111,0111,1111,111011,01111,1
230_9;line;HARDBOP;MEDIUM;John Coltrane;SWING;4;20;1;23;2;54;14;4,8,4,6,3,4,6,8,6,5,5,3,4,2;1111,10101101,0111,101101,111,1111,111111,10101011,001111,10111,01111,111,1101,11
230_10;lick;HARDBOP;MEDIUM;John Coltrane;SWING;2;24;2;25;3;21;6;4,6,4,4,8,4;1111,101111,1011,1111,00000111,1100
230_11;lick;HARDBOP;MEDIUM;John Coltrane;SWING;2;26;2;27;3;18;6;6,6,4,1,4,4;011111,111111,1001,1,0011,1100
230_12;lick;HARDBOP;MEDIUM;John Coltrane;SWING;1;28;2;28;4;10;3;5,4,3;01111,1111,110
230_13;line;HARDBOP;MEDIUM;John Coltrane;SWING;1;29;2;29;4;13;3;6,5,6;011111,11111,111000
230_14;line;HARDBOP;MEDIUM;John Coltrane;SWING;2;30;1;31;2;25;6;2,6,6,5,8,1;01,111101,111111,11111,11011111,1
230_15;lick;HARDBOP;MEDIUM;John Coltrane;SWING;4;32;1;35;2;62;14;4,4,4,4,6,4,6,5,4,6,4,6,6,8;1111,1111,1111,1111,110011,1011,111101,11111,1111,111111,1111,101111,011001,11111110
230_16;lick;HARDBOP;MEDIUM;John Coltrane;SWING;2;36;1;37;1;17;5;2,5,4,5,4;01,00111,1111,11111,1111
230_17;lick;HARDBOP;MEDIUM;John Coltrane;SWING;3;37;4;39;1;23;6;5,6,5,4,3,6;01111,011011,11111,1011,110,111110
230_18;lick;HARDBOP;MEDIUM;John Coltrane;SWING;2;39;2;40;1;13;4;4,4,6,1;0011,1111,111111,1
230_19;lick;HARDBOP;MEDIUM;John Coltrane;SWING;3;40;2;42;3;41;9;6,5,6,4,4,4,7,6,6;011111,01111,011111,0111,1100,0111,1111111,111111,111111
230_20;line;HARDBOP;MEDIUM;John Coltrane;SWING;3;43;1;45;2;46;10;8,8,6,5,8,5,4,6,7,4;00011111,10110111,101111,11111,01101011,11111,0111,110111,1010111,1100
230_21;line;HARDBOP;MEDIUM;John Coltrane;SWING;3;46;1;48;1;33;9;3,6,5,6,6,5,4,3,1;111,111011,01111,111011,011011,01111,1111,111,1
230_22;lick;HARDBOP;MEDIUM;John Coltrane;SWING;2;48;3;49;3;18;5;3,6,6,6,4;110,101011,011101,111111,1100
230_24;line;HARDBOP;MEDIUM;John Coltrane;SWING;3;52;1;54;1;33;9;6,6,6,4,6,6,4,4,1;000001,111101,111111,1111,011111,101111,1001,1111,1
230_25;lick;HARDBOP;MEDIUM;John Coltrane;SWING;2;54;2;55;2;20;5;8,5,3,6,4;00001111,10111,111,101111,1111
230_26;line;HARDBOP;MEDIUM;John Coltrane;SWING;2;55;4;56;3;23;4;6,7,6,5;111111,1111111,111111,01111
230_27;lick;HARDBOP;MEDIUM;John Coltrane;SWING;2;57;1;58;2;30;6;12,8,6,6,6,5;000000100111,01111111,111100,001111,111111,11111
230_28;line;HARDBOP;MEDIUM;John Coltrane;SWING;2;58;4;59;4;19;5;5,6,8,4,4;00111,111110,10110111,0111,1100
230_29;line;HARDBOP;MEDIUM;John Coltrane;SWING;4;60;2;63;3;48;14;4,4,4,4,6,4,4,6,6,6,4,4,4,1;0011,1111,0110,0111,011011,1011,0111,101111,011011,011111,1111,1111,1111,1
230_31;line;HARDBOP;MEDIUM;John Coltrane;SWING;4;64;4;67;3;42;12;6,6,4,5,6,3,5,5,4,4,8,3;000011,010111,0111,11111,010111,111,11111,11111,1100,0111,10100011,110
230_32;lick;HARDBOP;MEDIUM;John Coltrane;SWING;4;67;4;70;1;28;10;4,3,6,4,4,6,6,6,5,1;0001,110,010101,1101,1100,111110,100011,111011,00111,1
230_33;lick;HARDBOP;MEDIUM;John Coltrane;SWING;2;70;2;71;2;17;5;4,4,8,4,1;1110,1110,11111011,1110,1
230_34;line;HARDBOP;MEDIUM;John Coltrane;SWING;4;71;4;74;2;42;10;4,6,5,5,4,8,7,1,6,4;1111,011111,11111,10111,1111,01010111,0111111,1,101111,1110
230_35;lick;HARDBOP;MEDIUM;John Coltrane;SWING;3;74;4;76;2;23;6;5,3,6,8,4,6;00011,111,110111,11111011,1101,111000
230_36;lick;HARDBOP;MEDIUM;John Coltrane;SWING;2;76;3;77;3;16;5;5,6,4,4,4;11001,011011,1011,1111,1100
230_37;line;HARDBOP;MEDIUM;John Coltrane;SWING;4;78;2;81;2;51;13;6,4,8,3,6,6,6,4,4,3,6,6,4;101011,0111,10101101,111,111101,011111,101111,1111,1111,111,111101,010001,1011
230_38;lick;HARDBOP;MEDIUM;John Coltrane;SWING;2;82;2;83;4;28;7;2,4,6,7,6,4,6;11,1111,101111,1101111,011011,1111,011100
230_39;lick;HARDBOP;MEDIUM;John Coltrane;SWING;3;84;2;86;2;30;9;4,4,4,4,4,4,6,6,4;0001,1111,1111,1111,0011,1111,110111,010111,1100
230_40;lick;HARDBOP;MEDIUM;John Coltrane;SWING;1;86;3;86;4;8;2;7,6;0000111,111110
230_41;lick;HARDBOP;MEDIUM;John Coltrane;SWING;1;87;1;87;3;12;3;6,8,4;000011,11111110,1110
230_42;lick;HARDBOP;MEDIUM;John Coltrane;SWING;3;87;4;89;3;25;8;6,5,6,6,4,6,4,1;000011,11111,111101,111001,1101,010001,1101,1
230_43;line;HARDBOP;MEDIUM;John Coltrane;SWING;1;90;2;90;4;14;3;5,6,6;01111,111111,111100
230_44;line;HARDBOP;MEDIUM;John Coltrane;SWING;4;91;1;94;3;62;15;6,7,6,6,6,6,4,6,5,6,4,8,2,6,1;000011,1111111,111101,111111,011011,111011,1111,011111,01111,101111,1111,00011011,01,111110,1
230_45;line;HARDBOP;MEDIUM;John Coltrane;SWING;2;94;4;95;1;11;2;6,6;111111,011111
230_46;line;HARDBOP;MEDIUM;John Coltrane;SWING;3;95;3;97;3;27;9;4,6,6,6,4,4,3,6,4;0011,011011,011011,011011,0111,1111,110,000011,1100
231_2;line;HARDBOP;UP;John Coltrane;SWING;5;4;2;8;1;28;16;2,2,3,2,2,2,3,2,2,1,1,2,2,2,2,2;01,11,011,11,11,11,011,11,11,1,1,11,11,11,11,01
231_3;line;HARDBOP;UP;John Coltrane;SWING;6;9;2;14;2;39;21;2,2,4,2,4,2,2,4,3,3,4,2,4,2,1,4,2,4,2,4,1;11,01,1011,01,1011,01,11,1101,110,110,1101,01,0001,11,1,1101,01,1100,11,1100,1
231_4;lick;HARDBOP;UP;John Coltrane;SWING;4;15;3;18;2;19;12;2,2,2,2,2,2,1,3,1,2,1,2;11,11,01,11,11,11,1,011,1,01,1,11
231_5;line;HARDBOP;UP;John Coltrane;SWING;4;19;3;22;3;23;12;1,3,2,2,2,2,1,2,2,2,1,4;1,111,11,11,11,11,1,11,11,11,1,1101
231_6;lick;HARDBOP;UP;John Coltrane;SWING;3;23;3;25;1;13;7;4,2,2,2,2,2,2;0001,11,11,11,11,11,11
231_7;lick;HARDBOP;UP;John Coltrane;SWING;2;25;3;26;3;10;5;2,2,3,2,2;11,11,011,11,11
231_8;line;HARDBOP;UP;John Coltrane;SWING;8;27;3;34;2;48;26;4,2,2,2,1,4,2,4,2,3,2,2,2,2,2,4,2,2,2,2,2,4,2,2,1,2;1011,11,11,11,1,1101,01,1011,11,011,11,11,11,11,11,0001,01,11,11,11,11,1011,01,01,1,01
231_10;lick;HARDBOP;UP;John Coltrane;SWING;8;41;1;48;2;61;30;3,3,4,2,2,6,2,3,2,2,2,4,2,2,2,2,2,1,2,2,2,2,2,2,2,2,4,2,2,2;111,111,0111,01,11,100011,01,011,01,11,11,0111,11,11,11,11,11,1,11,11,11,11,11,11,11,11,1001,11,11,11
231_11;lick;HARDBOP;UP;John Coltrane;SWING;2;49;2;50;3;12;6;2,2,2,6,2,2;01,01,11,011110,11,11
231_12;line;HARDBOP;UP;John Coltrane;SWING;3;52;1;54;3;21;11;2,2,4,2,2,2,4,4,1,2,1;11,11,1011,01,11,11,1001,0111,1,11,1
231_13;lick;HARDBOP;UP;John Coltrane;SWING;3;56;1;58;1;13;8;4,4,2,2,2,1,1,2;0001,0011,11,11,11,1,1,11
231_14;lick;HARDBOP;UP;John Coltrane;SWING;4;59;4;62;4;18;13;1,1,2,2,2,1,2,2,2,1,2,2,2;1,1,01,11,11,1,01,11,11,1,01,01,11
231_15;line;HARDBOP;UP;John Coltrane;SWING;8;64;3;71;2;52;27;2,1,2,2,2,2,2,2,2,2,2,2,2,4,2,2,3,2,2,2,2,2,4,2,2,2,2;01,1,11,11,11,11,11,11,11,01,11,11,11,0111,11,11,011,11,11,11,11,11,1001,11,11,11,11
231_17;line;HARDBOP;UP;John Coltrane;SWING;7;76;3;82;4;42;25;2,2,2,2,2,2,1,2,2,2,2,1,3,2,4,2,2,1,1,2,4,2,2,1,1;11,11,11,01,11,11,1,11,11,11,01,1,111,01,0001,11,11,1,1,11,1011,11,11,1,1
231_18;lick;HARDBOP;UP;John Coltrane;SWING;5;83;3;87;2;25;13;2,2,2,2,2,2,4,2,2,2,2,2,2;11,11,11,11,11,11,0110,01,11,11,11,11,11
231_22;line;HARDBOP;UP;John Coltrane;SWING;3;108;1;110;3;19;11;3,2,2,2,3,2,1,2,2,1,1;011,11,11,11,011,11,1,11,11,1,1
231_23;lick;HARDBOP;UP;John Coltrane;SWING;2;111;3;112;3;9;5;1,4,2,2,4;1,0011,11,11,1001
231_24;lick;HARDBOP;UP;John Coltrane;SWING;1;114;1;114;4;8;4;3,2,4,1;111,11,1100,1
231_25;lick;HARDBOP;UP;John Coltrane;SWING;1;116;1;116;3;4;3;1,2,1;1,11,1
231_26;line;HARDBOP;UP;John Coltrane;SWING;4;117;3;120;3;26;13;2,2,4,4,2,2,2,2,1,4,1,4,1;11,11,1011,0111,11,11,11,11,1,1100,1,1110,1
231_28;lick;HARDBOP;UP;John Coltrane;SWING;6;124;3;129;3;37;19;4,2,4,2,3,3,2,2,1,4,2,2,2,1,4,3,2,2,2;0110,11,1001,01,110,111,11,11,1,1011,11,11,11,1,1100,111,11,11,01
232_1;line;HARDBOP;MEDIUM SLOW;John Coltrane;SWING;3;0;3;2;1;22;7;4,6,4,8,4,6,1;0111,101111,0111,10101011,0110,001011,1
232_2;lick;HARDBOP;MEDIUM SLOW;John Coltrane;SWING;2;2;3;3;4;20;6;5,4,4,5,4,3;00111,1111,1111,01111,0111,110
232_3;line;HARDBOP;MEDIUM SLOW;John Coltrane;SWING;2;4;1;5;1;15;5;1,12,8,4,4;1,001011001111,00001101,0111,1001
232_5;lick;HARDBOP;MEDIUM SLOW;John Coltrane;SWING;3;6;3;8;1;22;7;2,4,6,3,4,4,4;01,1111,100111,011,0111,1111,1111
232_6;lick;HARDBOP;MEDIUM SLOW;John Coltrane;SWING;2;8;4;9;2;9;3;5,4,1;11111,1110,1
232_8;line;HARDBOP;MEDIUM SLOW;John Coltrane;SWING;2;11;3;12;4;16;6;5,4,4,4,4,4;00111,1111,0111,0001,0110,1110
232_9;line;HARDBOP;MEDIUM SLOW;John Coltrane;SWING;2;13;2;14;3;25;6;4,6,3,4,10,4;0111,011111,111,1111,1001010111,1111
232_10;lick;HARDBOP;MEDIUM SLOW;John Coltrane;SWING;2;15;2;16;2;20;5;12,4,11,6,2;001000001011,0111,00100111011,101111,11
232_11;line;HARDBOP;MEDIUM SLOW;John Coltrane;SWING;2;16;4;17;3;24;4;7,10,8,8;0011111,1101010011,01111111,11111100
232_12;lick;HARDBOP;MEDIUM SLOW;John Coltrane;SWING;3;17;4;19;1;11;6;4,4,2,6,2,4;0001,0110,01,011100,01,1101
232_14;line;HARDBOP;MEDIUM SLOW;John Coltrane;SWING;2;20;3;21;2;15;4;6,4,4,4;111110,1111,1110,0111
232_15;lick;HARDBOP;MEDIUM SLOW;John Coltrane;SWING;2;22;1;23;2;21;6;4,4,4,8,10,1;0011,0111,1111,10111111,0010100101,1
232_16;line;HARDBOP;MEDIUM SLOW;John Coltrane;SWING;2;24;1;25;1;20;5;8,4,10,4,4;00011111,1101,0101111111,0001,1110
232_17;lick;HARDBOP;MEDIUM SLOW;John Coltrane;SWING;2;25;3;26;4;15;6;10,4,2,4,4,2;0000100101,0111,11,0001,1111,11
232_18;line;HARDBOP;MEDIUM SLOW;John Coltrane;SWING;2;27;2;28;4;22;7;10,4,6,2,2,6,4;0000100101,0111,011111,11,11,111100,0111
232_19;lick;HARDBOP;MEDIUM SLOW;John Coltrane;SWING;4;29;2;32;1;30;11;4,10,3,4,4,4,2,3,6,4,4;0111,0100100101,011,1110,0111,1011,01,111,011011,0001,1110
233_1;lick;POSTBOP;MEDIUM UP;John Coltrane;SWING;2;1;3;2;3;4;3;4,2,2;0001,11,01
233_2;lick;POSTBOP;MEDIUM UP;John Coltrane;SWING;1;3;2;3;4;4;3;2,2,2;01,11,01
233_4;lick;POSTBOP;MEDIUM UP;John Coltrane;SWING;2;7;3;8;2;4;3;2,2,4;01,11,0001
233_5;lick;POSTBOP;MEDIUM UP;John Coltrane;SWING;2;9;2;10;4;19;6;3,3,6,8,4,6;011,110,000111,10101111,0110,111100
233_6;lick;POSTBOP;MEDIUM UP;John Coltrane;SWING;2;11;3;12;4;14;6;6,4,3,2,6,4;000111,1100,011,11,000111,1100
233_7;lick;POSTBOP;MEDIUM UP;John Coltrane;SWING;2;13;3;14;4;13;5;6,1,3,4,4;001111,1,111,0011,0111
233_8;line;POSTBOP;MEDIUM UP;John Coltrane;SWING;2;15;2;16;4;16;7;4,1,4,6,4,4,4;0001,1,0011,011001,1111,1100,1110
233_9;lick;POSTBOP;MEDIUM UP;John Coltrane;SWING;4;17;2;20;4;37;12;6,4,4,4,1,4,4,8,6,5,4,1;000001,1111,1111,0011,1,0111,0011,11101111,011111,01111,0111,1
233_10;line;POSTBOP;MEDIUM UP;John Coltrane;SWING;4;21;2;24;2;27;13;6,3,3,4,4,2,2,2,2,1,4,4,4;001011,011,011,0110,0011,11,11,11,01,1,0011,0011,1111
233_11;lick;POSTBOP;MEDIUM UP;John Coltrane;SWING;2;25;2;26;3;12;5;4,4,3,4,4;0011,1100,011,1111,1100
233_12;line;POSTBOP;MEDIUM UP;John Coltrane;SWING;2;27;1;28;3;20;7;4,1,4,4,4,4,1;0111,1,0111,1111,1111,1111,1
233_13;line;POSTBOP;MEDIUM UP;John Coltrane;SWING;2;29;1;30;4;24;8;5,1,8,5,4,4,3,4;00111,1,00010011,01111,1111,1111,111,1100
233_15;lick;POSTBOP;MEDIUM UP;John Coltrane;SWING;2;33;2;34;2;11;4;4,4,3,3;0111,1100,111,111
233_16;lick;POSTBOP;MEDIUM UP;John Coltrane;SWING;2;35;1;36;3;21;6;5,4,3,5,6,4;01111,1111,111,01011,111100,1110
233_18;line;POSTBOP;MEDIUM UP;John Coltrane;SWING;3;39;2;41;3;25;9;2,4,6,6,3,4,6,1,3;01,0001,101011,011011,111,1111,101011,1,111
233_20;lick;POSTBOP;MEDIUM UP;John Coltrane;SWING;2;43;2;44;4;17;6;4,4,5,6,4,2;0011,1100,01111,010111,1111,01
233_21;lick;POSTBOP;MEDIUM UP;John Coltrane;SWING;2;45;2;46;4;16;7;4,3,1,6,4,2,1;0111,111,1,101011,1100,11,1
233_22;line;POSTBOP;MEDIUM UP;John Coltrane;SWING;2;47;2;48;4;18;6;3,3,4,6,5,1;111,110,1111,011011,01111,1
233_26;lick;POSTBOP;MEDIUM UP;John Coltrane;SWING;2;55;4;56;4;11;5;4,1,3,5,1;1101,1,011,10111,1
233_27;lick;POSTBOP;MEDIUM UP;John Coltrane;SWING;2;57;1;58;4;15;8;6,1,6,2,2,3,4,1;101101,1,000001,11,11,011,0110,1
233_28;line;POSTBOP;MEDIUM UP;John Coltrane;SWING;2;59;2;60;4;25;7;4,4,4,4,4,6,1;1111,1111,1111,1101,1111,110111,1
233_30;line;POSTBOP;MEDIUM UP;John Coltrane;SWING;3;63;1;65;1;29;9;6,5,5,4,6,6,4,4,1;010001,01011,01111,1111,011011,011011,1111,1111,1
234_1;lick;HARDBOP;MEDIUM UP;John Coltrane;SWING;2;4;1;5;1;8;4;6,4,1,1;010101,0111,1,1
234_2;lick;HARDBOP;MEDIUM UP;John Coltrane;SWING;2;5;2;6;2;4;4;2,1,2,1;01,1,01,1
234_3;lick;HARDBOP;MEDIUM UP;John Coltrane;SWING;2;8;1;9;1;6;5;2,4,2,2,2;11,0001,01,01,01
234_4;line;HARDBOP;MEDIUM UP;John Coltrane;SWING;2;10;1;11;1;8;5;4,2,2,2,1;0001,11,11,11,1
234_5;lick;HARDBOP;MEDIUM UP;John Coltrane;SWING;3;11;2;13;3;13;9;2,3,2,2,2,2,1,1,1;01,011,11,11,11,01,1,1,1
234_6;lick;HARDBOP;MEDIUM UP;John Coltrane;SWING;1;14;1;14;4;5;4;4,2,2,1;0110,01,01,1
234_7;lick;HARDBOP;MEDIUM UP;John Coltrane;SWING;3;15;4;17;4;16;9;2,2,2,1,2,2,2,2,2;01,11,11,1,11,11,11,11,11
234_8;lick;HARDBOP;MEDIUM UP;John Coltrane;SWING;2;18;2;19;3;10;6;4,6,4,2,6,3;0001,100001,0001,11,010001,110
234_9;lick;HARDBOP;MEDIUM UP;John Coltrane;SWING;2;20;1;21;3;15;7;4,6,4,3,4,6,1;0001,000011,0110,111,1101,001011,1
234_10;lick;HARDBOP;MEDIUM UP;John Coltrane;SWING;3;22;3;24;3;17;9;2,4,2,2,1,2,4,5,1;11,1101,01,11,1,11,0001,01111,1
234_11;lick;HARDBOP;MEDIUM UP;John Coltrane;SWING;2;25;1;26;1;4;3;1,3,1;1,110,1
234_12;lick;HARDBOP;MEDIUM UP;John Coltrane;SWING;2;27;1;28;3;11;7;4,2,6,1,1,2,2;0001,01,010011,1,1,11,11
234_13;lick;HARDBOP;MEDIUM UP;John Coltrane;SWING;2;29;2;30;3;12;6;2,2,6,2,4,2;01,11,010001,11,0111,11
234_15;lick;HARDBOP;MEDIUM UP;John Coltrane;SWING;2;32;2;33;1;5;4;2,2,4,1;01,11,0001,1
234_16;lick;HARDBOP;MEDIUM UP;John Coltrane;SWING;2;34;1;35;1;10;5;4,2,2,2,2;0110,11,11,11,11
234_18;lick;HARDBOP;MEDIUM UP;John Coltrane;SWING;2;40;2;41;2;9;5;2,2,1,5,1;01,11,1,01111,1
234_19;lick;HARDBOP;MEDIUM UP;John Coltrane;SWING;2;42;1;43;1;8;5;2,2,3,3,1;01,11,011,011,1
234_20;lick;HARDBOP;MEDIUM UP;John Coltrane;SWING;1;43;2;43;4;4;3;2,2,2;11,01,01
234_21;lick;HARDBOP;MEDIUM UP;John Coltrane;SWING;2;44;1;45;1;11;5;4,4,6,1,1;0111,1111,000011,1,1
234_22;lick;HARDBOP;MEDIUM UP;John Coltrane;SWING;2;45;3;46;3;8;5;4,3,3,4,1;0001,011,110,1100,1
234_23;line;HARDBOP;MEDIUM UP;John Coltrane;SWING;3;48;1;50;3;20;11;2,2,2,2,2,2,1,3,3,4,1;11,11,11,11,11,11,1,011,110,0011,1
234_24;lick;HARDBOP;MEDIUM UP;John Coltrane;SWING;5;51;2;55;1;20;14;4,2,2,2,1,4,1,3,4,2,2,1,2,4;0001,11,11,11,1,1100,1,110,0001,11,01,1,01,0001
234_26;lick;HARDBOP;MEDIUM UP;John Coltrane;SWING;3;60;4;62;2;9;5;6,4,1,2,4;000001,0111,1,11,1001
234_27;lick;HARDBOP;MEDIUM UP;John Coltrane;SWING;2;64;1;65;3;12;6;2,2,2,4,2,2;11,11,11,1100,11,11
234_28;line;HARDBOP;MEDIUM UP;John Coltrane;SWING;2;65;4;66;4;14;5;4,6,4,4,1;0011,110111,0111,0111,1
234_29;line;HARDBOP;MEDIUM UP;John Coltrane;SWING;3;67;1;69;1;17;8;4,6,2,2,2,1,4,2;0111,011011,11,11,11,1,0001,11
234_30;line;HARDBOP;MEDIUM UP;John Coltrane;SWING;2;70;1;71;1;11;5;3,3,2,2,1;111,111,11,11,1
234_31;line;HARDBOP;MEDIUM UP;John Coltrane;SWING;2;71;2;72;2;12;5;4,3,2,2,6;0001,011,11,11,110111
234_32;lick;HARDBOP;MEDIUM UP;John Coltrane;SWING;2;72;4;73;3;8;4;4,1,2,4;1011,1,01,1011
234_33;lick;HARDBOP;MEDIUM UP;John Coltrane;SWING;1;74;1;74;4;6;4;4,3,2,1;0001,011,11,1
234_34;line;HARDBOP;MEDIUM UP;John Coltrane;SWING;2;75;1;76;2;11;6;6,4,2,2,2,1;000001,0111,11,11,11,1
234_35;lick;HARDBOP;MEDIUM UP;John Coltrane;SWING;2;76;3;77;3;5;4;2,2,1,2;01,11,1,01
234_36;line;HARDBOP;MEDIUM UP;John Coltrane;SWING;2;79;1;80;4;14;8;2,2,2,2,2,2,2,1;01,11,11,11,11,11,11,1
234_37;line;HARDBOP;MEDIUM UP;John Coltrane;SWING;1;81;1;81;4;6;4;2,2,2,1;01,11,11,1
234_38;lick;HARDBOP;MEDIUM UP;John Coltrane;SWING;2;82;1;83;3;11;7;4,4,2,3,2,2,1;0001,0001,11,011,11,11,1
234_39;lick;HARDBOP;MEDIUM UP;John Coltrane;SWING;2;84;3;85;3;4;2;6,1;010101,1
243_2;lick;POSTBOP;MEDIUM;Joshua Redman;SWING;3;1;3;3;1;13;7;4,3,3,2,1,3,1;0001,111,111,11,1,110,1
243_3;lick;POSTBOP;MEDIUM;Joshua Redman;SWING;3;3;3;5;1;13;7;2,3,2,2,4,1,1;01,111,11,11,1101,1,1
243_4;lick;POSTBOP;MEDIUM;Joshua Redman;SWING;3;5;4;7;1;13;6;3,2,2,4,3,1;111,11,11,1101,110,1
243_6;lick;POSTBOP;MEDIUM;Joshua Redman;SWING;3;9;1;11;2;20;10;4,6,2,3,1,2,4,1,2,2;0011,001001,11,111,1,11,1011,1,11,11
243_7;lick;POSTBOP;MEDIUM;Joshua Redman;SWING;2;12;1;13;1;9;5;2,2,1,4,1;11,11,1,1110,1
243_8;lick;POSTBOP;MEDIUM;Joshua Redman;SWING;1;13;2;13;4;5;3;4,2,2;0001,11,11
243_9;lick;POSTBOP;MEDIUM;Joshua Redman;SWING;2;14;3;15;1;5;3;3,1,1;111,1,1
243_10;line;POSTBOP;MEDIUM;Joshua Redman;SWING;2;15;3;16;4;17;6;2,3,4,3,3,3;01,111,1111,111,111,111
243_11;line;POSTBOP;MEDIUM;Joshua Redman;SWING;6;17;3;22;1;54;19;2,3,3,3,3,3,3,3,6,6,4,6,4,4,4,3,3,3,1;01,111,111,111,111,111,111,111,101011,001101,0111,010011,0111,0111,0111,111,111,111,1
243_12;lick;POSTBOP;MEDIUM;Joshua Redman;SWING;2;22;3;23;3;13;5;3,3,3,1,3;111,111,111,1,111
243_17;line;POSTBOP;MEDIUM;Joshua Redman;SWING;5;32;1;36;1;66;17;8,4,6,8,6,4,5,4,4,6,4,5,4,4,4,4,3;00000111,1111,101101,01010111,011011,1111,10111,1111,1111,011101,1111,10111,1111,1111,1111,1111,110
243_18;lick;POSTBOP;MEDIUM;Joshua Redman;SWING;3;36;4;38;2;14;7;4,1,3,3,1,3,4;0001,1,111,111,1,111,1001
243_19;lick;POSTBOP;MEDIUM;Joshua Redman;SWING;5;38;4;42;1;34;13;4,8,3,1,6,6,2,3,4,4,3,3,1;0001,10010101,011,1,101011,001101,11,111,1111,0111,111,111,1
243_20;line;POSTBOP;MEDIUM;Joshua Redman;SWING;6;42;3;47;4;86;22;4,4,4,4,4,6,5,4,4,6,5,4,4,4,4,4,4,6,4,4,4,4;0011,1111,1111,1101,1111,101111,11111,1111,1111,111111,11111,0111,1111,1110,1111,1111,1111,101111,1101,1111,1101,1101
243_30;lick;POSTBOP;MEDIUM;Joshua Redman;SWING;2;60;4;61;2;8;3;3,3,4;011,111,1101
243_31;lick;POSTBOP;MEDIUM;Joshua Redman;SWING;2;61;4;62;2;7;3;4,3,3;0011,011,111
243_32;line;POSTBOP;MEDIUM;Joshua Redman;SWING;4;62;4;65;1;33;10;4,6,4,4,4,4,8,6,1,1;0011,011011,1111,1111,1111,1111,01010111,010111,1,1
243_33;lick;POSTBOP;MEDIUM;Joshua Redman;SWING;2;65;2;66;1;7;4;4,2,4,2;0001,11,1001,11
243_34;lick;POSTBOP;MEDIUM;Joshua Redman;SWING;2;66;3;67;4;12;6;4,2,2,2,2,3;0001,11,11,11,11,111
243_35;lick;POSTBOP;MEDIUM;Joshua Redman;SWING;5;68;3;72;4;33;17;2,2,2,2,2,2,3,2,2,2,4,4,1,2,2,2,4;01,11,11,11,11,11,111,11,11,11,1100,1001,1,11,11,11,1001
244_1;lick;POSTBOP;UP;Joshua Redman;SWING;1;0;1;0;4;7;4;2,2,4,1;01,11,1011,1
244_2;lick;POSTBOP;UP;Joshua Redman;SWING;5;1;3;5;2;26;16;2,4,2,2,1,5,2,2,1,6,2,1,2,2,2,1;11,1001,01,11,1,10001,01,11,1,010001,11,1,11,11,11,1
244_3;lick;POSTBOP;UP;Joshua Redman;SWING;4;6;1;9;1;21;13;1,1,4,1,2,2,2,4,2,3,1,2,1;1,1,0001,1,01,11,11,1101,11,111,1,11,1
244_4;lick;POSTBOP;UP;Joshua Redman;SWING;2;9;4;10;1;3;2;2,1;11,1
244_5;lick;POSTBOP;UP;Joshua Redman;SWING;2;10;4;11;1;3;2;2,1;11,1
244_6;lick;POSTBOP;UP;Joshua Redman;SWING;2;11;4;12;1;3;2;2,2;11,01
244_7;lick;POSTBOP;UP;Joshua Redman;SWING;3;12;4;14;4;17;9;2,2,2,2,2,2,2,2,2;11,01,11,11,11,11,11,11,11
244_8;line;POSTBOP;UP;Joshua Redman;SWING;6;15;1;20;2;34;21;2,3,2,2,2,2,2,4,1,1,1,1,1,1,2,1,4,2,2,2,2;01,111,11,11,11,11,11,1001,1,1,1,1,1,1,11,1,0001,11,11,11,11
244_9;lick;POSTBOP;UP;Joshua Redman;SWING;3;21;2;23;2;7;5;4,2,1,4,1;0001,11,1,1001,1
244_10;lick;POSTBOP;UP;Joshua Redman;SWING;2;23;4;24;1;3;2;2,2;01,11
244_11;lick;POSTBOP;UP;Joshua Redman;SWING;4;24;4;27;3;11;7;6,2,2,2,2,1,4;000001,11,01,11,11,1,1001
244_12;lick;POSTBOP;UP;Joshua Redman;SWING;2;28;1;29;1;7;5;4,2,4,4,1;0001,11,1001,0001,1
244_13;line;POSTBOP;UP;Joshua Redman;SWING;5;29;3;33;4;30;18;2,2,2,2,2,4,2,2,3,1,2,3,2,3,2,2,1,1;11,11,11,01,11,0001,11,11,011,1,11,011,11,011,01,11,1,1
244_14;line;POSTBOP;UP;Joshua Redman;SWING;7;34;4;40;1;42;22;4,2,4,3,4,3,3,2,2,2,3,2,3,1,1,2,2,2,1,2,2,2;0011,11,0111,011,1011,011,011,11,11,11,011,11,011,1,1,11,11,01,1,11,11,11
244_15;lick;POSTBOP;UP;Joshua Redman;SWING;1;41;1;41;4;5;3;6,3,2;000001,111,01
244_16;lick;POSTBOP;UP;Joshua Redman;SWING;1;42;3;42;4;3;2;2,1;11,1
244_17;lick;POSTBOP;UP;Joshua Redman;SWING;1;43;2;43;4;3;3;4,2,2;0001,01,01
244_18;line;POSTBOP;UP;Joshua Redman;SWING;4;44;3;47;4;26;14;3,2,2,2,2,2,2,3,2,2,2,6,2,2;011,11,11,01,11,11,11,111,11,11,11,000001,01,11
244_19;line;POSTBOP;UP;Joshua Redman;SWING;5;48;3;52;4;34;18;2,2,2,2,1,2,2,2,6,2,3,2,2,6,2,6,4,2;11,11,11,11,1,11,11,11,001011,11,011,11,01,100101,01,100101,0001,01
244_20;line;POSTBOP;UP;Joshua Redman;SWING;5;53;3;57;1;47;15;2,3,4,3,3,6,4,4,3,4,4,3,4,6,1;11,111,1111,111,111,101011,0111,1011,111,1111,0111,111,1111,101110,1
244_21;line;POSTBOP;UP;Joshua Redman;SWING;4;57;3;60;1;19;11;2,4,2,3,2,2,1,2,4,2,4;01,1111,11,011,11,11,1,01,1001,01,0001
244_22;line;POSTBOP;UP;Joshua Redman;SWING;5;60;3;64;1;26;14;6,2,2,2,2,2,2,2,3,2,3,2,2,2;000001,01,11,11,11,11,01,11,011,11,111,11,11,11
244_23;lick;POSTBOP;UP;Joshua Redman;SWING;2;64;3;65;4;8;5;4,2,4,1,1;1001,11,1001,1,1
244_24;lick;POSTBOP;UP;Joshua Redman;SWING;2;66;2;67;3;8;5;6,2,4,1,2;000001,01,1101,1,11
244_25;lick;POSTBOP;UP;Joshua Redman;SWING;2;68;3;69;4;8;5;2,4,2,4,1;11,1001,01,1001,1
244_26;lick;POSTBOP;UP;Joshua Redman;SWING;2;70;1;71;4;15;8;1,2,4,2,6,2,2,2;1,11,1011,01,100011,01,11,11
244_27;line;POSTBOP;UP;Joshua Redman;SWING;4;72;1;75;3;24;15;4,2,2,4,2,2,2,4,2,2,2,2,4,2,4;0001,01,01,0001,11,11,11,1001,01,11,11,11,1001,01,1001
244_28;lick;POSTBOP;UP;Joshua Redman;SWING;1;76;1;76;3;3;3;2,2,1;01,01,1
244_29;line;POSTBOP;UP;Joshua Redman;SWING;4;76;4;79;1;20;10;4,2,2,2,2,2,2,2,2,2;1001,11,11,11,11,11,11,11,11,11
244_30;lick;POSTBOP;UP;Joshua Redman;SWING;2;79;3;80;1;6;3;3,4,1;111,1001,1
244_31;lick;POSTBOP;UP;Joshua Redman;SWING;5;80;2;84;3;29;15;2,2,4,1,2,4,3,3,6,1,4,2,4,4,3;01,11,1001,1,11,1110,111,110,000001,1,0001,11,1101,0111,110
244_32;lick;POSTBOP;UP;Joshua Redman;SWING;2;84;4;85;1;2;2;6,6;000001,000001
244_33;line;POSTBOP;UP;Joshua Redman;SWING;5;86;1;90;2;36;18;1,2,2,4,2,2,4,2,2,2,4,2,2,4,1,2,2,2;1,11,11,1100,11,11,0111,11,11,11,0110,11,11,0111,1,11,11,11
244_34;lick;POSTBOP;UP;Joshua Redman;SWING;2;90;4;91;4;7;5;2,1,2,4,2;01,1,11,1001,01
244_35;lick;POSTBOP;UP;Joshua Redman;SWING;6;92;3;97;2;47;20;2,4,1,2,3,4,4,3,4,3,3,4,2,3,4,2,1,3,4,1;01,0111,1,01,111,1111,0110,111,1101,111,111,1001,11,111,1111,11,1,111,0011,1
248_1;lick;BEBOP;UP;Kai Winding;SWING;2;2;2;3;2;8;5;2,2,2,1,2;11,01,11,1,11
248_2;lick;BEBOP;UP;Kai Winding;SWING;2;3;4;4;2;3;3;2,2,1;01,01,1
248_3;lick;BEBOP;UP;Kai Winding;SWING;4;4;4;7;3;16;12;2,1,2,1,2,2,1,2,2,2,2,1;01,1,11,1,11,01,1,01,01,11,11,1
248_4;lick;BEBOP;UP;Kai Winding;SWING;4;9;2;12;1;14;10;2,4,1,2,2,1,2,2,1,1;11,0001,1,11,11,1,11,01,1,1
248_5;lick;BEBOP;UP;Kai Winding;SWING;1;13;1;13;2;3;2;1,2;1,11
248_6;lick;BEBOP;UP;Kai Winding;SWING;3;13;4;15;3;11;8;4,2,2,2,2,2,1,1;0001,01,01,11,11,11,1,1
248_7;lick;BEBOP;UP;Kai Winding;SWING;2;17;1;18;2;9;6;2,2,1,2,2,1;11,11,1,11,01,1
248_8;lick;BEBOP;UP;Kai Winding;SWING;2;18;3;19;3;7;5;4,4,2,2,1;0001,0001,11,11,1
248_9;lick;BEBOP;UP;Kai Winding;SWING;3;21;4;23;1;7;5;1,4,2,2,2;1,0001,11,11,01
248_10;lick;BEBOP;UP;Kai Winding;SWING;3;24;3;26;2;5;5;2,4,2,2,1;01,0001,01,01,1
248_11;lick;BEBOP;UP;Kai Winding;SWING;1;26;4;26;4;2;1;2;11
248_12;lick;BEBOP;UP;Kai Winding;SWING;3;27;2;29;1;11;8;2,2,2,1,2,2,2,1;01,11,11,1,01,01,11,1
248_14;lick;BEBOP;UP;Kai Winding;SWING;2;32;4;33;2;5;3;2,2,2;01,11,11
248_15;lick;BEBOP;UP;Kai Winding;SWING;2;34;1;35;3;7;5;1,2,2,1,1;1,11,11,1,1
248_16;lick;BEBOP;UP;Kai Winding;SWING;2;37;1;38;2;6;5;1,4,2,2,1;1,1001,01,01,1
248_17;lick;BEBOP;UP;Kai Winding;SWING;3;39;2;41;4;15;9;2,2,2,2,2,2,1,2,2;01,11,11,11,01,11,1,11,11
248_18;lick;BEBOP;UP;Kai Winding;SWING;2;42;1;43;3;8;5;4,2,3,1,1;0001,11,111,1,1
248_19;line;BEBOP;UP;Kai Winding;SWING;1;45;2;45;3;3;2;2,2;01,11
248_20;line;BEBOP;UP;Kai Winding;SWING;4;45;4;48;1;14;10;2,2,2,2,2,1,2,2,1,1;11,01,01,11,11,1,11,01,1,1
248_21;lick;BEBOP;UP;Kai Winding;SWING;2;49;1;50;1;8;5;1,2,2,4,2;1,01,11,1001,11
248_22;lick;BEBOP;UP;Kai Winding;SWING;2;50;3;51;2;7;4;2,1,1,4;11,1,1,0111
248_23;lick;BEBOP;UP;Kai Winding;SWING;2;51;4;52;2;4;3;2,2,1;11,01,1
248_24;lick;BEBOP;UP;Kai Winding;SWING;2;53;2;54;2;5;3;4,2,1;0011,11,1
248_25;lick;BEBOP;UP;Kai Winding;SWING;3;55;2;57;1;10;7;4,2,2,1,2,2,2;0001,11,01,1,11,01,11
248_26;lick;BEBOP;UP;Kai Winding;SWING;2;57;2;58;2;5;4;4,1,2,1;0001,1,11,1
248_27;lick;BEBOP;UP;Kai Winding;SWING;4;58;4;61;1;12;9;1,4,2,1,3,2,1,2,1;1,1001,01,1,011,01,1,11,1
249_2;line;BEBOP;UP;Kenny Dorham;SWING;4;2;4;5;1;32;10;4,3,5,6,4,4,3,4,4,6;1110,111,10111,010111,0011,1101,111,1111,0011,101011
249_3;lick;BEBOP;UP;Kenny Dorham;SWING;6;6;4;11;4;39;20;2,2,2,2,2,2,2,6,2,2,4,6,2,6,5,1,4,1,4,1;01,11,01,11,11,11,11,111100,11,11,1001,001101,01,000101,00011,1,1101,1,1101,1
249_4;lick;BEBOP;UP;Kenny Dorham;SWING;8;12;4;19;1;52;24;2,4,2,2,2,2,4,2,2,4,2,2,4,2,3,6,4,2,1,1,4,2,4,2;11,1011,11,11,01,01,1001,11,11,1111,11,11,1110,11,111,011110,0111,11,1,1,1110,11,1001,01
249_5;lick;BEBOP;UP;Kenny Dorham;SWING;5;20;1;24;3;27;16;2,4,4,2,2,4,4,6,1,4,2,2,6,2,1,1;01,1001,1001,01,01,1001,0001,011100,1,1101,11,01,011001,11,1,1
250_1;lick;HARDBOP;MEDIUM;Kenny Dorham;SWING;1;1;1;1;3;7;3;4,3,2;0111,011,11
250_2;lick;HARDBOP;MEDIUM;Kenny Dorham;SWING;1;2;1;2;3;7;3;6,3,2;010101,011,11
250_3;lick;HARDBOP;MEDIUM;Kenny Dorham;SWING;3;2;4;4;2;11;7;4,3,3,2,4,2,1;0001,011,011,11,1001,01,1
250_4;lick;HARDBOP;MEDIUM;Kenny Dorham;SWING;3;5;1;7;2;21;10;2,2,2,3,2,2,6,3,4,5;01,11,11,011,11,01,011011,011,1110,00011
250_5;lick;HARDBOP;MEDIUM;Kenny Dorham;SWING;3;7;4;9;3;10;6;4,1,8,6,6,1;0111,1,00100001,000001,100001,1
250_6;lick;HARDBOP;MEDIUM;Kenny Dorham;SWING;3;10;2;12;1;13;7;2,2,2,4,3,4,1;01,11,01,1011,011,1110,1
250_7;lick;HARDBOP;MEDIUM;Kenny Dorham;SWING;4;12;4;15;2;17;9;4,2,2,6,6,2,1,3,1;0111,11,11,001001,001001,01,1,111,1
250_8;line;HARDBOP;MEDIUM;Kenny Dorham;SWING;3;15;4;17;2;20;7;2,6,2,6,4,4,3;01,110111,11,100111,0011,1111,110
250_9;line;HARDBOP;MEDIUM;Kenny Dorham;SWING;7;18;4;24;1;46;20;2,2,2,6,6,2,6,2,2,4,2,6,2,6,6,6,2,4,6,1;01,11,11,001001,001001,01,100111,11,11,1011,01,111100,11,100111,110001,001111,11,1001,010001,1
250_10;line;HARDBOP;MEDIUM;Kenny Dorham;SWING;3;25;2;27;3;23;10;4,2,2,2,3,8,2,6,4,3;0001,11,01,11,011,10010101,11,010111,0111,110
250_11;line;HARDBOP;MEDIUM;Kenny Dorham;SWING;2;28;3;29;4;10;5;4,2,7,6,3;0001,11,0010001,000101,111
250_12;line;HARDBOP;MEDIUM;Kenny Dorham;SWING;2;30;2;31;2;12;5;4,2,4,8,1;1110,11,1001,01101001,1
250_13;lick;HARDBOP;MEDIUM;Kenny Dorham;SWING;2;31;3;32;1;8;3;6,6,4;000001,011110,1110
250_14;lick;HARDBOP;MEDIUM;Kenny Dorham;SWING;2;32;3;33;3;3;3;2,1,1;01,1,1
250_15;lick;HARDBOP;MEDIUM;Kenny Dorham;SWING;2;34;2;35;4;15;7;4,2,1,1,4,6,4;0111,11,1,1,0111,010011,0110
250_16;lick;HARDBOP;MEDIUM;Kenny Dorham;SWING;1;36;2;36;4;7;3;3,3,2;011,111,11
251_1;lick;POSTBOP;UP;Kenny Dorham;SWING;12;1;4;12;3;31;22;2,2,2,1,2,1,2,2,2,2,2,2,1,2,3,2,2,2,2,2,3,2;01,01,01,1,01,1,01,11,01,01,11,11,1,01,111,01,01,11,11,11,011,01
251_3;line;POSTBOP;UP;Kenny Dorham;SWING;10;26;3;35;3;76;37;2,2,4,1,3,4,2,2,2,3,4,4,3,2,2,2,2,2,2,2,2,2,2,2,2,4,2,2,2,2,2,2,2,2,2,2,2;11,11,0111,1,111,1101,11,11,11,110,1011,0011,111,11,11,01,11,11,11,11,11,11,11,11,11,1110,11,11,11,11,11,11,11,01,01,11,11
251_4;lick;POSTBOP;UP;Kenny Dorham;SWING;3;36;4;38;1;13;6;4,2,2,4,2,4;0001,11,11,1101,11,1101
251_5;lick;POSTBOP;UP;Kenny Dorham;SWING;2;38;4;39;4;8;5;2,3,2,2,2;01,011,11,11,01
251_6;line;POSTBOP;UP;Kenny Dorham;SWING;4;40;4;43;2;20;11;4,2,2,2,2,2,2,2,2,2,2;0001,11,11,11,11,11,01,11,11,11,11
251_7;line;POSTBOP;UP;Kenny Dorham;SWING;11;44;1;54;1;45;30;1,2,2,4,2,2,2,2,2,4,2,2,2,1,1,1,1,2,2,2,3,2,1,4,2,2,2,3,2,1;1,01,01,0001,01,01,11,11,01,0001,01,01,01,1,1,1,1,11,11,11,111,11,1,1011,11,11,11,011,11,1
251_8;line;POSTBOP;UP;Kenny Dorham;SWING;5;55;2;59;1;11;10;2,2,2,2,4,1,1,2,2,2;01,11,01,01,0001,1,1,01,01,01
251_11;lick;POSTBOP;UP;Kenny Dorham;SWING;2;73;2;74;1;7;4;2,3,2,1;01,111,11,1
251_12;lick;POSTBOP;UP;Kenny Dorham;SWING;2;74;4;75;4;8;5;4,2,2,2,1;0011,01,11,11,1
251_13;line;POSTBOP;UP;Kenny Dorham;SWING;5;76;2;80;4;36;19;2,3,2,3,2,2,2,2,2,2,2,2,2,2,2,4,4,2,3;11,011,11,011,11,01,11,11,11,11,11,01,11,01,11,1100,1011,01,111
251_14;lick;POSTBOP;UP;Kenny Dorham;SWING;7;81;3;87;1;22;14;2,2,2,2,2,2,1,1,2,2,2,2,2,2;01,11,01,01,01,11,1,1,11,11,11,11,11,11
251_15;line;POSTBOP;UP;Kenny Dorham;SWING;5;87;3;91;3;33;17;4,2,2,2,2,2,2,2,2,2,2,2,2,2,2,2,1;1011,11,11,11,11,11,11,11,11,11,11,11,11,01,11,11,1
251_17;line;POSTBOP;UP;Kenny Dorham;SWING;5;102;1;106;2;16;13;2,2,1,3,2,2,1,1,2,2,4,2,2;01,01,1,011,01,01,1,1,01,01,1001,01,11
251_18;lick;POSTBOP;UP;Kenny Dorham;SWING;2;107;2;108;4;10;7;3,2,2,1,1,1,2;011,11,11,1,1,1,01
251_19;line;POSTBOP;UP;Kenny Dorham;SWING;8;109;4;116;2;35;24;1,1,1,3,1,1,1,2,2,2,2,2,2,2,2,2,2,2,4,3,2,4,1,2;1,1,1,011,1,1,1,01,01,01,01,11,01,11,11,11,11,01,1101,011,11,0001,1,11
251_22;line;POSTBOP;UP;Kenny Dorham;SWING;3;143;3;145;2;12;7;2,2,2,1,2,2,2;01,11,11,1,11,11,11
252_2;lick;HARDBOP;UP;Kenny Dorham;SWING;2;4;3;5;1;7;3;2,3,2;11,111,11
252_3;lick;HARDBOP;UP;Kenny Dorham;SWING;2;5;3;6;3;9;5;2,2,2,2,2;01,11,11,11,11
252_4;line;HARDBOP;UP;Kenny Dorham;SWING;3;7;1;9;1;19;9;2,2,4,3,4,3,2,2,2;01,11,1011,111,0110,111,01,11,11
252_5;line;HARDBOP;UP;Kenny Dorham;SWING;3;9;3;11;4;20;10;2,2,2,3,1,2,2,4,2,4;11,11,11,110,1,11,11,1011,11,0110
252_6;line;HARDBOP;UP;Kenny Dorham;SWING;4;12;2;15;1;23;12;2,2,3,2,2,6,2,2,4,2,2,1;11,11,110,11,11,100011,01,01,1011,11,11,1
252_7;lick;HARDBOP;UP;Kenny Dorham;SWING;2;17;1;18;2;10;5;3,4,2,2,1;111,1001,11,11,1
252_8;line;HARDBOP;UP;Kenny Dorham;SWING;4;19;1;22;1;25;13;4,2,2,2,4,3,2,2,2,2,2,2,2;0001,01,11,11,1011,011,11,11,11,11,11,11,11
252_9;line;HARDBOP;UP;Kenny Dorham;SWING;4;23;1;26;1;33;13;3,4,3,3,3,3,3,3,2,2,2,2,1;111,0111,111,111,111,111,111,111,11,11,11,11,1
252_10;line;HARDBOP;UP;Kenny Dorham;SWING;5;26;2;30;3;36;18;2,2,2,2,2,2,2,2,2,2,2,2,2,2,2,2,2,4;11,11,11,11,11,11,11,11,11,11,11,11,11,11,11,11,01,1101
252_11;line;HARDBOP;UP;Kenny Dorham;SWING;5;31;1;35;2;33;18;2,2,2,4,2,1,2,1,2,6,4,2,2,3,2,2,4,4;01,11,11,1011,01,1,11,1,11,110001,0110,11,11,111,11,01,1001,0001
252_12;line;HARDBOP;UP;Kenny Dorham;SWING;3;36;4;38;3;17;8;3,4,2,3,2,4,2,2;011,1011,01,111,11,1011,01,11
252_13;lick;HARDBOP;UP;Kenny Dorham;SWING;3;39;1;41;3;18;10;2,5,1,3,2,2,2,2,2,2;01,10111,1,011,01,11,11,11,11,11
252_14;line;HARDBOP;UP;Kenny Dorham;SWING;3;41;3;43;4;18;10;2,2,2,2,2,2,2,2,2,1;11,11,11,11,11,11,11,11,11,1
252_15;line;HARDBOP;UP;Kenny Dorham;SWING;4;44;3;47;2;21;11;4,2,2,2,4,2,4,2,2,1,1;1011,11,11,11,1001,01,0111,11,11,1,1
252_17;line;HARDBOP;UP;Kenny Dorham;SWING;3;52;2;54;1;15;8;2,2,2,2,4,2,2,2;01,11,11,11,0111,01,11,11
252_19;line;HARDBOP;UP;Kenny Dorham;SWING;2;56;2;57;3;11;6;3,2,3,2,2,4;011,01,011,01,11,1011
252_20;line;HARDBOP;UP;Kenny Dorham;SWING;6;58;1;63;1;40;20;2,2,4,2,2,2,4,2,2,2,2,2,4,4,2,4,2,2,2,1;11,11,1011,01,11,11,1011,11,11,11,11,11,1011,0011,01,0011,11,11,11,1
252_21;lick;HARDBOP;UP;Kenny Dorham;SWING;6;64;4;69;1;29;16;2,2,4,2,4,3,2,2,2,2,2,2,4,2,2,2;11,11,0110,11,0001,111,11,01,01,01,01,11,1111,01,11,11
252_22;lick;HARDBOP;UP;Kenny Dorham;SWING;2;69;3;70;1;7;3;4,2,2;0111,11,11
253_1;line;HARDBOP;MEDIUM UP;Kenny Dorham;SWING;6;-1;1;4;1;45;20;3,6,6,6,4,2,1,2,2,2,4,2,3,2,2,2,6,2,2,2;111,100101,000101,000101,1011,01,1,11,11,01,1111,11,111,11,11,11,011110,11,11,11
253_2;line;HARDBOP;MEDIUM UP;Kenny Dorham;SWING;2;5;1;6;3;12;7;2,3,2,2,4,3,1;01,011,11,11,1100,011,1
253_4;line;HARDBOP;MEDIUM UP;Kenny Dorham;SWING;2;9;2;10;2;17;5;4,5,5,3,3;1111,10111,10111,111,110
253_5;line;HARDBOP;MEDIUM UP;Kenny Dorham;SWING;4;10;4;13;4;48;13;4,4,4,4,6,4,4,4,6,4,4,6,4;0111,1111,1111,1111,110111,0111,1111,1111,101101,0111,0111,101111,0110
253_6;lick;HARDBOP;MEDIUM UP;Kenny Dorham;SWING;2;14;1;15;1;7;5;6,2,2,2,1;000101,11,01,01,1
253_8;lick;HARDBOP;MEDIUM UP;Kenny Dorham;SWING;3;17;1;19;1;13;8;4,1,3,2,3,6,4,1;1001,1,111,01,110,010001,0001,1
253_9;lick;HARDBOP;MEDIUM UP;Kenny Dorham;SWING;2;19;2;20;1;6;4;2,2,2,6;01,11,11,000001
253_10;line;HARDBOP;MEDIUM UP;Kenny Dorham;SWING;3;20;2;22;2;18;9;6,2,2,2,2,3,2,2,2;000011,11,11,11,11,011,11,11,11
253_11;lick;HARDBOP;MEDIUM UP;Kenny Dorham;SWING;2;22;4;23;3;6;4;2,1,4,1;11,1,0110,1
253_12;line;HARDBOP;MEDIUM UP;Kenny Dorham;SWING;4;25;2;28;1;22;12;2,2,2,2,2,2,2,2,2,2,1,4;11,01,11,11,11,11,11,11,11,11,1,1001
253_13;lick;HARDBOP;MEDIUM UP;Kenny Dorham;SWING;3;28;4;30;2;16;7;2,2,4,2,3,4,2;01,11,1101,11,111,1011,11
253_14;lick;HARDBOP;MEDIUM UP;Kenny Dorham;SWING;3;30;4;32;2;12;6;4,3,4,2,2,2;0001,011,1101,11,11,11
253_15;lick;HARDBOP;MEDIUM UP;Kenny Dorham;SWING;4;32;4;35;3;24;12;4,4,2,4,2,2,2,2,2,2,1,4;0001,0111,11,0111,11,11,11,11,11,11,1,1001
253_16;line;HARDBOP;MEDIUM UP;Kenny Dorham;SWING;3;36;2;38;1;32;8;6,4,6,6,4,6,3,5;110111,0111,110111,001011,1101,111101,111,11111
253_17;line;HARDBOP;MEDIUM UP;Kenny Dorham;SWING;3;38;4;40;3;30;8;6,4,6,6,3,4,4,1;101111,1111,110111,111100,111,1111,1111,1
253_18;line;HARDBOP;MEDIUM UP;Kenny Dorham;SWING;2;40;4;41;2;11;3;6,4,4;111110,1111,1100
253_19;lick;HARDBOP;MEDIUM UP;Kenny Dorham;SWING;6;41;3;46;2;40;20;2,2,2,1,6,4,2,2,2,2,4,2,2,2,2,2,2,2,1,2;01,11,11,1,111001,0110,11,11,11,11,0111,11,11,11,11,11,11,11,1,11
253_20;line;HARDBOP;MEDIUM UP;Kenny Dorham;SWING;3;46;4;48;1;13;6;4,3,2,2,4,4;0011,011,11,01,0111,1101
253_21;lick;HARDBOP;MEDIUM UP;Kenny Dorham;SWING;6;49;1;54;1;41;21;2,2,2,4,1,1,2,2,2,2,5,2,2,3,2,6,2,2,2,2,1;11,01,11,1100,1,1,11,11,11,11,01111,11,11,011,11,011110,11,11,01,11,1
253_22;line;HARDBOP;MEDIUM UP;Kenny Dorham;SWING;3;54;2;56;1;13;8;2,2,3,2,2,2,1,1;01,11,011,11,11,11,1,1
253_23;line;HARDBOP;MEDIUM UP;Kenny Dorham;SWING;3;57;3;59;4;15;9;1,2,2,2,2,2,2,2,1;1,11,11,11,11,11,11,01,1
253_24;line;HARDBOP;MEDIUM UP;Kenny Dorham;SWING;4;61;1;64;1;24;13;4,1,2,2,2,2,2,2,2,3,2,2,2;0001,1,11,11,11,11,11,11,11,011,11,11,11
253_25;line;HARDBOP;MEDIUM UP;Kenny Dorham;SWING;5;64;4;68;1;28;14;2,1,2,2,2,4,2,2,2,2,2,4,2,4;01,1,11,11,11,1011,11,11,11,11,11,0111,11,0110
253_26;lick;HARDBOP;MEDIUM UP;Kenny Dorham;SWING;1;68;2;68;4;3;3;4,2,1;0001,01,1
253_27;line;HARDBOP;MEDIUM UP;Kenny Dorham;SWING;3;69;1;71;3;25;11;2,4,2,2,2,3,2,2,4,4,2;11,0111,11,11,11,111,11,11,0111,1001,11
253_28;lick;HARDBOP;MEDIUM UP;Kenny Dorham;SWING;4;73;2;76;1;17;12;1,1,4,2,1,6,6,2,2,2,2,1;1,1,0001,01,1,101001,000011,01,11,01,11,1
253_29;line;HARDBOP;MEDIUM UP;Kenny Dorham;SWING;4;77;2;80;4;32;15;2,2,2,2,6,2,2,2,2,2,5,2,2,2,1;11,11,11,11,010011,11,11,11,11,11,01111,11,11,11,1
253_30;line;HARDBOP;MEDIUM UP;Kenny Dorham;SWING;2;81;1;82;4;12;7;4,2,2,3,1,1,4;0011,11,11,111,1,1,0001
253_31;line;HARDBOP;MEDIUM UP;Kenny Dorham;SWING;5;83;3;87;1;31;15;2,2,2,2,1,2,2,2,2,2,1,4,2,6,6;11,11,11,11,1,11,11,11,11,11,1,0111,11,001111,001001
253_32;lick;HARDBOP;MEDIUM UP;Kenny Dorham;SWING;1;89;1;89;4;6;4;4,4,2,1;0001,0111,01,1
253_33;lick;HARDBOP;MEDIUM UP;Kenny Dorham;SWING;1;90;1;90;3;5;3;2,2,1;11,11,1
253_34;lick;HARDBOP;MEDIUM UP;Kenny Dorham;SWING;3;91;3;93;2;13;8;6,1,2,4,2,2,1,1;010011,1,11,0001,11,11,1,1
253_35;lick;HARDBOP;MEDIUM UP;Kenny Dorham;SWING;2;94;1;95;2;12;6;2,2,2,2,2,6;11,11,11,11,11,010001
253_36;lick;HARDBOP;MEDIUM UP;Kenny Dorham;SWING;4;97;2;100;2;21;13;3,2,2,2,2,2,2,4,1,2,4,2,2;110,11,01,01,11,01,11,1001,1,11,0011,01,11
253_37;line;HARDBOP;MEDIUM UP;Kenny Dorham;SWING;5;100;4;104;2;27;15;4,1,2,2,2,2,2,2,3,2,4,2,2,1,1;0001,1,11,11,11,11,11,11,011,11,1101,11,11,1,1
253_38;lick;HARDBOP;MEDIUM UP;Kenny Dorham;SWING;2;104;4;105;1;4;2;3,2;011,11
253_39;line;HARDBOP;MEDIUM UP;Kenny Dorham;SWING;3;105;3;107;2;17;8;2,2,4,2,2,2,2,2;11,11,1011,11,11,11,11,11
253_40;lick;HARDBOP;MEDIUM UP;Kenny Dorham;SWING;2;108;1;109;1;7;4;2,3,6,2;01,111,010001,01
254_3;line;POSTBOP;MEDIUM UP;Kenny Dorham;SWING;7;11;2;17;3;56;26;6,4,2,2,2,2,1,4,2,2,2,3,2,4,1,4,2,1,6,4,3,2,2,2,2,2;000011,1101,11,11,11,01,1,1111,11,11,11,111,11,1110,1,1110,11,1,100111,1101,011,11,11,11,01,11
254_4;lick;POSTBOP;MEDIUM UP;Kenny Dorham;SWING;2;19;3;20;2;7;4;2,2,2,2;11,11,01,11
254_6;line;POSTBOP;MEDIUM UP;Kenny Dorham;SWING;4;25;2;28;1;28;8;4,8,6,6,1,8,6,4;0001,00000011,111011,101111,1,11011111,110111,1100
254_7;lick;POSTBOP;MEDIUM UP;Kenny Dorham;SWING;2;29;2;30;3;14;6;4,2,4,4,2,2;1111,11,0111,1101,01,01
254_8;lick;POSTBOP;MEDIUM UP;Kenny Dorham;SWING;2;31;2;32;2;10;5;2,2,2,2,2;11,11,11,11,11
254_9;line;POSTBOP;MEDIUM UP;Kenny Dorham;SWING;3;33;1;35;2;21;9;6,6,2,3,3,2,2,2,6;011110,100101,11,011,011,11,11,11,010001
254_11;line;POSTBOP;MEDIUM UP;Kenny Dorham;SWING;3;43;2;45;3;34;9;1,6,6,6,1,5,4,4,6;1,011110,111111,111111,1,01111,1111,0111,111110
254_12;lick;POSTBOP;MEDIUM UP;Kenny Dorham;SWING;3;47;2;49;4;24;10;6,4,3,2,1,2,4,2,4,2;111011,1111,111,11,1,11,0001,11,1001,11
254_13;lick;POSTBOP;MEDIUM UP;Kenny Dorham;SWING;4;50;4;53;4;17;11;4,2,2,1,4,2,2,2,4,2,2;0001,11,11,1,1001,01,11,01,1001,01,11
254_15;lick;POSTBOP;MEDIUM UP;Kenny Dorham;SWING;4;61;1;64;2;27;8;4,8,2,7,6,3,4,4;0111,01011111,11,0100111,101111,110,1100,1101
254_16;line;POSTBOP;MEDIUM UP;Kenny Dorham;SWING;3;65;2;67;3;24;10;4,4,4,2,6,4,6,2,6,2;1110,1011,1101,11,010001,0001,111001,11,010001,11
254_17;lick;POSTBOP;MEDIUM UP;Kenny Dorham;SWING;1;68;1;68;4;6;3;4,2,4;0001,11,1110
254_18;lick;POSTBOP;MEDIUM UP;Kenny Dorham;SWING;4;69;2;72;3;24;12;3,2,4,2,2,2,2,6,2,2,1,2;111,11,1001,11,11,11,11,100011,01,11,1,11
255_1;lick;POSTBOP;MEDIUM UP;Kenny Dorham;SWING;6;0;1;5;1;34;17;4,2,2,3,1,1,4,2,2,2,2,6,6,4,4,4,3;0001,11,01,011,1,1,1001,11,11,01,11,010001,010001,0111,1111,1111,110
255_2;line;POSTBOP;MEDIUM UP;Kenny Dorham;SWING;3;5;2;7;4;43;11;3,6,4,6,4,6,4,3,8,6,3;011,111100,1111,100111,1111,111111,1111,111,01001111,011101,111
255_4;line;POSTBOP;MEDIUM UP;Kenny Dorham;SWING;3;10;1;12;3;23;10;6,6,4,2,6,1,4,4,1,1;011110,101111,0110,01,001111,1,1100,1001,1,1
255_5;line;POSTBOP;MEDIUM UP;Kenny Dorham;SWING;5;13;2;17;2;26;15;2,2,2,2,6,4,2,2,2,6,2,1,1,5,6;01,11,11,11,001001,0001,11,01,11,101001,11,1,1,00111,000001
255_6;lick;POSTBOP;MEDIUM UP;Kenny Dorham;SWING;4;18;2;21;4;27;12;4,4,4,2,2,2,2,4,6,2,2,1;1111,1111,0001,11,11,11,11,1001,010111,11,01,1
258_1;lick;POSTBOP;MEDIUM UP;Kenny Wheeler;LATIN/FUNK;2;0;3;1;2;6;4;2,4,2,1;01,0110,11,1
258_2;line;POSTBOP;MEDIUM UP;Kenny Wheeler;LATIN/FUNK;3;2;3;4;3;22;8;3,3,3,3,6,2,4,1;111,111,111,011,101101,11,1111,1
258_3;line;POSTBOP;MEDIUM UP;Kenny Wheeler;LATIN/FUNK;3;6;1;8;1;23;8;2,6,6,4,4,4,4,3;11,101011,010101,0111,0111,0111,0111,011
258_5;line;POSTBOP;MEDIUM UP;Kenny Wheeler;LATIN/FUNK;3;13;3;15;3;26;9;6,3,3,3,3,3,4,3,1;101101,011,111,111,111,111,1111,111,1
258_6;lick;POSTBOP;MEDIUM UP;Kenny Wheeler;LATIN/FUNK;3;15;4;17;4;13;8;2,1,1,4,1,2,6,1;01,1,1,1011,1,01,110101,1
258_7;lick;POSTBOP;MEDIUM UP;Kenny Wheeler;LATIN/FUNK;2;18;3;19;2;9;4;4,2,3,1;1111,11,011,1
258_8;lick;POSTBOP;MEDIUM UP;Kenny Wheeler;LATIN/FUNK;2;20;1;21;2;10;5;4,1,4,3,1;0111,1,0011,111,1
258_9;line;POSTBOP;MEDIUM UP;Kenny Wheeler;LATIN/FUNK;3;22;3;24;2;22;8;2,4,3,3,3,3,3,3;01,1111,111,111,111,110,111,111
258_10;lick;POSTBOP;MEDIUM UP;Kenny Wheeler;LATIN/FUNK;5;25;3;29;3;12;6;3,2,1,1,4,6;111,11,1,1,0001,111100
258_11;line;POSTBOP;MEDIUM UP;Kenny Wheeler;LATIN/FUNK;5;31;1;35;4;57;20;3,6,3,2,2,1,4,4,3,6,4,3,3,4,2,5,6,6,3,3;111,101011,111,11,11,1,0111,0111,111,101101,0110,111,111,1111,11,11011,001101,010101,011,111
258_12;lick;POSTBOP;MEDIUM UP;Kenny Wheeler;LATIN/FUNK;1;36;3;36;4;4;2;4,6;1011,000001
258_13;lick;POSTBOP;MEDIUM UP;Kenny Wheeler;LATIN/FUNK;3;38;4;40;4;13;9;4,2,1,4,2,2,2,4,2;0001,01,1,1001,01,11,01,1011,01
258_16;lick;POSTBOP;MEDIUM UP;Kenny Wheeler;LATIN/FUNK;2;43;4;44;4;11;5;3,3,3,1,2;111,111,111,1,01
258_17;line;POSTBOP;MEDIUM UP;Kenny Wheeler;LATIN/FUNK;4;47;1;50;2;29;11;3,3,3,3,2,2,2,5,2,4,4;111,111,111,111,11,11,11,00111,01,1011,1111
258_18;line;POSTBOP;MEDIUM UP;Kenny Wheeler;LATIN/FUNK;2;50;4;51;3;15;4;6,6,7,4;000011,011111,0111111,0110
258_19;line;POSTBOP;MEDIUM UP;Kenny Wheeler;LATIN/FUNK;3;52;1;54;1;22;9;4,4,4,6,6,2,3,3,1;0001,1011,0111,010101,010101,11,111,111,1
260_1;lick;POSTBOP;MEDIUM;Kenny Wheeler;SWING;1;2;3;2;4;4;2;4,1;1011,1
260_2;lick;POSTBOP;MEDIUM;Kenny Wheeler;SWING;4;3;4;6;2;25;11;2,2,3,4,4,4,4,3,3,3,1;01,11,111,0001,0111,0111,0111,111,111,110,1
260_3;lick;POSTBOP;MEDIUM;Kenny Wheeler;SWING;2;6;4;7;1;3;2;7,1;0000101,1
260_4;lick;POSTBOP;MEDIUM;Kenny Wheeler;SWING;2;8;1;9;1;11;4;2,2,6,4;01,11,101111,1110
260_5;line;POSTBOP;MEDIUM;Kenny Wheeler;SWING;4;9;3;12;1;38;11;4,4,4,6,6,4,6,4,4,6,4;0111,1111,0111,101101,011011,0111,101011,0111,0111,011011,1110
260_6;lick;POSTBOP;MEDIUM;Kenny Wheeler;SWING;2;12;3;13;2;6;4;2,4,2,1;11,1001,01,1
260_7;lick;POSTBOP;MEDIUM;Kenny Wheeler;SWING;4;13;4;16;2;14;8;4,2,6,2,2,2,2,2;0111,11,000001,11,11,11,01,01
260_8;lick;POSTBOP;MEDIUM;Kenny Wheeler;SWING;2;16;4;17;4;9;5;6,2,6,2,2;000011,11,010001,01,11
260_9;lick;POSTBOP;MEDIUM;Kenny Wheeler;SWING;3;18;4;20;4;15;7;2,3,3,3,1,4,1;11,111,111,111,1,1100,1
260_10;line;POSTBOP;MEDIUM;Kenny Wheeler;SWING;2;21;1;22;3;21;7;6,6,4,6,4,4,4;000001,110001,0111,011011,0111,1111,1110
260_11;lick;POSTBOP;MEDIUM;Kenny Wheeler;SWING;2;22;4;23;3;11;4;6,3,4,4;001111,111,0011,0110
260_12;lick;POSTBOP;MEDIUM;Kenny Wheeler;SWING;2;24;1;25;1;9;5;1,4,4,4,1;1,1101,0001,0111,1
260_14;line;POSTBOP;MEDIUM;Kenny Wheeler;SWING;3;29;4;31;2;16;6;4,3,3,6,2,1;1111,111,111,101011,01,1
260_15;lick;POSTBOP;MEDIUM;Kenny Wheeler;SWING;2;31;3;32;2;10;4;7,1,2,3;0011111,1,11,011
260_16;lick;POSTBOP;MEDIUM;Kenny Wheeler;SWING;3;32;4;34;1;14;5;4,3,1,4,4;0111,111,1,0111,1111
260_17;line;POSTBOP;MEDIUM;Kenny Wheeler;SWING;4;34;4;37;1;26;10;3,8,6,4,3,2,4,4,1,1;111,10010101,001011,0111,111,11,0111,0111,1,1
266_1;line;COOL;UP;Lee Konitz;SWING;6;-12;2;-7;2;39;21;2,2,2,2,2,2,1,2,2,2,3,2,4,2,2,2,2,2,2,2,2;11,11,01,11,11,11,1,11,11,01,110,01,1101,11,11,11,11,11,11,11,11
266_2;line;COOL;UP;Lee Konitz;SWING;4;-6;2;-3;4;25;14;2,2,2,2,2,2,2,1,2,2,4,1,1,2;11,11,11,11,11,11,11,1,11,11,1001,1,1,11
266_3;line;COOL;UP;Lee Konitz;SWING;3;-1;1;1;1;15;9;2,2,2,2,2,2,2,2,1;01,01,11,11,11,11,11,11,1
266_4;lick;COOL;UP;Lee Konitz;SWING;5;1;2;5;2;24;16;4,1,4,2,4,2,2,1,2,2,1,2,2,1,1,1;0001,1,0001,11,1001,11,11,1,11,11,1,11,11,1,1,1
266_5;lick;COOL;UP;Lee Konitz;SWING;5;7;2;11;1;26;15;3,2,2,1,4,2,3,2,2,2,2,2,2,1,1;011,11,11,1,0001,11,110,11,11,11,11,11,11,1,1
266_6;line;COOL;UP;Lee Konitz;SWING;5;11;3;15;3;31;16;2,2,2,2,6,2,3,2,2,2,2,2,1,2,4,2;01,11,11,11,011100,11,011,11,11,11,11,11,1,11,1001,11
266_7;lick;COOL;UP;Lee Konitz;SWING;6;18;3;23;1;28;19;2,2,2,2,2,1,1,1,2,1,1,1,2,2,1,1,2,2,1;01,11,11,11,11,1,1,1,11,1,1,1,11,11,1,1,11,11,1
266_8;line;COOL;UP;Lee Konitz;SWING;10;24;2;33;1;55;33;4,2,2,2,2,2,4,2,2,1,4,2,1,1,1,2,1,1,2,3,2,1,2,2,2,2,2,4,2,2,2,1,1;0001,11,11,11,11,11,1101,11,11,1,1001,01,1,1,1,11,1,1,11,011,11,1,11,11,11,11,11,1001,11,11,01,1,1
266_9;line;COOL;UP;Lee Konitz;SWING;10;34;4;43;3;62;35;2,4,2,2,2,2,2,2,1,2,2,3,2,2,1,2,1,1,3,2,4,2,2,2,2,2,3,2,2,2,4,2,4,1,1;01,1011,11,11,11,11,11,11,1,11,11,011,11,11,1,11,1,1,110,11,0011,11,11,11,11,11,011,11,11,11,0001,11,0001,1,1
266_10;lick;COOL;UP;Lee Konitz;SWING;5;44;2;48;1;28;15;1,2,2,2,2,2,4,4,2,1,2,2,1,2,4;1,11,11,11,11,11,1011,1001,11,1,11,11,1,11,1001
266_11;line;COOL;UP;Lee Konitz;SWING;5;49;4;53;2;28;15;6,2,2,2,1,4,2,2,2,4,2,2,4,4,1;000011,11,11,11,1,1001,11,11,11,1001,11,11,1001,1001,1
266_13;line;COOL;UP;Lee Konitz;SWING;7;65;2;71;2;42;24;2,1,2,1,2,2,2,4,2,1,2,4,4,4,2,1,2,2,2,2,2,1,2,2;01,1,11,1,11,11,11,0001,11,1,11,1011,0111,1011,01,1,11,11,01,11,11,1,11,11
266_14;line;COOL;UP;Lee Konitz;SWING;10;72;3;81;1;64;34;2,2,2,2,4,2,2,4,2,2,2,2,2,2,1,4,2,1,2,1,2,2,2,1,2,2,2,4,2,6,4,3,3,1;01,11,11,11,0111,11,11,1001,11,11,11,11,11,11,1,0001,01,1,01,1,11,11,11,1,11,11,11,1101,11,110001,0111,111,110,1
266_15;lick;COOL;UP;Lee Konitz;SWING;6;83;2;88;4;44;22;2,2,2,2,2,2,2,2,2,2,2,2,2,2,2,2,2,2,4,2,2,4;01,11,11,11,11,11,11,11,11,11,11,11,11,11,11,11,11,11,1001,11,11,1011
266_16;lick;COOL;UP;Lee Konitz;SWING;7;89;3;95;1;37;20;2,4,1,2,4,2,4,4,1,2,2,4,1,2,2,2,2,4,2,2;01,1111,1,01,0111,01,0001,1111,1,11,11,1001,1,11,11,11,11,1001,01,11
266_17;lick;COOL;UP;Lee Konitz;SWING;2;97;1;98;4;9;7;4,2,2,2,2,1,1;0001,01,11,01,11,1,1
266_18;line;COOL;UP;Lee Konitz;SWING;3;99;1;101;3;20;11;2,2,2,2,2,2,2,2,1,2,3;01,11,01,11,11,11,11,11,1,11,111
266_19;line;COOL;UP;Lee Konitz;SWING;4;102;2;105;3;21;13;2,2,2,2,2,2,2,2,2,2,2,1,1;11,01,11,11,01,11,11,01,11,11,11,1,1
266_20;line;COOL;UP;Lee Konitz;SWING;4;106;4;109;1;20;10;4,6,2,2,2,2,2,1,2,2;0011,010011,11,11,11,11,11,1,11,11
267_1;line;COOL;UP;Lee Konitz;SWING;5;1;3;5;2;31;16;4,2,2,2,2,2,1,2,2,2,2,4,2,2,2,2;0011,11,11,11,11,11,1,11,11,11,11,1011,01,11,11,11
267_2;line;COOL;UP;Lee Konitz;SWING;8;8;3;15;1;46;26;4,2,4,2,2,2,2,2,2,2,2,2,2,2,1,2,1,2,2,2,2,2,1,1,2,2;1001,01,1011,01,11,11,11,11,11,11,11,11,11,11,1,11,1,11,11,11,11,11,1,1,11,01
267_3;line;COOL;UP;Lee Konitz;SWING;4;17;1;20;4;31;16;2,2,2,2,2,2,2,2,1,4,2,2,2,2,2,2;01,11,11,11,11,11,11,11,1,1101,11,11,11,11,11,11
267_5;line;COOL;UP;Lee Konitz;SWING;3;23;1;25;4;27;12;2,2,2,2,3,2,2,4,2,2,3,3;11,11,11,11,111,11,11,1101,11,11,111,110
267_6;line;COOL;UP;Lee Konitz;SWING;4;26;2;29;4;28;15;2,2,2,2,2,2,2,2,2,2,2,1,4,2,2;11,11,11,11,11,11,11,11,01,11,11,1,0011,11,11
267_7;line;COOL;UP;Lee Konitz;SWING;6;31;4;36;1;34;17;2,2,2,2,2,2,2,2,4,2,2,2,2,2,2,4,2;01,11,11,11,11,11,11,11,0111,11,11,11,11,11,11,1101,01
267_8;line;COOL;UP;Lee Konitz;SWING;5;37;1;41;4;38;18;2,2,2,2,2,2,2,3,2,2,2,4,2,4,4,2,2,2;01,11,11,11,11,11,11,111,11,11,11,1101,11,1011,0011,11,11,11
267_9;lick;COOL;UP;Lee Konitz;SWING;5;43;2;47;1;29;16;1,4,1,2,4,2,2,2,4,2,4,2,2,2,2,1;1,1011,1,11,1100,11,01,11,1011,01,1001,11,11,11,11,1
267_10;lick;COOL;UP;Lee Konitz;SWING;5;49;1;53;1;32;16;4,1,4,1,6,2,2,3,2,2,2,2,2,2,2,1;1011,1,1011,1,100011,11,11,011,11,11,11,11,11,11,11,1
267_11;line;COOL;UP;Lee Konitz;SWING;7;55;3;61;3;48;25;1,2,2,2,2,2,2,2,4,2,2,2,2,2,2,4,2,2,2,2,2,2,2,4,1;1,11,11,11,11,11,11,11,1001,11,11,11,11,01,11,1011,01,11,11,11,11,11,11,1011,1
267_12;lick;COOL;UP;Lee Konitz;SWING;4;62;4;65;2;19;10;2,2,2,2,2,4,2,2,2,2;01,11,11,11,11,1011,11,11,01,11
267_13;line;COOL;UP;Lee Konitz;SWING;8;66;3;73;1;53;27;2,2,2,2,2,2,2,2,2,2,2,4,2,2,2,2,2,2,2,2,2,2,2,2,2,3,3;01,11,11,11,11,11,11,11,11,11,11,1001,11,11,11,11,11,11,11,11,11,11,01,11,11,111,110
268_1;line;COOL;UP;Lee Konitz;SWING;5;1;3;5;1;29;15;2,2,2,2,2,2,2,2,2,2,2,2,2,2,1;11,11,11,11,11,11,11,11,11,11,11,11,11,11,1
268_2;line;COOL;UP;Lee Konitz;SWING;2;5;2;6;1;6;4;1,2,2,1;1,11,11,1
268_3;line;COOL;UP;Lee Konitz;SWING;3;6;2;8;2;15;8;2,2,2,2,2,2,2,1;11,11,11,11,11,11,11,1
268_4;line;COOL;UP;Lee Konitz;SWING;2;9;1;10;4;14;8;2,3,2,2,2,1,3,2;01,111,11,01,11,1,011,11
268_6;line;COOL;UP;Lee Konitz;SWING;4;13;1;16;2;25;14;1,2,2,2,2,2,2,2,2,2,2,2,1,1;1,11,11,11,11,11,11,11,11,11,11,11,1,1
268_7;line;COOL;UP;Lee Konitz;SWING;4;17;1;20;1;25;13;2,2,2,2,2,2,2,2,2,2,2,2,1;11,11,11,11,11,11,11,11,11,11,11,11,1
268_8;line;COOL;UP;Lee Konitz;SWING;2;20;3;21;3;9;5;2,2,2,2,4;11,11,11,11,0001
268_9;line;COOL;UP;Lee Konitz;SWING;6;22;2;27;3;44;22;2,2,2,2,2,2,2,2,2,2,2,2,2,3,2,4,1,2,4,2,4,1;11,11,11,11,11,11,11,11,11,11,11,01,01,111,11,0111,1,11,1110,11,0111,1
268_10;line;COOL;UP;Lee Konitz;SWING;6;28;4;33;2;32;18;2,2,2,2,2,2,2,2,2,2,2,2,2,2,2,2,3,1;11,11,11,11,11,11,11,11,11,11,01,01,11,01,01,11,111,1
269_1;lick;COOL;UP;Lee Konitz;SWING;2;0;4;1;4;8;5;4,2,2,2,2;0001,11,01,11,11
269_2;line;COOL;UP;Lee Konitz;SWING;2;2;3;3;1;5;3;4,4,1;0001,1011,1
269_3;lick;COOL;UP;Lee Konitz;SWING;3;4;1;6;1;14;8;2,2,2,2,2,3,2,2;01,11,11,11,11,011,11,01
269_4;line;COOL;UP;Lee Konitz;SWING;4;6;3;9;1;21;11;4,2,2,2,1,3,2,3,2,2,5;0001,11,11,11,1,111,11,011,11,11,01001
269_5;line;COOL;UP;Lee Konitz;SWING;8;10;2;17;1;46;27;2,2,2,2,6,2,2,2,2,1,4,2,4,2,2,1,2,1,4,4,2,2,2,2,2,2,1;01,11,11,11,010001,11,11,11,11,1,1101,01,1101,01,01,1,01,1,1101,0001,11,11,11,11,11,01,1
269_6;line;COOL;UP;Lee Konitz;SWING;8;18;3;25;2;52;27;2,4,2,2,2,2,2,2,2,2,1,4,2,1,4,1,4,2,4,2,2,2,2,3,3,1,1;01,1101,11,11,11,11,11,11,11,11,1,0111,11,1,0111,1,1101,11,0011,11,11,11,11,110,110,1,1
269_7;line;COOL;UP;Lee Konitz;SWING;3;26;2;28;2;19;9;4,4,4,2,2,3,2,2,4;1011,0110,1011,01,01,111,11,01,1011
269_8;lick;COOL;UP;Lee Konitz;SWING;2;28;4;29;1;4;2;2,2;11,11
269_9;line;COOL;UP;Lee Konitz;SWING;10;30;2;39;1;74;36;4,2,4,5,2,3,2,2,4,2,2,2,1,4,2,2,6,2,4,4,4,2,3,4,1,6,1,6,2,2,2,2,2,2,2,1;1011,01,1011,01001,01,111,11,01,1101,11,11,11,1,1101,11,11,010011,11,1101,1101,1101,11,011,0011,1,010011,1,010011,11,11,11,11,01,11,01,1
269_10;line;COOL;UP;Lee Konitz;SWING;6;41;1;46;3;45;23;2,2,2,2,2,2,2,6,6,2,2,2,2,2,4,2,2,2,3,4,6,2,1;11,11,11,11,11,11,11,010001,010001,11,11,11,11,11,0011,11,11,01,110,1101,000011,11,1
269_11;line;COOL;UP;Lee Konitz;SWING;4;46;4;49;2;23;11;4,1,4,2,2,2,2,6,2,6,2;0001,1,1101,11,11,11,11,010011,11,010011,11
269_12;lick;COOL;UP;Lee Konitz;SWING;3;51;1;53;2;17;9;1,3,2,5,2,2,2,2,2;1,110,11,01001,11,11,11,11,11
269_13;line;COOL;UP;Lee Konitz;SWING;6;54;2;59;4;44;23;2,4,4,2,2,2,2,2,2,2,2,2,2,2,2,2,1,6,3,2,4,1,2;01,1100,1101,11,11,11,11,11,11,11,11,11,11,11,11,11,1,110001,011,11,0001,1,11
269_14;lick;COOL;UP;Lee Konitz;SWING;2;60;3;61;2;8;3;6,4,2;001101,1101,11
269_15;line;COOL;UP;Lee Konitz;SWING;4;62;2;65;4;24;14;2,2,2,1,2,2,2,2,2,4,4,2,1,4;11,11,11,1,11,11,11,11,11,0001,1001,01,1,1001
269_16;line;COOL;UP;Lee Konitz;SWING;4;66;4;69;1;18;10;2,2,2,2,2,2,1,4,6,2;11,11,11,11,11,11,1,1001,000011,01
269_17;line;COOL;UP;Lee Konitz;SWING;7;70;3;76;1;44;23;2,6,2,2,2,2,2,2,2,2,3,4,2,2,2,2,2,2,2,2,2,2,1;01,101001,11,11,11,01,11,11,11,01,110,1101,11,11,11,11,11,11,11,11,11,11,1
269_18;lick;COOL;UP;Lee Konitz;SWING;2;76;2;77;2;9;5;4,2,1,4,2;0001,11,1,1101,11
269_19;line;COOL;UP;Lee Konitz;SWING;4;78;4;81;1;18;9;2,4,3,2,2,2,2,2,2;01,1101,011,11,11,11,11,11,11
269_20;lick;COOL;UP;Lee Konitz;SWING;2;82;3;83;3;8;5;3,2,1,1,2;111,11,1,1,01
269_21;lick;COOL;UP;Lee Konitz;SWING;2;84;3;85;2;7;4;4,1,1,2;1101,1,1,11
269_22;line;COOL;UP;Lee Konitz;SWING;7;86;2;92;4;52;27;2,2,2,2,2,2,2,2,2,2,2,2,2,2,3,2,2,2,3,4,2,2,5,2,2,1,2;11,11,11,11,11,11,11,11,11,11,11,11,11,11,011,11,11,01,110,1101,11,11,01001,11,01,1,11
269_23;line;COOL;UP;Lee Konitz;SWING;3;93;3;95;1;20;7;4,3,4,6,4,2,4;0001,111,1110,101011,1111,11,1110
269_24;lick;COOL;UP;Lee Konitz;SWING;3;96;1;98;3;19;11;2,2,2,2,2,2,2,2,2,1,2;01,11,11,11,11,11,11,11,11,1,01
269_25;lick;COOL;UP;Lee Konitz;SWING;1;99;1;99;4;5;4;1,3,1,1;1,110,1,1
269_26;lick;COOL;UP;Lee Konitz;SWING;3;100;4;102;3;15;8;2,4,2,2,2,4,1,3;11,1101,11,11,11,0001,1,011
269_27;line;COOL;UP;Lee Konitz;SWING;3;104;2;106;3;19;10;2,2,2,2,2,2,2,2,2,2;11,11,11,11,11,11,11,01,11,11
269_28;lick;COOL;UP;Lee Konitz;SWING;2;107;1;108;1;9;5;2,3,2,4,2;01,110,01,1011,11
269_29;lick;COOL;UP;Lee Konitz;SWING;2;108;3;109;4;11;5;4,2,4,3,1;1100,11,1101,111,1
269_30;line;COOL;UP;Lee Konitz;SWING;3;110;4;112;2;21;7;3,3,3,3,4,4,4;111,111,111,111,1111,0111,1001
269_31;line;COOL;UP;Lee Konitz;SWING;4;113;3;116;2;20;12;2,2,2,2,2,2,1,1,2,2,2,1;01,11,11,11,11,11,1,1,11,11,11,1
269_32;line;COOL;UP;Lee Konitz;SWING;2;116;3;117;2;8;4;2,2,2,2;11,11,11,11
269_33;line;COOL;UP;Lee Konitz;SWING;8;118;4;125;2;54;27;2,2,3,2,3,2,3,2,6,2,4,6,2,2,2,6,6,4,1,1,2,2,2,2,1,2,2;01,11,111,11,011,11,111,11,010011,11,1001,010011,11,11,11,010001,010001,0110,1,1,11,11,11,11,1,11,11
269_34;line;COOL;UP;Lee Konitz;SWING;3;126;3;128;3;17;9;2,2,2,2,2,2,2,2,2;01,11,11,11,11,11,11,11,11
269_35;line;COOL;UP;Lee Konitz;SWING;4;129;1;132;1;23;13;2,2,2,2,1,2,2,2,1,4,2,2,1;11,11,11,11,1,11,11,11,1,1101,01,11,1
269_36;lick;COOL;UP;Lee Konitz;SWING;2;132;4;133;1;3;2;2,1;11,1
269_37;lick;COOL;UP;Lee Konitz;SWING;5;133;4;137;3;26;16;2,1,2,2,4,2,2,1,4,2,2,3,1,1,4,1;11,1,11,01,0011,01,01,1,1101,11,11,111,1,1,0011,1
270_1;line;COOL;UP;Lee Konitz;SWING;7;1;1;7;3;50;27;4,2,2,2,2,2,2,2,2,2,2,2,2,2,2,2,2,3,2,2,2,4,2,4,2,1,1;0001,11,11,11,11,11,11,11,11,11,11,11,11,11,11,11,11,111,01,11,01,1101,01,1011,01,1,1
270_2;line;COOL;UP;Lee Konitz;SWING;4;9;1;12;1;25;13;2,2,2,3,2,2,2,2,2,3,4,4,2;01,11,11,111,11,11,11,11,11,111,1001,0001,01
270_3;line;COOL;UP;Lee Konitz;SWING;1;14;1;14;4;7;4;2,2,2,2;11,11,11,01
270_4;line;COOL;UP;Lee Konitz;SWING;5;15;3;19;3;29;17;2,2,2,2,2,2,2,1,2,2,2,2,2,2,3,1,1;01,01,11,11,11,11,11,1,11,11,11,11,11,11,011,1,1
270_5;lick;COOL;UP;Lee Konitz;SWING;2;20;3;21;3;7;5;2,2,1,1,1;11,11,1,1,1
270_6;lick;COOL;UP;Lee Konitz;SWING;3;23;2;25;1;9;7;2,2,2,2,2,3,2;01,01,01,01,11,011,01
270_7;line;COOL;UP;Lee Konitz;SWING;4;26;1;29;2;25;14;2,3,2,2,2,2,4,3,3,2,2,2,1,1;01,110,11,11,11,11,1101,011,011,01,11,11,1,1
270_8;line;COOL;UP;Lee Konitz;SWING;3;30;1;32;1;13;8;4,3,2,2,3,3,2,1;0001,011,01,11,111,011,01,1
270_9;line;COOL;UP;Lee Konitz;SWING;8;32;4;39;4;46;26;2,2,2,2,4,1,2,3,2,4,2,4,2,3,2,2,2,1,2,2,2,1,1,2,1,3;01,11,01,11,1011,1,11,111,11,1001,11,0110,11,110,11,11,11,1,11,11,11,1,1,01,1,011
270_10;line;COOL;UP;Lee Konitz;SWING;7;41;4;47;4;49;24;2,2,2,2,2,2,2,2,2,2,2,2,2,2,4,2,2,2,2,2,2,2,2,2;11,11,11,11,11,11,11,11,11,11,11,11,11,11,1011,11,11,11,11,11,11,11,11,11
270_11;line;COOL;UP;Lee Konitz;SWING;5;49;3;53;4;33;18;2,2,3,2,3,2,2,2,2,2,2,2,2,2,2,1,1,1;11,11,110,11,111,01,11,11,11,11,11,11,11,11,11,1,1,1
270_12;lick;COOL;UP;Lee Konitz;SWING;3;55;1;57;2;14;10;2,1,2,2,1,2,2,2,1,2;11,1,11,01,1,01,11,11,1,01
270_13;line;COOL;UP;Lee Konitz;SWING;4;58;2;61;2;23;13;2,2,2,2,2,2,2,2,1,2,2,1,2;11,11,11,11,11,11,11,11,1,11,11,1,01
270_14;line;COOL;UP;Lee Konitz;SWING;4;62;1;65;1;22;13;4,3,2,1,2,2,2,2,2,2,2,2,2;0001,011,01,1,11,11,11,11,11,11,11,11,01
271_1;lick;COOL;MEDIUM;Lee Konitz;SWING;2;0;3;1;1;4;3;1,1,2;1,1,11
271_2;lick;COOL;MEDIUM;Lee Konitz;SWING;2;2;2;3;1;7;4;2,2,2,2;11,11,11,01
271_3;lick;COOL;MEDIUM;Lee Konitz;SWING;5;3;4;7;2;23;11;2,2,2,2,2,2,2,5,2,2,2;11,11,11,11,11,11,11,00111,11,11,11
271_4;line;COOL;MEDIUM;Lee Konitz;SWING;3;8;1;10;4;21;12;2,2,2,2,2,2,2,2,2,2,6,1;01,11,11,11,11,11,11,11,11,11,000001,1
271_5;line;COOL;MEDIUM;Lee Konitz;SWING;4;12;2;15;1;22;12;2,2,2,2,2,2,2,2,6,2,1,1;11,11,11,11,11,11,11,11,010001,11,1,1
271_7;line;COOL;MEDIUM;Lee Konitz;SWING;3;19;4;21;1;11;6;4,6,2,2,5,1;0001,010001,11,11,01011,1
271_8;line;COOL;MEDIUM;Lee Konitz;SWING;8;22;4;29;3;62;28;2,1,2,2,2,2,2,2,2,2,2,2,2,4,1,2,2,2,2,2,4,4,4,4,4,6,6,2;11,1,11,11,11,11,11,11,11,11,11,11,01,1101,1,11,11,11,11,11,0111,0111,0111,0111,0111,010011,001111,11
271_9;line;COOL;MEDIUM;Lee Konitz;SWING;4;30;3;33;1;24;11;4,3,2,2,3,4,2,2,3,4,2;0001,111,11,11,111,0111,11,01,110,1101,11
271_10;line;COOL;MEDIUM;Lee Konitz;SWING;5;33;4;37;1;26;14;4,6,2,2,2,2,2,2,2,2,2,2,6,1;0001,010001,11,11,11,11,11,11,11,01,11,11,001011,1
271_11;line;COOL;MEDIUM;Lee Konitz;SWING;6;38;1;43;1;36;20;4,2,2,2,2,2,2,2,2,2,2,2,2,2,2,2,2,1,1,1;0001,11,11,11,11,11,11,11,11,11,11,11,11,11,11,11,11,1,1,1
271_12;line;COOL;MEDIUM;Lee Konitz;SWING;5;44;2;48;3;41;18;8,2,6,1,4,2,2,2,2,2,2,2,2,2,4,2,5,6;01000011,11,000111,1,1101,11,11,11,11,11,11,11,11,11,0111,11,01011,001011
271_13;line;COOL;MEDIUM;Lee Konitz;SWING;5;49;2;53;1;34;16;4,4,2,2,2,2,2,2,2,2,1,2,2,2,4,4;1011,0111,11,11,11,11,11,11,11,11,1,11,11,11,1100,1101
271_14;lick;COOL;MEDIUM;Lee Konitz;SWING;8;54;3;61;2;79;28;2,2,2,4,2,2,2,4,1,2,4,2,4,3,4,4,4,4,4,4,4,5,6,6,6,4,4,4;01,11,11,1001,11,11,11,0001,1,11,0001,11,0111,111,1011,1111,1111,1011,1011,1111,1111,10111,010111,011011,010111,1111,1111,1111
271_15;line;COOL;MEDIUM;Lee Konitz;SWING;6;62;2;67;3;42;22;6,2,2,1,2,2,2,2,2,3,6,6,1,2,2,4,1,2,2,2,2,6;010011,11,11,1,11,11,11,11,11,011,010001,010001,1,11,11,1001,1,11,11,11,11,010001
271_16;lick;COOL;MEDIUM;Lee Konitz;SWING;2;68;4;69;1;5;2;3,4;111,1001
271_17;line;COOL;MEDIUM;Lee Konitz;SWING;3;69;3;71;3;18;9;2,4,4,4,1,2,2,2,1;01,1011,0111,0111,1,11,11,11,1
271_18;line;COOL;MEDIUM;Lee Konitz;SWING;6;71;4;76;1;31;18;2,2,2,2,6,8,1,1,2,2,1,2,2,2,2,1,2,1;11,11,11,11,001001,01000001,1,1,11,11,1,11,11,11,11,1,11,1
271_19;lick;COOL;MEDIUM;Lee Konitz;SWING;2;76;2;77;1;7;4;4,4,2,2;0001,0011,11,11
271_20;line;COOL;MEDIUM;Lee Konitz;SWING;1;78;2;78;3;4;2;3,1;111,1
271_21;line;COOL;MEDIUM;Lee Konitz;SWING;2;78;4;79;2;9;3;8,4,1;01010101,1111,1
271_22;line;COOL;MEDIUM;Lee Konitz;SWING;3;79;3;81;1;25;7;4,4,4,6,4,4,4;1111,1111,1111,011011,0011,1111,1110
272_1;line;COOL;UP;Lee Konitz;SWING;5;-1;4;3;1;27;14;2,2,2,2,2,2,2,2,4,2,2,2,2,1;11,11,11,11,11,11,11,11,1001,11,11,11,11,1
272_2;lick;COOL;UP;Lee Konitz;SWING;2;4;3;5;1;5;3;2,2,1;11,11,1
272_3;line;COOL;UP;Lee Konitz;SWING;4;6;1;9;2;23;12;2,2,4,2,2,2,2,2,2,2,2,2;01,11,1001,11,11,11,11,11,11,11,11,11
272_4;lick;COOL;UP;Lee Konitz;SWING;4;10;4;13;2;12;8;4,3,2,2,4,3,3,1;0001,011,01,01,1001,011,011,1
272_5;line;COOL;UP;Lee Konitz;SWING;3;14;1;16;3;19;11;2,1,1,2,2,2,2,2,2,2,1;11,1,1,11,11,11,11,11,11,11,1
272_6;line;COOL;UP;Lee Konitz;SWING;7;17;3;23;1;43;23;2,2,2,2,2,2,2,1,2,2,2,2,2,4,3,1,2,2,2,2,2,2,1;11,11,11,11,11,11,11,1,11,11,11,11,11,1001,011,1,11,11,11,11,11,11,1
272_7;lick;COOL;UP;Lee Konitz;SWING;4;24;4;27;3;17;11;2,3,1,2,2,2,2,1,1,1,1;11,011,1,11,11,11,11,1,1,1,1
272_8;lick;COOL;UP;Lee Konitz;SWING;2;29;3;30;1;4;3;3,1,1;011,1,1
272_9;line;COOL;UP;Lee Konitz;SWING;5;30;4;34;1;25;14;3,2,2,2,2,2,2,2,2,3,2,2,2,1;011,11,11,11,01,11,11,11,11,011,01,11,11,1
272_10;line;COOL;UP;Lee Konitz;SWING;5;35;4;39;3;29;16;2,2,2,2,2,2,2,2,4,2,3,2,2,2,3,1;11,11,11,11,11,11,11,11,0001,01,111,01,01,11,111,1
272_11;line;COOL;UP;Lee Konitz;SWING;11;40;4;50;2;58;33;4,3,1,1,2,2,2,2,2,2,1,1,2,1,2,1,4,2,2,1,2,2,2,2,4,2,2,2,2,2,2,3,2;0001,011,1,1,11,11,11,11,11,11,1,1,11,1,11,1,1001,01,11,1,11,11,11,11,1001,11,11,11,11,11,11,111,11
272_12;line;COOL;UP;Lee Konitz;SWING;7;51;3;57;1;44;23;4,3,4,2,2,2,2,2,2,2,1,2,2,2,2,2,2,2,2,4,3,3,1;0001,011,1001,11,11,11,11,11,11,11,1,11,11,11,11,11,11,11,01,1101,011,111,1
272_13;line;COOL;UP;Lee Konitz;SWING;4;58;2;61;1;22;12;2,2,2,2,2,4,2,2,2,4,2,1;01,11,01,11,11,1011,01,11,11,1011,11,1
272_14;line;COOL;UP;Lee Konitz;SWING;4;62;2;65;1;23;12;2,2,2,2,2,2,2,2,2,3,2,2;11,11,11,11,11,11,11,11,01,111,01,11
273_2;line;COOL;MEDIUM UP;Lee Konitz;SWING;6;6;3;11;2;35;20;2,3,2,2,2,2,2,2,1,1,1,1,1,2,2,6,2,2,4,2;11,111,11,11,11,11,11,11,1,1,1,1,1,11,11,010001,01,11,1001,11
273_3;line;COOL;MEDIUM UP;Lee Konitz;SWING;4;12;2;15;1;32;12;2,3,3,3,3,4,2,4,2,3,4,1;11,111,111,111,111,1111,11,1111,11,111,1001,1
273_4;line;COOL;MEDIUM UP;Lee Konitz;SWING;3;15;3;17;1;24;7;3,4,4,5,4,4,1;111,1111,1111,11111,1111,0111,1
274_3;line;HARDBOP;MEDIUM;Lee Morgan;SWING;4;8;3;11;3;35;13;4,4,2,4,2,2,6,6,8,2,3,6,4;0110,1011,11,0111,11,11,000111,100111,10001111,11,110,010001,1101
274_4;lick;HARDBOP;MEDIUM;Lee Morgan;SWING;4;12;2;15;2;18;9;3,3,3,3,4,4,3,1,2;111,110,110,110,1100,1100,110,1,11
274_5;line;HARDBOP;MEDIUM;Lee Morgan;SWING;2;16;4;17;1;5;2;6,1;010111,1
274_6;lick;HARDBOP;MEDIUM;Lee Morgan;SWING;1;18;1;18;1;2;1;4;0110
274_7;line;HARDBOP;MEDIUM;Lee Morgan;SWING;6;18;2;23;4;53;21;2,2,5,2,3,4,2,2,3,3,4,4,2,6,6,3,2,2,4,3,1;11,11,01111,11,111,0111,11,11,111,011,1001,1111,11,001111,001111,011,11,11,1100,111,1
274_8;line;HARDBOP;MEDIUM;Lee Morgan;SWING;6;25;1;30;2;91;22;6,8,4,4,4,5,4,6,4,4,4,4,6,4,7,4,4,4,4,5,4,3;101111,01010111,1111,1111,1111,11111,1111,101111,1111,1111,0110,1111,111111,0111,1011111,1111,1111,1111,1101,11111,1111,110
274_9;line;HARDBOP;MEDIUM;Lee Morgan;SWING;6;31;1;36;3;96;23;4,4,6,8,4,4,4,5,4,3,4,8,4,5,4,4,8,6,6,6,4,4,6;0111,1111,111111,10101011,0111,1111,1111,10111,1111,111,0111,11011110,1111,11111,1111,1111,10111101,111110,110101,111110,1111,0111,011100
274_10;lick;HARDBOP;MEDIUM;Lee Morgan;SWING;2;36;4;37;4;13;5;3,6,6,2,1;011,011011,011110,11,1
274_11;lick;HARDBOP;MEDIUM;Lee Morgan;SWING;1;38;1;38;3;10;3;6,4,6;001111,1111,001001
274_12;line;HARDBOP;MEDIUM;Lee Morgan;SWING;4;39;2;42;2;56;13;4,4,6,12,4,6,4,4,4,8,7,4,4;0111,1111,101111,100101001011,1111,101011,1111,1111,1111,10101111,1011111,1111,1100
274_13;lick;HARDBOP;MEDIUM;Lee Morgan;SWING;6;42;4;47;4;75;21;8,6,2,3,5,4,4,4,6,3,4,4,3,6,6,4,7,5,5,4,1;00000111,000011,01,110,11111,1111,1111,1111,110111,111,1111,1111,111,010111,011111,1111,0011111,10111,10111,1111,1
274_14;line;HARDBOP;MEDIUM;Lee Morgan;SWING;3;48;1;50;4;27;11;4,6,4,6,8,3,1,3,1,3,1;0111,111110,1110,011011,01000011,110,1,110,1,110,1
274_15;line;HARDBOP;MEDIUM;Lee Morgan;SWING;5;51;1;55;2;42;18;2,3,2,2,6,4,2,4,2,6,2,1,8,4,4,3,2,1;01,111,11,11,111111,0111,01,1101,01,111001,11,1,00111100,0001,0111,011,11,1
274_16;line;HARDBOP;MEDIUM;Lee Morgan;SWING;6;56;1;61;3;50;22;2,6,4,2,6,4,2,2,4,2,3,2,4,6,7,2,6,4,2,2,4,1;01,010011,0111,11,000101,1111,11,11,0011,11,011,11,0011,000001,0001011,11,010111,0111,11,11,1101,1
275_1;lick;HARDBOP;UP;Lee Morgan;SWING;4;1;2;4;2;14;11;2,2,1,1,1,1,2,2,4,4,2;01,01,1,1,1,1,11,01,1001,0001,11
275_2;line;HARDBOP;UP;Lee Morgan;SWING;4;5;1;8;4;25;14;4,2,2,1,1,2,3,3,2,2,1,2,2,4;0001,11,11,1,1,11,011,011,11,11,1,11,11,1011
275_3;line;HARDBOP;UP;Lee Morgan;SWING;10;10;1;19;3;75;39;2,2,2,2,2,2,4,2,2,2,2,3,2,2,2,2,2,2,2,2,4,2,4,2,3,2,3,2,3,2,3,2,3,4,3,3,4,2,1;11,11,11,11,11,11,1011,01,11,11,11,111,11,11,01,11,11,11,01,11,1101,01,1011,01,111,01,111,01,111,01,111,01,111,0011,011,011,0001,01,1
275_4;line;HARDBOP;UP;Lee Morgan;SWING;11;20;2;30;1;71;40;4,3,2,4,2,3,2,3,1,4,2,2,1,2,1,1,2,2,2,1,2,1,2,2,2,1,2,3,2,2,2,1,2,2,3,2,2,1,4,2;0001,011,01,1011,01,111,01,111,1,1001,11,11,1,01,1,1,11,11,11,1,11,1,11,11,11,1,11,111,11,11,11,1,11,11,111,11,11,1,1101,01
275_5;line;HARDBOP;UP;Lee Morgan;SWING;5;30;3;34;4;34;18;4,2,2,2,2,2,2,2,4,2,2,4,2,2,2,2,2,2;0001,01,11,11,11,11,11,11,1011,11,11,0001,11,11,11,11,11,11
275_6;line;HARDBOP;UP;Lee Morgan;SWING;3;35;2;37;4;17;9;4,4,2,2,4,2,5,2,3;0001,0001,01,11,1101,01,10111,01,111
275_7;line;HARDBOP;UP;Lee Morgan;SWING;4;38;4;41;3;22;12;2,2,4,2,3,2,2,4,2,1,2,1;11,11,1001,01,111,11,11,1011,01,1,11,1
275_8;lick;HARDBOP;UP;Lee Morgan;SWING;2;42;2;43;1;4;4;1,1,1,1;1,1,1,1
275_9;lick;HARDBOP;UP;Lee Morgan;SWING;9;43;3;51;3;42;26;4,2,3,4,2,4,3,2,4,2,4,3,1,4,1,2,3,2,2,2,1,2,4,2,2,1;0001,11,011,0001,11,1011,011,01,1011,11,0001,011,1,1001,1,11,111,01,11,01,1,01,0001,11,01,1
275_10;line;HARDBOP;UP;Lee Morgan;SWING;14;52;2;65;1;100;52;4,2,2,2,2,2,2,4,2,2,2,2,2,2,2,2,2,4,2,3,2,2,2,2,2,4,2,3,2,2,2,2,2,2,2,3,2,2,2,2,2,4,2,3,2,4,2,4,2,2,2,1;0001,11,11,01,11,11,11,1011,01,11,11,11,11,11,11,11,11,1101,01,111,11,11,11,01,11,1011,01,111,01,11,11,11,11,11,01,011,11,11,01,11,11,1011,11,011,11,1011,01,0110,11,11,11,1
275_11;lick;HARDBOP;UP;Lee Morgan;SWING;2;66;2;67;3;5;4;2,1,2,1;01,1,11,1
275_12;line;HARDBOP;UP;Lee Morgan;SWING;4;69;1;72;1;23;12;4,2,2,2,3,2,4,2,2,4,3,2;0110,11,01,11,011,11,0110,11,11,1101,011,01
275_13;line;HARDBOP;UP;Lee Morgan;SWING;17;72;4;88;4;115;59;2,1,3,2,4,2,2,4,2,4,2,2,2,2,3,3,3,2,3,3,2,2,1,3,2,2,2,2,2,3,2,4,2,1,2,1,2,2,3,2,4,2,1,4,3,2,2,2,2,4,2,2,4,2,2,2,2,2,2;01,1,111,11,0111,11,11,1011,01,1011,11,11,11,11,011,011,011,11,111,011,11,11,1,111,01,11,11,11,11,111,11,0001,01,1,11,1,11,11,011,11,1001,11,1,1001,011,11,11,11,11,1001,11,11,1011,11,11,01,11,11,11
275_14;line;HARDBOP;UP;Lee Morgan;SWING;6;89;3;94;1;33;18;4,4,1,1,2,2,2,3,2,2,3,2,2,3,2,3,3,2;0001,0011,1,1,11,11,11,111,11,01,111,01,11,111,11,011,011,01
275_15;line;HARDBOP;UP;Lee Morgan;SWING;16;95;3;110;2;105;56;1,2,2,2,3,2,4,2,2,2,2,2,3,3,2,2,2,3,2,2,2,2,2,2,4,2,2,3,4,2,1,2,3,2,2,3,3,3,4,2,4,2,1,1,2,2,2,2,2,2,1,2,2,3,2,3;1,11,11,11,011,01,1011,11,01,11,11,11,111,011,01,11,11,111,01,11,11,11,11,11,1011,11,01,111,0001,01,1,11,111,01,11,111,111,011,0011,01,1011,11,1,1,11,01,11,11,01,11,1,01,11,111,01,111
275_17;line;HARDBOP;UP;Lee Morgan;SWING;9;122;1;130;1;60;32;3,4,2,2,2,2,2,2,1,2,2,4,2,2,3,2,2,3,2,3,3,2,3,2,2,4,2,3,2,1,2,1;110,1011,11,11,11,11,11,01,1,11,11,1011,01,11,111,11,11,111,11,111,011,01,011,01,11,1001,01,111,01,1,01,1
276_1;lick;HARDBOP;MEDIUM UP;Lee Morgan;LATIN;2;0;2;1;1;7;4;2,2,6,6;01,01,100101,000101
276_2;lick;HARDBOP;MEDIUM UP;Lee Morgan;LATIN;4;2;2;5;2;22;12;1,4,6,2,6,1,2,2,6,2,1,1;1,0111,100101,01,100001,1,11,01,111100,11,1,1
276_3;lick;HARDBOP;MEDIUM UP;Lee Morgan;LATIN;7;7;1;13;3;49;26;5,2,2,2,3,2,4,2,6,4,2,4,4,2,5,4,4,2,4,2,4,6,2,4,1,2;00111,11,01,11,111,11,1110,11,100001,0011,01,1011,0001,01,00101,0011,0001,01,1011,11,0001,000011,01,1110,1,11
276_4;lick;HARDBOP;MEDIUM UP;Lee Morgan;LATIN;4;14;3;17;3;27;12;2,6,3,2,2,2,3,3,6,6,4,1;01,011100,111,11,01,11,111,011,111100,100101,0011,1
276_5;lick;HARDBOP;MEDIUM UP;Lee Morgan;LATIN;3;19;1;21;2;19;10;4,2,2,4,2,4,2,2,2,1;0001,01,11,1011,11,1110,11,11,11,1
276_6;lick;HARDBOP;MEDIUM UP;Lee Morgan;LATIN;2;22;3;23;3;9;4;4,2,2,2;1110,11,11,11
276_7;lick;HARDBOP;MEDIUM UP;Lee Morgan;LATIN;3;25;2;27;1;14;8;2,2,2,2,2,6,2,2;01,01,01,01,11,111100,11,11
276_8;lick;HARDBOP;MEDIUM UP;Lee Morgan;LATIN;3;29;1;31;1;18;9;2,2,3,2,2,2,4,4,3;01,11,110,01,11,11,0111,1011,011
276_9;line;HARDBOP;MEDIUM UP;Lee Morgan;LATIN;6;32;1;37;1;41;21;2,4,2,2,2,2,2,2,4,2,4,2,2,4,1,2,4,2,2,2,1;01,0110,11,11,11,11,11,11,0111,11,0111,11,01,1001,1,11,1110,11,11,11,1
276_10;line;HARDBOP;MEDIUM UP;Lee Morgan;LATIN;4;38;2;41;4;29;15;2,2,2,2,1,3,6,3,4,2,2,1,4,1,2;01,11,11,01,1,011,100011,110,1111,11,11,1,0111,1,11
276_11;line;HARDBOP;MEDIUM UP;Lee Morgan;LATIN;5;43;1;47;3;40;17;4,4,3,4,2,6,2,2,2,2,2,2,2,2,6,1,1;0011,1111,111,0111,11,111100,11,11,11,11,11,11,11,11,010111,1,1
276_14;lick;HARDBOP;MEDIUM UP;Lee Morgan;LATIN;7;63;2;69;1;40;23;2,2,2,4,5,2,4,1,1,1,2,4,1,2,1,6,4,2,2,4,2,1,2;01,01,01,0011,11110,11,1110,1,1,1,11,0011,1,11,1,011001,0110,11,01,0011,11,1,11
276_15;lick;HARDBOP;MEDIUM UP;Lee Morgan;LATIN;3;69;4;71;3;15;8;2,2,2,2,2,2,2,1;11,11,11,11,11,11,11,1
276_16;lick;HARDBOP;MEDIUM UP;Lee Morgan;LATIN;2;72;1;73;2;9;6;2,2,4,2,2,1;01,01,1011,01,11,1
277_1;lick;POSTBOP;MEDIUM;Lee Morgan;SWING;3;1;2;3;2;12;6;2,2,3,2,3,1;01,11,111,11,111,1
277_4;lick;POSTBOP;MEDIUM;Lee Morgan;SWING;2;8;2;9;2;17;5;4,4,4,3,4;1111,1111,1011,111,1101
277_7;line;POSTBOP;MEDIUM;Lee Morgan;SWING;9;17;1;25;1;69;31;2,2,2,4,4,2,2,2,3,3,6,4,4,2,2,3,4,2,6,2,4,3,3,2,3,3,4,2,5,4,2;11,11,11,0011,1110,11,11,11,011,011,001011,0111,1101,11,11,111,1001,01,001001,01,1001,011,011,11,011,011,0111,11,01111,0111,11
277_8;lick;POSTBOP;MEDIUM;Lee Morgan;SWING;2;26;1;27;1;7;3;6,2,2;000111,11,11
277_9;lick;POSTBOP;MEDIUM;Lee Morgan;SWING;2;28;1;29;1;9;4;5,2,2,2;00111,11,11,11
277_10;lick;POSTBOP;MEDIUM;Lee Morgan;SWING;2;29;4;30;1;5;2;5,4;00111,1001
277_11;lick;POSTBOP;MEDIUM;Lee Morgan;SWING;2;30;4;31;1;5;2;6,2;000111,11
277_12;lick;POSTBOP;MEDIUM;Lee Morgan;SWING;1;31;3;31;4;6;2;8,4;00000111,1101
277_13;lick;POSTBOP;MEDIUM;Lee Morgan;SWING;1;32;2;32;3;6;2;6,2;001111,11
277_14;lick;POSTBOP;MEDIUM;Lee Morgan;SWING;2;32;4;33;2;8;3;4,4,2;0111,1111,01
277_15;line;POSTBOP;MEDIUM;Lee Morgan;SWING;3;34;1;36;4;22;12;2,2,2,2,2,2,4,2,2,2,1,1;01,11,11,11,11,11,0111,11,11,11,1,1
277_16;lick;POSTBOP;MEDIUM;Lee Morgan;SWING;7;37;2;43;4;48;27;2,1,2,3,2,2,2,4,2,8,2,2,2,6,2,1,2,1,2,4,6,2,2,6,4,2,2;01,1,11,011,11,11,11,1001,01,01001011,11,11,11,000001,01,1,11,1,11,1001,000101,01,11,100011,0011,11,01
277_18;lick;POSTBOP;MEDIUM;Lee Morgan;SWING;2;47;2;48;3;13;6;4,2,2,2,2,2;1110,11,11,11,11,11
277_19;lick;POSTBOP;MEDIUM;Lee Morgan;SWING;8;49;1;56;2;65;30;2,4,3,2,2,2,2,2,3,2,2,2,4,2,2,3,3,3,4,2,2,2,4,3,2,2,3,3,4,3;01,1110,110,01,11,11,11,11,011,11,11,11,1110,11,11,011,011,011,0111,11,11,11,0111,011,11,11,111,011,1110,111
277_20;lick;POSTBOP;MEDIUM;Lee Morgan;SWING;4;57;1;60;4;27;15;2,1,6,8,6,2,2,1,2,1,2,4,4,2,1;01,1,010101,01001001,000001,11,11,1,11,1,11,0111,1001,11,1
299_1;lick;POSTBOP;UP;Michael Brecker;SWING;5;0;4;4;1;19;13;2,3,2,2,4,3,4,2,2,2,2,2,2;01,111,11,11,1001,011,0001,01,01,01,01,01,01
299_2;line;POSTBOP;UP;Michael Brecker;SWING;4;5;2;8;3;24;13;2,3,2,2,2,2,6,1,1,6,4,4,1;01,110,11,11,11,11,100011,1,1,000111,0110,0011,1
299_3;line;POSTBOP;UP;Michael Brecker;SWING;4;9;2;12;1;20;12;4,2,3,2,2,3,2,3,3,2,2,4;0001,11,011,01,11,111,11,011,011,01,01,0001
299_4;line;POSTBOP;UP;Michael Brecker;SWING;3;13;2;15;3;14;9;4,2,2,4,2,4,3,1,4;0001,01,11,0001,01,1011,011,1,1001
299_5;line;POSTBOP;UP;Michael Brecker;SWING;9;17;1;25;1;61;32;3,3,3,2,2,2,2,2,2,3,2,2,3,2,2,2,4,2,4,2,2,2,2,3,4,2,1,2,4,2,2,4;011,111,011,01,11,01,01,11,11,111,11,11,011,01,11,11,1011,01,1101,11,11,01,11,110,1011,01,1,11,1101,01,11,1001
299_6;lick;POSTBOP;UP;Michael Brecker;SWING;2;28;1;29;2;7;5;4,2,2,1,1;1001,01,11,1,1
299_7;line;POSTBOP;UP;Michael Brecker;SWING;5;31;1;35;3;37;19;2,2,2,2,4,4,2,2,2,2,2,4,3,2,4,2,2,4,2;01,11,11,11,1011,0011,11,11,11,11,11,0011,011,01,1011,01,11,0111,01
299_8;line;POSTBOP;UP;Michael Brecker;SWING;11;38;3;48;4;82;42;2,4,1,2,2,2,2,2,2,2,2,2,2,4,2,2,3,2,2,2,4,2,2,2,2,4,3,3,3,2,3,3,1,3,2,3,2,3,2,4,2,1;11,1011,1,11,11,11,11,11,11,11,11,11,11,1011,01,11,111,01,11,11,1011,01,11,11,11,1001,110,110,111,01,111,111,1,111,11,011,11,011,01,0001,01,1
299_9;lick;POSTBOP;UP;Michael Brecker;SWING;2;49;4;50;3;4;3;2,2,1;01,11,1
299_10;lick;POSTBOP;UP;Michael Brecker;SWING;1;51;1;51;3;2;2;4,1;0001,1
299_11;lick;POSTBOP;UP;Michael Brecker;SWING;2;52;2;53;1;6;4;2,4,3,2;01,0001,011,11
299_12;line;POSTBOP;UP;Michael Brecker;SWING;10;53;4;62;4;71;37;2,2,3,2,2,2,2,2,2,2,2,2,4,2,2,3,2,1,3,2,2,3,2,2,2,2,2,4,2,4,2,2,2,1,2,1,1;01,11,110,11,11,11,11,11,11,11,11,11,1011,01,11,111,11,1,111,11,11,111,11,01,11,11,11,1011,11,0011,01,11,11,1,11,1,1
299_13;line;POSTBOP;UP;Michael Brecker;SWING;9;63;4;71;2;60;30;2,3,3,3,4,2,2,2,3,2,2,2,2,2,2,2,4,3,2,2,2,4,2,2,3,2,3,2,3,3;01,111,011,011,1101,11,11,01,111,11,01,11,11,11,11,11,1001,011,01,11,11,1001,11,11,111,11,011,11,011,011
299_14;lick;POSTBOP;UP;Michael Brecker;SWING;9;72;4;80;4;53;32;1,4,4,4,4,1,2,1,4,2,2,2,2,4,4,2,2,4,2,2,4,2,3,2,2,2,4,4,2,2,2,1;1,0001,0001,0001,0001,1,11,1,0001,11,11,11,01,1011,0001,01,11,1011,01,11,1101,11,011,11,01,11,1011,0011,01,11,11,1
299_15;lick;POSTBOP;UP;Michael Brecker;SWING;3;81;2;83;1;11;7;3,2,2,3,2,1,2;011,11,01,111,01,1,01
299_16;lick;POSTBOP;UP;Michael Brecker;SWING;3;83;4;85;1;7;5;3,3,2,1,2;011,011,01,1,01
299_17;lick;POSTBOP;UP;Michael Brecker;SWING;2;85;4;86;4;7;5;2,2,1,2,1;01,11,1,11,1
299_18;lick;POSTBOP;UP;Michael Brecker;SWING;1;87;2;87;4;3;2;4,2;0011,01
299_19;lick;POSTBOP;UP;Michael Brecker;SWING;1;88;2;88;4;3;2;4,2;0011,01
299_20;lick;POSTBOP;UP;Michael Brecker;SWING;9;89;2;97;1;62;32;2,2,3,3,2,2,3,3,2,2,4,4,3,2,4,3,2,2,2,4,3,2,3,2,3,3,2,2,2,2,2,1;01,01,011,011,11,11,011,011,11,11,0011,0011,011,11,0011,011,11,11,01,1111,011,11,011,11,011,011,11,11,11,11,11,1
299_21;lick;POSTBOP;UP;Michael Brecker;SWING;1;97;3;97;4;2;2;4,2;0001,01
299_22;lick;POSTBOP;UP;Michael Brecker;SWING;2;98;3;99;3;9;5;2,4,3,4,2;11,1011,011,0001,01
299_23;lick;POSTBOP;UP;Michael Brecker;SWING;1;100;1;100;2;2;2;2,1;01,1
299_24;line;POSTBOP;UP;Michael Brecker;SWING;2;100;4;101;1;3;2;2,2;01,11
299_25;line;POSTBOP;UP;Michael Brecker;SWING;6;101;2;106;2;38;21;2,2,3,1,2,3,4,2,2,2,3,2,2,4,2,3,2,2,4,2,1;01,11,011,1,11,011,0110,11,11,11,011,11,11,0110,11,011,01,11,1101,01,1
299_26;line;POSTBOP;UP;Michael Brecker;SWING;6;106;4;111;1;37;18;2,2,2,2,2,2,2,2,2,4,2,2,4,2,4,3,2,2;11,11,11,11,11,11,11,11,11,1011,01,11,1011,01,1011,111,11,01
299_27;line;POSTBOP;UP;Michael Brecker;SWING;8;112;1;119;2;55;28;3,3,2,2,2,2,1,2,2,2,2,2,2,2,2,2,2,4,2,2,2,2,4,2,4,3,4,2;011,011,01,11,11,11,1,11,11,11,11,11,11,11,11,11,11,1001,01,11,11,11,1111,11,0011,011,1100,11
299_28;lick;POSTBOP;UP;Michael Brecker;SWING;11;120;3;130;4;76;38;2,4,1,2,2,2,4,4,2,2,3,2,4,2,2,2,2,2,2,3,2,2,4,3,2,3,2,2,2,4,3,3,4,2,4,1,3,2;01,1101,1,01,11,11,1011,0011,01,11,111,01,1011,11,11,01,11,11,11,111,01,11,1011,011,11,111,11,01,11,1011,011,011,0011,01,1101,1,111,11
299_38;line;POSTBOP;UP;Michael Brecker;SWING;9;154;1;162;1;66;33;4,2,2,2,4,2,4,3,3,2,2,2,2,2,3,2,2,2,3,3,3,2,3,2,1,2,3,2,2,2,3,3,2;1011,01,01,11,1011,01,1011,011,011,11,11,11,01,11,111,01,11,11,111,011,011,11,011,11,1,11,011,11,11,11,111,011,11
299_42;line;POSTBOP;UP;Michael Brecker;SWING;3;183;2;185;4;21;11;4,2,2,2,4,3,4,2,2,2,1;1011,01,11,11,1011,011,1001,01,11,11,1
299_43;lick;POSTBOP;UP;Michael Brecker;SWING;4;186;2;189;1;13;8;2,2,2,1,4,6,4,1;11,11,11,1,0001,111000,0001,1
299_44;line;POSTBOP;UP;Michael Brecker;SWING;5;189;2;193;4;34;18;2,4,2,2,2,3,2,2,2,3,2,4,2,3,4,4,4,1;01,1101,11,01,11,111,01,11,11,111,11,1011,01,111,0001,0011,0001,1
300_1;lick;POSTBOP;UP;Michael Brecker;SWING;2;0;3;1;2;6;4;2,2,1,1;11,11,1,1
300_2;lick;POSTBOP;UP;Michael Brecker;SWING;6;1;4;6;4;29;19;2,2,2,3,2,1,2,4,2,2,4,1,3,2,2,1,1,1,1;01,11,11,011,11,1,11,0001,01,11,0001,1,111,11,11,1,1,1,1
300_3;lick;POSTBOP;UP;Michael Brecker;SWING;3;7;3;9;1;10;7;1,1,1,1,2,4,2;1,1,1,1,11,1001,11
300_4;line;POSTBOP;UP;Michael Brecker;SWING;7;9;4;15;4;44;24;2,2,2,2,2,2,2,2,2,2,2,2,2,2,2,2,6,5,2,2,2,1,1,2;01,11,11,11,11,01,11,11,11,11,11,11,11,11,11,11,010101,00111,01,11,11,1,1,01
300_5;lick;POSTBOP;UP;Michael Brecker;SWING;13;16;3;28;2;69;44;2,2,2,2,1,4,1,2,2,2,2,2,1,4,2,2,1,2,3,2,2,1,4,2,2,4,2,4,2,2,1,1,1,2,2,2,2,2,1,4,2,2,1,4;01,11,11,11,1,0001,1,01,01,11,01,01,1,1001,01,11,1,11,011,11,11,1,1101,11,01,0011,11,0011,01,11,1,1,1,01,11,11,11,11,1,0110,11,11,1,1001
300_6;lick;POSTBOP;UP;Michael Brecker;SWING;3;29;1;31;4;25;12;3,2,2,1,5,4,2,2,2,2,1,2;011,11,11,1,11111,1001,11,11,11,11,1,11
300_7;lick;POSTBOP;UP;Michael Brecker;SWING;3;32;4;34;4;17;7;3,1,2,4,4,4,1;111,1,11,0011,1111,1111,1
300_8;line;POSTBOP;UP;Michael Brecker;SWING;4;35;2;38;3;51;14;4,3,6,4,3,4,4,4,4,4,6,4,3,1;1111,111,111011,0111,111,1111,1111,1111,1111,0111,111111,1111,111,1
300_9;line;POSTBOP;UP;Michael Brecker;SWING;5;39;1;43;2;34;18;2,2,2,2,2,4,6,2,2,4,2,2,2,2,2,2,1,1;01,11,11,11,11,1011,010101,01,11,1011,01,11,11,11,11,11,1,1
300_10;line;POSTBOP;UP;Michael Brecker;SWING;4;44;1;47;4;35;16;2,3,2,2,2,3,2,2,2,2,4,4,2,2,4,2;01,111,11,11,11,111,11,11,11,11,1011,1111,01,11,1001,11
300_11;line;POSTBOP;UP;Michael Brecker;SWING;9;48;3;56;2;61;32;2,2,2,2,2,2,2,2,2,2,2,2,2,2,2,2,2,2,2,2,4,2,2,4,1,2,2,2,2,2,2,1;01,11,11,11,11,11,11,11,11,11,11,11,11,11,11,11,11,11,11,11,1001,11,11,0111,1,01,11,11,11,11,11,1
300_12;lick;POSTBOP;UP;Michael Brecker;SWING;4;56;4;59;1;9;7;2,4,2,2,2,2,1;01,0001,01,01,11,11,1
300_13;line;POSTBOP;UP;Michael Brecker;SWING;7;59;4;65;2;54;22;4,4,6,4,4,4,6,2,2,2,2,2,1,4,2,2,6,2,2,2,2,1;0111,1111,011101,1111,1111,1111,011101,01,01,11,11,11,1,1001,11,11,010011,11,11,11,11,1
300_14;line;POSTBOP;UP;Michael Brecker;SWING;4;66;2;69;4;29;14;6,4,3,2,2,2,2,2,2,2,1,2,2,1;111101,1111,011,01,11,01,11,11,11,11,1,11,11,1
300_15;lick;POSTBOP;UP;Michael Brecker;SWING;10;70;2;79;4;51;34;2,2,2,1,2,1,2,2,3,4,2,4,2,4,2,4,2,2,4,2,2,2,2,2,2,2,2,2,2,2,2,2,4,2;01,11,11,1,01,1,01,11,111,1001,01,0001,01,0001,01,0001,01,11,1001,01,11,11,11,01,01,01,01,01,11,11,11,11,1011,01
300_16;lick;POSTBOP;UP;Michael Brecker;SWING;22;80;3;101;1;137;75;2,2,1,2,2,1,2,4,4,2,4,2,2,2,2,4,2,4,2,2,2,2,2,2,2,4,2,2,2,2,2,2,4,2,2,4,1,2,1,2,1,2,1,2,1,2,4,2,2,2,4,2,2,4,4,2,2,2,1,2,1,2,2,2,2,2,4,2,2,2,2,1,4,1,1;01,11,1,11,11,1,11,0011,1100,01,0111,11,11,11,11,1011,01,1001,11,11,11,11,11,11,11,1111,11,11,11,11,11,11,0111,11,01,0111,1,11,1,11,1,01,1,01,1,01,0001,01,11,11,1001,01,11,1011,0111,11,11,11,1,11,1,11,11,11,11,11,1001,01,11,11,11,1,1111,1,1
300_17;line;POSTBOP;UP;Michael Brecker;SWING;11;101;4;111;4;105;39;4,4,3,6,4,4,4,3,5,3,4,4,4,4,4,3,1,2,2,2,3,2,4,2,2,2,2,2,2,2,2,2,2,2,2,2,2,4,2;1111,1111,111,111011,1111,1111,1111,011,11111,111,1111,1111,1111,1111,1111,111,1,01,11,01,111,11,1001,11,11,11,11,11,11,11,11,11,11,11,11,11,11,1001,11
300_18;line;POSTBOP;UP;Michael Brecker;SWING;10;112;4;121;1;82;31;6,5,3,3,2,4,2,2,4,2,4,4,4,4,4,3,1,4,2,2,2,2,2,2,2,3,2,2,2,2,2;111111,10111,111,111,11,0111,11,01,1111,01,1111,1111,1111,1111,1111,111,1,0111,11,11,11,11,11,11,11,011,11,11,11,11,11
300_19;line;POSTBOP;UP;Michael Brecker;SWING;2;121;4;122;2;11;3;4,4,4;0111,1111,1111
300_20;line;POSTBOP;UP;Michael Brecker;SWING;8;123;2;130;3;48;27;2,2,2,3,2,2,2,2,2,1,2,2,4,2,6,2,4,2,3,2,2,1,1,4,1,2,1;01,01,11,111,11,11,11,11,11,1,11,11,1011,11,000101,01,1001,11,111,11,11,1,1,0011,1,01,1
300_21;lick;POSTBOP;UP;Michael Brecker;SWING;4;131;1;134;2;21;11;4,4,3,2,5,4,2,2,2,2,3;0001,0001,110,11,11101,0011,01,01,11,11,111
300_22;line;POSTBOP;UP;Michael Brecker;SWING;10;135;1;144;1;64;35;2,2,2,2,2,1,2,2,1,2,2,2,2,2,3,2,2,2,2,2,2,2,2,2,2,2,4,2,2,2,1,2,4,4,1;01,11,11,11,11,1,11,01,1,01,01,11,01,11,111,11,11,11,11,11,11,11,11,11,11,11,0011,11,11,11,1,01,1110,1111,1
300_23;line;POSTBOP;UP;Michael Brecker;SWING;6;144;4;149;3;74;20;4,4,6,4,5,4,4,4,4,1,6,4,4,4,4,4,6,6,4,1;1111,1111,111011,0111,10111,1111,1111,1111,1111,1,000111,0111,1111,1111,1111,1111,111110,111011,1111,1
300_24;line;POSTBOP;UP;Michael Brecker;SWING;10;150;2;159;4;61;36;2,4,2,2,2,2,2,2,4,4,1,4,2,2,2,2,1,2,1,2,2,2,1,2,4,2,2,2,2,2,2,2,5,4,2,2;11,0111,11,11,11,11,11,11,1011,0011,1,0001,01,01,01,01,1,01,1,01,11,01,1,01,1011,11,11,11,11,11,11,11,10011,0001,01,11
300_25;lick;POSTBOP;UP;Michael Brecker;SWING;10;160;3;169;2;60;33;4,2,1,2,2,2,2,2,2,3,4,2,4,2,2,2,2,1,4,6,4,2,2,4,2,4,3,2,4,2,4,1,2;0001,11,1,01,01,11,11,11,11,110,1011,01,1011,01,11,11,11,1,0001,010101,0011,01,11,1011,01,1011,011,11,1011,01,1101,1,01
300_26;line;POSTBOP;UP;Michael Brecker;SWING;8;170;1;177;1;90;25;3,4,4,3,3,4,4,4,3,5,4,4,3,4,4,4,4,5,4,3,6,6,3,4,1;111,1111,1111,111,111,1111,1111,1111,111,10111,1111,1111,111,1111,1101,1111,1111,01111,1111,111,110111,111110,111,1101,1
300_27;line;POSTBOP;UP;Michael Brecker;SWING;9;177;3;185;1;59;29;2,2,2,3,3,2,2,4,2,2,2,3,3,2,4,2,2,2,2,2,4,1,2,2,2,2,2,2,2;11,11,11,011,011,11,11,1111,01,11,11,111,111,11,1001,11,11,11,11,11,0111,1,01,01,11,11,11,11,11
300_29;lick;POSTBOP;UP;Michael Brecker;SWING;15;194;3;208;2;106;45;2,2,1,3,1,2,6,4,4,6,1,4,4,6,4,4,4,4,5,2,2,2,4,2,6,4,2,2,2,2,2,2,2,2,2,2,2,2,2,2,2,2,2,2,2;11,11,1,111,1,11,010111,0111,1111,111101,1,1111,1111,101011,1111,1111,1111,1111,11111,01,11,11,0001,01,000001,1001,01,01,01,11,11,11,11,11,11,11,11,11,11,11,11,11,11,11,11
300_30;line;POSTBOP;UP;Michael Brecker;SWING;11;209;1;219;1;70;38;2,2,2,2,2,2,2,2,2,2,2,2,2,2,5,4,4,2,2,3,2,2,2,2,2,2,2,2,2,2,2,2,2,1,2,2,2,1;01,11,11,11,11,11,11,11,11,11,11,11,11,11,10011,0111,0110,01,11,110,01,11,11,11,11,11,01,11,11,01,11,11,11,1,01,11,11,1
300_31;line;POSTBOP;UP;Michael Brecker;SWING;10;220;1;229;1;79;35;4,4,4,4,4,4,4,1,4,2,2,4,2,4,2,2,4,2,2,1,2,1,3,2,2,2,2,6,2,2,2,2,2,2,2;1111,1011,1111,1111,1111,1111,1111,1,0011,11,11,1001,01,1001,01,11,1011,01,11,1,11,1,111,11,11,11,11,100101,01,11,11,11,11,11,11
301_1;line;POSTBOP;UP;Michael Brecker;SWING;4;-1;2;2;1;17;9;4,2,2,2,3,4,3,2,1;0001,01,11,11,111,1011,011,11,1
301_2;lick;POSTBOP;UP;Michael Brecker;SWING;4;3;2;6;4;10;9;4,2,2,1,4,2,2,4,2;0001,01,01,1,1001,01,01,0001,01
301_3;lick;POSTBOP;UP;Michael Brecker;SWING;4;9;2;12;2;11;8;2,2,2,2,2,2,2,1;01,11,01,11,01,11,01,1
301_4;lick;POSTBOP;UP;Michael Brecker;SWING;5;14;3;18;4;20;12;2,2,2,2,2,2,1,2,4,2,2,1;11,11,11,11,01,11,1,11,1001,01,11,1
301_5;line;POSTBOP;UP;Michael Brecker;SWING;3;19;3;21;3;14;8;2,2,2,2,2,2,1,1;11,11,11,11,11,11,1,1
301_6;line;POSTBOP;UP;Michael Brecker;SWING;8;23;3;30;2;48;27;2,2,2,2,2,2,2,2,4,2,1,1,1,1,1,2,2,2,2,2,2,2,2,2,2,2,2;11,11,11,11,11,11,11,11,0111,01,1,1,1,1,1,11,01,11,11,11,11,11,11,11,11,11,11
301_7;line;POSTBOP;UP;Michael Brecker;SWING;3;31;2;33;1;15;8;2,2,2,2,2,2,2,2;01,11,11,11,11,11,11,11
301_8;line;POSTBOP;UP;Michael Brecker;SWING;7;34;1;40;1;46;24;2,4,2,1,2,2,2,2,2,2,2,3,2,2,2,2,2,2,2,2,2,2,4,2;01,1101,11,1,11,11,11,11,11,11,11,011,11,11,11,11,11,11,11,11,11,11,1001,01
301_9;lick;POSTBOP;UP;Michael Brecker;SWING;2;41;3;42;2;6;4;4,2,1,2;1001,01,1,11
301_10;line;POSTBOP;UP;Michael Brecker;SWING;4;43;3;46;3;24;13;2,2,2,2,2,2,2,2,2,2,1,2,2;11,11,11,11,11,11,11,11,11,11,1,01,11
301_11;lick;POSTBOP;UP;Michael Brecker;SWING;5;48;4;52;2;12;9;2,1,1,1,2,2,2,2,1;11,1,1,1,01,01,11,11,1
301_12;line;POSTBOP;UP;Michael Brecker;SWING;8;53;3;60;3;58;29;2,2,2,2,2,2,2,2,2,2,2,2,2,2,2,2,2,4,1,2,2,2,2,2,2,2,2,2,2;11,11,11,11,11,11,11,11,11,11,11,11,11,11,11,11,11,1011,1,11,11,11,11,11,11,11,11,11,11
301_13;line;POSTBOP;UP;Michael Brecker;SWING;4;61;4;64;2;22;11;2,2,1,3,2,2,2,2,4,2,2;11,11,1,111,11,11,11,11,1001,11,11
301_14;line;POSTBOP;UP;Michael Brecker;SWING;8;65;1;72;4;61;32;4,2,2,4,2,3,3,2,2,2,2,2,2,2,4,2,2,2,2,2,2,2,2,2,2,2,2,2,4,3,2,2;0001,01,11,1011,11,011,011,01,11,11,11,01,11,11,1011,01,11,11,11,11,11,11,11,11,11,01,11,11,1011,011,11,11
301_15;line;POSTBOP;UP;Michael Brecker;SWING;6;74;1;79;2;37;22;2,2,1,2,1,2,1,2,2,2,1,2,2,2,2,2,2,2,2,2,2,1;01,11,1,11,1,11,1,11,11,01,1,11,11,11,11,11,11,11,11,11,11,1
301_16;line;POSTBOP;UP;Michael Brecker;SWING;3;80;1;82;1;19;9;4,3,2,2,2,2,2,2,1;1111,011,11,11,11,11,11,11,1
301_17;line;POSTBOP;UP;Michael Brecker;SWING;4;83;1;86;3;26;15;6,2,2,3,2,2,3,2,4,4,2,2,1,1,2;000011,01,11,011,11,11,011,01,1011,0011,01,11,1,1,11
301_18;line;POSTBOP;UP;Michael Brecker;SWING;3;87;3;89;1;14;7;2,2,2,3,2,2,1;11,11,11,111,11,11,1
301_19;line;POSTBOP;UP;Michael Brecker;SWING;5;89;2;93;3;34;18;2,2,2,2,4,2,2,2,2,2,1,4,4,2,2,2,2,2;01,11,11,11,1001,11,01,11,11,11,1,1110,1001,11,11,11,11,11
301_20;line;POSTBOP;UP;Michael Brecker;SWING;4;94;1;97;4;27;14;2,2,2,2,2,2,2,2,3,2,2,1,4,3;11,11,11,11,11,11,11,11,111,01,11,1,1100,110
302_1;line;POSTBOP;UP;Michael Brecker;SWING;4;1;3;4;4;22;13;1,1,2,2,6,2,2,6,2,4,4,2,1;1,1,11,11,010001,11,11,001001,11,1100,1001,01,1
302_2;lick;POSTBOP;UP;Michael Brecker;SWING;4;5;3;8;1;15;9;1,1,2,2,4,4,4,3,4;1,1,01,01,1001,1001,1001,011,1101
302_3;line;POSTBOP;UP;Michael Brecker;SWING;4;9;1;12;3;26;15;4,4,2,2,2,2,2,1,2,2,2,1,2,1,4;0001,0011,11,11,11,11,11,1,11,11,11,1,11,1,1100
302_4;line;POSTBOP;UP;Michael Brecker;SWING;5;13;3;17;4;33;18;2,3,2,1,1,2,2,2,2,2,2,2,2,2,2,2,2,1;01,111,11,1,1,11,11,11,11,11,11,11,11,11,11,11,11,1
302_5;lick;POSTBOP;UP;Michael Brecker;SWING;1;18;2;18;4;4;3;2,2,1;01,11,1
302_6;lick;POSTBOP;UP;Michael Brecker;SWING;7;19;2;25;3;77;25;2,2,2,2,2,2,2,4,4,4,3,4,4,4,4,4,4,4,3,6,4,5,4,4,3;01,11,11,11,11,11,11,0011,1111,0111,111,1111,1111,1111,1111,1111,1111,1111,111,110111,0111,11011,0111,1111,110
302_7;lick;POSTBOP;UP;Michael Brecker;SWING;2;26;1;27;1;9;5;2,4,2,2,1;01,0111,11,11,1
302_8;line;POSTBOP;UP;Michael Brecker;SWING;2;27;3;28;1;9;3;4,4,4;0001,1111,1111
302_9;line;POSTBOP;UP;Michael Brecker;SWING;9;28;3;36;4;71;31;6,4,4,2,1,1,2,2,2,2,2,3,2,2,2,2,2,1,4,1,4,4,4,6,3,4,3,4,2,4,1;000011,1111,1100,01,1,1,11,11,11,11,11,011,11,11,11,11,11,1,1100,1,1011,1111,1011,101101,111,1101,111,1111,11,1111,1
302_10;line;POSTBOP;UP;Michael Brecker;SWING;5;37;2;41;1;29;16;2,3,2,2,2,3,2,2,1,2,2,1,4,4,2,2;01,111,11,11,11,011,11,11,1,11,11,1,1001,1011,01,01
302_11;line;POSTBOP;UP;Michael Brecker;SWING;2;41;3;42;4;22;6;4,4,6,6,4,1;1111,1111,111111,011011,0111,1
302_12;line;POSTBOP;UP;Michael Brecker;SWING;3;43;2;45;3;30;9;4,6,4,4,6,3,6,1,1;0111,111011,1111,1111,101011,111,111011,1,1
302_13;lick;POSTBOP;UP;Michael Brecker;SWING;3;46;1;48;3;30;11;1,4,2,2,2,3,2,6,5,6,4;1,1001,11,11,11,011,11,000111,11111,111111,1110
302_14;line;POSTBOP;UP;Michael Brecker;SWING;3;49;3;51;3;29;9;6,4,6,4,2,2,4,6,1;111011,1111,111110,1101,11,01,1111,101011,1
302_15;lick;POSTBOP;UP;Michael Brecker;SWING;3;52;1;54;3;21;11;2,2,1,4,3,2,2,2,2,5,1;11,11,1,1101,011,11,11,11,11,10001,1
302_16;lick;POSTBOP;UP;Michael Brecker;SWING;1;55;1;55;3;5;3;4,3,1;0001,111,1
302_17;line;POSTBOP;UP;Michael Brecker;SWING;7;56;1;62;1;77;25;2,2,4,2,2,2,4,2,4,2,3,4,1,4,4,4,6,6,4,4,4,6,3,5,4;11,11,1001,11,11,11,1111,11,0111,11,111,0111,1,0111,1111,1111,111011,011011,0111,1111,1111,111011,111,11111,1110
302_18;line;POSTBOP;UP;Michael Brecker;SWING;4;62;3;65;1;42;11;6,4,4,4,4,4,4,4,4,4,1;011111,1111,1111,1111,1111,1111,1111,1111,1111,1111,1
303_3;lick;POSTBOP;MEDIUM;Michael Brecker;SWING;4;4;4;7;3;28;12;3,2,2,4,4,1,4,1,2,4,4,3;011,11,11,0111,0111,1,0011,1,11,1011,1111,111
303_4;line;POSTBOP;MEDIUM;Michael Brecker;SWING;4;8;3;11;2;22;12;2,2,2,2,2,2,2,6,1,4,4,2;11,11,01,11,01,11,11,010011,1,1001,0110,11
303_5;line;POSTBOP;MEDIUM;Michael Brecker;SWING;5;11;4;15;3;33;16;4,2,4,4,8,2,2,6,2,2,2,2,2,1,4,1;0011,11,0011,0111,10010001,11,11,001001,11,11,11,11,11,1,0111,1
303_7;line;POSTBOP;MEDIUM;Michael Brecker;SWING;4;20;3;23;2;22;12;1,2,4,6,2,2,6,2,1,2,1,4;1,11,0001,010111,01,11,101001,11,1,11,1,1001
303_8;line;POSTBOP;MEDIUM;Michael Brecker;SWING;4;23;4;26;1;28;10;4,4,5,4,4,4,4,1,6,3;0011,1110,00111,1111,1111,1111,0111,1,000011,110
303_9;line;POSTBOP;MEDIUM;Michael Brecker;SWING;2;26;3;27;2;17;4;6,10,6,4;000011,1110011111,111011,1100
303_10;lick;POSTBOP;MEDIUM;Michael Brecker;SWING;5;27;4;31;2;36;15;4,6,5,4,3,2,2,2,2,2,4,4,2,2,3;0111,111100,00011,1101,011,11,11,11,01,11,0111,0111,11,11,111
303_12;lick;POSTBOP;MEDIUM;Michael Brecker;SWING;1;33;2;33;3;2;2;2,2;01,01
303_13;lick;POSTBOP;MEDIUM;Michael Brecker;SWING;6;33;4;38;1;50;17;4,3,2,2,2,1,2,4,3,6,4,4,5,4,4,4,1;0001,011,11,11,11,1,11,1111,111,111101,1111,1111,11111,1111,1111,1111,1
303_14;lick;POSTBOP;MEDIUM;Michael Brecker;SWING;2;38;2;39;4;12;7;2,4,4,2,1,1,1;01,0111,1101,11,1,1,1
303_15;lick;POSTBOP;MEDIUM;Michael Brecker;SWING;3;40;2;42;1;7;7;4,4,2,4,1,1,1;0001,0001,01,0001,1,1,1
303_16;lick;POSTBOP;MEDIUM;Michael Brecker;SWING;6;42;2;47;4;41;22;4,2,2,1,2,6,6,8,2,2,2,2,5,3,4,2,2,2,2,2,1,2;0001,01,11,1,11,001111,001001,00010001,01,11,11,11,01001,011,0111,01,11,11,11,11,1,11
303_17;lick;POSTBOP;MEDIUM;Michael Brecker;SWING;3;49;2;51;2;14;8;2,2,2,4,2,1,2,2;01,01,11,0111,11,1,11,11
303_18;lick;POSTBOP;MEDIUM;Michael Brecker;SWING;1;52;1;52;4;9;4;2,6,6,1;01,000111,010111,1
303_19;lick;POSTBOP;MEDIUM;Michael Brecker;SWING;1;53;1;53;4;9;4;2,4,6,1;01,0111,100111,1
303_20;line;POSTBOP;MEDIUM;Michael Brecker;SWING;4;54;1;57;2;48;14;4,3,6,4,4,8,4,4,4,4,4,4,1,1;0111,111,111101,1110,1111,10010111,0111,1111,1111,1111,1111,1111,1,1
303_22;line;POSTBOP;MEDIUM;Michael Brecker;SWING;7;60;3;66;2;41;22;4,2,2,4,2,2,7,6,2,2,2,8,2,1,2,8,4,4,1,2,1,2;0110,11,11,0111,11,11,1000101,001001,11,11,11,00100001,11,1,01,00000001,0011,0011,1,11,1,11
303_23;line;POSTBOP;MEDIUM;Michael Brecker;SWING;3;67;1;69;4;26;12;4,3,3,3,4,4,1,2,3,2,4,2;0011,111,111,111,1100,0011,1,11,011,11,0110,11
303_24;lick;POSTBOP;MEDIUM;Michael Brecker;SWING;3;70;2;72;4;19;11;4,6,5,2,1,3,1,2,2,2,2;0001,001111,01001,11,1,110,1,01,11,01,11
303_25;lick;POSTBOP;MEDIUM;Michael Brecker;SWING;5;73;2;77;4;46;18;2,1,2,2,2,2,4,3,4,4,8,12,4,2,4,4,1,1;11,1,11,11,11,11,0011,111,1111,1011,01001111,100101011111,1100,11,0001,0111,1,1
303_26;line;POSTBOP;MEDIUM;Michael Brecker;SWING;4;78;2;81;1;24;12;2,2,2,1,2,3,6,2,2,4,2,1;11,11,11,1,11,011,001011,11,11,0111,11,1
304_1;lick;POSTBOP;MEDIUM SLOW;Michael Brecker;SWING;2;1;1;2;3;14;7;4,4,5,4,2,1,1;0001,1111,01111,1100,01,1,1
304_2;lick;POSTBOP;MEDIUM SLOW;Michael Brecker;SWING;1;3;1;3;3;5;3;2,4,1;11,0011,1
304_3;lick;POSTBOP;MEDIUM SLOW;Michael Brecker;SWING;3;4;2;6;1;18;7;2,1,4,6,8,2,6;01,1,0111,000111,10111001,11,011100
304_4;lick;POSTBOP;MEDIUM SLOW;Michael Brecker;SWING;2;6;4;7;2;11;3;6,7,1;111101,1010111,1
304_5;lick;POSTBOP;MEDIUM SLOW;Michael Brecker;SWING;3;8;2;10;2;27;9;4,4,4,6,6,8,3,3,1;0011,1111,1111,011001,111100,00000111,111,111,1
304_6;lick;POSTBOP;MEDIUM SLOW;Michael Brecker;SWING;1;11;2;11;4;8;3;2,4,7;01,1111,1000011
304_7;lick;POSTBOP;MEDIUM SLOW;Michael Brecker;SWING;3;12;3;14;3;29;9;4,6,3,5,1,6,3,8,6;0011,111011,011,01111,1,000111,110,00111111,111100
304_8;lick;POSTBOP;MEDIUM SLOW;Michael Brecker;SWING;2;14;4;15;2;8;3;4,6,1;0011,101111,1
304_9;line;POSTBOP;MEDIUM SLOW;Michael Brecker;SWING;2;16;2;17;1;19;4;8,6,10,5;00011111,011011,0101011011,01111
304_10;lick;POSTBOP;MEDIUM SLOW;Michael Brecker;SWING;3;17;3;19;1;26;6;4,8,3,4,6,8;0110,11110111,110,1111,011111,01111110
304_11;line;POSTBOP;MEDIUM SLOW;Michael Brecker;SWING;3;19;4;21;4;28;8;7,8,8,1,4,2,8,6;0001111,11111111,00000111,1,0111,01,00011111,011100
304_12;line;POSTBOP;MEDIUM SLOW;Michael Brecker;SWING;2;22;3;23;1;14;3;4,6,6;1111,111101,111110
304_13;lick;POSTBOP;MEDIUM SLOW;Michael Brecker;SWING;2;23;4;24;2;9;3;4,4,1;1111,1111,1
304_14;line;POSTBOP;MEDIUM SLOW;Michael Brecker;SWING;3;24;3;26;2;27;8;9,3,4,4,4,6,6,1;001010101,111,1111,1111,1111,110111,000011,1
304_15;line;POSTBOP;MEDIUM SLOW;Michael Brecker;SWING;3;26;4;28;2;24;7;5,4,4,4,4,4,1;00111,1111,1111,1111,1111,1111,1
304_16;lick;POSTBOP;MEDIUM SLOW;Michael Brecker;SWING;2;28;3;29;2;9;4;4,4,3,1;0001,1111,111,1
304_17;lick;POSTBOP;MEDIUM SLOW;Michael Brecker;SWING;3;29;4;31;3;22;7;6,2,2,4,6,5,3;001111,11,11,1111,000111,01111,111
304_18;lick;POSTBOP;MEDIUM SLOW;Michael Brecker;SWING;2;32;1;33;2;7;3;4,4,1;0111,1110,1
304_19;lick;POSTBOP;MEDIUM SLOW;Michael Brecker;SWING;2;33;3;34;4;19;5;4,8,4,10,1;0001,01011001,1110,1111111111,1
304_20;line;POSTBOP;MEDIUM SLOW;Michael Brecker;SWING;3;35;1;37;3;70;11;9,6,12,10,10,7,10,8,8,1,4;010111111,111111,000010111011,1111110111,1111111111,1111111,1111111110,11111111,11010101,1,0110
304_21;line;POSTBOP;MEDIUM SLOW;Michael Brecker;SWING;4;38;1;41;1;51;13;6,3,6,6,4,6,4,4,8,6,4,6,1;001011,111,110111,101111,1111,101111,1111,1111,10101011,010111,0111,111101,1
304_22;lick;POSTBOP;MEDIUM SLOW;Michael Brecker;SWING;1;41;2;41;3;5;2;3,3;011,111
304_23;line;POSTBOP;MEDIUM SLOW;Michael Brecker;SWING;2;42;1;43;4;43;8;8,9,8,7,8,5,4,1;00111111,111111111,11111111,1111111,11111000,00111,1111,1
304_24;lick;POSTBOP;MEDIUM SLOW;Michael Brecker;SWING;1;44;2;44;3;7;2;10,4;0010010011,1101
304_25;lick;POSTBOP;MEDIUM SLOW;Michael Brecker;SWING;3;45;2;47;4;39;11;3,4,3,5,3,8,4,8,6,6,4;011,1110,111,11111,111,10101011,0111,11010011,010111,011011,1100
304_26;line;POSTBOP;MEDIUM SLOW;Michael Brecker;SWING;3;48;1;50;1;35;9;2,8,7,8,6,4,5,8,4;01,10101011,0011011,00101001,011110,1111,11111,11101011,1110
304_27;line;POSTBOP;MEDIUM SLOW;Michael Brecker;SWING;2;50;4;51;3;26;4;10,8,6,6;0001111111,11111111,111111,111110
304_28;line;POSTBOP;MEDIUM SLOW;Michael Brecker;SWING;2;51;4;52;3;17;4;8,6,10,1;01111111,111110,0000110101,1
304_29;lick;POSTBOP;MEDIUM SLOW;Michael Brecker;SWING;1;53;2;53;4;10;3;4,6,4;0111,110111,1100
304_30;line;POSTBOP;MEDIUM SLOW;Michael Brecker;SWING;3;54;2;56;4;43;11;5,4,4,4,5,10,4,4,5,8,1;11111,1111,1110,1111,11111,1100010101,0111,1111,10111,01011011,1
304_31;lick;POSTBOP;MEDIUM SLOW;Michael Brecker;SWING;2;57;1;58;1;13;5;3,4,1,4,3;011,1111,1,0111,111
304_32;line;POSTBOP;MEDIUM SLOW;Michael Brecker;SWING;3;58;4;60;2;42;7;9,10,6,9,10,4,4;000111111,1111111011,111111,111111111,1110111111,0001,1100
304_33;lick;POSTBOP;MEDIUM SLOW;Michael Brecker;SWING;2;60;3;61;1;11;3;6,4,3;001111,1111,111
304_34;lick;POSTBOP;MEDIUM SLOW;Michael Brecker;SWING;3;61;4;63;2;18;6;5,1,4,4,6,4;00111,1,0111,1111,011011,0111
304_35;line;POSTBOP;MEDIUM SLOW;Michael Brecker;SWING;2;64;1;65;2;17;6;8,4,6,3,6,1;00000001,1111,111011,111,010011,1
306_1;lick;POSTBOP;UP;Michael Brecker;SWING;5;1;4;5;2;11;10;2,2,1,2,1,2,1,1,1,2;01,01,1,11,1,01,1,1,1,01
306_2;lick;POSTBOP;UP;Michael Brecker;SWING;2;6;4;7;2;3;3;2,2,4;01,01,0001
306_3;lick;POSTBOP;UP;Michael Brecker;SWING;7;9;4;15;4;18;15;2,1,2,4,1,2,1,2,1,2,1,4,2,1,1;01,1,01,0011,1,11,1,11,1,01,1,0001,01,1,1
306_5;line;POSTBOP;UP;Michael Brecker;SWING;7;21;4;27;4;40;21;4,2,2,2,2,2,2,2,2,2,2,2,1,3,1,6,4,1,5,1,4;0001,11,11,11,11,11,11,11,11,11,11,11,1,011,1,001011,0110,1,00111,1,0111
306_6;line;POSTBOP;UP;Michael Brecker;SWING;9;30;1;38;3;61;32;2,2,2,2,2,2,2,1,2,2,2,2,2,2,2,3,1,2,4,2,1,1,2,1,2,2,1,2,3,5,3,4;11,11,11,01,11,11,11,1,11,11,11,11,11,11,11,011,1,11,1101,11,1,1,11,1,01,11,1,01,011,11111,111,1110
306_7;line;POSTBOP;UP;Michael Brecker;SWING;8;40;1;47;2;56;30;2,2,2,2,2,2,2,2,3,2,2,2,2,4,3,2,2,2,2,4,2,1,2,1,2,1,2,2,2,2;11,11,11,11,11,11,11,11,011,11,11,11,11,1011,111,11,11,11,11,1001,01,1,11,1,11,1,11,01,01,11
306_10;line;POSTBOP;UP;Michael Brecker;SWING;9;66;4;74;4;69;33;2,2,4,2,2,2,2,2,2,2,2,2,2,2,2,2,2,2,2,2,2,2,2,2,2,1,2,3,3,3,2,4,4;11,11,1101,11,11,11,11,11,11,11,11,11,11,11,11,11,11,11,11,11,11,11,11,11,11,1,01,110,011,111,11,1110,1111
306_11;line;POSTBOP;UP;Michael Brecker;SWING;10;76;4;85;4;71;37;2,2,1,4,2,2,2,4,2,2,2,2,2,2,2,2,2,2,2,2,2,3,1,4,2,2,2,2,2,2,6,3,1,2,2,2,1;01,11,1,1101,11,11,01,1101,11,11,11,11,11,11,11,11,11,11,11,11,01,111,1,1101,11,11,11,11,11,11,010001,011,1,11,11,11,1
306_12;line;POSTBOP;UP;Michael Brecker;SWING;5;86;3;90;3;32;17;2,2,2,2,2,2,2,2,2,2,2,2,4,2,2,2,3;11,11,11,11,11,11,11,11,11,11,11,11,1001,01,11,01,110
306_13;line;POSTBOP;UP;Michael Brecker;SWING;8;91;2;98;4;71;28;4,3,4,3,2,3,3,2,3,4,2,3,3,2,3,3,3,3,2,3,3,4,2,1,2,2,2,1;1011,111,1111,111,11,111,111,11,111,1011,11,111,111,11,111,111,111,111,11,111,111,1011,11,1,01,11,11,1
306_14;lick;POSTBOP;UP;Michael Brecker;SWING;9;99;3;107;2;55;30;4,2,2,2,2,4,4,2,2,2,2,2,2,2,2,2,2,2,2,2,2,2,2,2,2,2,2,2,1,1;0110,01,11,11,11,1011,0001,01,11,11,11,11,11,11,11,01,11,11,11,11,11,11,11,11,11,11,11,11,1,1
306_16;line;POSTBOP;UP;Michael Brecker;SWING;3;112;3;114;2;18;8;4,3,4,4,3,4,2,2;0011,111,1111,1011,110,0001,01,11
306_17;line;POSTBOP;UP;Michael Brecker;SWING;7;115;1;121;1;35;19;2,2,2,4,3,3,3,3,2,2,1,2,2,1,2,2,1,2,1;01,01,11,1011,111,111,111,111,11,11,1,01,11,1,01,11,1,11,1
307_1;line;POSTBOP;UP;Michael Brecker;SWING;2;0;1;1;1;9;5;2,2,2,3,1;01,11,11,111,1
307_5;lick;POSTBOP;UP;Michael Brecker;SWING;4;4;2;7;3;18;13;1,1,1,1,1,2,2,2,2,2,2,1,1;1,1,1,1,1,01,11,11,11,11,11,1,1
307_6;line;POSTBOP;UP;Michael Brecker;SWING;2;9;3;10;1;5;3;2,4,1;01,1011,1
307_7;line;POSTBOP;UP;Michael Brecker;SWING;2;10;3;11;1;5;3;3,2,1;011,11,1
307_8;line;POSTBOP;UP;Michael Brecker;SWING;3;11;3;13;1;16;7;2,3,4,2,4,3,4;01,111,1100,01,1111,111,1100
307_9;line;POSTBOP;UP;Michael Brecker;SWING;3;14;2;16;3;19;10;2,2,2,2,2,2,4,2,2,2;01,11,11,11,11,11,1101,01,11,11
307_10;lick;POSTBOP;UP;Michael Brecker;SWING;3;17;2;19;3;4;4;1,1,1,1;1,1,1,1
307_11;lick;POSTBOP;UP;Michael Brecker;SWING;1;20;1;20;3;4;3;2,4,2;11,0001,01
307_12;lick;POSTBOP;UP;Michael Brecker;SWING;2;21;2;22;3;2;2;4,1;0001,1
307_13;lick;POSTBOP;UP;Michael Brecker;SWING;2;23;3;24;3;6;4;1,1,3,2;1,1,011,11
307_14;line;POSTBOP;UP;Michael Brecker;SWING;2;25;2;26;3;9;5;1,2,2,3,2;1,11,11,111,01
307_15;lick;POSTBOP;UP;Michael Brecker;SWING;1;28;1;28;2;4;2;1,3;1,111
307_17;line;POSTBOP;UP;Michael Brecker;SWING;6;37;1;42;3;34;21;2,2,2,2,4,2,2,2,2,4,2,2,4,4,1,4,4,4,1,2,2;01,11,11,11,1011,01,11,11,11,1101,11,11,0001,0001,1,1001,0001,0001,1,01,01
307_18;lick;POSTBOP;UP;Michael Brecker;SWING;1;44;1;44;2;3;2;2,2;01,11
307_19;lick;POSTBOP;UP;Michael Brecker;SWING;1;45;1;45;2;3;2;2,1;11,1
307_20;line;POSTBOP;UP;Michael Brecker;SWING;6;46;2;51;3;32;16;4,2,2,2,2,4,2,2,2,2,2,1,2,3,2,2;1011,11,01,11,11,1101,11,11,01,11,11,1,11,111,11,11
307_21;line;POSTBOP;UP;Michael Brecker;SWING;2;53;1;54;4;13;7;2,2,2,2,2,3,1;01,11,11,11,11,111,1
307_22;line;POSTBOP;UP;Michael Brecker;SWING;5;55;4;59;1;19;12;2,2,2,2,2,2,2,1,1,1,1,2;11,11,11,11,11,11,01,1,1,1,1,11
307_23;line;POSTBOP;UP;Michael Brecker;SWING;5;60;3;64;3;34;17;4,3,2,2,2,2,2,3,2,1,2,2,2,4,3,2,2;1011,011,11,11,01,11,11,111,11,1,11,11,11,1101,011,11,01
307_24;line;POSTBOP;UP;Michael Brecker;SWING;10;66;2;75;1;72;36;2,4,2,3,3,2,2,2,2,2,2,2,4,3,2,2,4,4,3,3,3,2,4,3,2,1,3,2,3,3,2,2,2,2,2,1;11,1101,11,011,011,01,11,11,11,11,11,11,1011,011,01,11,1101,0111,011,011,011,01,1101,011,11,1,111,01,111,011,01,11,11,11,11,1
307_25;lick;POSTBOP;UP;Michael Brecker;SWING;2;75;4;76;1;3;2;2,1;11,1
307_26;lick;POSTBOP;UP;Michael Brecker;SWING;3;76;3;78;2;9;7;2,1,1,1,4,2,1;11,1,1,1,1001,01,1
307_27;line;POSTBOP;UP;Michael Brecker;SWING;12;79;4;90;4;92;45;2,2,2,2,2,2,2,2,2,2,2,2,2,2,2,2,2,2,2,2,2,2,2,4,3,2,2,2,4,2,2,2,2,2,2,4,3,2,2,4,2,2,3,3,2;01,11,11,11,11,11,11,11,11,11,11,11,11,11,11,11,11,11,11,11,11,11,11,1101,011,11,11,01,1101,01,11,11,11,11,11,1111,011,01,11,1101,11,11,111,011,11
307_28;line;POSTBOP;UP;Michael Brecker;SWING;7;91;4;97;1;43;21;2,2,2,2,2,3,2,1,2,3,2,2,2,4,2,4,3,2,2,3,4;01,11,11,11,11,011,11,1,11,111,01,11,11,1011,01,1101,111,11,11,111,1100
307_29;lick;POSTBOP;UP;Michael Brecker;SWING;1;97;4;97;4;1;1;1;1
307_30;lick;POSTBOP;UP;Michael Brecker;SWING;1;98;2;98;3;2;2;2,1;01,1
307_31;lick;POSTBOP;UP;Michael Brecker;SWING;1;99;1;99;2;2;2;2,2;01,01
307_32;line;POSTBOP;UP;Michael Brecker;SWING;9;99;4;107;4;59;30;2,2,3,2,2,3,4,3,3,2,3,3,3,3,2,2,2,3,2,2,2,2,2,2,2,2,2,2,1,2;01,11,111,01,11,110,1011,011,011,01,111,011,111,011,01,11,11,111,11,11,01,11,11,11,11,11,11,11,1,11
307_33;line;POSTBOP;UP;Michael Brecker;SWING;4;109;1;112;2;27;14;2,2,2,4,2,2,4,2,3,2,2,3,2,2;11,11,01,1101,01,11,1011,11,011,11,11,011,01,11
307_34;line;POSTBOP;UP;Michael Brecker;SWING;4;113;1;116;3;28;15;3,4,2,1,4,2,1,4,3,3,2,2,1,4,2;011,1101,11,1,1011,11,1,1101,011,011,11,01,1,1001,01
307_39;lick;POSTBOP;UP;Michael Brecker;SWING;2;120;2;121;2;9;5;4,2,2,2,3;0001,11,11,01,111
307_40;lick;POSTBOP;UP;Michael Brecker;SWING;1;122;1;122;4;9;4;3,2,2,2;111,11,11,11
307_42;line;POSTBOP;UP;Michael Brecker;SWING;6;124;1;129;3;44;23;4,3,2,2,2,2,2,2,3,3,2,2,2,3,2,2,2,1,2,2,1,4,4;0001,011,01,11,11,11,11,11,111,011,11,11,11,011,11,11,11,1,11,11,1,1101,0110
307_43;line;POSTBOP;UP;Michael Brecker;SWING;4;132;1;135;4;29;15;2,2,3,2,2,4,3,3,2,3,3,2,4,1,1;11,11,011,11,11,0011,011,011,11,011,111,11,0011,1,1
307_44;line;POSTBOP;UP;Michael Brecker;SWING;9;136;3;144;1;62;31;2,2,3,3,2,2,2,3,2,3,3,2,2,2,3,2,2,2,2,2,2,2,3,3,2,2,3,2,3,2,1;11,11,111,011,11,11,11,011,11,011,111,11,11,11,011,01,11,11,11,11,11,11,110,111,01,11,111,01,111,01,1
307_45;lick;POSTBOP;UP;Michael Brecker;SWING;3;145;4;147;2;9;5;4,1,4,2,2;1011,1,1001,11,01
307_46;line;POSTBOP;UP;Michael Brecker;SWING;6;148;4;153;4;36;19;2,2,2,3,3,2,2,2,2,1,3,2,2,2,3,2,4,1,1;11,11,11,111,011,11,01,11,11,1,111,01,11,11,111,11,1001,1,1
307_47;line;POSTBOP;UP;Michael Brecker;SWING;7;155;2;161;1;47;24;2,2,2,2,2,2,2,3,4,2,2,2,2,4,4,2,2,2,3,4,2,2,2,1;11,11,11,11,11,11,11,110,1011,01,11,11,11,1011,0011,01,11,11,111,0011,11,11,01,1
307_50;lick;POSTBOP;UP;Michael Brecker;SWING;4;164;3;167;4;13;11;1,1,2,1,4,3,1,1,4,1,1;1,1,01,1,0001,011,1,1,1001,1,1
307_51;line;POSTBOP;UP;Michael Brecker;SWING;8;169;3;176;4;57;29;2,2,3,2,1,2,4,2,2,2,2,2,2,2,2,2,2,2,2,2,2,2,2,4,1,2,2,3,4;11,11,110,01,1,11,1011,01,11,11,11,11,11,11,11,11,11,11,11,11,01,11,11,1101,1,11,11,111,1011
307_52;lick;POSTBOP;UP;Michael Brecker;SWING;2;177;3;178;1;3;3;2,1,1;01,1,1
307_53;lick;POSTBOP;UP;Michael Brecker;SWING;2;178;4;179;1;3;2;2,2;11,01
307_54;lick;POSTBOP;UP;Michael Brecker;SWING;1;180;1;180;2;3;2;2,2;11,01
307_55;lick;POSTBOP;UP;Michael Brecker;SWING;3;181;2;183;1;6;6;1,1,1,2,2,1;1,1,1,01,01,1
307_56;line;POSTBOP;UP;Michael Brecker;SWING;5;184;1;188;1;22;13;2,3,2,4,3,2,1,1,2,1,4,1,3;01,111,11,1111,110,01,1,1,01,1,1001,1,110
307_57;line;POSTBOP;UP;Michael Brecker;SWING;6;189;2;194;3;44;22;2,2,3,2,2,2,2,2,2,2,2,2,4,1,2,3,2,3,2,2,2,1;11,11,110,11,11,11,11,11,11,11,11,11,1011,1,11,111,11,111,11,11,01,1
308_1;lick;POSTBOP;UP;Michael Brecker;SWING;2;0;4;1;2;4;3;2,1,2;11,1,01
308_2;lick;POSTBOP;UP;Michael Brecker;SWING;2;2;1;3;3;9;5;4,2,2,2,1;1001,11,11,11,1
308_3;line;POSTBOP;UP;Michael Brecker;SWING;7;3;4;9;4;38;25;2,1,2,2,2,2,2,2,2,2,1,2,2,2,2,2,2,2,2,2,2,2,1,1,1;01,1,11,11,11,11,11,11,11,11,1,11,11,11,01,01,01,01,01,01,11,11,1,1,1
308_4;lick;POSTBOP;UP;Michael Brecker;SWING;2;10;2;11;2;11;5;4,2,2,4,1;0011,11,11,1111,1
308_5;line;POSTBOP;UP;Michael Brecker;SWING;5;12;1;16;2;35;18;2,2,2,2,4,4,2,6,2,2,2,2,2,2,1,2,2,1;11,11,11,11,1011,1001,11,010011,11,11,11,11,11,01,1,11,11,1
308_6;lick;POSTBOP;UP;Michael Brecker;SWING;9;17;1;25;1;51;27;1,2,2,2,4,1,2,2,2,1,2,4,2,2,2,2,6,6,2,2,2,4,2,3,2,2,2;1,11,01,11,1011,1,01,11,01,1,11,1100,01,11,11,11,101011,011011,01,11,11,1011,01,111,11,11,01
308_7;line;POSTBOP;UP;Michael Brecker;SWING;5;26;1;30;2;66;18;3,6,6,6,6,6,3,4,4,6,6,4,4,4,3,4,3,4;111,101111,011011,011101,011011,011011,111,1111,1111,111011,011011,0111,1111,1110,011,0111,111,1111
308_9;lick;POSTBOP;UP;Michael Brecker;SWING;4;35;4;38;3;15;9;4,1,6,4,2,1,4,2,1;1101,1,000001,0001,01,1,1111,11,1
308_10;lick;POSTBOP;UP;Michael Brecker;SWING;2;38;4;39;3;5;3;4,2,2;0001,11,11
308_11;line;POSTBOP;UP;Michael Brecker;SWING;2;40;1;41;4;28;8;4,4,4,6,4,6,3,1;1111,1111,1111,110111,0111,111011,011,1
308_12;lick;POSTBOP;UP;Michael Brecker;SWING;2;42;1;43;1;6;5;2,1,2,4,1;01,1,01,1001,1
308_13;lick;POSTBOP;UP;Michael Brecker;SWING;2;43;2;44;3;11;6;2,2,2,2,4,1;01,11,11,11,1011,1
308_14;lick;POSTBOP;UP;Michael Brecker;SWING;4;45;1;48;1;16;10;4,2,1,4,2,2,2,1,2,2;1100,11,1,1011,01,11,01,1,11,01
308_15;line;POSTBOP;UP;Michael Brecker;SWING;4;48;2;51;1;18;10;2,3,3,4,1,1,1,1,4,2;01,111,111,1011,1,1,1,1,1101,01
308_16;lick;POSTBOP;UP;Michael Brecker;SWING;2;52;1;53;1;10;5;4,6,2,2,1;0111,001101,01,11,1
308_17;line;POSTBOP;UP;Michael Brecker;SWING;5;53;4;57;2;25;14;3,2,2,4,2,2,2,2,2,2,2,2,4,2;011,11,11,0011,01,11,01,01,01,11,11,11,1011,11
309_1;lick;POSTBOP;UP;Miles Davis;SWING;2;-1;3;0;4;10;5;4,4,2,2,2;1011,0011,11,11,01
309_2;lick;POSTBOP;UP;Miles Davis;SWING;2;4;2;5;4;11;6;3,3,3,1,1,1;011,111,111,1,1,1
309_3;lick;POSTBOP;UP;Miles Davis;SWING;2;6;3;7;4;10;6;4,2,2,1,1,2;1110,11,01,1,1,11
309_4;line;POSTBOP;UP;Miles Davis;SWING;3;9;2;11;1;15;8;2,4,3,2,2,2,2,1;11,1101,011,11,11,11,01,1
309_6;lick;POSTBOP;UP;Miles Davis;SWING;3;13;3;15;2;8;7;2,4,2,2,1,1,1;01,1001,01,01,1,1,1
309_7;line;POSTBOP;UP;Miles Davis;SWING;4;17;3;20;4;28;14;3,2,2,2,2,2,3,2,2,2,2,3,1,1;011,11,11,11,11,11,111,11,11,11,11,111,1,1
309_8;lick;POSTBOP;UP;Miles Davis;SWING;1;22;3;22;4;2;2;1,2;1,01
309_9;lick;POSTBOP;UP;Miles Davis;SWING;1;23;3;23;4;2;2;1,1;1,1
309_10;lick;POSTBOP;UP;Miles Davis;SWING;1;24;3;24;4;2;2;1,1;1,1
309_11;lick;POSTBOP;UP;Miles Davis;SWING;2;25;3;26;4;6;4;1,1,2,2;1,1,11,11
309_12;lick;POSTBOP;UP;Miles Davis;SWING;1;27;3;27;4;2;2;1,1;1,1
309_13;lick;POSTBOP;UP;Miles Davis;SWING;3;28;3;30;4;13;7;2,3,4,2,1,2,2;11,011,1011,11,1,11,01
309_14;lick;POSTBOP;UP;Miles Davis;SWING;2;31;3;32;3;8;5;2,2,3,1,1;01,11,111,1,1
309_15;line;POSTBOP;UP;Miles Davis;SWING;4;33;3;36;4;28;14;3,2,2,2,2,2,2,2,2,2,2,2,2,2;011,11,11,11,11,11,11,11,11,11,11,11,11,11
309_16;lick;POSTBOP;UP;Miles Davis;SWING;6;37;3;42;2;17;14;1,1,2,1,2,1,2,1,1,1,2,1,3,1;1,1,01,1,01,1,01,1,1,1,11,1,111,1
309_17;lick;POSTBOP;UP;Miles Davis;SWING;2;42;4;43;3;3;2;2,1;11,1
309_18;line;POSTBOP;UP;Miles Davis;SWING;3;45;1;47;2;19;10;1,2,2,2,3,2,2,2,2,2;1,11,11,11,011,11,11,11,11,11
309_19;line;POSTBOP;UP;Miles Davis;SWING;4;48;3;51;4;24;12;2,2,2,2,2,2,2,2,2,2,4,2;11,11,11,11,11,11,11,11,11,11,1011,01
309_20;line;POSTBOP;UP;Miles Davis;SWING;4;52;4;55;4;24;12;2,2,2,2,2,2,2,2,2,2,2,3;01,11,11,11,11,11,11,11,11,11,11,111
309_21;line;POSTBOP;UP;Miles Davis;SWING;4;56;3;59;4;28;14;2,3,2,3,2,2,2,2,2,3,2,2,2,1;01,111,01,111,11,11,11,11,11,111,11,11,11,1
309_23;line;POSTBOP;UP;Miles Davis;SWING;8;65;4;72;1;33;22;4,2,2,2,2,1,2,2,1,2,1,2,2,2,1,3,3,3,2,2,2,1;0001,11,11,11,11,1,01,01,1,01,1,01,01,01,1,011,111,011,11,11,11,1
309_24;lick;POSTBOP;UP;Miles Davis;SWING;2;72;3;73;2;7;4;2,2,2,2;11,11,11,01
309_25;lick;POSTBOP;UP;Miles Davis;SWING;2;74;3;75;1;6;3;2,2,2;11,11,11
309_26;line;POSTBOP;UP;Miles Davis;SWING;6;76;2;81;2;34;18;3,2,2,2,2,2,2,2,1,4,1,2,4,2,2,2,2,4;111,11,11,11,11,01,11,11,1,1101,1,01,0001,11,11,11,11,1011
309_28;lick;POSTBOP;UP;Miles Davis;SWING;3;97;3;99;4;8;7;2,2,1,1,1,1,2;11,01,1,1,1,1,01
309_29;lick;POSTBOP;UP;Miles Davis;SWING;4;101;2;104;4;16;12;2,4,4,2,4,1,4,4,2,4,1,4;11,0001,0001,01,1001,1,1001,0001,01,0001,1,1100
309_31;line;POSTBOP;UP;Miles Davis;SWING;2;109;2;110;4;27;7;4,5,4,4,4,4,4;1111,10111,1111,1111,1111,1111,1110
310_1;lick;HARDBOP;UP;Miles Davis;SWING;5;-1;4;3;3;17;13;2,2,2,1,1,1,1,1,2,2,2,2,2;11,11,11,1,1,1,1,1,01,01,01,01,11
310_2;lick;HARDBOP;UP;Miles Davis;SWING;3;5;2;7;2;8;7;1,1,1,2,4,4,2;1,1,1,01,0001,0011,01
310_3;line;HARDBOP;UP;Miles Davis;SWING;3;9;2;11;4;20;11;2,2,2,2,2,4,2,2,2,2,1;11,11,11,01,11,1011,01,11,11,11,1
310_4;line;HARDBOP;UP;Miles Davis;SWING;2;12;3;13;2;8;4;4,2,2,1;1011,11,11,1
310_5;line;HARDBOP;UP;Miles Davis;SWING;2;14;2;15;3;12;6;3,2,2,2,2,2;011,11,11,11,11,11
310_6;lick;HARDBOP;UP;Miles Davis;SWING;2;16;4;17;3;4;4;2,1,1,1;01,1,1,1
310_7;line;HARDBOP;UP;Miles Davis;SWING;2;18;1;19;1;8;5;1,2,2,2,1;1,11,11,11,1
310_8;line;HARDBOP;UP;Miles Davis;SWING;4;19;2;22;2;20;10;4,4,2,2,2,2,6,1,4,2;0011,1101,11,11,11,11,100011,1,1001,01
310_9;lick;HARDBOP;UP;Miles Davis;SWING;2;23;3;24;1;6;3;2,2,2;11,11,11
310_10;lick;HARDBOP;UP;Miles Davis;SWING;3;25;1;27;1;10;8;1,1,2,3,2,2,1,1;1,1,01,011,11,01,1,1
310_11;lick;HARDBOP;UP;Miles Davis;SWING;3;28;4;30;2;7;7;2,2,2,1,1,1,2;01,01,01,1,1,1,01
310_12;lick;HARDBOP;UP;Miles Davis;SWING;2;31;1;32;2;7;5;2,2,2,2,1;01,11,11,01,1
310_13;lick;HARDBOP;UP;Miles Davis;SWING;3;32;4;34;2;8;7;2,2,2,1,1,1,2;01,11,01,1,1,1,01
310_14;line;HARDBOP;UP;Miles Davis;SWING;2;35;3;36;2;9;4;2,2,4,2;11,11,1111,01
310_15;lick;HARDBOP;UP;Miles Davis;SWING;3;36;4;38;3;12;8;3,1,3,1,4,1,2,2;011,1,011,1,0011,1,01,11
310_16;lick;HARDBOP;UP;Miles Davis;SWING;1;39;1;39;3;6;3;4,2,2;1001,11,11
310_17;line;HARDBOP;UP;Miles Davis;SWING;4;40;4;43;2;13;8;4,2,4,2,6,1,1,1;0011,01,0110,11,100011,1,1,1
310_18;lick;HARDBOP;UP;Miles Davis;SWING;2;43;4;44;3;3;3;4,4,1;0001,0001,1
310_19;line;HARDBOP;UP;Miles Davis;SWING;2;46;1;47;4;13;8;2,2,2,2,2,2,1,1;01,11,11,11,11,11,1,1
310_20;lick;HARDBOP;UP;Miles Davis;SWING;1;49;1;49;4;4;4;2,1,1,1;01,1,1,1
310_21;line;HARDBOP;UP;Miles Davis;SWING;3;50;4;52;2;10;7;2,2,2,1,4,1,1;11,11,11,1,0001,1,1
310_22;line;HARDBOP;UP;Miles Davis;SWING;2;53;2;54;3;11;6;2,2,2,2,2,1;11,11,11,11,11,1
310_23;lick;HARDBOP;UP;Miles Davis;SWING;3;55;1;57;3;14;10;1,2,2,2,2,2,1,1,1,1;1,01,11,11,11,11,1,1,1,1
310_24;lick;HARDBOP;UP;Miles Davis;SWING;1;58;1;58;2;3;2;2,3;01,011
310_25;lick;HARDBOP;UP;Miles Davis;SWING;2;59;1;60;2;7;6;1,1,1,2,2,1;1,1,1,01,11,1
310_26;lick;HARDBOP;UP;Miles Davis;SWING;4;61;1;64;3;15;13;4,4,1,1,2,3,4,4,4,2,2,2,2;0001,0001,1,1,01,011,0001,0001,0001,01,11,01,01
310_27;line;HARDBOP;UP;Miles Davis;SWING;4;65;4;68;2;20;10;2,2,2,2,4,2,3,2,1,2;11,11,11,11,1011,11,111,11,1,01
310_28;lick;HARDBOP;UP;Miles Davis;SWING;3;69;1;71;3;16;10;2,2,2,2,2,4,2,2,2,1;11,01,01,01,11,1011,11,01,11,1
310_31;lick;HARDBOP;UP;Miles Davis;SWING;3;77;2;79;1;12;8;2,2,2,2,2,1,2,1;11,01,01,11,11,1,11,1
310_32;line;HARDBOP;UP;Miles Davis;SWING;3;81;1;83;1;16;9;2,2,2,1,2,4,2,4,1;01,11,11,1,11,1011,01,1011,1
310_33;lick;HARDBOP;UP;Miles Davis;SWING;1;85;1;85;2;3;2;2,4;11,0001
310_34;line;HARDBOP;UP;Miles Davis;SWING;3;86;1;88;1;15;9;2,2,2,2,4,2,1,1,4;11,01,11,11,1101,01,1,1,1001
310_35;lick;HARDBOP;UP;Miles Davis;SWING;2;88;3;89;2;6;4;2,2,1,4;01,01,1,1101
310_36;line;HARDBOP;UP;Miles Davis;SWING;2;90;1;91;4;14;8;2,2,1,2,2,1,2,2;11,11,1,11,11,1,11,11
310_37;lick;HARDBOP;UP;Miles Davis;SWING;2;92;2;93;2;7;5;2,1,2,1,1;11,1,11,1,1
310_38;lick;HARDBOP;UP;Miles Davis;SWING;2;94;2;95;3;7;5;2,1,2,2,1;11,1,01,11,1
310_39;lick;HARDBOP;UP;Miles Davis;SWING;3;97;1;99;2;10;10;1,1,1,2,1,2,1,2,1,1;1,1,1,01,1,01,1,01,1,1
310_41;line;HARDBOP;UP;Miles Davis;SWING;2;105;2;106;4;14;7;2,2,4,2,2,4,2;11,11,1011,01,11,1011,01
310_42;lick;HARDBOP;UP;Miles Davis;SWING;3;107;3;109;1;10;7;2,4,2,2,1,1,1;01,1101,01,11,1,1,1
313_2;lick;HARDBOP;MEDIUM UP;Miles Davis;SWING;2;2;2;3;2;6;5;4,2,1,1,1;0001,11,1,1,1
313_3;lick;HARDBOP;MEDIUM UP;Miles Davis;SWING;1;5;1;5;4;5;3;6,2,1;010001,11,1
313_4;lick;HARDBOP;MEDIUM UP;Miles Davis;SWING;2;6;1;7;2;7;6;2,2,1,2,2,1;01,11,1,01,01,1
313_7;lick;HARDBOP;MEDIUM UP;Miles Davis;SWING;2;12;4;13;1;3;2;4,1;1100,1
313_8;lick;HARDBOP;MEDIUM UP;Miles Davis;SWING;2;14;1;15;3;8;6;4,2,4,1,2,1;0001,11,0001,1,11,1
313_9;lick;HARDBOP;MEDIUM UP;Miles Davis;SWING;1;17;1;17;3;4;3;2,1,1;11,1,1
313_10;lick;HARDBOP;MEDIUM UP;Miles Davis;SWING;2;18;1;19;4;12;8;6,2,2,4,3,6,2,1;000011,11,01,1100,110,000001,01,1
313_12;lick;HARDBOP;MEDIUM UP;Miles Davis;SWING;2;22;2;23;2;8;5;4,2,5,4,1;0001,11,01001,0110,1
313_16;line;HARDBOP;MEDIUM UP;Miles Davis;SWING;3;33;2;35;1;14;8;3,2,1,4,2,2,6,2;111,01,1,0110,11,11,010001,01
313_18;lick;HARDBOP;MEDIUM UP;Miles Davis;SWING;1;38;1;38;2;3;2;2,2;01,11
313_21;line;HARDBOP;MEDIUM UP;Miles Davis;SWING;3;40;2;42;2;16;9;4,2,2,3,4,2,2,2,3;0001,11,11,011,0001,11,11,11,011
313_22;lick;HARDBOP;MEDIUM UP;Miles Davis;SWING;2;42;4;43;1;4;2;4,2;1001,11
313_23;line;HARDBOP;MEDIUM UP;Miles Davis;SWING;4;44;1;47;3;19;12;4,2,2,2,4,1,1,2,4,2,4,2;0001,11,11,11,0110,1,1,11,0001,11,0001,11
313_24;line;HARDBOP;MEDIUM UP;Miles Davis;SWING;2;49;1;50;4;11;8;4,1,2,1,1,1,1,2;0111,1,01,1,1,1,1,11
313_25;line;HARDBOP;MEDIUM UP;Miles Davis;SWING;2;51;2;52;1;8;4;4,4,2,1;0110,1101,11,1
313_26;lick;HARDBOP;MEDIUM UP;Miles Davis;SWING;1;52;2;52;4;7;3;4,8,2;1001,10000011,11
313_28;line;HARDBOP;MEDIUM UP;Miles Davis;SWING;2;57;1;58;2;11;6;4,2,2,2,4,2;0001,11,11,11,0110,11
313_29;lick;HARDBOP;MEDIUM UP;Miles Davis;SWING;2;58;3;59;2;6;4;2,4,1,1;01,0111,1,1
313_33;lick;HARDBOP;MEDIUM UP;Miles Davis;SWING;1;64;2;64;3;4;2;2,2;11,11
313_34;lick;HARDBOP;MEDIUM UP;Miles Davis;SWING;1;65;2;65;3;4;2;2,2;11,11
313_38;lick;HARDBOP;MEDIUM UP;Miles Davis;SWING;2;70;1;71;2;6;6;4,1,1,1,1,2;0001,1,1,1,1,01
313_40;lick;HARDBOP;MEDIUM UP;Miles Davis;SWING;1;74;1;74;4;3;3;2,2,1;01,01,1
313_41;lick;HARDBOP;MEDIUM UP;Miles Davis;SWING;1;75;2;75;3;5;2;8,2;10000011,11
313_43;line;HARDBOP;MEDIUM UP;Miles Davis;SWING;2;77;2;78;3;10;6;2,2,2,2,2,1;01,11,11,11,11,1
313_44;lick;HARDBOP;MEDIUM UP;Miles Davis;SWING;3;78;4;80;1;10;6;2,2,2,2,1,1;11,11,11,11,1,1
313_47;lick;HARDBOP;MEDIUM UP;Miles Davis;SWING;2;84;4;85;2;3;3;4,2,4;0001,01,1001
313_48;lick;HARDBOP;MEDIUM UP;Miles Davis;SWING;5;85;2;89;1;28;16;4,4,2,2,2,2,2,4,2,2,2,2,4,2,2,1;1001,0001,11,11,11,01,11,0001,11,11,11,11,1101,11,11,1
313_50;line;HARDBOP;MEDIUM UP;Miles Davis;SWING;3;93;1;95;2;17;10;4,2,2,2,2,4,3,4,1,1;0001,11,11,11,11,0001,011,0111,1,1
313_51;line;HARDBOP;MEDIUM UP;Miles Davis;SWING;3;95;3;97;1;10;7;1,1,2,2,2,2,1;1,1,01,11,11,11,1
314_1;lick;POSTBOP;UP;Miles Davis;SWING;2;1;1;2;3;7;4;4,4,2,1;1001,1001,11,1
314_2;line;POSTBOP;UP;Miles Davis;SWING;8;3;2;10;3;49;27;2,2,2,4,2,4,2,2,4,2,2,2,2,2,2,1,2,2,4,2,2,4,1,2,1,3,1;11,11,11,1011,01,1101,01,11,1011,01,11,11,11,01,11,1,01,11,1011,11,01,1001,1,11,1,111,1
314_3;line;POSTBOP;UP;Miles Davis;SWING;6;11;2;16;2;36;21;2,3,2,2,2,2,2,2,2,2,4,4,2,2,1,1,2,2,3,1,1;11,111,01,11,11,11,11,11,11,11,1001,1001,11,11,1,1,01,01,011,1,1
314_4;line;POSTBOP;UP;Miles Davis;SWING;7;17;2;23;4;53;27;2,4,2,2,2,2,2,3,2,3,2,2,2,3,3,4,2,2,2,2,2,4,2,4,2,2,2;11,1011,01,11,11,11,11,111,01,111,11,11,11,011,110,1101,11,11,01,01,11,1011,11,0001,01,11,11
314_5;lick;POSTBOP;UP;Miles Davis;SWING;1;24;3;24;4;2;2;1,2;1,01
314_6;lick;POSTBOP;UP;Miles Davis;SWING;1;26;1;26;4;3;3;1,2,2;1,01,01
314_7;lick;POSTBOP;UP;Miles Davis;SWING;2;27;3;28;4;5;5;1,1,1,2,2;1,1,1,01,01
314_8;line;POSTBOP;UP;Miles Davis;SWING;7;29;3;35;1;35;22;1,1,2,2,3,2,2,2,2,4,1,3,2,1,2,2,2,2,2,1,1,1;1,1,11,01,111,01,11,11,11,0111,1,011,11,1,01,11,11,01,11,1,1,1
314_9;line;POSTBOP;UP;Miles Davis;SWING;4;35;4;38;4;18;12;3,2,2,4,1,2,4,2,2,2,4,3;011,11,11,0001,1,01,1100,01,01,01,1001,011
314_10;line;POSTBOP;UP;Miles Davis;SWING;5;39;4;43;2;29;15;4,2,3,4,2,1,2,4,3,2,3,2,2,2,1;1011,01,111,0110,11,1,11,1011,011,11,011,01,11,11,1
314_11;lick;POSTBOP;UP;Miles Davis;SWING;1;44;1;44;3;5;3;2,2,1;11,11,1
314_12;line;POSTBOP;UP;Miles Davis;SWING;5;45;2;49;1;30;15;2,2,2,4,2,4,3,2,3,2,2,4,2,4,4;11,01,11,1001,11,1011,011,01,011,11,11,1011,01,1101,1001
314_15;lick;POSTBOP;UP;Miles Davis;SWING;2;59;4;60;4;6;4;2,2,1,2;01,11,1,11
314_16;line;POSTBOP;UP;Miles Davis;SWING;2;61;3;62;4;12;6;2,4,2,2,2,2;11,0110,11,11,11,11
314_17;line;POSTBOP;UP;Miles Davis;SWING;7;64;3;70;4;41;26;1,2,2,2,2,2,2,2,2,2,2,1,2,2,2,1,3,1,1,4,2,2,1,1,1,1;1,11,11,11,11,11,11,11,11,11,11,1,11,01,01,1,111,1,1,1001,01,11,1,1,1,1
314_18;lick;POSTBOP;UP;Miles Davis;SWING;2;73;2;74;4;5;5;1,1,2,1,1;1,1,01,1,1
314_19;lick;POSTBOP;UP;Miles Davis;SWING;2;75;3;76;4;6;5;2,2,1,1,1;11,01,1,1,1
314_20;line;POSTBOP;UP;Miles Davis;SWING;3;77;3;79;4;20;10;2,2,2,2,2,2,2,2,2,2;11,11,11,11,11,11,11,11,11,11
314_21;line;POSTBOP;UP;Miles Davis;SWING;2;81;2;82;2;9;5;2,4,2,2,1;11,1101,01,11,1
314_22;line;POSTBOP;UP;Miles Davis;SWING;5;83;1;87;1;20;13;2,2,2,2,1,2,2,2,2,1,1,2,1;11,11,11,11,1,11,11,11,01,1,1,01,1
315_1;lick;POSTBOP;UP;Miles Davis;SWING;2;1;2;2;3;7;6;2,1,2,4,2,4;01,1,01,0001,01,1001
315_2;lick;POSTBOP;UP;Miles Davis;SWING;4;3;3;6;1;15;11;1,1,2,2,2,2,2,2,2,2,2;1,1,11,01,11,01,01,01,01,11,11
315_3;line;POSTBOP;UP;Miles Davis;SWING;4;7;2;10;3;18;10;2,2,2,2,2,4,4,2,2,1;11,11,11,11,11,1011,0001,01,11,1
315_4;lick;POSTBOP;UP;Miles Davis;SWING;2;11;2;12;1;3;3;1,4,1;1,0001,1
315_5;line;POSTBOP;UP;Miles Davis;SWING;5;13;1;17;2;34;18;1,2,3,2,2,2,2,4,2,4,2,2,2,4,2,2,4,2;1,11,111,11,01,11,11,1001,11,1001,01,11,11,1011,11,01,1101,01
315_6;lick;POSTBOP;UP;Miles Davis;SWING;4;18;2;21;2;24;13;4,2,1,2,2,2,2,2,2,2,4,3,2;0001,11,1,01,11,11,11,11,11,11,1011,011,11
315_7;line;POSTBOP;UP;Miles Davis;SWING;2;23;1;24;1;11;5;2,2,4,4,1;01,11,0111,1111,1
315_9;lick;POSTBOP;UP;Miles Davis;SWING;6;28;3;33;2;36;20;2,2,2,4,4,2,4,2,2,4,2,2,3,2,2,3,2,2,1,2;11,01,11,1011,0001,01,0001,11,01,1110,11,11,111,01,11,111,11,01,1,11
315_10;line;POSTBOP;UP;Miles Davis;SWING;3;34;1;36;4;17;10;2,2,2,4,2,1,1,3,4,1;01,11,11,1101,11,1,1,011,1001,1
315_11;lick;POSTBOP;UP;Miles Davis;SWING;3;37;2;39;4;11;10;2,1,1,1,1,2,1,2,2,1;01,1,1,1,1,01,1,11,01,1
315_12;lick;POSTBOP;UP;Miles Davis;SWING;4;41;1;44;2;19;11;4,2,2,2,2,4,2,3,2,2,4;0001,11,11,11,11,0001,01,111,11,01,1001
315_13;line;POSTBOP;UP;Miles Davis;SWING;3;45;1;47;2;21;10;2,2,3,3,2,2,2,2,3,3;11,11,111,011,11,11,11,11,011,011
315_15;lick;POSTBOP;UP;Miles Davis;SWING;2;50;2;51;1;5;4;2,2,2,1;01,11,01,1
315_16;line;POSTBOP;UP;Miles Davis;SWING;1;52;1;52;4;9;4;2,4,2,3;11,1101,01,111
315_17;line;POSTBOP;UP;Miles Davis;SWING;2;54;1;55;3;14;7;4,2,2,2,4,2,1;1111,11,11,01,1101,01,1
315_18;lick;POSTBOP;UP;Miles Davis;SWING;2;57;2;58;1;6;4;4,2,2,1;0001,11,11,1
315_19;line;POSTBOP;UP;Miles Davis;SWING;2;59;2;60;3;13;6;2,4,2,2,2,2;11,1011,11,11,11,11
315_20;line;POSTBOP;UP;Miles Davis;SWING;3;61;3;63;1;14;7;2,2,4,2,2,2,4;01,11,1011,11,01,11,1011
315_21;lick;POSTBOP;UP;Miles Davis;SWING;3;64;2;66;2;5;5;4,2,2,1,1;0001,01,01,1,1
315_22;lick;POSTBOP;UP;Miles Davis;SWING;2;67;2;68;1;5;3;4,2,4;0001,11,1001
315_23;line;POSTBOP;UP;Miles Davis;SWING;8;69;1;76;1;38;26;4,2,1,2,3,2,2,3,2,2,4,2,3,2,2,1,1,2,1,1,4,2,1,1,2,3;0001,01,1,01,111,11,11,011,11,11,0011,01,111,11,01,1,1,01,1,1,0001,01,1,1,01,011
315_24;line;POSTBOP;UP;Miles Davis;SWING;3;77;1;79;4;19;11;4,4,1,2,4,1,2,2,2,2,2;0001,0001,1,11,1101,1,11,11,11,11,11
315_25;lick;POSTBOP;UP;Miles Davis;SWING;1;81;1;81;4;6;4;2,3,2,1;11,011,01,1
315_26;lick;POSTBOP;UP;Miles Davis;SWING;3;82;2;84;1;11;7;2,1,3,2,2,2,2;01,1,011,01,11,11,11
315_27;line;POSTBOP;UP;Miles Davis;SWING;5;85;2;89;1;31;16;2,2,2,2,2,2,2,2,2,2,2,2,2,2,2,1;11,11,11,11,11,11,11,11,11,11,11,11,11,11,11,1
315_28;lick;POSTBOP;UP;Miles Davis;SWING;4;89;3;92;1;16;10;2,2,1,2,4,4,2,2,2,4;01,11,1,01,1001,0001,01,11,11,1011
315_32;lick;POSTBOP;UP;Miles Davis;SWING;2;105;3;106;3;6;4;2,2,1,1;11,11,1,1
315_33;line;POSTBOP;UP;Miles Davis;SWING;10;107;2;116;1;64;35;2,2,3,3,2,2,3,1,4,2,4,1,4,3,3,2,3,2,2,4,2,2,2,3,2,2,4,3,2,2,2,2,2,2,1;01,11,011,011,01,11,111,1,1001,01,0001,1,1011,011,011,11,011,11,11,0110,11,11,11,110,11,11,0011,011,11,01,11,11,11,11,1
315_34;lick;POSTBOP;UP;Miles Davis;SWING;2;116;3;117;4;6;4;2,4,2,1;11,0011,01,1
315_35;line;POSTBOP;UP;Miles Davis;SWING;2;119;3;120;4;11;6;2,2,4,4,3,3;11,01,1101,0001,011,011
315_37;line;POSTBOP;UP;Miles Davis;SWING;5;125;1;129;1;32;17;2,3,2,2,2,2,4,2,3,2,2,2,2,2,2,3,2;01,011,11,11,11,01,1011,11,011,11,11,11,11,11,11,011,01
315_38;lick;POSTBOP;UP;Miles Davis;SWING;2;129;4;130;4;4;4;2,1,1,1;01,1,1,1
315_39;lick;POSTBOP;UP;Miles Davis;SWING;2;131;2;132;4;9;7;2,2,2,2,2,1,2;01,01,01,11,01,1,11
315_40;lick;POSTBOP;UP;Miles Davis;SWING;2;133;2;134;4;8;6;4,2,2,1,2,2;0001,01,01,1,11,11
315_41;line;POSTBOP;UP;Miles Davis;SWING;6;135;3;140;1;22;14;2,2,2,2,4,2,2,4,2,2,1,1,4,2;11,11,11,11,1001,01,11,1001,01,01,1,1,0011,01
315_42;line;POSTBOP;UP;Miles Davis;SWING;5;141;2;145;4;37;19;2,4,3,2,3,2,4,2,2,2,2,2,3,4,2,2,2,2,1;11,1011,011,01,111,01,1101,01,11,11,11,11,111,0011,01,11,11,11,1
315_43;line;POSTBOP;UP;Miles Davis;SWING;3;146;2;148;3;14;9;4,2,2,2,2,3,1,2,1;0001,11,11,11,11,011,1,01,1
315_44;line;POSTBOP;UP;Miles Davis;SWING;2;149;2;150;3;12;6;3,2,2,2,2,4;011,11,01,11,11,1011
315_45;line;POSTBOP;UP;Miles Davis;SWING;3;151;2;153;3;17;10;2,1,3,2,2,2,3,3,3,2;01,1,011,11,11,01,111,011,011,01
315_46;lick;POSTBOP;UP;Miles Davis;SWING;1;154;2;154;2;2;1;2;11
315_47;lick;POSTBOP;UP;Miles Davis;SWING;2;155;1;156;3;12;7;2,4,2,2,2,4,4;11,1011,11,11,01,0001,0001
315_48;lick;POSTBOP;UP;Miles Davis;SWING;5;160;4;164;4;19;13;2,2,2,2,2,1,1,2,2,2,2,2,1;01,11,11,01,11,1,1,01,01,11,11,11,1
315_49;line;POSTBOP;UP;Miles Davis;SWING;7;165;3;171;3;37;21;2,3,3,2,3,2,2,3,3,2,2,2,2,4,2,2,2,2,2,3,2;11,111,011,11,111,11,01,111,011,11,01,11,01,0001,11,01,01,01,11,011,01
315_50;line;POSTBOP;UP;Miles Davis;SWING;4;173;1;176;3;30;15;3,2,2,2,2,2,2,2,2,2,2,2,2,2,2;011,11,11,11,11,11,11,11,11,11,11,11,11,11,11
315_51;lick;POSTBOP;UP;Miles Davis;SWING;3;177;2;179;3;8;6;4,4,2,1,2,4;0001,0011,01,1,01,1001
315_52;lick;POSTBOP;UP;Miles Davis;SWING;4;180;3;183;3;11;8;1,2,1,2,2,2,1,2;1,11,1,01,11,01,1,11
315_53;line;POSTBOP;UP;Miles Davis;SWING;6;184;4;189;2;35;19;2,2,2,2,2,2,4,3,2,2,2,2,2,3,2,4,1,2,1;01,11,11,11,01,11,1101,011,11,11,11,11,11,011,01,1101,1,11,1
315_54;line;POSTBOP;UP;Miles Davis;SWING;3;189;3;191;3;13;8;4,2,2,2,2,2,2,2;0001,01,01,11,11,11,11,11
315_55;lick;POSTBOP;UP;Miles Davis;SWING;4;192;2;195;1;10;8;4,2,2,1,2,2,2,1;0001,11,11,1,01,01,01,1
316_1;lick;POSTBOP;MEDIUM;Miles Davis;SWING;2;0;4;1;1;5;2;6,2;111001,01
316_2;lick;POSTBOP;MEDIUM;Miles Davis;SWING;2;2;1;3;1;8;5;2,2,2,2,2;01,01,11,11,11
316_3;lick;POSTBOP;MEDIUM;Miles Davis;SWING;2;4;3;5;3;9;5;4,2,2,2,2;0011,11,11,11,01
316_4;lick;POSTBOP;MEDIUM;Miles Davis;SWING;2;6;3;7;3;11;5;4,3,6,2,2;1101,111,101001,01,01
316_5;line;POSTBOP;MEDIUM;Miles Davis;SWING;3;8;4;10;1;11;5;2,2,2,4,2;11,11,11,1011,11
316_6;lick;POSTBOP;MEDIUM;Miles Davis;SWING;2;10;3;11;3;8;5;2,2,2,2,2;01,01,11,11,11
316_7;lick;POSTBOP;MEDIUM;Miles Davis;SWING;2;12;3;13;1;5;2;4,1;1111,1
316_8;lick;POSTBOP;MEDIUM;Miles Davis;SWING;2;14;1;15;1;9;5;2,4,2,3,1;11,1101,01,011,1
316_9;lick;POSTBOP;MEDIUM;Miles Davis;SWING;2;16;1;17;1;10;5;4,2,5,2,2;1011,01,10101,01,11
316_10;lick;POSTBOP;MEDIUM;Miles Davis;SWING;3;17;4;19;3;7;5;2,2,2,5,2;01,11,01,00101,01
316_11;line;POSTBOP;MEDIUM;Miles Davis;SWING;3;20;3;22;2;22;7;2,4,6,2,2,6,6;01,1111,111011,01,11,110111,111010
316_13;lick;POSTBOP;MEDIUM;Miles Davis;SWING;2;26;1;27;1;7;5;2,2,2,6,2;01,01,01,100011,01
316_14;lick;POSTBOP;MEDIUM;Miles Davis;SWING;2;28;1;29;1;9;5;4,6,2,2,4;0001,000101,01,11,1110
316_15;lick;POSTBOP;MEDIUM;Miles Davis;SWING;2;30;1;31;2;7;5;4,4,1,2,1;0001,1001,1,11,1
316_16;line;POSTBOP;MEDIUM;Miles Davis;SWING;2;32;2;33;3;17;6;4,2,4,2,5,4;0011,11,1111,11,11111,1100
316_17;lick;POSTBOP;MEDIUM;Miles Davis;SWING;2;34;2;35;2;6;5;6,4,2,2,1;000001,0001,01,11,1
316_19;lick;POSTBOP;MEDIUM;Miles Davis;SWING;2;40;3;41;2;7;4;4,2,2,1;1110,01,11,1
316_21;lick;POSTBOP;MEDIUM;Miles Davis;SWING;4;44;4;47;1;20;10;2,2,2,2,2,4,4,3,2,2;01,11,01,01,11,1110,1110,111,11,11
316_24;lick;POSTBOP;MEDIUM;Miles Davis;SWING;2;54;2;55;2;9;5;1,4,4,4,2;1,1101,1001,0001,11
316_25;lick;POSTBOP;MEDIUM;Miles Davis;SWING;4;56;3;59;3;25;13;6,4,2,4,4,5,1,4,2,4,2,2,4;000011,0111,01,0001,0001,01111,1,0001,11,0111,11,11,1001
316_27;line;POSTBOP;MEDIUM;Miles Davis;SWING;3;64;2;66;4;13;8;2,2,1,4,2,1,3,1;01,11,1,1011,01,1,111,1
316_28;lick;POSTBOP;MEDIUM;Miles Davis;SWING;4;67;2;70;3;34;14;3,6,2,4,2,3,2,2,4,4,4,6,6,2;111,001001,11,1001,11,011,11,11,0111,1101,1011,000011,011111,01
317_1;lick;BEBOP;MEDIUM;Miles Davis;SWING;3;1;3;3;4;13;8;2,2,2,2,1,2,2,2;11,11,11,11,1,01,11,01
317_2;lick;BEBOP;MEDIUM;Miles Davis;SWING;2;4;4;5;2;8;3;4,4,3;0011,1111,110
317_3;lick;BEBOP;MEDIUM;Miles Davis;SWING;1;6;1;6;4;7;4;2,2,2,2;11,11,01,11
317_4;lick;BEBOP;MEDIUM;Miles Davis;SWING;3;7;3;9;3;17;8;2,2,2,2,2,4,2,2;11,11,11,11,11,0111,11,11
317_5;lick;BEBOP;MEDIUM;Miles Davis;SWING;3;11;1;13;2;15;10;2,2,2,1,2,1,2,1,1,2;11,01,11,1,11,1,11,1,1,11
317_6;lick;BEBOP;MEDIUM;Miles Davis;SWING;2;14;3;15;4;10;5;6,2,1,2,2;010011,11,1,11,11
317_7;lick;BEBOP;MEDIUM;Miles Davis;SWING;1;16;3;16;4;4;2;2,2;11,11
317_8;lick;BEBOP;MEDIUM;Miles Davis;SWING;2;17;2;18;3;9;6;2,2,1,2,2,2;11,11,1,01,11,01
317_9;lick;BEBOP;MEDIUM;Miles Davis;SWING;1;19;1;19;3;6;3;4,2,2;0011,11,11
317_10;lick;BEBOP;MEDIUM;Miles Davis;SWING;3;21;1;23;4;19;11;3,3,2,2,2,2,2,2,1,1,2;011,011,11,11,11,11,11,11,1,1,01
317_11;lick;BEBOP;MEDIUM;Miles Davis;SWING;2;24;2;25;3;8;5;3,2,1,2,1;011,11,1,11,1
320_1;lick;HARDBOP;UP;Miles Davis;SWING;6;2;2;7;3;20;13;2,2,2,2,1,3,2,2,2,2,2,1,1;01,11,01,01,1,111,11,01,11,11,11,1,1
320_2;lick;HARDBOP;UP;Miles Davis;SWING;1;9;2;9;4;4;3;2,2,4;01,11,0001
320_3;lick;HARDBOP;UP;Miles Davis;SWING;2;11;2;12;1;4;4;2,1,1,2;01,1,1,01
320_4;lick;HARDBOP;UP;Miles Davis;SWING;3;14;1;16;4;15;10;2,2,2,3,1,1,2,1,1,2;11,11,11,011,1,1,01,1,1,11
320_5;lick;HARDBOP;UP;Miles Davis;SWING;2;18;2;19;3;8;6;2,2,2,2,2,1;01,11,01,11,01,1
320_6;lick;HARDBOP;UP;Miles Davis;SWING;3;21;1;23;3;17;10;2,3,2,1,2,1,2,2,2,2;01,111,11,1,11,1,11,11,11,01
320_8;line;HARDBOP;UP;Miles Davis;SWING;8;32;4;39;1;52;26;2,2,2,2,2,2,3,2,3,4,2,2,2,2,2,2,2,2,2,2,2,2,4,2,2,1;01,11,11,11,11,11,011,11,011,1110,11,11,11,11,11,11,11,11,11,11,11,11,1011,11,11,1
320_9;lick;HARDBOP;UP;Miles Davis;SWING;4;41;2;44;4;15;11;2,2,2,1,2,2,2,4,1,2,4;11,11,11,1,01,01,01,0001,1,01,1001
320_10;lick;HARDBOP;UP;Miles Davis;SWING;2;46;3;47;3;6;3;2,4,2;11,1101,01
320_11;lick;HARDBOP;UP;Miles Davis;SWING;3;49;1;51;2;15;10;2,2,2,2,1,2,1,2,2,2;11,11,11,11,1,01,1,01,01,11
320_12;lick;HARDBOP;UP;Miles Davis;SWING;3;53;2;55;3;12;9;2,3,1,2,2,1,2,2,1;01,011,1,01,11,1,11,01,1
320_13;lick;HARDBOP;UP;Miles Davis;SWING;9;57;1;65;3;43;34;2,2,1,1,1,1,1,2,1,2,1,2,1,1,2,1,4,1,2,1,1,1,1,2,2,2,2,2,2,2,2,1,1,1;01,01,1,1,1,1,1,01,1,01,1,01,1,1,11,1,0001,1,01,1,1,1,1,11,11,11,11,11,11,11,11,1,1,1
321_1;lick;HARDBOP;UP;Miles Davis;SWING;2;2;4;3;3;4;4;2,1,1,1;01,1,1,1
321_2;lick;HARDBOP;UP;Miles Davis;SWING;3;5;1;7;1;9;8;2,2,1,1,1,1,3,2;01,01,1,1,1,1,011,01
321_3;lick;HARDBOP;UP;Miles Davis;SWING;3;9;1;11;3;14;11;2,2,1,2,1,2,1,2,2,2,1;01,11,1,01,1,01,1,11,01,11,1
321_4;lick;HARDBOP;UP;Miles Davis;SWING;2;12;2;13;4;10;7;2,4,2,2,1,1,1;01,1001,11,11,1,1,1
321_5;lick;HARDBOP;UP;Miles Davis;SWING;2;14;3;15;3;7;5;2,2,2,2,1;11,11,01,01,1
321_6;line;HARDBOP;UP;Miles Davis;SWING;4;16;3;19;3;22;13;4,2,3,2,1,1,1,3,3,2,1,1,1;1111,11,111,11,1,1,1,011,011,01,1,1,1
321_8;lick;HARDBOP;UP;Miles Davis;SWING;2;33;1;34;2;8;6;2,1,2,2,1,2;01,1,11,11,1,01
321_9;lick;HARDBOP;UP;Miles Davis;SWING;1;37;1;37;4;7;4;2,1,2,4;01,1,11,1011
321_10;lick;HARDBOP;UP;Miles Davis;SWING;1;39;2;39;3;3;2;2,2;11,01
321_11;lick;HARDBOP;UP;Miles Davis;SWING;4;42;3;45;1;12;8;2,3,2,1,2,2,2,1;11,110,01,1,01,11,11,1
321_12;line;HARDBOP;UP;Miles Davis;SWING;7;45;4;51;3;38;24;4,1,2,2,2,2,2,2,2,2,2,2,2,1,1,1,2,2,2,2,2,1,1,1;0001,1,01,11,11,11,11,11,11,11,11,11,11,1,1,1,01,11,11,11,11,1,1,1
321_14;lick;HARDBOP;UP;Miles Davis;SWING;8;57;1;64;3;33;27;1,2,1,1,1,1,2,1,2,2,1,1,2,1,2,2,2,1,1,1,1,1,4,1,1,1,1;1,11,1,1,1,1,01,1,11,11,1,1,11,1,01,01,11,1,1,1,1,1,0011,1,1,1,1
322_1;lick;POSTBOP;UP;Miles Davis;SWING;3;1;3;3;3;12;8;3,2,2,2,2,2,1,1;011,11,11,11,01,01,1,1
322_2;lick;POSTBOP;UP;Miles Davis;SWING;2;4;2;5;3;10;6;2,4,2,2,2,2;11,1011,11,01,01,01
322_3;line;POSTBOP;UP;Miles Davis;SWING;4;6;1;9;1;26;13;1,1,2,2,2,2,2,2,2,2,2,4,2;1,1,11,11,11,11,11,11,11,11,11,1111,11
322_4;lick;POSTBOP;UP;Miles Davis;SWING;3;9;4;11;2;8;7;1,2,2,2,2,1,2;1,01,01,01,11,1,01
322_5;lick;POSTBOP;UP;Miles Davis;SWING;2;12;1;13;2;9;6;1,1,2,2,2,2;1,1,11,11,01,11
322_6;line;POSTBOP;UP;Miles Davis;SWING;6;14;3;19;3;34;19;4,4,2,4,2,2,2,2,2,2,1,4,2,2,2,1,2,1,3;1011,0110,11,1011,01,11,11,11,11,11,1,1101,01,11,01,1,01,1,011
322_7;lick;POSTBOP;UP;Miles Davis;SWING;2;20;3;21;3;5;4;1,1,2,2;1,1,01,11
322_8;lick;POSTBOP;UP;Miles Davis;SWING;2;22;3;23;4;10;5;4,2,2,2,1;1111,01,11,11,1
322_9;lick;POSTBOP;UP;Miles Davis;SWING;2;24;4;25;3;6;3;4,1,2;1011,1,11
322_10;lick;POSTBOP;UP;Miles Davis;SWING;2;26;2;27;4;13;7;2,2,1,4,2,2,4;01,01,1,1011,11,11,1011
322_11;line;POSTBOP;UP;Miles Davis;SWING;2;28;3;29;3;9;5;3,2,2,2,2;011,11,11,11,01
322_12;lick;POSTBOP;UP;Miles Davis;SWING;1;30;1;30;3;4;3;1,1,2;1,1,11
322_13;lick;POSTBOP;UP;Miles Davis;SWING;2;32;1;33;4;6;6;1,2,1,1,1,1;1,01,1,1,1,1
322_14;lick;POSTBOP;UP;Miles Davis;SWING;2;34;2;35;4;8;6;2,2,2,4,1,1;01,01,11,1001,1,1
322_15;lick;POSTBOP;UP;Miles Davis;SWING;2;36;2;37;3;5;4;2,1,1,4;01,1,1,1001
322_16;lick;POSTBOP;UP;Miles Davis;SWING;2;38;2;39;3;7;6;2,2,2,2,2,1;01,11,01,01,01,1
322_17;line;POSTBOP;UP;Miles Davis;SWING;4;39;4;42;1;22;10;2,1,4,2,2,2,4,2,4,4;01,1,1001,01,11,11,1111,11,1111,1011
322_18;line;POSTBOP;UP;Miles Davis;SWING;4;42;4;45;1;14;9;2,2,2,3,2,1,4,2,2;01,01,11,110,11,1,1001,11,01
322_21;lick;POSTBOP;UP;Miles Davis;SWING;6;50;2;55;3;32;21;1,1,4,2,2,4,2,2,2,2,2,2,2,2,2,2,1,1,1,2,2;1,1,0001,11,11,1011,11,01,11,01,11,01,11,11,11,11,1,1,1,01,01
322_22;lick;POSTBOP;UP;Miles Davis;SWING;2;58;1;59;2;8;5;1,4,2,2,4;1,0011,11,01,0011
322_23;lick;POSTBOP;UP;Miles Davis;SWING;2;60;3;61;3;9;5;2,2,2,2,1;11,11,11,11,1
322_24;line;POSTBOP;UP;Miles Davis;SWING;6;62;2;67;4;39;22;2,3,2,2,2,3,1,3,2,2,2,2,2,2,2,2,2,2,2,2,2,1;01,111,01,11,11,011,1,011,01,11,11,11,11,01,11,11,11,11,11,11,11,1
323_1;lick;POSTBOP;MEDIUM;Miles Davis;SWING;2;0;3;1;1;3;3;1,2,1;1,01,1
323_2;lick;POSTBOP;MEDIUM;Miles Davis;SWING;2;2;1;3;1;6;5;4,8,2,4,6;0001,00000001,01,0001,010001
323_3;lick;POSTBOP;MEDIUM;Miles Davis;SWING;2;4;1;5;1;7;5;4,2,2,2,2;0001,01,11,01,11
323_4;lick;POSTBOP;MEDIUM;Miles Davis;SWING;1;5;2;5;4;4;3;2,2,2;11,01,01
323_5;lick;POSTBOP;MEDIUM;Miles Davis;SWING;2;6;1;7;4;11;7;2,4,2,6,2,2,2;01,0001,01,010001,11,11,11
323_7;lick;POSTBOP;MEDIUM;Miles Davis;SWING;2;10;2;11;4;7;6;1,1,2,1,2,1;1,1,11,1,01,1
323_8;line;POSTBOP;MEDIUM;Miles Davis;SWING;3;13;2;15;3;15;10;4,6,2,2,6,2,4,6,2,2;0001,001001,11,01,010001,01,0001,001001,01,11
323_9;line;POSTBOP;MEDIUM;Miles Davis;SWING;2;17;2;18;4;12;7;1,2,2,2,2,1,2;1,11,11,11,11,1,11
323_10;lick;POSTBOP;MEDIUM;Miles Davis;SWING;1;19;3;19;4;2;2;1,1;1,1
323_11;lick;POSTBOP;MEDIUM;Miles Davis;SWING;1;20;2;20;3;3;2;1,2;1,11
323_12;lick;POSTBOP;MEDIUM;Miles Davis;SWING;1;21;1;21;1;2;1;2;11
323_13;line;POSTBOP;MEDIUM;Miles Davis;SWING;4;22;1;25;2;22;14;4,2,2,2,2,1,2,2,2,2,2,2,2,1;0001,11,11,11,11,1,01,01,11,11,11,11,01,1
323_14;lick;POSTBOP;MEDIUM;Miles Davis;SWING;2;26;3;27;2;5;3;2,2,1;11,11,1
323_16;lick;POSTBOP;MEDIUM;Miles Davis;SWING;2;30;1;31;2;7;5;3,1,2,2,1;110,1,11,01,1
323_19;lick;POSTBOP;MEDIUM;Miles Davis;SWING;2;38;2;39;4;8;6;1,1,4,2,2,1;1,1,0001,11,11,1
323_20;lick;POSTBOP;MEDIUM;Miles Davis;SWING;2;40;2;41;4;7;5;4,2,2,2,1;1001,11,01,01,1
323_21;lick;POSTBOP;MEDIUM;Miles Davis;SWING;2;42;4;43;3;8;4;4,4,1,2;1101,0011,1,11
323_22;lick;POSTBOP;MEDIUM;Miles Davis;SWING;2;45;2;46;1;6;4;2,2,6,2;11,01,100001,01
323_23;lick;POSTBOP;MEDIUM;Miles Davis;SWING;2;46;2;47;3;12;6;2,6,4,2,4,2;11,010011,0001,11,1001,11
323_24;line;POSTBOP;MEDIUM;Miles Davis;SWING;4;48;4;51;4;10;9;1,4,2,4,2,1,1,6,1;1,0001,01,0001,01,1,1,010001,1
323_25;line;POSTBOP;MEDIUM;Miles Davis;SWING;2;52;4;53;3;6;4;4,2,2,2;0001,11,11,01
323_26;line;POSTBOP;MEDIUM;Miles Davis;SWING;2;53;4;54;1;4;2;4,4;0001,0111
323_27;lick;POSTBOP;MEDIUM;Miles Davis;SWING;2;54;3;55;2;4;4;4,6,2,1;0001,000001,01,1
323_29;lick;POSTBOP;MEDIUM;Miles Davis;SWING;4;62;1;65;1;15;11;4,2,2,2,2,1,4,2,1,1,1;0001,11,11,11,01,1,0001,11,1,1,1
324_1;lick;HARDBOP;MEDIUM UP;Miles Davis;SWING;3;1;2;3;1;6;5;1,1,1,4,4;1,1,1,1001,0001
324_2;lick;HARDBOP;MEDIUM UP;Miles Davis;SWING;3;5;1;7;2;9;7;3,4,2,4,1,1,4;110,1001,01,0001,1,1,0001
324_3;lick;HARDBOP;MEDIUM UP;Miles Davis;SWING;2;8;2;9;1;5;4;2,1,1,4;01,1,1,1001
324_4;lick;HARDBOP;MEDIUM UP;Miles Davis;SWING;2;10;1;11;3;10;7;4,2,2,1,1,1,4;0001,11,11,1,1,1,1001
324_5;lick;HARDBOP;MEDIUM UP;Miles Davis;SWING;12;12;4;23;3;38;23;1,4,1,4,1,6,1,6,2,2,1,2,1,4,1,4,2,4,2,2,1,4,4;1,1001,1,1001,1,100001,1,010001,11,11,1,11,1,1001,1,1001,11,0110,11,11,1,1001,1001
324_6;lick;HARDBOP;MEDIUM UP;Miles Davis;SWING;4;25;1;28;1;11;7;3,1,1,2,1,1,4;110,1,1,11,1,1,1101
324_7;lick;HARDBOP;MEDIUM UP;Miles Davis;SWING;3;29;1;31;4;16;10;4,2,2,2,2,2,2,1,4,2;0001,11,11,11,11,01,01,1,0110,11
324_8;lick;HARDBOP;MEDIUM UP;Miles Davis;SWING;2;32;3;33;1;6;3;3,2,2;011,11,11
324_9;lick;HARDBOP;MEDIUM UP;Miles Davis;SWING;2;34;2;35;3;11;6;4,4,1,4,1,2;1101,1001,1,1001,1,11
324_10;lick;HARDBOP;MEDIUM UP;Miles Davis;SWING;3;37;1;39;1;11;9;4,2,1,1,1,1,1,4,2;0001,11,1,1,1,1,1,1001,01
324_11;lick;HARDBOP;MEDIUM UP;Miles Davis;SWING;1;40;1;40;4;8;4;4,4,6,2;0110,0001,110001,11
324_12;lick;HARDBOP;MEDIUM UP;Miles Davis;SWING;2;42;3;43;2;6;4;2,2,2,1;11,11,01,1
324_14;lick;HARDBOP;MEDIUM UP;Miles Davis;SWING;2;48;3;49;1;4;3;2,1,1;11,1,1
324_15;lick;HARDBOP;MEDIUM UP;Miles Davis;SWING;2;50;1;51;1;6;4;4,4,1,1;0001,1101,1,1
324_16;line;HARDBOP;MEDIUM UP;Miles Davis;SWING;2;52;1;53;2;10;6;4,2,2,2,2,1;0001,11,11,11,11,1
324_17;lick;HARDBOP;MEDIUM UP;Miles Davis;SWING;2;54;2;55;2;6;4;2,2,1,1;11,11,1,1
324_18;lick;HARDBOP;MEDIUM UP;Miles Davis;SWING;2;56;1;57;2;8;6;2,4,1,2,2,1;01,1001,1,11,01,1
324_19;lick;HARDBOP;MEDIUM UP;Miles Davis;SWING;2;58;1;59;3;11;6;2,2,2,2,1,6;11,11,11,11,1,010001
324_20;lick;HARDBOP;MEDIUM UP;Miles Davis;SWING;2;60;2;61;1;5;4;2,2,1,1;01,11,1,1
324_21;lick;HARDBOP;MEDIUM UP;Miles Davis;SWING;2;62;1;63;1;7;5;2,2,1,1,1;11,11,1,1,1
324_22;lick;HARDBOP;MEDIUM UP;Miles Davis;SWING;2;64;1;65;1;7;5;2,6,1,1,1;11,010001,1,1,1
324_23;lick;HARDBOP;MEDIUM UP;Miles Davis;SWING;2;66;1;67;2;9;6;6,2,1,2,1,4;010001,01,1,11,1,1001
324_24;line;HARDBOP;MEDIUM UP;Miles Davis;SWING;5;69;1;73;2;35;18;3,2,2,2,2,2,4,4,3,2,2,5,1,2,4,1,1,4;011,11,11,11,11,11,0011,1111,011,11,11,01011,1,11,1100,1,1,0001
325_3;lick;HARDBOP;UP;Miles Davis;SWING;2;4;4;5;2;5;3;2,2,2;11,11,01
325_4;line;HARDBOP;UP;Miles Davis;SWING;3;6;3;8;1;11;7;2,2,2,2,2,4,1;01,11,11,01,11,1100,1
325_5;line;HARDBOP;UP;Miles Davis;SWING;2;9;2;10;4;11;7;2,4,2,2,2,2,1;01,1001,01,11,11,11,1
325_6;lick;HARDBOP;UP;Miles Davis;SWING;2;12;1;13;2;8;5;4,2,1,1,2;1011,11,1,1,01
325_7;line;HARDBOP;UP;Miles Davis;SWING;2;14;2;15;3;12;6;3,2,2,2,2,2;111,01,11,11,11,11
325_9;lick;HARDBOP;UP;Miles Davis;SWING;4;20;4;23;4;20;11;3,2,2,1,2,2,2,2,3,2,2;111,11,01,1,11,01,11,11,111,01,11
325_10;line;HARDBOP;UP;Miles Davis;SWING;6;24;4;29;1;31;17;3,2,2,2,2,2,2,2,2,2,3,2,4,2,2,4,2;011,11,11,11,11,11,11,01,11,11,111,01,1101,01,11,0001,01
325_11;line;HARDBOP;UP;Miles Davis;SWING;2;30;2;31;2;11;5;2,2,2,4,2;11,11,11,1011,11
325_13;line;HARDBOP;UP;Miles Davis;SWING;7;37;2;43;1;39;22;4,3,2,2,2,2,2,2,2,2,2,2,2,3,1,1,2,2,2,2,2,1;0001,011,11,01,11,11,11,11,11,11,11,11,11,111,1,1,01,11,11,11,11,1
325_14;lick;HARDBOP;UP;Miles Davis;SWING;3;43;3;45;3;13;8;3,2,2,2,2,2,1,1;111,11,01,11,11,01,1,1
325_15;line;HARDBOP;UP;Miles Davis;SWING;2;46;2;47;3;10;6;4,2,3,2,3,2;0001,11,011,01,110,11
325_16;line;HARDBOP;UP;Miles Davis;SWING;5;48;4;52;1;17;11;3,3,2,3,2,4,4,2,2,1,1;111,011,11,011,01,0001,0001,01,11,1,1
325_17;line;HARDBOP;UP;Miles Davis;SWING;3;53;2;55;4;21;11;2,2,2,3,2,2,2,2,2,3,1;01,11,11,011,11,11,11,11,11,111,1
325_18;lick;HARDBOP;UP;Miles Davis;SWING;4;56;4;59;1;14;8;4,3,4,2,2,2,2,1;0111,011,0001,11,11,11,01,1
325_19;line;HARDBOP;UP;Miles Davis;SWING;3;59;3;61;3;15;8;2,2,2,2,2,2,2,1;11,11,11,11,11,11,11,1
325_20;lick;HARDBOP;UP;Miles Davis;SWING;5;64;1;68;1;11;10;2,1,4,4,1,1,2,2,1,1;01,1,0001,0001,1,1,01,11,1,1
325_21;line;HARDBOP;UP;Miles Davis;SWING;9;69;2;77;1;46;27;2,2,2,2,2,2,4,2,4,2,1,1,2,1,2,2,4,2,1,1,2,2,3,1,4,2,2;01,11,11,11,11,11,1101,01,1101,01,1,1,01,1,01,11,1011,11,1,1,11,11,110,1,1011,11,01
325_22;line;HARDBOP;UP;Miles Davis;SWING;3;77;4;79;3;16;8;3,2,2,2,2,2,4,2;011,11,11,11,11,11,1011,01
325_25;line;HARDBOP;UP;Miles Davis;SWING;2;87;2;88;3;11;6;4,2,2,2,2,1;0011,11,11,11,11,1
325_26;lick;HARDBOP;UP;Miles Davis;SWING;2;89;1;90;3;9;6;2,1,4,2,3,1;11,1,0011,01,110,1
325_27;line;HARDBOP;UP;Miles Davis;SWING;5;91;1;95;4;28;17;2,2,2,2,2,2,2,2,2,2,2,2,1,2,1,1,1;01,11,11,11,11,11,11,11,11,11,11,11,1,01,1,1,1
325_28;lick;HARDBOP;UP;Miles Davis;SWING;2;96;3;97;1;3;2;2,1;11,1
326_1;lick;HARDBOP;MEDIUM;Miles Davis;SWING;1;1;1;1;3;4;2;4,6;0110,010001
326_2;lick;HARDBOP;MEDIUM;Miles Davis;SWING;3;2;4;4;2;7;6;4,6,1,4,1,1;0110,000001,1,0001,1,1
326_3;lick;HARDBOP;MEDIUM;Miles Davis;SWING;3;5;2;7;3;11;8;1,1,3,2,2,4,1,1;1,1,110,11,11,0001,1,1
326_5;lick;HARDBOP;MEDIUM;Miles Davis;SWING;2;12;3;13;1;4;3;4,1,1;1100,1,1
326_6;lick;HARDBOP;MEDIUM;Miles Davis;SWING;1;14;2;14;4;6;3;3,6,2;110,010001,11
326_7;lick;HARDBOP;MEDIUM;Miles Davis;SWING;2;16;3;17;2;6;4;3,2,2,4;011,11,01,0001
326_8;lick;HARDBOP;MEDIUM;Miles Davis;SWING;2;18;3;19;4;6;4;4,4,4,2;0110,0001,0110,01
326_9;lick;HARDBOP;MEDIUM;Miles Davis;SWING;2;20;4;21;1;3;2;2,4;11,0001
326_10;lick;HARDBOP;MEDIUM;Miles Davis;SWING;2;22;2;23;3;7;6;1,1,4,2,4,1;1,1,0001,01,0110,1
326_11;lick;HARDBOP;MEDIUM;Miles Davis;SWING;2;24;4;25;3;9;4;4,7,2,4;1101,1000011,01,1001
326_12;lick;HARDBOP;MEDIUM;Miles Davis;SWING;2;26;3;27;3;9;5;3,4,2,4,4;011,0001,11,1001,1001
326_13;lick;HARDBOP;MEDIUM;Miles Davis;SWING;3;29;2;31;2;9;5;3,2,2,2,4;110,11,01,11,1100
326_15;lick;HARDBOP;MEDIUM;Miles Davis;SWING;2;34;1;35;3;7;5;1,2,1,2,1;1,11,1,11,1
326_19;lick;HARDBOP;MEDIUM;Miles Davis;SWING;1;46;2;46;4;4;2;4,2;0110,11
326_20;lick;HARDBOP;MEDIUM;Miles Davis;SWING;1;48;3;48;4;3;2;4,1;0110,1
327_1;lick;HARDBOP;MEDIUM;Miles Davis;SWING;2;0;2;1;2;8;5;2,4,6,2,1;01,1101,001001,01,1
327_2;lick;HARDBOP;MEDIUM;Miles Davis;SWING;2;2;2;3;3;8;6;4,2,6,4,4,1;0001,01,000011,1001,0001,1
327_3;lick;HARDBOP;MEDIUM;Miles Davis;SWING;3;5;1;7;4;18;12;2,2,2,1,2,1,1,1,2,2,1,4;11,11,01,1,01,1,1,1,11,11,1,1101
327_4;lick;HARDBOP;MEDIUM;Miles Davis;SWING;2;8;3;9;3;7;5;4,2,2,5,2;0001,11,01,00011,01
327_5;lick;HARDBOP;MEDIUM;Miles Davis;SWING;2;10;1;11;4;16;8;2,2,4,2,3,1,2,4;11,11,0111,11,011,1,11,0011
327_6;line;HARDBOP;MEDIUM;Miles Davis;SWING;3;13;2;15;3;17;10;4,3,4,4,4,1,1,2,6,4;0111,111,0001,0001,0001,1,1,11,010001,1001
327_7;lick;HARDBOP;MEDIUM;Miles Davis;SWING;3;16;4;18;3;10;5;6,2,6,2,4;000011,11,010001,11,1001
327_8;lick;HARDBOP;MEDIUM;Miles Davis;SWING;5;19;3;23;2;24;13;4,2,2,7,2,4,2,2,5,3,1,4,1;1011,11,01,1001001,11,0011,11,01,01001,011,1,1100,1
327_9;line;HARDBOP;MEDIUM;Miles Davis;SWING;5;25;1;29;4;42;19;4,2,3,3,3,3,3,3,4,4,1,2,2,2,1,3,2,2,1;0110,11,111,111,111,111,111,111,1011,0111,1,11,11,11,1,011,11,01,1
327_10;line;HARDBOP;MEDIUM;Miles Davis;SWING;5;31;1;35;4;49;20;4,3,4,2,2,2,3,3,3,4,4,3,3,2,4,2,2,4,1,1;0111,111,1011,01,11,11,111,111,111,0111,0111,111,111,11,1101,11,11,0111,1,1
327_11;lick;HARDBOP;MEDIUM;Miles Davis;SWING;5;37;1;41;3;27;16;3,1,1,2,2,3,6,2,2,2,2,1,4,4,2,2;011,1,1,11,11,011,010001,01,11,11,11,1,1001,1001,01,11
327_12;line;HARDBOP;MEDIUM;Miles Davis;SWING;2;42;4;43;3;14;4;5,6,5,2;01111,010111,01111,11
327_13;line;HARDBOP;MEDIUM;Miles Davis;SWING;4;44;2;47;1;44;12;6,4,4,5,4,4,4,6,4,3,4,4;011011,1111,1111,10011,1111,1111,1111,011011,1111,111,1111,1100
327_14;lick;HARDBOP;MEDIUM;Miles Davis;SWING;4;47;3;50;1;13;8;6,2,2,2,1,1,4,2;000011,11,11,11,1,1,0001,11
327_15;lick;HARDBOP;MEDIUM;Miles Davis;SWING;3;51;1;53;4;19;11;3,2,2,6,2,4,1,1,1,1,8;011,11,11,001001,01,1101,1,1,1,1,11000001
327_16;lick;HARDBOP;MEDIUM;Miles Davis;SWING;3;55;4;57;2;14;7;2,2,3,6,2,4,4;11,11,011,010011,01,0001,1110
327_17;lick;HARDBOP;MEDIUM;Miles Davis;SWING;2;58;1;59;3;11;7;4,2,2,2,2,1,1;0001,11,11,11,11,1,1
327_18;lick;HARDBOP;MEDIUM;Miles Davis;SWING;2;60;4;61;3;5;3;4,1,1;0111,1,1
327_19;lick;HARDBOP;MEDIUM;Miles Davis;SWING;2;62;3;63;2;5;4;2,1,1,6;11,1,1,000001
327_20;lick;HARDBOP;MEDIUM;Miles Davis;SWING;4;64;2;67;2;15;11;5,3,1,1,4,1,3,2,1,1,4;01001,011,1,1,0001,1,011,11,1,1,0001
327_22;lick;HARDBOP;MEDIUM;Miles Davis;SWING;5;72;3;76;2;21;13;2,1,2,1,3,1,4,1,6,4,2,2,1;11,1,11,1,110,1,0011,1,101001,1001,11,01,1
327_23;lick;HARDBOP;MEDIUM;Miles Davis;SWING;4;76;4;79;3;16;10;8,1,1,4,2,2,1,1,4,4;00000001,1,1,1101,11,11,1,1,0001,0111
327_24;lick;HARDBOP;MEDIUM;Miles Davis;SWING;2;80;4;81;3;5;3;2,2,1;11,11,1
327_25;lick;HARDBOP;MEDIUM;Miles Davis;SWING;2;82;1;83;3;10;6;4,2,4,2,1,2;0011,01,1110,01,1,11
327_26;lick;HARDBOP;MEDIUM;Miles Davis;SWING;1;84;2;84;4;5;3;2,3,2;01,110,11
328_1;line;COOL;MEDIUM UP;Milt Jackson;SWING;7;-2;4;4;1;41;22;2,1,2,2,2,4,4,2,2,2,2,2,3,2,2,4,2,2,2,2,2,2;01,1,11,11,11,1011,1110,11,11,11,11,11,011,11,11,0001,11,11,11,01,11,01
328_2;line;COOL;MEDIUM UP;Milt Jackson;SWING;5;4;2;8;1;33;16;4,2,2,4,2,3,2,1,3,2,4,2,2,2,2,2;0011,11,11,1001,11,111,11,1,111,11,1001,11,11,11,11,11
328_3;line;COOL;MEDIUM UP;Milt Jackson;SWING;4;8;2;11;1;22;12;2,3,2,2,2,2,4,2,3,2,1,1;01,111,11,11,11,11,1001,11,011,11,1,1
328_4;line;COOL;MEDIUM UP;Milt Jackson;SWING;5;11;2;15;3;37;18;4,2,1,2,2,2,2,3,1,4,4,2,2,2,2,2,2,6;0011,11,1,11,11,11,11,111,1,1011,1110,11,11,11,11,11,11,010001
328_5;line;COOL;MEDIUM UP;Milt Jackson;SWING;6;16;4;21;1;33;18;2,3,4,2,2,2,2,3,2,2,2,2,1,6,2,2,2,1;01,111,1001,01,01,11,11,111,11,11,11,11,1,100011,01,11,11,1
328_6;line;COOL;MEDIUM UP;Milt Jackson;SWING;3;21;2;23;1;13;7;6,2,3,2,2,2,1;000011,11,011,11,11,11,1
328_7;line;COOL;MEDIUM UP;Milt Jackson;SWING;2;23;4;24;3;8;4;2,2,2,2;11,11,11,11
328_8;lick;COOL;MEDIUM UP;Milt Jackson;SWING;3;25;1;27;2;18;10;2,3,1,1,2,3,1,2,3,4;01,111,1,1,01,111,1,11,111,1001
328_9;line;COOL;MEDIUM UP;Milt Jackson;SWING;7;27;4;33;1;46;22;2,3,2,2,2,2,2,2,2,2,6,2,2,2,2,2,2,2,4,2,2,1;01,111,11,11,11,11,11,11,11,11,010011,11,11,11,11,11,11,11,1111,11,11,1
328_10;lick;COOL;MEDIUM UP;Milt Jackson;SWING;5;33;3;37;1;26;14;3,1,2,6,2,2,2,1,4,2,2,2,3,1;111,1,11,010001,01,11,11,1,0011,11,11,11,111,1
329_1;lick;BEBOP;MEDIUM UP;Milt Jackson;SWING;4;0;1;3;3;27;14;2,2,2,2,1,2,2,2,2,3,2,2,2,2;01,11,11,11,1,11,11,11,11,111,11,11,11,11
329_2;line;BEBOP;MEDIUM UP;Milt Jackson;SWING;2;4;1;5;4;17;8;4,2,4,6,2,3,2,2;0011,11,0111,000101,01,111,11,11
329_3;lick;BEBOP;MEDIUM UP;Milt Jackson;SWING;1;6;1;6;4;10;4;2,4,4,2;01,1110,1111,11
329_4;lick;BEBOP;MEDIUM UP;Milt Jackson;SWING;1;7;1;7;3;6;3;2,3,4;01,111,1001
329_5;line;BEBOP;MEDIUM UP;Milt Jackson;SWING;2;8;1;9;1;10;5;2,4,4,2,2;01,1111,0111,01,11
329_6;line;BEBOP;MEDIUM UP;Milt Jackson;SWING;3;9;1;11;1;18;9;2,2,2,3,2,4,2,2,1;11,11,11,111,11,1110,11,11,1
329_7;line;BEBOP;MEDIUM UP;Milt Jackson;SWING;8;11;3;18;4;67;30;2,2,2,2,2,2,2,2,2,2,2,3,2,2,2,2,3,2,4,2,4,2,2,2,3,2,2,3,3,2;11,11,11,11,11,11,11,11,11,11,11,111,11,11,11,11,111,11,0111,11,0111,11,11,11,111,11,11,111,111,11
329_8;lick;BEBOP;MEDIUM UP;Milt Jackson;SWING;1;19;2;19;4;6;3;2,2,4;11,11,1001
329_9;lick;BEBOP;MEDIUM UP;Milt Jackson;SWING;1;20;1;20;4;8;4;4,3,4,1;0001,111,0111,1
329_10;line;BEBOP;MEDIUM UP;Milt Jackson;SWING;3;21;1;23;3;19;11;6,2,2,4,2,2,2,1,4,2,1;001001,11,11,1001,01,11,11,1,1011,01,1
329_11;lick;BEBOP;MEDIUM UP;Milt Jackson;SWING;3;23;4;25;1;10;5;2,3,2,3,1;01,111,11,111,1
330_1;line;COOL;MEDIUM UP;Milt Jackson;SWING;7;1;2;7;2;50;25;2,4,1,3,2,2,2,2,2,4,2,3,2,2,2,2,2,2,1,2,2,1,2,2,2;01,1110,1,111,11,11,11,11,11,1110,11,111,11,11,11,11,11,11,1,11,11,1,11,11,11
330_2;lick;COOL;MEDIUM UP;Milt Jackson;SWING;5;8;3;12;4;33;18;2,2,2,2,1,2,4,2,1,2,1,2,2,1,2,2,3,6;01,11,11,11,1,01,0111,11,1,11,1,11,11,1,11,11,111,100101
330_3;line;COOL;MEDIUM UP;Milt Jackson;SWING;3;13;3;15;3;17;9;2,2,2,2,2,2,2,2,2;11,11,11,11,11,11,11,01,11
330_4;lick;COOL;MEDIUM UP;Milt Jackson;SWING;4;16;2;19;4;26;15;2,2,2,1,2,2,1,4,2,2,2,2,2,3,1;01,11,11,1,11,11,1,0110,11,11,11,01,11,111,1
330_5;line;COOL;MEDIUM UP;Milt Jackson;SWING;4;20;2;23;4;31;15;4,2,2,2,2,4,4,2,2,2,2,6,2,2,2;0111,11,11,11,01,1110,1011,01,11,11,11,100101,01,11,11
330_6;line;COOL;MEDIUM UP;Milt Jackson;SWING;4;24;2;27;3;25;14;2,2,2,1,2,2,2,2,2,2,2,1,2,1;11,11,11,1,11,11,11,11,11,11,11,1,11,1
330_7;line;COOL;MEDIUM UP;Milt Jackson;SWING;4;28;1;31;1;24;13;2,3,3,2,1,2,2,2,1,2,4,2,2;01,111,111,11,1,11,11,11,1,11,1001,11,01
330_9;lick;COOL;MEDIUM UP;Milt Jackson;SWING;5;35;2;39;2;32;17;2,2,2,2,2,4,2,2,6,2,2,2,2,2,2,2,1;01,11,11,01,11,1011,11,11,100101,01,11,11,11,11,11,11,1
330_10;line;COOL;MEDIUM UP;Milt Jackson;SWING;5;40;1;44;3;31;18;3,2,2,2,2,2,2,2,1,2,1,2,2,1,4,2,3,1;111,11,01,11,11,11,11,11,1,01,1,01,11,1,1100,11,111,1
330_11;line;COOL;MEDIUM UP;Milt Jackson;SWING;4;44;4;47;2;22;11;2,2,2,2,1,6,2,6,2,2,4;01,11,11,11,1,100001,01,111101,11,11,1001
330_12;lick;COOL;MEDIUM UP;Milt Jackson;SWING;16;48;2;63;2;123;61;2,2,2,1,2,1,2,2,2,2,2,2,2,2,2,3,2,2,2,2,2,2,3,2,2,2,2,2,2,2,3,2,2,2,2,2,2,2,1,1,2,2,2,2,4,3,2,2,3,2,2,3,2,4,2,3,2,2,2,2,2;01,11,11,1,11,1,11,11,11,11,11,11,11,11,11,111,11,11,11,11,11,11,111,11,11,11,11,11,11,11,111,11,11,11,11,11,11,11,1,1,11,01,11,01,1110,111,11,11,111,11,11,111,11,0011,11,111,11,11,11,11,11
330_13;lick;COOL;MEDIUM UP;Milt Jackson;SWING;4;64;1;67;3;20;13;2,2,2,2,2,1,1,2,2,2,2,1,1;01,11,11,11,11,1,1,11,01,11,11,1,1
330_14;lick;COOL;MEDIUM UP;Milt Jackson;SWING;4;68;3;71;2;21;12;2,3,1,1,2,2,2,2,2,2,2,2;01,111,1,1,11,11,11,11,01,11,11,11
330_15;line;COOL;MEDIUM UP;Milt Jackson;SWING;4;71;4;74;3;23;12;2,4,2,2,2,2,2,2,1,2,2,1;11,1110,11,11,11,11,11,11,1,11,11,1
330_16;line;COOL;MEDIUM UP;Milt Jackson;SWING;5;75;1;79;1;29;17;2,2,2,4,2,3,1,2,2,1,3,2,2,1,4,4,1;01,11,11,0011,11,111,1,11,01,1,111,11,01,1,1001,0011,1
330_17;line;COOL;MEDIUM UP;Milt Jackson;SWING;3;79;3;81;2;13;8;4,4,2,2,2,2,1,4;0011,0110,11,01,11,11,1,0001
331_1;line;BEBOP;UP;Milt Jackson;SWING;3;1;2;3;2;16;9;4,4,4,2,2,2,1,3,2;0001,0011,0011,01,11,11,1,111,11
331_2;line;BEBOP;UP;Milt Jackson;SWING;3;3;3;5;3;18;9;2,2,3,2,3,2,2,2,1;01,11,111,11,111,11,11,11,1
331_3;line;BEBOP;UP;Milt Jackson;SWING;5;5;4;9;3;32;16;2,2,3,3,2,2,4,2,2,2,3,2,2,6,2,1;01,11,111,111,11,11,1001,01,11,11,111,11,11,010101,01,1
331_4;line;BEBOP;UP;Milt Jackson;SWING;6;10;1;15;2;47;22;2,2,2,2,2,4,3,2,3,2,2,2,2,5,4,2,2,2,2,6,6,5;01,11,11,11,11,1011,011,11,111,11,11,11,11,10101,0111,01,11,11,11,101001,001001,00101
331_5;lick;BEBOP;UP;Milt Jackson;SWING;3;15;4;17;2;12;7;2,2,2,2,2,2,2;01,11,11,11,11,11,01
331_6;line;BEBOP;UP;Milt Jackson;SWING;7;18;1;24;3;54;27;4,3,4,2,2,2,3,2,2,2,2,4,4,2,1,6,4,2,2,2,2,2,2,2,4,2,2;0111,011,0001,01,11,11,111,11,11,11,11,1001,0111,11,1,011011,0110,11,01,11,11,11,11,11,1011,01,11
331_7;line;BEBOP;UP;Milt Jackson;SWING;4;24;3;27;2;21;12;2,2,2,2,2,2,4,2,2,2,2,1;11,11,11,11,11,11,1011,01,11,11,01,1
331_8;line;BEBOP;UP;Milt Jackson;SWING;3;27;4;29;4;20;9;3,2,2,2,2,2,2,6,2;111,11,11,11,11,11,11,101011,01
331_9;line;BEBOP;UP;Milt Jackson;SWING;4;30;1;33;1;24;13;6,2,2,4,2,4,2,2,2,2,2,2,1;000011,11,11,1001,01,1011,01,11,11,11,11,11,1
332_1;line;COOL;MEDIUM;Milt Jackson;SWING;3;-1;1;1;1;25;9;4,6,6,4,4,4,4,4,1;0001,101011,011011,0011,1011,1111,0111,1101,1
332_2;line;COOL;MEDIUM;Milt Jackson;SWING;3;1;3;3;4;22;10;4,4,4,2,2,2,2,6,4,1;0001,0111,0111,11,11,11,11,010011,0111,1
332_3;line;COOL;MEDIUM;Milt Jackson;SWING;2;4;1;5;1;10;5;2,3,4,2,4;01,111,1011,11,1001
332_4;line;COOL;MEDIUM;Milt Jackson;SWING;3;5;1;7;4;21;12;4,2,4,3,1,2,4,2,2,1,2,1;1001,11,1001,011,1,11,0111,11,11,1,11,1
332_5;line;COOL;MEDIUM;Milt Jackson;SWING;2;8;1;9;1;11;5;2,3,3,3,1;01,111,111,111,1
332_6;lick;COOL;MEDIUM;Milt Jackson;SWING;2;9;2;10;2;10;5;2,2,4,3,3;01,11,0001,111,111
332_8;line;COOL;MEDIUM;Milt Jackson;SWING;13;16;1;28;2;134;49;7,4,4,4,6,4,5,4,4,4,4,4,4,8,3,4,4,4,4,4,4,4,2,8,4,2,2,2,2,2,2,2,2,2,2,4,2,2,3,1,1,4,6,2,1,4,2,4,1;0001011,0111,1111,1011,011101,1111,01111,1111,1011,1111,1111,1011,1110,01000101,111,1111,0011,1111,1111,1111,1011,1111,11,01000011,1111,11,11,11,11,11,11,11,11,11,11,1100,11,11,111,1,1,0001,011101,11,1,1011,11,0111,1
332_11;lick;COOL;MEDIUM;Milt Jackson;SWING;4;40;3;43;4;26;14;4,1,1,2,2,2,2,2,4,3,2,2,2,1;0111,1,1,11,11,11,01,01,1101,111,11,11,11,1
332_12;lick;COOL;MEDIUM;Milt Jackson;SWING;1;44;1;44;4;11;4;4,6,2,3;0111,110101,01,111
332_13;lick;COOL;MEDIUM;Milt Jackson;SWING;1;45;2;45;4;8;3;5,3,1;01111,111,1
332_14;line;COOL;MEDIUM;Milt Jackson;SWING;2;46;1;47;3;10;7;2,2,2,1,1,4,2;01,11,11,1,1,0001,11
332_15;line;COOL;MEDIUM;Milt Jackson;SWING;4;48;3;51;3;31;13;6,4,3,1,4,3,4,2,2,4,6,2,6;000011,0111,111,1,1001,111,1101,11,01,1111,010011,11,010001
332_16;line;COOL;MEDIUM;Milt Jackson;SWING;7;52;4;58;1;73;22;4,6,4,4,3,6,4,3,4,1,4,4,4,4,4,4,4,4,6,3,4,1;0011,101011,1011,1111,111,110011,0111,111,1111,1,1111,1111,1111,1111,1111,1111,1111,1111,110111,011,0110,1
332_17;line;COOL;MEDIUM;Milt Jackson;SWING;3;58;2;60;1;27;8;6,4,4,6,4,4,4,1;000111,1111,1111,110111,0111,1111,1110,1
332_18;line;COOL;MEDIUM;Milt Jackson;SWING;3;60;3;62;3;21;9;2,4,4,2,4,2,2,3,2;01,1001,1111,11,0111,11,11,111,11
332_20;line;COOL;MEDIUM;Milt Jackson;SWING;4;68;3;71;4;25;12;2,2,2,2,2,2,2,2,3,2,4,2;01,11,11,11,11,11,11,11,111,11,1011,11
332_21;lick;COOL;MEDIUM;Milt Jackson;SWING;3;72;3;74;3;16;9;4,1,3,4,6,5,2,4,1;0001,1,111,1001,000001,01011,01,0111,1
332_22;line;COOL;MEDIUM;Milt Jackson;SWING;6;74;4;79;3;43;20;2,2,3,3,2,3,2,2,2,2,2,2,2,2,4,2,2,4,2,4;01,01,111,111,11,111,11,11,11,11,11,11,11,11,0111,11,11,1001,11,0111
332_23;line;COOL;MEDIUM;Milt Jackson;SWING;4;80;3;83;3;28;13;2,3,2,2,6,2,2,2,3,2,2,2,2;01,111,11,11,100011,11,11,11,111,11,11,11,11
332_24;line;COOL;MEDIUM;Milt Jackson;SWING;7;84;4;90;1;57;22;3,1,2,3,4,4,2,4,4,1,4,4,4,4,4,4,2,6,4,4,2,1;011,1,11,111,1101,1011,11,0111,1110,1,1111,0111,1011,1111,0111,1101,11,101011,0110,1111,01,1
332_25;lick;COOL;MEDIUM;Milt Jackson;SWING;8;90;4;97;1;55;26;2,4,2,4,2,4,2,6,2,4,2,4,2,3,2,2,1,1,4,2,2,2,2,3,2,1;01,1011,11,1011,11,1011,11,000011,11,1011,11,1011,11,111,11,11,1,1,0111,11,11,11,01,111,11,1
334_1;lick;HARDBOP;UP;Nat Adderley;SWING;1;2;3;2;4;3;2;2,2;11,01
334_2;lick;HARDBOP;UP;Nat Adderley;SWING;5;4;3;8;4;12;8;2,2,2,2,4,2,2,2;11,01,01,11,0011,01,11,01
334_3;lick;HARDBOP;UP;Nat Adderley;SWING;2;11;1;12;4;6;6;2,1,1,1,1,1;01,1,1,1,1,1
334_4;lick;HARDBOP;UP;Nat Adderley;SWING;2;13;1;14;4;6;6;2,1,1,1,1,1;01,1,1,1,1,1
334_5;lick;HARDBOP;UP;Nat Adderley;SWING;6;15;1;20;2;25;16;2,1,4,1,3,1,2,1,2,1,2,2,4,2,1,2;01,1,1101,1,110,1,11,1,11,1,11,11,1011,01,1,01
334_6;line;HARDBOP;UP;Nat Adderley;SWING;2;22;3;23;3;10;5;2,4,4,2,1;11,1110,1101,01,1
334_7;lick;HARDBOP;UP;Nat Adderley;SWING;2;24;2;25;3;11;6;3,2,2,2,1,2;110,11,11,11,1,11
334_8;line;HARDBOP;UP;Nat Adderley;SWING;3;27;3;29;2;18;8;2,2,4,3,4,3,2,2;11,01,1001,111,1011,111,11,11
334_10;line;HARDBOP;UP;Nat Adderley;SWING;4;36;1;39;3;28;15;2,2,2,2,2,2,3,4,2,2,2,2,2,4,1;11,11,11,11,11,11,111,0001,01,11,11,11,11,0110,1
334_11;line;HARDBOP;UP;Nat Adderley;SWING;5;40;3;44;2;23;15;2,4,4,3,4,1,1,1,1,4,2,1,1,1,2;11,1101,0111,011,0001,1,1,1,1,1110,01,1,1,1,01
334_12;line;HARDBOP;UP;Nat Adderley;SWING;7;46;3;52;1;42;22;2,4,3,2,3,2,2,2,4,3,3,2,4,2,2,4,4,1,3,2,2,1;11,1011,011,01,111,11,11,11,1011,011,111,01,1101,11,11,0001,1001,1,110,01,01,1
334_13;lick;HARDBOP;UP;Nat Adderley;SWING;1;53;1;53;4;4;3;4,1,1;1001,1,1
334_14;lick;HARDBOP;UP;Nat Adderley;SWING;2;56;3;57;1;5;3;2,2,2;11,01,11
334_15;line;HARDBOP;UP;Nat Adderley;SWING;3;59;1;61;2;16;10;4,2,3,2,1,1,1,1,1,2;0111,11,111,11,1,1,1,1,1,01
334_16;lick;HARDBOP;UP;Nat Adderley;SWING;3;63;1;65;4;15;10;4,1,1,1,1,2,2,4,4,1;0011,1,1,1,1,11,11,1001,1001,1
334_17;lick;HARDBOP;UP;Nat Adderley;SWING;2;67;1;68;4;11;8;4,4,1,1,1,1,2,1;0011,1001,1,1,1,1,11,1
334_18;lick;HARDBOP;UP;Nat Adderley;SWING;6;69;2;74;4;37;23;3,1,1,1,1,2,2,4,2,2,2,2,2,2,2,2,2,2,4,2,2,3,1;011,1,1,1,1,11,11,0011,01,01,01,01,01,11,11,11,11,11,1110,11,11,110,1
334_19;line;HARDBOP;UP;Nat Adderley;SWING;5;77;1;81;1;37;17;4,4,2,2,3,2,2,3,4,2,3,2,2,3,2,4,2;0011,1111,01,11,111,11,11,110,1011,11,111,11,01,110,11,1011,01
334_21;lick;HARDBOP;UP;Nat Adderley;SWING;2;86;2;87;1;8;4;4,4,2,2;0001,1101,11,11
334_22;lick;HARDBOP;UP;Nat Adderley;SWING;7;87;4;93;4;27;20;4,2,2,4,1,1,1,1,1,1,1,3,2,4,4,1,2,1,1,1;0011,11,11,0110,1,1,1,1,1,1,1,111,01,0001,0011,1,01,1,1,1
335_1;lick;HARDBOP;MEDIUM UP;Nat Adderley;SWING;2;1;1;2;3;6;6;4,1,1,1,1,1;0001,1,1,1,1,1
335_2;lick;HARDBOP;MEDIUM UP;Nat Adderley;SWING;3;3;1;5;1;12;8;2,2,6,4,1,2,1,4;01,11,010001,0001,1,11,1,1001
335_3;lick;HARDBOP;MEDIUM UP;Nat Adderley;SWING;3;6;2;8;1;16;8;4,6,2,1,2,4,4,2;0001,001001,01,1,11,1111,1101,11
335_4;lick;HARDBOP;MEDIUM UP;Nat Adderley;SWING;3;8;3;10;1;9;5;6,2,4,1,6;010001,11,0110,1,010001
335_5;lick;HARDBOP;MEDIUM UP;Nat Adderley;SWING;3;10;3;12;1;10;6;4,4,2,2,2,1;0001,1001,11,11,11,1
335_6;lick;HARDBOP;MEDIUM UP;Nat Adderley;SWING;4;12;3;15;4;26;14;4,4,3,1,1,1,4,4,3,2,4,4,2,2;0001,0001,110,1,1,1,1001,1001,111,11,1001,1111,11,11
335_7;lick;HARDBOP;MEDIUM UP;Nat Adderley;SWING;2;16;3;17;3;7;4;4,2,1,2;1001,11,1,11
335_8;lick;HARDBOP;MEDIUM UP;Nat Adderley;SWING;4;18;3;21;1;20;11;1,1,4,2,2,4,6,4,2,2,2;1,1,0001,01,11,0110,101001,0111,11,11,11
335_9;line;HARDBOP;MEDIUM UP;Nat Adderley;SWING;3;21;3;23;1;26;7;4,4,4,4,4,4,4;1111,1111,1111,1111,1111,1111,1100
335_10;lick;HARDBOP;MEDIUM UP;Nat Adderley;SWING;1;23;3;23;4;6;2;4,2;1111,11
335_11;lick;HARDBOP;MEDIUM UP;Nat Adderley;SWING;2;24;2;25;3;8;6;2,1,1,4,1,1;11,1,1,1001,1,1
335_12;lick;HARDBOP;MEDIUM UP;Nat Adderley;SWING;2;26;1;27;3;10;7;4,6,4,1,1,2,1;1001,010001,0001,1,1,11,1
335_14;lick;HARDBOP;MEDIUM UP;Nat Adderley;SWING;2;32;3;33;4;11;6;2,6,2,1,8,1;01,001001,01,1,00110111,1
335_15;lick;HARDBOP;MEDIUM UP;Nat Adderley;SWING;2;34;3;35;2;6;3;2,4,3;11,0011,110
335_16;lick;HARDBOP;MEDIUM UP;Nat Adderley;SWING;2;36;1;37;3;12;7;2,2,2,2,2,1,1;11,11,11,11,11,1,1
335_17;lick;HARDBOP;MEDIUM UP;Nat Adderley;SWING;2;38;2;39;3;8;6;4,2,4,2,1,1;0001,11,1001,01,1,1
335_18;lick;HARDBOP;MEDIUM UP;Nat Adderley;SWING;3;40;2;42;4;15;8;3,2,2,2,1,2,2,1;111,11,11,11,1,11,11,1
335_19;lick;HARDBOP;MEDIUM UP;Nat Adderley;SWING;2;43;1;44;1;9;5;2,3,2,2,1;01,111,11,11,1
335_20;lick;HARDBOP;MEDIUM UP;Nat Adderley;SWING;4;44;3;47;3;31;12;4,4,3,3,3,3,3,3,4,4,4,2;0001,1001,111,111,111,111,111,111,0111,0111,1001,11
335_21;lick;HARDBOP;MEDIUM UP;Nat Adderley;SWING;2;48;1;49;2;7;5;4,2,1,1,1;1001,11,1,1,1
341_1;lick;POSTBOP;MEDIUM;Pat Martino;LATIN;1;1;1;1;4;7;4;6,1,4,2;000001,1,1110,11
341_2;lick;POSTBOP;MEDIUM;Pat Martino;LATIN;2;2;2;3;1;8;4;4,2,2,4;0001,11,11,1110
341_4;line;POSTBOP;MEDIUM;Pat Martino;LATIN;2;4;2;5;4;25;7;4,4,4,4,4,4,3;1111,1111,1111,1101,0111,1111,111
341_5;line;POSTBOP;MEDIUM;Pat Martino;LATIN;2;6;1;7;3;23;7;4,4,4,4,4,4,3;0011,1101,1111,1111,1111,1111,110
341_6;line;POSTBOP;MEDIUM;Pat Martino;LATIN;3;8;1;10;3;40;11;4,4,4,4,4,4,4,4,4,4,4;0011,1111,1111,1111,1111,1111,1111,1111,1111,1111,1100
341_7;line;POSTBOP;MEDIUM;Pat Martino;LATIN;2;10;4;11;2;12;3;4,4,4;1111,1111,1111
341_8;line;POSTBOP;MEDIUM;Pat Martino;LATIN;2;12;2;13;3;21;6;4,4,4,4,4,4;0011,1111,1111,1111,1101,1111
341_10;line;POSTBOP;MEDIUM;Pat Martino;LATIN;5;18;4;22;4;62;17;4,4,4,4,4,6,7,4,4,4,4,4,4,4,8,4,4;0011,1111,1111,1101,1111,110111,0101011,0111,1111,1111,1111,0111,1111,1111,10010011,0111,1110
341_11;line;POSTBOP;MEDIUM;Pat Martino;LATIN;4;23;2;26;1;45;12;4,4,4,4,4,4,4,4,4,4,4,4;1101,1111,1111,1111,1111,1111,1111,1111,1111,1111,1111,1001
341_12;lick;POSTBOP;MEDIUM;Pat Martino;LATIN;2;26;3;27;4;14;6;8,4,4,3,4,4;00000001,0111,1001,011,0111,1110
341_13;line;POSTBOP;MEDIUM;Pat Martino;LATIN;4;28;1;31;1;46;13;6,4,4,4,4,4,4,4,4,4,4,4,4;000011,0111,0111,1111,1111,1111,1111,1111,1111,1111,1111,1111,1100
341_14;line;POSTBOP;MEDIUM;Pat Martino;LATIN;3;31;3;33;2;28;8;4,4,4,4,4,4,4,6;1111,1111,1111,1111,1111,1111,1101,100011
341_15;line;POSTBOP;MEDIUM;Pat Martino;LATIN;2;33;2;34;4;22;7;6,4,4,4,4,6,1;100011,0111,1111,1111,1111,010111,1
341_16;lick;POSTBOP;MEDIUM;Pat Martino;LATIN;1;35;1;35;1;1;1;4;0001
341_17;lick;POSTBOP;MEDIUM;Pat Martino;LATIN;4;35;3;38;3;43;13;2,2,1,4,4,4,4,4,4,4,4,4,4;01,11,1,1111,1111,1111,1111,1111,1101,1111,1111,1111,1111
341_18;lick;POSTBOP;MEDIUM;Pat Martino;LATIN;4;38;4;41;1;26;10;4,4,4,4,2,4,4,4,3,1;0011,1101,1101,1111,11,1100,1101,1111,011,1
341_19;line;POSTBOP;MEDIUM;Pat Martino;LATIN;6;41;3;46;3;78;21;6,4,6,6,4,4,4,4,4,4,6,4,4,4,4,4,4,4,4,4,4;001011,0111,110111,011011,0111,1111,1011,1111,1111,1111,100011,1111,1111,1111,1111,1111,1111,1111,1111,1111,1100
341_20;line;POSTBOP;MEDIUM;Pat Martino;LATIN;5;46;4;50;1;53;14;4,4,4,4,8,4,4,4,4,4,4,4,4,4;1111,1111,1111,1111,10101011,1111,0111,1111,1111,1011,1111,1111,1011,1110
341_21;line;POSTBOP;MEDIUM;Pat Martino;LATIN;2;50;2;51;1;13;4;4,4,4,8;0011,1111,1111,10000011
341_22;lick;POSTBOP;MEDIUM;Pat Martino;LATIN;2;51;4;52;1;6;2;4,4;0011,1111
341_23;line;POSTBOP;MEDIUM;Pat Martino;LATIN;3;52;3;54;4;33;10;4,4,4,4,3,4,4,4,4,3;0011,1111,1111,1100,111,1111,1111,1111,1111,110
341_24;line;POSTBOP;MEDIUM;Pat Martino;LATIN;2;55;1;56;4;31;8;4,4,4,4,4,4,4,6;1111,1111,1111,1101,1111,1111,1111,111100
341_25;line;POSTBOP;MEDIUM;Pat Martino;LATIN;2;57;1;58;2;21;6;4,4,4,4,4,4;0111,1111,1111,1111,1111,1100
341_26;line;POSTBOP;MEDIUM;Pat Martino;LATIN;2;58;4;59;4;18;5;4,4,4,4,4;0011,1111,1111,1111,1111
341_27;line;POSTBOP;MEDIUM;Pat Martino;LATIN;3;60;2;62;4;34;11;4,4,4,4,4,4,4,4,4,4,4;1111,1111,1111,1101,1011,0110,1101,1011,0110,1101,1011
341_28;line;POSTBOP;MEDIUM;Pat Martino;LATIN;4;63;2;66;2;47;13;4,4,4,4,4,4,4,1,8,6,4,4,4;1111,1111,1111,1111,1111,1111,1111,1,10101011,011011,0111,1111,1100
341_29;line;POSTBOP;MEDIUM;Pat Martino;LATIN;3;66;3;68;4;36;10;4,4,4,4,4,4,6,4,4,4;1001,1111,1111,1111,1111,1111,110111,0111,1110,0111
342_5;line;POSTBOP;UP;Pat Metheny;SWING;8;13;4;20;1;34;24;2,2,2,2,2,2,2,2,1,2,2,1,1,2,1,2,1,1,4,4,2,2,2,1;01,01,11,11,11,11,11,11,1,11,11,1,1,01,1,01,1,1,1001,0001,01,01,11,1
342_8;lick;POSTBOP;UP;Pat Metheny;SWING;7;24;3;30;1;31;19;2,2,2,2,4,4,4,2,2,2,2,1,4,1,4,4,1,1,4;11,11,11,11,1001,0011,0001,11,01,01,11,1,1001,1,1001,1001,1,1,1001
342_9;lick;POSTBOP;UP;Pat Metheny;SWING;3;30;2;32;4;12;10;2,2,1,2,2,1,4,1,1,2;01,01,1,01,01,1,1001,1,1,11
342_10;lick;POSTBOP;UP;Pat Metheny;SWING;3;33;2;35;3;10;8;2,2,2,4,2,1,2,2;01,01,01,1001,11,1,01,01
342_12;line;POSTBOP;UP;Pat Metheny;SWING;4;44;2;47;4;29;15;4,2,2,2,2,2,2,3,3,2,2,2,2,2,1;1011,01,11,11,11,11,11,111,011,11,01,11,11,11,1
342_13;lick;POSTBOP;UP;Pat Metheny;SWING;8;49;2;56;1;50;28;3,2,2,2,2,2,3,3,3,3,1,2,1,2,2,2,2,3,2,2,2,2,2,2,2,2,2,2;011,11,11,01,11,11,111,011,011,011,1,11,1,11,11,11,11,111,01,11,11,11,11,11,01,01,01,01
342_15;line;POSTBOP;UP;Pat Metheny;SWING;5;60;3;64;4;31;18;4,2,2,2,2,2,3,2,2,1,2,2,2,2,2,1,2,1;1101,11,11,11,01,11,110,11,11,1,01,11,11,01,11,1,11,1
342_16;lick;POSTBOP;UP;Pat Metheny;SWING;12;65;1;76;2;45;40;2,1,1,2,2,1,1,1,1,1,1,1,1,4,4,1,1,1,1,1,1,1,2,2,2,1,4,1,1,1,4,2,4,4,2,2,4,4,2,2;01,1,1,01,01,1,1,1,1,1,1,1,1,1001,0001,1,1,1,1,1,1,1,01,01,01,1,1001,1,1,1,1001,01,0001,1001,01,11,0001,0001,01,01
342_17;lick;POSTBOP;UP;Pat Metheny;SWING;5;77;1;81;4;21;15;2,2,4,2,2,1,1,4,2,1,2,2,2,4,1;11,11,1001,01,01,1,1,0001,01,1,11,01,11,1001,1
342_19;lick;POSTBOP;UP;Pat Metheny;SWING;12;84;3;95;3;59;38;2,2,1,1,3,4,2,2,2,2,2,2,2,1,2,2,4,3,2,2,2,2,3,1,1,2,2,2,2,2,1,1,1,1,1,2,1,2;11,11,1,1,011,0001,11,01,11,01,11,11,11,1,11,11,1001,111,01,11,01,11,110,1,1,11,01,01,11,11,1,1,1,1,1,11,1,11
342_20;lick;POSTBOP;UP;Pat Metheny;SWING;6;96;1;101;4;41;24;2,2,2,2,2,2,2,1,2,2,2,1,2,2,2,2,2,4,2,2,1,2,1,2;01,11,11,11,11,11,11,1,11,11,11,1,11,11,11,11,01,1011,01,11,1,01,1,11
342_21;lick;POSTBOP;UP;Pat Metheny;SWING;2;102;3;103;2;8;4;2,2,2,2;11,11,11,11
342_22;line;POSTBOP;UP;Pat Metheny;SWING;13;103;4;115;3;89;48;3,2,2,2,2,2,2,2,2,2,2,2,2,2,2,2,2,2,2,2,1,2,1,2,1,2,2,1,1,2,2,1,2,2,2,2,2,2,2,2,2,2,3,2,2,2,2,2;111,01,11,11,11,11,11,11,11,11,11,11,11,11,11,11,11,11,11,11,1,11,1,11,1,11,11,1,1,11,11,1,11,11,11,01,11,11,11,11,11,11,110,11,11,11,11,11
342_23;lick;POSTBOP;UP;Pat Metheny;SWING;3;116;3;118;2;10;7;2,2,1,1,2,2,1;11,11,1,1,01,11,1
342_24;lick;POSTBOP;UP;Pat Metheny;SWING;2;119;1;120;4;11;8;2,2,2,2,2,2,1,1;11,11,11,01,01,01,1,1
342_25;lick;POSTBOP;UP;Pat Metheny;SWING;9;121;3;129;4;45;30;2,3,2,3,1,4,3,1,3,2,2,2,4,4,2,4,2,4,1,1,1,4,4,4,1,1,4,4,2,2;01,111,11,011,1,1101,011,1,111,01,11,11,1001,0001,01,0001,01,0001,1,1,1,1001,0001,0001,1,1,1001,0001,11,01
342_27;line;POSTBOP;UP;Pat Metheny;SWING;9;132;2;140;4;48;35;4,2,1,1,2,2,2,3,2,1,2,2,2,2,2,2,2,2,2,3,1,1,2,3,1,1,2,2,1,2,1,1,1,2,1;0001,01,1,1,11,11,01,011,11,1,01,01,11,11,11,11,11,11,11,011,1,1,01,011,1,1,01,01,1,01,1,1,1,01,1
342_28;lick;POSTBOP;UP;Pat Metheny;SWING;5;141;2;145;1;29;16;4,2,2,2,1,2,4,2,2,2,2,4,2,4,2,2;0001,01,11,11,1,11,1001,11,01,11,11,1011,01,1011,11,11
342_29;lick;POSTBOP;UP;Pat Metheny;SWING;3;146;1;148;3;14;9;1,1,1,2,2,4,2,2,2;1,1,1,01,11,1011,01,11,11
342_30;lick;POSTBOP;UP;Pat Metheny;SWING;13;149;2;161;1;79;47;2,3,2,3,2,2,2,3,2,4,1,2,2,2,2,2,2,2,1,1,2,2,2,2,2,2,2,1,2,1,2,2,1,1,4,2,4,2,2,4,2,2,4,2,1,1,1;01,111,01,111,11,01,11,011,01,1001,1,01,11,11,11,11,11,11,1,1,11,11,11,01,11,01,11,1,11,1,11,11,1,1,1011,01,1001,01,11,1101,01,11,1011,11,1,1,1
342_31;lick;POSTBOP;UP;Pat Metheny;SWING;3;161;4;163;1;6;6;4,1,1,1,1,1;0001,1,1,1,1,1
342_32;lick;POSTBOP;UP;Pat Metheny;SWING;2;163;4;164;4;6;4;2,3,4,2;01,011,0001,11
342_33;lick;POSTBOP;UP;Pat Metheny;SWING;2;165;2;166;4;7;6;4,2,2,2,2,1;0001,01,11,01,01,1
342_35;lick;POSTBOP;UP;Pat Metheny;SWING;4;173;4;176;1;17;10;2,2,2,2,2,2,2,2,2,1;01,11,11,01,11,11,11,11,11,1
342_36;lick;POSTBOP;UP;Pat Metheny;SWING;4;176;2;179;3;23;14;2,2,2,2,3,2,2,2,1,2,2,2,2,1;01,01,11,11,111,01,11,11,1,01,11,11,11,1
342_37;lick;POSTBOP;UP;Pat Metheny;SWING;5;179;4;183;2;24;15;4,2,3,2,3,3,1,2,2,1,4,2,2,2,2;0001,01,111,01,111,011,1,01,11,1,0001,01,11,11,11
342_38;lick;POSTBOP;UP;Pat Metheny;SWING;4;184;3;187;2;25;12;2,2,2,3,2,2,2,2,2,3,2,3;11,11,11,111,11,11,11,11,11,111,01,110
342_39;lick;POSTBOP;UP;Pat Metheny;SWING;5;187;4;191;4;20;15;2,2,2,2,4,2,2,2,4,4,1,1,1,1,1;01,01,11,11,1101,01,01,01,1001,0001,1,1,1,1,1
342_40;lick;POSTBOP;UP;Pat Metheny;SWING;4;192;2;195;2;20;13;4,2,2,2,1,1,2,2,2,2,2,2,2;0001,01,11,11,1,1,01,11,01,11,11,11,11
342_44;lick;POSTBOP;UP;Pat Metheny;SWING;2;203;2;204;3;7;6;2,1,1,2,1,3;01,1,1,01,1,110
342_45;lick;POSTBOP;UP;Pat Metheny;SWING;2;205;3;206;4;8;5;2,2,4,2,2;11,11,1001,01,01
342_46;lick;POSTBOP;UP;Pat Metheny;SWING;3;207;2;209;3;8;7;4,1,4,2,2,4,2;0001,1,0001,01,01,1001,01
343_1;lick;POSTBOP;UP;Pat Metheny;SWING;3;6;2;8;4;12;9;4,2,1,2,2,2,2,2,2;0001,01,1,11,11,11,01,01,01
343_2;lick;POSTBOP;UP;Pat Metheny;SWING;2;10;2;11;4;10;7;4,2,1,1,2,1,2;0001,11,1,1,11,1,11
343_3;line;POSTBOP;UP;Pat Metheny;SWING;6;13;4;18;4;32;21;4,2,3,2,2,2,2,1,2,2,2,2,1,1,1,2,2,1,1,1,3;0001,01,111,01,11,11,11,1,11,11,11,11,1,1,1,11,01,1,1,1,110
343_4;lick;POSTBOP;UP;Pat Metheny;SWING;9;19;2;27;1;38;32;2,2,1,2,2,2,1,1,2,2,1,1,2,1,2,2,1,2,4,2,2,2,1,1,1,1,1,1,2,2,2,2;01,01,1,01,11,11,1,1,01,01,1,1,01,1,01,01,1,11,1001,01,11,11,1,1,1,1,1,1,01,01,01,01
343_5;lick;POSTBOP;UP;Pat Metheny;SWING;3;28;1;30;1;9;9;1,1,1,2,2,2,2,2,1;1,1,1,01,01,01,01,01,1
343_6;lick;POSTBOP;UP;Pat Metheny;SWING;3;31;1;33;4;18;11;1,1,1,2,2,3,2,2,2,2,4;1,1,1,01,11,111,01,11,11,11,1001
343_7;line;POSTBOP;UP;Pat Metheny;SWING;11;34;3;44;4;55;38;2,2,2,2,2,2,2,2,2,2,4,2,2,1,2,1,2,2,4,2,2,1,4,1,2,1,3,1,4,4,2,1,2,2,4,1,1,1;01,11,11,01,11,11,01,11,01,11,1001,11,11,1,11,1,01,11,0001,01,01,1,0110,1,11,1,110,1,1100,1001,01,1,01,01,1001,1,1,1
343_8;line;POSTBOP;UP;Pat Metheny;SWING;3;45;4;47;4;13;9;4,2,2,2,2,2,1,1,1;0001,01,11,11,11,11,1,1,1
343_9;line;POSTBOP;UP;Pat Metheny;SWING;8;48;4;55;3;45;28;2,2,2,2,1,2,1,2,2,2,2,2,1,1,2,3,3,3,1,1,2,2,2,2,2,2,2,3;01,01,11,11,1,11,1,11,11,01,01,11,1,1,11,011,011,111,1,1,11,01,01,11,11,11,11,110
343_10;lick;POSTBOP;UP;Pat Metheny;SWING;4;57;1;60;1;16;13;2,2,2,2,2,2,1,2,2,2,2,1,1;01,01,01,01,01,01,1,01,11,11,11,1,1
343_11;line;POSTBOP;UP;Pat Metheny;SWING;8;61;1;68;3;44;29;2,2,2,2,2,2,2,3,2,3,2,1,2,1,2,2,1,1,1,1,1,2,2,2,2,2,2,2,2;01,11,11,11,11,01,11,011,01,011,11,1,11,1,01,01,1,1,1,1,1,01,11,11,11,11,11,11,01
343_12;line;POSTBOP;UP;Pat Metheny;SWING;4;69;2;72;2;20;13;2,1,4,2,2,2,2,2,2,1,1,1,1;11,1,1001,01,11,11,11,11,11,1,1,1,1
343_13;line;POSTBOP;UP;Pat Metheny;SWING;6;72;4;77;1;34;18;2,2,4,2,2,2,2,4,2,3,2,2,2,2,2,4,4,2;01,01,1011,01,11,11,11,1101,01,110,11,11,11,11,11,1100,1001,11
343_14;line;POSTBOP;UP;Pat Metheny;SWING;7;77;3;83;4;47;26;2,2,3,2,2,1,1,2,2,2,2,2,2,2,2,2,2,2,2,2,2,2,2,2,1,2;11,11,110,11,11,1,1,11,11,11,11,01,11,11,11,11,11,11,11,11,01,11,11,11,1,11
343_15;lick;POSTBOP;UP;Pat Metheny;SWING;6;84;4;89;2;21;19;2,2,1,2,2,1,1,1,1,1,1,4,2,2,2,2,2,1,1;01,01,1,01,01,1,1,1,1,1,1,1001,01,01,01,01,11,1,1
343_16;lick;POSTBOP;UP;Pat Metheny;SWING;3;89;4;91;4;14;9;4,2,4,2,2,4,2,2,2;0001,01,1011,01,11,1011,01,01,01
343_17;lick;POSTBOP;UP;Pat Metheny;SWING;3;93;3;95;1;10;6;3,2,1,1,2,2;111,11,1,1,01,11
343_18;lick;POSTBOP;UP;Pat Metheny;SWING;2;95;3;96;4;12;6;2,3,2,2,2,2;11,111,11,11,11,01
344_1;lick;POSTBOP;MEDIUM;Pat Metheny;SWING;4;1;2;4;4;31;15;1,2,3,1,6,2,2,6,2,3,2,3,4,2,4;1,11,110,1,010011,01,11,011101,11,011,11,011,0111,11,1001
344_2;lick;POSTBOP;MEDIUM;Pat Metheny;SWING;3;5;3;7;2;23;8;6,4,4,5,2,4,4,2;010011,0111,1111,01111,01,1101,0111,11
344_3;line;POSTBOP;MEDIUM;Pat Metheny;SWING;6;7;4;12;1;56;18;6,8,4,4,6,2,2,2,4,2,4,4,4,4,3,3,3,4;011110,10110101,0111,1111,101011,11,11,11,1101,11,1111,1111,1111,1101,111,111,011,1100
344_4;line;POSTBOP;MEDIUM;Pat Metheny;SWING;8;12;3;19;1;75;27;4,6,3,4,4,4,4,4,3,2,2,2,2,4,2,4,4,2,4,2,2,6,1,4,4,4,2;0111,011011,111,1011,1111,1111,1111,1111,111,11,11,11,11,0111,11,0111,1101,11,0111,11,11,010011,1,1101,1011,1011,11
344_5;line;POSTBOP;MEDIUM;Pat Metheny;SWING;8;19;3;26;3;93;29;4,4,4,4,6,6,3,3,4,4,4,4,4,4,6,3,4,4,4,4,4,4,6,6,4,4,2,5,2;0011,1111,0111,1111,101011,101011,111,111,1001,1111,1001,1111,1111,1111,011011,111,1101,0111,1011,0111,1111,1111,010111,101001,0111,1101,01,10111,01
344_6;lick;POSTBOP;MEDIUM;Pat Metheny;SWING;3;26;4;28;2;17;7;3,4,4,6,4,4,1;011,0111,0111,100111,0110,1100,1
344_7;line;POSTBOP;MEDIUM;Pat Metheny;SWING;5;28;3;32;2;48;16;4,3,3,4,7,4,4,6,4,4,6,3,3,2,4,6;0111,111,111,0111,0101001,0110,1111,011101,0111,0111,011110,111,111,11,0110,010011
344_8;lick;POSTBOP;MEDIUM;Pat Metheny;SWING;2;32;4;33;2;6;3;2,4,4;11,1100,1100
344_9;lick;POSTBOP;MEDIUM;Pat Metheny;SWING;2;33;4;34;2;7;3;2,3,4;11,011,1011
344_10;lick;POSTBOP;MEDIUM;Pat Metheny;SWING;2;34;3;35;2;7;4;2,2,3,1;01,11,111,1
344_11;line;POSTBOP;MEDIUM;Pat Metheny;SWING;4;35;4;38;3;38;12;3,2,6,3,6,6,2,3,4,4,3,2;111,11,101011,111,111011,011101,11,011,1111,1111,111,11
345_1;lick;POSTBOP;UP;Pat Metheny;SWING;4;-1;3;2;4;19;12;2,2,2,2,1,1,2,1,2,2,2,1;11,11,11,11,1,1,11,1,01,11,11,1
345_2;lick;POSTBOP;UP;Pat Metheny;SWING;2;3;3;4;4;7;6;2,1,1,1,1,1;11,1,1,1,1,1
345_3;lick;POSTBOP;UP;Pat Metheny;SWING;2;5;2;6;4;7;7;2,2,1,1,1,1,1;01,01,1,1,1,1,1
345_4;lick;POSTBOP;UP;Pat Metheny;SWING;2;7;2;8;1;6;4;3,3,2,1;011,011,01,1
345_5;lick;POSTBOP;UP;Pat Metheny;SWING;1;8;3;8;4;3;2;1,2;1,11
345_6;lick;POSTBOP;UP;Pat Metheny;SWING;10;9;2;18;4;44;34;2,2,1,1,1,1,2,2,2,2,1,1,2,2,2,4,4,2,2,2,1,4,1,4,2,2,2,2,1,1,1,1,2,1;01,01,1,1,1,1,11,11,11,11,1,1,01,01,01,0011,0001,11,01,01,1,1001,1,1001,01,01,01,11,1,1,1,1,11,1
345_7;line;POSTBOP;UP;Pat Metheny;SWING;6;19;2;24;3;32;21;4,2,2,2,2,1,2,2,2,2,2,2,2,2,2,2,2,2,2,4,6;0001,01,11,11,11,1,11,01,11,11,11,01,11,01,11,01,01,01,11,0001,010001
345_8;lick;POSTBOP;UP;Pat Metheny;SWING;1;25;2;25;3;3;2;2,1;11,1
345_9;lick;POSTBOP;UP;Pat Metheny;SWING;1;26;1;26;3;5;3;2,1,2;11,1,11
345_10;lick;POSTBOP;UP;Pat Metheny;SWING;2;27;1;28;3;11;7;1,2,3,2,1,1,2;1,11,011,11,1,1,11
345_11;line;POSTBOP;UP;Pat Metheny;SWING;4;29;1;32;4;31;16;2,3,2,2,2,2,2,2,3,2,3,2,4,3,4,2;11,011,11,11,11,11,01,11,011,01,111,01,1100,110,1101,11
345_12;lick;POSTBOP;UP;Pat Metheny;SWING;4;33;1;36;1;18;13;2,2,2,2,2,2,2,1,3,2,2,2,1;01,01,01,01,11,11,11,1,110,11,01,01,1
345_13;line;POSTBOP;UP;Pat Metheny;SWING;6;36;2;41;1;30;20;4,2,2,2,2,2,2,2,2,1,2,1,1,2,1,1,1,3,1,1;0001,01,11,11,11,11,11,11,11,1,11,1,1,11,1,1,1,110,1,1
345_14;line;POSTBOP;UP;Pat Metheny;SWING;8;41;2;48;4;52;31;2,2,2,2,2,2,2,2,2,2,2,2,2,2,2,2,4,2,2,2,2,2,2,2,4,2,3,2,2,4,1;01,11,11,11,11,11,11,11,11,11,11,01,11,11,11,11,1001,01,11,01,11,01,11,01,1001,01,011,01,01,1100,1
345_16;line;POSTBOP;UP;Pat Metheny;SWING;15;58;3;72;1;98;54;2,2,2,2,2,2,2,4,2,2,2,2,2,2,2,2,2,2,2,3,2,2,2,4,2,2,2,2,2,2,2,2,2,2,2,2,2,4,2,2,2,2,1,2,2,2,2,2,2,2,2,2,2,1;11,11,11,11,11,11,11,1011,11,01,11,11,11,11,11,11,11,11,11,111,11,01,11,0110,11,11,11,11,11,11,11,11,11,11,11,11,01,1101,11,11,11,11,1,11,01,01,01,01,01,01,11,01,01,1
345_17;lick;POSTBOP;UP;Pat Metheny;SWING;2;72;3;73;2;6;4;4,1,1,2;1110,1,1,01
346_3;lick;COOL;UP;Paul Desmond;LATIN;4;6;3;9;1;9;8;2,1,1,2,1,1,1,1;01,1,1,11,1,1,1,1
346_7;line;COOL;UP;Paul Desmond;LATIN;3;19;2;21;1;14;8;2,2,2,2,2,2,2,1;01,11,11,11,11,11,11,1
346_8;line;COOL;UP;Paul Desmond;LATIN;3;21;3;23;1;10;6;2,2,1,2,2,2;01,11,1,11,11,11
346_9;line;COOL;UP;Paul Desmond;LATIN;4;24;3;27;2;14;12;4,1,1,1,1,1,1,1,1,1,1,4;0011,1,1,1,1,1,1,1,1,1,1,1001
346_10;lick;COOL;UP;Paul Desmond;LATIN;4;27;4;30;4;11;9;4,2,2,2,1,1,4,2,2;0001,01,01,01,1,1,1001,11,01
346_12;line;COOL;UP;Paul Desmond;LATIN;2;36;1;37;1;7;5;1,2,2,2,1;1,01,11,11,1
346_13;line;COOL;UP;Paul Desmond;LATIN;2;38;2;39;3;12;6;2,2,2,2,2,2;11,11,11,11,11,11
346_14;lick;COOL;UP;Paul Desmond;LATIN;7;41;1;47;1;19;19;1,1,2,1,4,1,4,1,2,4,2,1,2,2,1,1,1,1,1;1,1,01,1,0001,1,0001,1,01,0001,01,1,01,01,1,1,1,1,1
346_15;lick;COOL;UP;Paul Desmond;LATIN;7;49;1;55;1;24;23;1,1,1,1,2,1,2,1,1,1,1,1,2,2,1,1,2,2,1,2,4,1,2;1,1,1,1,01,1,11,1,1,1,1,1,01,01,1,1,01,01,1,01,0001,1,01
346_16;lick;COOL;UP;Paul Desmond;LATIN;4;56;3;59;4;16;11;4,4,2,3,2,1,2,2,1,1,2;0011,0001,01,111,01,1,11,01,1,1,11
346_17;lick;COOL;UP;Paul Desmond;LATIN;5;61;2;65;1;12;11;2,4,2,2,1,1,1,2,2,1,1;01,1001,01,01,1,1,1,01,01,1,1
347_2;line;COOL;UP;Paul Desmond;LATIN;2;6;2;7;3;12;6;2,2,2,2,2,2;11,11,11,11,11,11
347_3;line;COOL;UP;Paul Desmond;LATIN;8;8;4;15;2;27;22;2,2,2,2,1,1,4,2,1,1,2,1,2,2,1,1,1,4,2,1,1,4;11,11,11,01,1,1,0001,01,1,1,01,1,11,01,1,1,1,1001,01,1,1,0001
347_4;line;COOL;UP;Paul Desmond;LATIN;7;17;1;23;1;26;23;4,1,1,2,4,1,1,1,1,1,2,2,1,1,4,1,2,2,4,2,2,1,1;0001,1,1,01,1001,1,1,1,1,1,01,01,1,1,1001,1,11,01,0001,01,01,1,1
348_1;lick;COOL;UP;Paul Desmond;SWING;2;0;2;1;1;8;4;2,2,2,2;11,11,11,11
348_2;lick;COOL;UP;Paul Desmond;SWING;5;1;3;5;1;23;14;2,2,2,2,4,2,2,2,2,4,2,2,2,1;01,01,11,11,1001,01,11,11,11,0001,11,11,11,1
348_3;lick;COOL;UP;Paul Desmond;SWING;2;5;3;6;2;3;3;1,4,2;1,0001,01
348_4;lick;COOL;UP;Paul Desmond;SWING;2;7;3;8;2;4;3;6,1,2;100001,1,01
348_5;line;COOL;UP;Paul Desmond;SWING;5;9;1;13;3;30;18;2,2,4,2,4,2,4,1,1,2,2,4,2,4,1,1,2,4;01,11,1001,11,1001,11,1011,1,1,01,11,1001,01,1011,1,1,01,1001
348_6;lick;COOL;UP;Paul Desmond;SWING;2;15;1;16;2;8;5;1,2,6,2,2;1,11,010001,01,11
348_7;lick;COOL;UP;Paul Desmond;SWING;3;16;4;18;4;10;7;4,2,2,2,1,4,2;0001,11,11,01,1,1001,01
348_8;line;COOL;UP;Paul Desmond;SWING;5;20;1;24;2;27;16;2,2,2,2,2,1,2,4,2,2,2,3,2,2,2,1;11,11,11,11,01,1,01,1001,11,11,11,011,11,11,01,1
348_9;lick;COOL;UP;Paul Desmond;SWING;3;25;1;27;3;14;9;2,2,2,1,2,4,2,2,4;01,11,11,1,11,1001,01,01,1001
348_11;lick;COOL;UP;Paul Desmond;SWING;8;33;1;40;1;35;25;2,2,2,2,1,2,1,2,2,2,1,2,2,1,2,2,2,3,1,2,1,3,4,2,1;01,11,11,11,1,01,1,11,11,11,1,01,01,1,01,11,11,011,1,01,1,110,0001,01,1
348_14;lick;COOL;UP;Paul Desmond;SWING;4;50;2;53;1;16;9;4,4,2,2,2,2,4,2,1;1101,0001,11,11,11,11,1001,01,1
348_17;lick;COOL;UP;Paul Desmond;SWING;2;62;1;63;3;10;7;2,2,2,2,2,2,1;01,11,01,11,01,11,1
348_18;line;COOL;UP;Paul Desmond;SWING;10;65;2;74;2;63;35;2,2,2,2,2,2,1,2,2,2,1,2,2,4,1,2,2,2,1,2,2,2,2,2,2,2,2,2,2,2,2,2,4,2,2;01,11,11,11,11,11,1,11,11,11,1,11,11,1001,1,11,11,11,1,11,11,11,11,01,11,11,11,11,11,11,11,11,1001,01,11
348_19;lick;COOL;UP;Paul Desmond;SWING;2;74;4;75;2;3;2;2,2;01,11
348_20;line;COOL;UP;Paul Desmond;SWING;8;76;2;83;2;35;23;2,2,2,4,2,2,1,2,2,2,2,1,2,2,2,4,2,2,1,1,1,4,6;01,11,11,0001,01,11,1,01,11,11,11,1,11,11,11,1001,11,11,1,1,1,0001,000001
348_21;lick;COOL;UP;Paul Desmond;SWING;2;85;1;86;4;13;8;4,1,4,2,2,1,2,2;1001,1,0011,01,11,1,11,11
348_23;lick;COOL;UP;Paul Desmond;SWING;5;93;4;97;2;21;13;2,2,2,4,2,6,4,2,2,2,1,1,2;01,11,11,1001,01,010001,0001,11,11,11,1,1,11
348_24;lick;COOL;UP;Paul Desmond;SWING;6;98;3;103;4;35;19;2,2,2,2,1,2,2,2,2,1,4,2,2,4,4,4,4,1,2;01,11,11,11,1,01,11,11,11,1,0001,11,11,1011,1011,1110,1011,1,01
348_25;lick;COOL;UP;Paul Desmond;SWING;4;105;1;108;2;22;14;4,2,6,2,1,3,3,2,4,2,2,2,1,2;0001,01,001001,01,1,111,011,01,1001,01,11,11,1,11
348_26;lick;COOL;UP;Paul Desmond;SWING;5;110;2;114;4;23;18;2,2,2,1,1,1,4,2,4,4,1,1,1,1,1,2,2,2;11,11,11,1,1,1,1001,01,0001,0001,1,1,1,1,1,11,01,01
348_30;lick;COOL;UP;Paul Desmond;SWING;5;122;1;126;1;20;12;2,2,2,2,2,2,2,2,4,2,4,2;01,11,11,01,11,11,01,11,1001,01,0011,11
348_31;lick;COOL;UP;Paul Desmond;SWING;2;127;1;128;2;10;6;2,2,2,2,2,2;01,11,11,11,01,11
348_32;line;COOL;UP;Paul Desmond;SWING;4;129;1;132;4;29;15;2,2,2,2,2,2,2,2,2,2,2,2,1,2,4;01,11,11,11,11,11,11,11,11,11,11,11,1,11,1110
349_1;lick;COOL;MEDIUM;Paul Desmond;SWING;3;1;3;3;3;16;8;4,2,2,3,5,2,4,1;0001,11,11,111,01111,11,0001,1
349_2;lick;COOL;MEDIUM;Paul Desmond;SWING;3;4;3;6;2;14;6;6,2,3,6,2,2;000011,11,011,010111,11,11
349_3;lick;COOL;MEDIUM;Paul Desmond;SWING;1;7;1;7;4;6;4;4,2,1,6;0001,11,1,010001
349_4;lick;COOL;MEDIUM;Paul Desmond;SWING;2;8;3;9;4;12;6;4,2,2,5,2,1;0001,11,11,01111,11,1
349_5;lick;COOL;MEDIUM;Paul Desmond;SWING;3;10;3;12;3;21;8;6,4,2,2,3,3,4,1;000011,1111,11,11,111,111,1111,1
349_6;lick;COOL;MEDIUM;Paul Desmond;SWING;2;13;3;14;4;14;6;4,3,1,4,6,2;0110,110,1,0111,010111,11
349_7;lick;COOL;MEDIUM;Paul Desmond;SWING;3;15;4;17;3;17;7;6,6,2,2,4,4,1;111010,010111,11,11,1101,0001,1
349_8;lick;COOL;MEDIUM;Paul Desmond;SWING;4;18;2;21;2;20;11;4,1,4,1,4,2,3,4,2,1,1;0111,1,0111,1,0001,11,111,1001,11,1,1
349_9;lick;COOL;MEDIUM;Paul Desmond;SWING;2;22;4;23;4;12;5;4,4,4,2,4;0011,1111,1011,01,1100
349_10;lick;COOL;MEDIUM;Paul Desmond;SWING;2;24;2;25;1;12;4;6,4,6,1;000111,1111,111100,1
349_11;lick;COOL;MEDIUM;Paul Desmond;SWING;3;25;4;27;2;9;4;3,1,4,4;111,1,0110,0111
349_12;lick;COOL;MEDIUM;Paul Desmond;SWING;2;28;2;29;4;15;7;5,2,3,4,1,1,1;10111,11,110,1111,1,1,1
349_13;lick;COOL;MEDIUM;Paul Desmond;SWING;1;30;2;30;3;5;2;6,2;011001,11
349_14;lick;COOL;MEDIUM;Paul Desmond;SWING;1;31;1;31;4;13;4;4,4,6,4;0011,1111,111100,1011
349_15;lick;COOL;MEDIUM;Paul Desmond;SWING;2;32;3;33;2;10;4;4,3,1,4;1111,111,1,1100
349_16;line;COOL;MEDIUM;Paul Desmond;SWING;2;33;4;34;3;13;4;4,6,6,1;1111,011011,011011,1
349_17;line;COOL;MEDIUM;Paul Desmond;SWING;2;35;2;36;2;18;5;6,4,4,4,1;101111,1111,1111,1111,1
349_18;lick;COOL;MEDIUM;Paul Desmond;SWING;4;36;3;39;2;24;11;6,3,1,4,6,2,1,5,4,6,2;000001,111,1,1111,010101,01,1,01111,0111,010001,01
349_19;lick;COOL;MEDIUM;Paul Desmond;SWING;3;40;1;42;4;30;11;4,4,1,4,3,4,5,2,6,5,1;0011,1111,1,0110,110,1111,01111,11,011011,01111,1
349_20;lick;COOL;MEDIUM;Paul Desmond;SWING;1;43;1;43;3;8;3;8,4,4;00001111,1110,0001
349_21;line;COOL;MEDIUM;Paul Desmond;SWING;2;44;1;45;3;22;7;4,3,4,5,4,6,1;0011,111,0111,01111,1111,101111,1
349_22;lick;COOL;MEDIUM;Paul Desmond;SWING;2;46;1;47;1;12;5;4,6,4,1,6;0001,110011,0110,1,011101
349_23;lick;COOL;MEDIUM;Paul Desmond;SWING;3;47;3;49;1;20;7;4,6,2,1,4,4,3;0011,101111,11,1,1111,0111,111
350_2;line;COOL;UP;Paul Desmond;LATIN;2;2;2;3;2;8;5;2,2,2,2,2;01,11,11,11,01
350_4;line;COOL;UP;Paul Desmond;LATIN;2;6;1;7;1;9;5;2,2,2,2,2;01,11,11,11,11
350_5;lick;COOL;UP;Paul Desmond;LATIN;2;8;1;9;2;9;6;2,2,2,2,1,2;01,11,11,11,1,01
350_6;lick;COOL;UP;Paul Desmond;LATIN;3;9;4;11;2;9;6;1,2,2,2,1,4;1,11,11,11,1,0001
350_7;lick;COOL;UP;Paul Desmond;LATIN;3;11;4;13;1;8;5;1,2,2,2,1;1,11,11,11,1
350_8;lick;COOL;UP;Paul Desmond;LATIN;6;14;1;19;1;29;18;2,2,2,2,2,2,2,2,2,6,2,2,6,4,2,2,1,4;01,11,11,11,11,01,01,11,01,101011,01,11,010001,0001,01,01,1,1001
350_9;lick;COOL;UP;Paul Desmond;LATIN;3;20;1;22;4;15;10;2,2,2,2,2,2,4,4,1,1;01,11,11,11,01,11,1001,0001,1,1
350_10;line;COOL;UP;Paul Desmond;LATIN;5;24;4;28;4;21;14;1,1,4,2,4,2,2,2,2,2,2,2,6,1;1,1,1001,01,0001,11,11,11,11,11,01,01,010001,1
350_11;line;COOL;UP;Paul Desmond;LATIN;3;29;4;31;2;11;6;2,2,2,2,2,2;01,11,11,11,11,11
350_12;line;COOL;UP;Paul Desmond;LATIN;3;32;4;34;3;9;7;1,2,1,4,4,2,4;1,01,1,1001,0001,01,1001
350_13;line;COOL;UP;Paul Desmond;LATIN;4;34;4;37;2;14;9;2,1,4,2,1,2,2,2,4;01,1,1001,01,1,11,11,11,1001
350_15;lick;COOL;UP;Paul Desmond;LATIN;1;42;1;42;4;7;4;2,2,2,2;01,11,11,11
350_16;line;COOL;UP;Paul Desmond;LATIN;2;44;1;45;4;14;8;2,2,2,3,2,2,2,2;01,11,11,011,01,11,11,11
350_17;line;COOL;UP;Paul Desmond;LATIN;1;46;3;46;3;2;1;2;11
350_18;line;COOL;UP;Paul Desmond;LATIN;2;47;2;48;4;12;7;2,2,2,2,2,2,1;01,11,11,11,11,11,1
350_19;line;COOL;UP;Paul Desmond;LATIN;2;49;4;50;3;5;4;2,4,2,2;01,0001,01,11
350_20;line;COOL;UP;Paul Desmond;LATIN;4;51;4;54;4;17;13;6,1,2,2,1,2,2,1,4,2,2,2,1;000011,1,11,01,1,01,01,1,0001,01,11,11,1
350_22;lick;COOL;UP;Paul Desmond;LATIN;3;57;4;59;1;6;5;2,1,1,1,2;01,1,1,1,11
350_23;lick;COOL;UP;Paul Desmond;LATIN;5;59;4;63;1;16;12;4,1,1,6,2,2,2,2,2,2,2,2;0001,1,1,100001,01,01,01,01,11,11,11,01
351_1;lick;COOL;MEDIUM UP;Paul Desmond;LATIN;2;0;2;1;2;8;5;2,2,2,2,1;01,11,11,11,1
351_2;lick;COOL;MEDIUM UP;Paul Desmond;LATIN;2;2;3;3;4;8;5;2,2,1,4,2;01,11,1,0011,11
351_4;line;COOL;MEDIUM UP;Paul Desmond;LATIN;4;8;3;11;2;20;11;2,2,2,2,1,2,2,2,2,1,2;11,11,11,11,1,11,11,11,11,1,11
351_5;line;COOL;MEDIUM UP;Paul Desmond;LATIN;4;12;2;15;2;23;13;2,2,2,2,2,2,2,1,2,3,4,4,2;01,11,11,11,11,11,11,1,01,110,1100,1100,11
351_6;lick;COOL;MEDIUM UP;Paul Desmond;LATIN;1;17;1;17;2;3;2;1,4;1,1001
351_7;lick;COOL;MEDIUM UP;Paul Desmond;LATIN;2;18;1;19;4;12;8;2,2,2,2,2,1,1,1;01,11,11,11,11,1,1,1
351_8;line;COOL;MEDIUM UP;Paul Desmond;LATIN;4;20;3;23;1;22;11;2,2,2,2,2,2,2,2,4,2,1;01,11,11,11,11,11,11,11,1111,11,1
351_9;line;COOL;MEDIUM UP;Paul Desmond;LATIN;4;23;4;26;3;19;11;2,2,2,2,2,2,2,4,1,1,2;01,11,11,11,11,11,11,1001,1,1,11
351_10;lick;COOL;MEDIUM UP;Paul Desmond;LATIN;3;27;1;29;1;8;6;4,1,1,1,2,4;0001,1,1,1,11,1001
351_11;lick;COOL;MEDIUM UP;Paul Desmond;LATIN;2;30;2;31;4;9;7;2,2,2,1,1,1,1;01,11,11,1,1,1,1
351_12;lick;COOL;MEDIUM UP;Paul Desmond;LATIN;3;32;4;34;1;10;6;2,2,2,2,2,2;11,11,11,11,01,01
351_13;lick;COOL;MEDIUM UP;Paul Desmond;LATIN;1;35;1;35;4;5;4;6,2,2,1;100001,01,01,1
351_14;lick;COOL;MEDIUM UP;Paul Desmond;LATIN;3;36;3;38;1;12;7;4,2,2,2,1,4,2;0110,11,11,11,1,1001,01
351_15;lick;COOL;MEDIUM UP;Paul Desmond;LATIN;1;39;1;39;4;5;4;1,2,2,1;1,11,01,1
351_16;lick;COOL;MEDIUM UP;Paul Desmond;LATIN;2;40;3;41;2;6;4;2,2,2,2;01,11,11,01
351_17;lick;COOL;MEDIUM UP;Paul Desmond;LATIN;2;42;1;43;1;9;5;4,2,2,2,2;0001,11,11,11,11
351_18;line;COOL;MEDIUM UP;Paul Desmond;LATIN;6;44;1;49;2;35;20;2,2,2,2,1,2,2,2,2,2,2,2,2,2,2,2,2,2,1,1;01,11,11,11,1,01,11,11,11,11,11,11,11,11,11,11,11,11,1,1
351_20;lick;COOL;MEDIUM UP;Paul Desmond;LATIN;2;54;2;55;4;10;7;2,2,1,2,1,1,4;01,11,1,11,1,1,1001
351_21;lick;COOL;MEDIUM UP;Paul Desmond;LATIN;4;57;1;60;4;23;12;2,2,2,2,3,2,2,2,3,1,6,6;11,11,11,11,011,11,11,11,111,1,100001,000001
351_22;lick;COOL;MEDIUM UP;Paul Desmond;LATIN;4;62;2;65;1;15;9;6,6,6,1,2,2,2,4,1;000011,010001,010001,1,01,11,11,1001,1
352_1;lick;COOL;MEDIUM UP;Paul Desmond;LATIN;5;1;1;5;1;15;14;1,1,2,2,4,2,1,1,2,2,2,2,1,2;1,1,01,01,0001,01,1,1,01,01,01,11,1,01
352_2;lick;COOL;MEDIUM UP;Paul Desmond;LATIN;2;6;1;7;1;8;5;2,2,2,2,1;01,11,11,11,1
352_4;line;COOL;MEDIUM UP;Paul Desmond;LATIN;5;13;1;17;1;31;17;2,2,2,2,2,2,2,2,2,2,2,2,2,2,1,1,1;11,11,11,11,11,11,11,11,11,11,11,11,11,11,1,1,1
352_6;lick;COOL;MEDIUM UP;Paul Desmond;LATIN;4;20;2;23;1;19;12;2,2,2,1,2,2,4,1,4,4,1,1;01,11,01,1,01,11,1111,1,1101,0001,1,1
352_9;lick;COOL;MEDIUM UP;Paul Desmond;LATIN;2;30;1;31;2;9;6;2,2,2,2,1,2;01,11,11,11,1,01
353_7;lick;COOL;MEDIUM UP;Paul Desmond;LATIN;2;16;1;17;4;8;8;2,1,1,1,1,2,1,2;01,1,1,1,1,01,1,01
353_11;line;COOL;MEDIUM UP;Paul Desmond;LATIN;4;23;3;26;2;18;11;2,2,2,2,2,2,1,4,2,2,6;01,11,11,11,11,11,1,0001,11,11,000001
353_12;line;COOL;MEDIUM UP;Paul Desmond;LATIN;3;27;4;29;1;9;6;2,1,2,2,2,6;01,1,01,11,11,001001
353_13;lick;COOL;MEDIUM UP;Paul Desmond;LATIN;2;30;2;31;4;11;7;2,7,2,1,1,1,1;01,0111011,01,1,1,1,1
353_14;lick;COOL;MEDIUM UP;Paul Desmond;LATIN;2;32;2;33;3;8;6;2,2,2,1,1,1;01,11,11,1,1,1
353_15;lick;COOL;MEDIUM UP;Paul Desmond;LATIN;1;34;2;34;4;4;3;4,6,2;1100,000001,01
353_16;lick;COOL;MEDIUM UP;Paul Desmond;LATIN;3;35;2;37;3;12;10;2,2,2,1,1,1,1,1,2,1;01,11,11,1,1,1,1,1,01,1
353_17;line;COOL;MEDIUM UP;Paul Desmond;LATIN;2;38;1;39;4;13;8;2,2,2,2,4,1,1,2;01,11,11,11,1101,1,1,01
353_18;lick;COOL;MEDIUM UP;Paul Desmond;LATIN;1;40;3;40;4;2;2;2,2;01,01
353_19;line;COOL;MEDIUM UP;Paul Desmond;LATIN;4;41;2;44;1;20;12;2,2,2,2,2,2,3,2,3,1,1,1;01,11,11,11,11,11,011,11,011,1,1,1
353_21;lick;COOL;MEDIUM UP;Paul Desmond;LATIN;2;46;2;47;3;10;6;2,2,2,4,4,1;01,11,11,1100,1100,1
353_22;line;COOL;MEDIUM UP;Paul Desmond;LATIN;2;48;3;49;4;7;6;2,4,1,1,1,2;01,0110,1,1,1,01
353_23;line;COOL;MEDIUM UP;Paul Desmond;LATIN;1;50;2;50;4;2;2;2,1;01,1
353_24;line;COOL;MEDIUM UP;Paul Desmond;LATIN;2;51;1;52;2;7;6;4,2,1,1,1,2;0001,01,1,1,1,11
353_25;lick;COOL;MEDIUM UP;Paul Desmond;LATIN;4;53;1;56;1;17;12;4,1,1,2,2,4,1,2,2,2,2,1;0001,1,1,01,01,1001,1,11,11,11,11,1
353_26;lick;COOL;MEDIUM UP;Paul Desmond;LATIN;4;56;4;59;1;14;10;2,2,2,1,2,2,3,1,1,1;01,11,11,1,01,11,011,1,1,1
353_27;line;COOL;MEDIUM UP;Paul Desmond;LATIN;3;59;4;61;1;9;6;2,2,2,2,1,1;01,11,11,11,1,1
354_1;line;HARDBOP;MEDIUM;Pepper Adams;LATIN;1;1;1;1;4;13;4;6,8,7,1;000011,00110011,0111111,1
354_2;line;HARDBOP;MEDIUM;Pepper Adams;LATIN;1;2;1;2;4;12;4;8,6,4,1;00110101,011011,0111,1
354_3;line;HARDBOP;MEDIUM;Pepper Adams;LATIN;1;3;1;3;4;15;4;4,6,5,4;0111,111111,11101,0110
354_4;line;HARDBOP;MEDIUM;Pepper Adams;LATIN;3;4;1;6;1;33;9;4,6,4,6,6,4,6,3,4;0011,010111,1011,011101,010111,1111,110111,111,1111
354_5;lick;HARDBOP;MEDIUM;Pepper Adams;LATIN;1;6;3;6;4;7;2;8,1;10111011,1
354_6;line;HARDBOP;MEDIUM;Pepper Adams;LATIN;3;7;2;9;2;32;9;3,5,3,6,8,4,6,4,1;011,11111,111,110111,10011011,0111,101111,0111,1
354_7;line;HARDBOP;MEDIUM;Pepper Adams;LATIN;1;9;3;9;4;9;2;6,6;101011,111101
354_8;line;HARDBOP;MEDIUM;Pepper Adams;LATIN;3;10;1;12;4;41;12;6,6,4,4,4,4,6,8,3,6,4,1;000001,011011,0111,1111,1111,1111,101111,01010101,110,111101,1111,1
354_9;line;HARDBOP;MEDIUM;Pepper Adams;LATIN;2;13;1;14;1;17;5;4,5,4,4,1;1111,11101,1111,1111,1
354_10;line;HARDBOP;MEDIUM;Pepper Adams;LATIN;2;14;2;15;4;26;7;4,4,4,4,6,4,4;0011,1111,1111,1111,101111,0111,1111
354_11;lick;HARDBOP;MEDIUM;Pepper Adams;LATIN;1;16;1;16;3;11;3;8,4,4;00000111,1111,1111
354_12;line;HARDBOP;MEDIUM;Pepper Adams;LATIN;1;17;1;17;3;18;3;6,6,6;111111,111111,111111
354_13;line;HARDBOP;MEDIUM;Pepper Adams;LATIN;2;17;4;18;4;20;5;7,3,6,4,4;0001111,111,111101,1111,1111
354_14;line;HARDBOP;MEDIUM;Pepper Adams;LATIN;2;19;2;20;1;14;4;4,4,4,4;0011,1111,1111,1111
354_15;line;HARDBOP;MEDIUM;Pepper Adams;LATIN;4;20;2;23;1;46;12;8,8,4,4,4,4,4,4,4,4,4,4;00001011,10101011,1111,1111,1111,1111,1111,1111,1111,1111,1111,1100
354_16;line;HARDBOP;MEDIUM;Pepper Adams;LATIN;1;23;2;23;4;10;3;6,6,6;000111,010111,011100
354_17;line;HARDBOP;MEDIUM;Pepper Adams;LATIN;2;24;1;25;1;16;5;6,6,4,4,4;000001,111011,0111,1111,1110
354_18;line;HARDBOP;MEDIUM;Pepper Adams;LATIN;2;25;2;26;2;19;5;4,4,4,4,6;0011,1111,1111,1111,101111
354_19;lick;HARDBOP;MEDIUM;Pepper Adams;LATIN;1;26;3;26;4;5;2;4,4;0001,1111
354_20;line;HARDBOP;MEDIUM;Pepper Adams;LATIN;2;27;1;28;1;16;5;4,4,4,4,3;0011,1111,1111,1111,110
354_21;line;HARDBOP;MEDIUM;Pepper Adams;LATIN;2;28;2;29;3;17;6;4,3,4,6,4,3;0011,111,1011,011101,0111,110
354_22;line;HARDBOP;MEDIUM;Pepper Adams;LATIN;2;29;4;30;1;6;2;8,6;00000001,011111
354_23;line;HARDBOP;MEDIUM;Pepper Adams;LATIN;4;30;2;33;1;44;12;4,8,4,4,8,4,3,5,4,6,6,4;0011,01010101,0111,1111,10101011,0111,111,11111,1001,111111,001111,1110
354_24;line;HARDBOP;MEDIUM;Pepper Adams;LATIN;1;33;2;33;3;6;2;4,4;0011,1111
354_25;line;HARDBOP;MEDIUM;Pepper Adams;LATIN;1;34;1;34;4;16;4;6,4,4,4;111101,1111,1111,1110
354_26;lick;HARDBOP;MEDIUM;Pepper Adams;LATIN;1;35;1;35;4;13;4;4,4,4,4;0011,1111,0111,1111
354_27;line;HARDBOP;MEDIUM;Pepper Adams;LATIN;1;36;2;36;4;9;3;6,4,1;010111,1111,1
354_28;line;HARDBOP;MEDIUM;Pepper Adams;LATIN;2;37;1;38;1;18;5;4,6,5,4,4;1111,111011,01011,1111,1100
354_29;line;HARDBOP;MEDIUM;Pepper Adams;LATIN;2;38;2;39;3;21;6;4,4,4,4,4,6;0111,0111,1111,1111,1011,101011
354_30;lick;HARDBOP;MEDIUM;Pepper Adams;LATIN;3;39;4;41;3;28;8;4,4,4,3,6,4,6,6;0001,1111,1111,111,101101,1111,101101,011110
354_31;lick;HARDBOP;MEDIUM;Pepper Adams;LATIN;1;42;1;42;3;13;3;6,4,6;111111,1111,010101
354_32;lick;HARDBOP;MEDIUM;Pepper Adams;LATIN;1;43;1;43;3;9;3;6,4,4;000101,1111,0111
354_33;line;HARDBOP;MEDIUM;Pepper Adams;LATIN;3;43;4;45;4;33;9;4,4,4,4,4,4,4,6,3;0001,1111,1111,1111,1111,1111,1111,101111,111
354_34;line;HARDBOP;MEDIUM;Pepper Adams;LATIN;1;46;2;46;3;6;2;4,5;0011,11011
354_35;line;HARDBOP;MEDIUM;Pepper Adams;LATIN;1;47;1;47;4;13;4;6,6,6,4;000111,010111,010111,0110
354_36;line;HARDBOP;MEDIUM;Pepper Adams;LATIN;3;48;1;50;3;41;11;4,4,4,6,4,4,4,4,4,4,3;0011,1111,1111,101111,1111,1111,1111,1111,1111,1111,110
354_37;line;HARDBOP;MEDIUM;Pepper Adams;LATIN;2;51;1;52;2;25;6;8,6,6,4,4,3;10101111,101111,101101,1111,1111,110
354_38;line;HARDBOP;MEDIUM;Pepper Adams;LATIN;3;52;3;54;4;40;10;4,4,6,4,4,4,4,5,5,4;0011,1111,111110,1111,0111,1111,1111,11111,11111,1111
354_39;lick;HARDBOP;MEDIUM;Pepper Adams;LATIN;1;55;1;55;3;10;3;2,6,4;01,111101,1111
354_40;lick;HARDBOP;MEDIUM;Pepper Adams;LATIN;2;55;4;56;2;10;3;6,6,4;000011,011111,0111
354_41;lick;HARDBOP;MEDIUM;Pepper Adams;LATIN;2;56;3;57;1;6;3;2,4,4;01,1001,1110
354_42;line;HARDBOP;MEDIUM;Pepper Adams;LATIN;2;57;2;58;1;14;4;5,4,6,4;01111,1111,011011,0110
354_43;lick;HARDBOP;MEDIUM;Pepper Adams;LATIN;2;58;2;59;3;18;6;4,6,4,4,3,4;0001,011011,0111,0111,111,1111
354_44;line;HARDBOP;MEDIUM;Pepper Adams;LATIN;3;59;4;61;1;22;6;8,6,4,6,3,6;00000011,010111,1111,011110,111,111110
354_45;line;HARDBOP;MEDIUM;Pepper Adams;LATIN;2;61;3;62;2;14;4;4,4,6,6;1111,1111,111011,010001
354_46;line;HARDBOP;MEDIUM;Pepper Adams;LATIN;3;62;2;64;1;31;8;6,6,6,8,5,6,6,4;010001,011011,011011,01010011,01111,111111,111110,1110
356_1;lick;HARDBOP;MEDIUM;Pepper Adams;SWING;3;1;2;3;4;25;11;2,4,6,6,5,1,2,4,6,2,1;11,1100,001111,111100,01001,1,11,0110,010111,01,1
356_2;lick;HARDBOP;MEDIUM;Pepper Adams;SWING;2;4;2;5;1;11;4;4,4,1,3;1111,1111,1,110
356_3;line;HARDBOP;MEDIUM;Pepper Adams;SWING;5;5;4;9;1;49;14;6,4,6,6,4,3,6,4,3,4,6,4,2,1;111011,1111,101011,010111,1111,111,101011,1111,111,0111,111011,0111,11,1
356_4;line;HARDBOP;MEDIUM;Pepper Adams;SWING;3;9;2;11;1;27;8;4,4,4,4,4,4,4,1;0011,1111,1111,1111,1111,1111,1111,1
356_5;line;HARDBOP;MEDIUM;Pepper Adams;SWING;2;11;2;12;4;24;7;8,4,6,6,6,6,2;00000101,1111,101011,011011,011011,100111,11
356_6;line;HARDBOP;MEDIUM;Pepper Adams;SWING;3;13;1;15;2;37;10;4,6,4,5,5,4,4,4,5,1;0001,110011,1111,11111,11111,1111,1111,1111,11111,1
356_7;line;HARDBOP;MEDIUM;Pepper Adams;SWING;3;15;3;17;1;23;7;4,6,6,4,3,6,1;0111,111011,011111,1100,011,111101,1
357_1;line;HARDBOP;UP;Pepper Adams;SWING;6;-3;3;2;4;42;22;2,2,2,2,2,4,3,2,2,2,2,3,2,2,3,2,4,3,3,2,2,1;11,11,11,11,11,1101,011,01,11,11,01,111,11,01,011,01,1011,011,011,11,11,1
357_2;line;HARDBOP;UP;Pepper Adams;SWING;6;3;2;8;4;39;22;4,2,3,2,3,2,2,4,2,2,2,2,3,2,2,3,2,2,1,2,4,1;0001,01,111,11,011,11,01,1001,11,11,11,11,011,11,01,011,11,11,1,11,1100,1
357_3;line;HARDBOP;UP;Pepper Adams;SWING;2;9;3;10;3;11;5;2,2,2,2,3;11,11,11,11,111
357_4;line;HARDBOP;UP;Pepper Adams;SWING;2;11;3;12;3;9;5;1,3,2,2,2;1,111,01,11,11
357_5;line;HARDBOP;UP;Pepper Adams;SWING;3;13;2;15;1;15;8;2,4,2,2,2,2,2,1;11,1011,01,11,11,11,11,1
357_6;lick;HARDBOP;UP;Pepper Adams;SWING;2;15;3;16;3;11;5;2,4,2,2,4;11,1101,11,11,1001
357_7;line;HARDBOP;UP;Pepper Adams;SWING;2;17;1;18;3;12;7;2,2,2,2,3,2,2;01,11,11,11,110,01,11
357_8;lick;HARDBOP;UP;Pepper Adams;SWING;2;19;2;20;1;5;4;4,1,4,1;0001,1,1001,1
357_9;line;HARDBOP;UP;Pepper Adams;SWING;3;20;3;22;1;10;6;2,1,2,2,2,1;11,1,11,11,11,1
357_10;line;HARDBOP;UP;Pepper Adams;SWING;2;22;3;23;2;7;4;3,1,2,2;011,1,11,11
357_11;line;HARDBOP;UP;Pepper Adams;SWING;2;23;4;24;3;7;4;2,2,3,2;01,11,011,11
357_12;line;HARDBOP;UP;Pepper Adams;SWING;2;25;2;26;3;10;6;2,2,2,1,2,1;11,11,11,1,11,1
357_13;line;HARDBOP;UP;Pepper Adams;SWING;3;27;1;29;1;14;9;4,2,3,2,4,2,2,2,1;0001,01,111,11,1001,01,01,11,1
357_14;line;HARDBOP;UP;Pepper Adams;SWING;4;29;4;32;3;22;12;2,2,2,3,2,2,2,1,2,2,2,2;11,11,11,011,11,11,11,1,01,11,11,11
357_15;line;HARDBOP;UP;Pepper Adams;SWING;2;33;2;34;4;13;7;2,2,2,2,2,2,1;11,11,11,11,11,11,1
357_16;line;HARDBOP;UP;Pepper Adams;SWING;4;35;3;38;2;25;12;4,2,3,2,2,2,3,2,2,2,2,2;1001,11,011,11,11,11,111,11,11,11,11,11
357_17;line;HARDBOP;UP;Pepper Adams;SWING;3;39;2;41;3;19;10;2,2,4,2,4,2,2,4,2,2;11,11,1011,01,1101,11,01,1001,01,11
357_18;line;HARDBOP;UP;Pepper Adams;SWING;2;42;1;43;3;9;7;4,2,2,1,1,2,1;0001,01,11,1,1,11,1
357_19;line;HARDBOP;UP;Pepper Adams;SWING;1;44;1;44;4;8;4;2,3,2,1;11,111,11,1
357_20;line;HARDBOP;UP;Pepper Adams;SWING;3;45;4;47;1;11;6;2,2,2,2,2,1;11,11,11,11,11,1
357_21;line;HARDBOP;UP;Pepper Adams;SWING;3;47;4;49;1;12;6;4,1,3,1,2,3;1101,1,111,1,11,110
357_22;lick;HARDBOP;UP;Pepper Adams;SWING;2;50;1;51;1;8;5;2,2,2,2,1;11,11,01,11,1
357_23;lick;HARDBOP;UP;Pepper Adams;SWING;2;51;4;52;3;9;4;2,4,4,2;11,1101,0110,11
357_24;line;HARDBOP;UP;Pepper Adams;SWING;4;53;3;56;4;25;13;2,2,2,2,2,2,2,2,3,2,4,1,1;11,11,11,11,11,11,01,11,111,11,1011,1,1
357_25;lick;HARDBOP;UP;Pepper Adams;SWING;2;57;3;58;2;8;4;2,2,4,2;11,11,0011,11
357_26;line;HARDBOP;UP;Pepper Adams;SWING;2;59;1;60;2;12;6;2,4,2,3,3,2;11,1011,01,111,011,01
357_27;line;HARDBOP;UP;Pepper Adams;SWING;5;61;2;65;3;35;18;2,2,3,3,2,2,2,2,2,2,2,2,2,2,4,2,2,1;11,11,111,011,11,01,11,11,11,11,11,11,11,11,1011,01,11,1
357_28;line;HARDBOP;UP;Pepper Adams;SWING;4;66;1;69;1;25;13;3,2,2,2,2,2,2,2,2,4,2,1,1;011,11,11,11,11,11,11,11,11,1011,11,1,1
357_29;line;HARDBOP;UP;Pepper Adams;SWING;2;69;4;70;3;9;4;4,2,3,1;1101,11,111,1
357_30;lick;HARDBOP;UP;Pepper Adams;SWING;2;71;1;72;3;9;7;2,1,1,2,1,3,1;01,1,1,11,1,011,1
357_31;lick;HARDBOP;UP;Pepper Adams;SWING;2;73;1;74;3;10;6;4,3,4,4,2,2;0001,011,0001,0111,01,11
357_32;line;HARDBOP;UP;Pepper Adams;SWING;3;75;1;77;3;21;11;2,2,2,2,4,2,2,2,2,2,2;01,11,11,11,1011,01,11,11,11,11,11
357_33;line;HARDBOP;UP;Pepper Adams;SWING;3;78;2;80;3;16;10;4,2,2,2,2,4,2,2,2,1;0001,01,11,11,11,1001,01,11,11,1
357_35;line;HARDBOP;UP;Pepper Adams;SWING;4;85;3;88;3;25;12;2,4,3,2,3,3,2,2,4,2,2,2;11,0111,011,11,110,111,01,11,1101,01,11,11
357_36;lick;HARDBOP;UP;Pepper Adams;SWING;2;89;3;90;4;12;6;2,2,1,3,4,1;11,11,1,111,0111,1
357_37;line;HARDBOP;UP;Pepper Adams;SWING;2;91;3;92;4;12;6;3,4,4,1,3,1;110,1110,1001,1,111,1
357_38;line;HARDBOP;UP;Pepper Adams;SWING;6;93;3;98;3;43;21;2,2,3,2,1,2,2,2,4,2,4,2,3,2,2,2,2,2,3,2,2;11,11,111,01,1,11,11,11,1110,11,1001,11,111,11,11,11,11,11,011,11,11
357_39;line;HARDBOP;UP;Pepper Adams;SWING;2;99;2;100;3;11;6;2,3,2,2,2,4;11,111,01,01,11,1001
357_40;line;HARDBOP;UP;Pepper Adams;SWING;3;101;2;103;3;17;10;2,2,2,2,2,2,2,2,2,1;11,11,11,11,11,11,01,01,11,1
357_41;line;HARDBOP;UP;Pepper Adams;SWING;3;104;1;106;4;22;12;2,4,2,2,2,2,3,2,2,2,2,1;01,1101,11,11,11,11,110,11,01,11,11,1
357_42;line;HARDBOP;UP;Pepper Adams;SWING;2;107;2;108;1;8;4;2,4,1,2;11,1101,1,11
357_43;line;HARDBOP;UP;Pepper Adams;SWING;2;108;4;109;3;8;4;2,3,2,3;01,111,11,110
357_44;line;HARDBOP;UP;Pepper Adams;SWING;2;110;1;111;2;8;6;4,2,2,2,1,1;0001,11,01,11,1,1
357_45;line;HARDBOP;UP;Pepper Adams;SWING;2;111;4;112;4;9;5;4,3,2,3,2;0001,011,11,011,11
357_46;lick;HARDBOP;UP;Pepper Adams;SWING;2;114;3;115;4;10;5;4,2,2,1,2;0111,11,11,1,11
357_47;lick;HARDBOP;UP;Pepper Adams;SWING;3;116;3;118;2;15;8;4,3,4,2,4,2,3,1;1011,110,0001,01,1011,01,111,1
357_48;line;HARDBOP;UP;Pepper Adams;SWING;3;118;4;120;3;14;8;2,3,2,1,2,2,4,2;11,111,01,1,11,01,1101,01
357_49;line;HARDBOP;UP;Pepper Adams;SWING;2;121;2;122;2;11;5;2,3,4,3,2;01,110,1011,111,11
357_50;line;HARDBOP;UP;Pepper Adams;SWING;3;122;4;124;4;17;9;4,2,4,3,2,2,2,4,1;0001,11,1111,011,11,01,01,1011,1
357_51;line;HARDBOP;UP;Pepper Adams;SWING;3;125;2;127;1;17;8;2,4,2,6,2,2,2,2;11,1110,11,100011,01,11,11,11
357_52;lick;HARDBOP;UP;Pepper Adams;SWING;2;127;4;128;4;8;5;2,2,3,2,1;11,11,110,01,1
358_1;lick;HARDBOP;MEDIUM SLOW;Pepper Adams;SWING;4;-15;2;-12;2;32;13;2,2,5,2,2,2,5,2,4,2,2,2,2;11,11,10111,11,11,11,10111,11,1111,11,11,11,11
358_2;lick;HARDBOP;MEDIUM SLOW;Pepper Adams;SWING;4;-11;2;-8;2;34;13;4,6,2,3,2,2,4,4,3,4,4,4,3;0001,010101,01,111,01,11,1111,1100,111,1111,1111,0111,111
358_3;lick;HARDBOP;MEDIUM SLOW;Pepper Adams;SWING;2;-8;4;-7;1;5;2;6,4;001101,0110
358_4;line;HARDBOP;MEDIUM SLOW;Pepper Adams;SWING;2;-7;3;-6;1;8;3;4,3,1;1111,111,1
358_5;line;HARDBOP;MEDIUM SLOW;Pepper Adams;SWING;2;-6;2;-5;3;15;6;5,5,8,6,1,4;00111,01111,10010001,100001,1,0110
358_7;lick;HARDBOP;MEDIUM SLOW;Pepper Adams;SWING;2;-3;1;-2;1;11;5;4,6,4,6,1;0001,100101,1101,010011,1
358_8;lick;HARDBOP;MEDIUM SLOW;Pepper Adams;SWING;1;-2;2;-2;4;9;3;6,4,4;001111,0111,0110
358_9;line;HARDBOP;MEDIUM SLOW;Pepper Adams;SWING;3;-1;2;1;1;23;8;5,4,8,3,5,4,4,1;01111,1111,10100101,011,10111,1001,1001,1
359_1;line;BEBOP;UP;Phil Woods;SWING;8;-1;1;6;1;58;29;6,2,2,2,2,2,2,2,2,2,2,2,2,2,2,2,2,2,2,3,4,4,2,2,2,2,1,2,2;000101,01,11,11,11,11,11,11,11,11,11,11,11,11,11,11,11,11,11,011,0111,1011,11,11,11,11,1,11,11
359_2;lick;BEBOP;UP;Phil Woods;SWING;6;6;4;11;3;37;20;2,2,2,1,2,2,2,1,2,2,1,2,2,2,1,2,2,4,2,2;11,11,11,1,11,11,11,1,11,11,1,11,11,11,1,11,11,1101,11,11
359_3;line;BEBOP;UP;Phil Woods;SWING;8;12;2;19;1;52;28;2,3,2,2,2,2,2,2,2,2,2,4,2,2,2,2,2,2,2,2,1,1,4,1,5,2,2,1;01,111,11,11,11,11,11,11,11,11,11,1001,11,11,11,11,11,01,11,11,1,1,1001,1,01011,11,11,1
359_4;line;BEBOP;UP;Phil Woods;SWING;4;19;3;22;1;21;11;4,2,2,2,2,2,2,1,3,2,2;0011,11,11,11,11,11,11,1,110,11,11
359_5;line;BEBOP;UP;Phil Woods;SWING;4;22;3;25;4;26;14;4,2,2,2,2,2,2,2,3,2,1,2,2,1;0001,11,11,11,11,11,11,11,111,11,1,11,11,1
359_6;lick;BEBOP;UP;Phil Woods;SWING;3;26;1;28;1;13;9;2,4,1,2,2,1,2,2,1;01,0111,1,11,11,1,01,01,1
359_7;line;BEBOP;UP;Phil Woods;SWING;4;28;2;31;2;24;13;2,2,2,2,3,2,2,2,2,2,2,4,2;01,11,11,11,110,11,11,01,11,11,11,1100,11
359_8;lick;BEBOP;UP;Phil Woods;SWING;4;32;3;35;4;23;12;1,2,2,2,2,3,3,2,2,2,2,2;1,11,11,01,11,011,111,11,11,11,11,11
359_9;lick;BEBOP;UP;Phil Woods;SWING;6;36;3;41;4;34;22;2,2,2,2,2,2,2,2,2,2,1,1,1,1,1,2,2,2,2,2,2,2;01,11,01,11,01,11,01,11,01,11,1,1,1,1,1,11,11,11,11,11,11,11
359_10;lick;BEBOP;UP;Phil Woods;SWING;2;42;3;43;3;9;5;2,3,2,2,1;01,111,11,11,1
359_11;line;BEBOP;UP;Phil Woods;SWING;5;44;1;48;1;32;17;2,4,2,2,2,2,2,2,2,2,2,2,4,2,1,1,2;01,0111,11,11,11,11,11,11,11,11,11,11,1001,11,1,1,11
359_12;lick;BEBOP;UP;Phil Woods;SWING;3;48;4;50;4;11;8;3,4,4,1,1,1,4,1;110,0001,1100,1,1,1,1100,1
359_13;lick;BEBOP;UP;Phil Woods;SWING;4;51;1;54;2;25;13;4,4,2,2,2,2,2,2,2,1,4,4,2;0001,1101,11,11,11,11,11,11,11,1,1001,0011,11
359_14;line;BEBOP;UP;Phil Woods;SWING;3;55;1;57;4;24;12;2,2,2,2,2,4,4,4,2,1,4,2;01,11,11,11,11,1001,1011,1011,11,1,1001,11
359_15;lick;BEBOP;UP;Phil Woods;SWING;3;58;3;60;2;15;8;3,2,3,2,4,2,2,2;011,11,011,11,0011,11,01,11
359_16;line;BEBOP;UP;Phil Woods;SWING;5;60;4;64;1;28;14;6,4,2,2,2,2,2,2,2,2,2,2,2,2;000111,0011,01,11,11,11,11,11,11,11,11,11,11,11
359_17;line;BEBOP;UP;Phil Woods;SWING;8;64;4;71;3;48;28;4,2,2,3,2,2,3,2,1,1,2,2,1,2,4,2,1,1,2,4,1,2,4,4,2,2,2,4;0001,01,11,011,11,11,111,11,1,1,11,01,1,11,0110,11,1,1,11,0110,1,11,0111,0001,11,11,11,1001
359_18;lick;BEBOP;UP;Phil Woods;SWING;4;72;1;75;4;20;12;4,1,4,2,2,2,2,1,4,2,2,2;0001,1,0011,11,11,11,01,1,0011,11,11,11
359_19;line;BEBOP;UP;Phil Woods;SWING;3;76;2;78;2;16;9;2,2,2,2,2,2,1,4,2;01,11,11,11,11,11,1,1001,11
359_20;line;BEBOP;UP;Phil Woods;SWING;4;78;4;81;4;25;13;2,2,2,2,2,2,2,2,2,2,2,4,2;01,11,11,11,11,11,11,11,11,11,11,1001,11
359_21;lick;BEBOP;UP;Phil Woods;SWING;9;82;4;90;1;44;28;2,1,1,1,2,1,1,1,2,2,1,1,1,2,4,4,2,2,2,2,4,1,2,2,3,1,2,2;01,1,1,1,01,1,1,1,01,11,1,1,1,11,1001,1011,11,11,11,11,1001,1,11,11,111,1,11,11
359_22;line;BEBOP;UP;Phil Woods;SWING;5;90;4;94;3;32;16;2,2,2,2,2,2,2,2,3,2,3,2,2,4,2,2;01,11,11,11,11,11,11,11,011,11,011,11,11,1011,11,11
359_23;lick;BEBOP;UP;Phil Woods;SWING;4;95;1;98;2;24;13;2,2,4,1,6,2,1,1,2,2,2,4,6;01,11,1011,1,000011,11,1,1,01,11,11,1011,010011
359_24;lick;BEBOP;UP;Phil Woods;SWING;1;99;1;99;4;7;4;2,2,2,2;01,11,11,11
359_25;line;BEBOP;UP;Phil Woods;SWING;4;100;4;103;4;29;13;2,4,2,2,4,2,2,5,2,4,2,4,1;01,1011,11,11,1011,11,11,10111,01,1011,11,1011,1
359_26;line;BEBOP;UP;Phil Woods;SWING;4;104;1;107;3;26;14;4,2,2,2,2,1,2,4,2,2,2,2,2,2;0001,11,11,11,11,1,11,1001,11,11,11,11,11,11
359_27;lick;BEBOP;UP;Phil Woods;SWING;2;108;1;109;1;9;5;2,3,2,2,1;01,111,11,11,1
360_1;lick;BEBOP;UP;Phil Woods;SWING;5;1;3;5;3;23;17;4,4,2,2,2,1,2,2,2,2,2,2,2,1,4,2,2;1001,0001,01,01,01,1,11,01,01,01,11,11,11,1,0001,01,11
360_2;lick;BEBOP;UP;Phil Woods;SWING;4;5;4;8;4;18;11;2,2,2,2,2,4,2,2,2,3,1;01,11,11,11,01,1001,01,11,11,011,1
360_3;lick;BEBOP;UP;Phil Woods;SWING;4;9;3;12;2;22;12;2,2,2,2,2,2,2,2,2,1,2,2;01,11,11,11,11,11,11,11,11,1,11,11
360_4;line;BEBOP;UP;Phil Woods;SWING;4;12;3;15;2;18;10;2,2,2,1,4,2,4,1,2,1;01,11,11,1,1101,11,1011,1,11,1
360_5;lick;BEBOP;UP;Phil Woods;SWING;4;15;3;18;1;20;11;3,2,2,2,2,2,1,3,2,1,4;011,11,01,11,01,11,1,111,11,1,1110
360_6;line;BEBOP;UP;Phil Woods;SWING;3;18;3;20;3;15;9;2,2,2,2,2,1,2,2,1;01,11,11,11,11,1,11,11,1
360_7;line;BEBOP;UP;Phil Woods;SWING;2;21;1;22;3;13;7;2,2,2,2,2,2,2;01,11,11,11,11,11,11
360_8;line;BEBOP;UP;Phil Woods;SWING;8;22;4;29;1;51;26;2,2,2,2,2,2,2,2,2,4,4,3,2,2,2,2,2,4,1,2,2,2,4,3,1,4;01,11,11,11,11,11,11,11,11,1011,0001,011,11,11,11,11,11,1001,1,11,11,11,1011,111,1,1001
360_9;line;BEBOP;UP;Phil Woods;SWING;3;30;1;32;2;20;10;2,2,2,2,2,2,2,2,2,2;11,11,11,11,11,11,11,11,11,11
361_2;lick;BEBOP;UP;Phil Woods;SWING;3;5;3;7;3;10;8;4,1,1,1,2,2,2,4;0001,1,1,1,11,01,01,1001
361_3;lick;BEBOP;UP;Phil Woods;SWING;5;8;3;12;1;27;15;4,3,1,2,2,2,2,4,3,2,1,4,2,2,1;0001,111,1,11,11,11,01,0011,111,11,1,1011,11,01,1
361_4;lick;BEBOP;UP;Phil Woods;SWING;3;12;4;14;4;15;9;2,2,1,2,2,1,2,2,1;11,11,1,11,11,1,11,11,1
361_5;lick;BEBOP;UP;Phil Woods;SWING;2;15;2;16;2;8;5;2,2,2,1,1;11,11,11,1,1
361_6;lick;BEBOP;UP;Phil Woods;SWING;4;16;4;19;1;16;10;2,2,1,2,2,2,2,2,1,1;01,11,1,11,11,11,11,11,1,1
361_7;lick;BEBOP;UP;Phil Woods;SWING;2;19;2;20;4;12;7;2,2,2,2,2,2,1;01,11,11,11,11,11,1
361_8;lick;BEBOP;UP;Phil Woods;SWING;4;21;1;24;3;25;15;2,1,1,4,4,1,4,3,1,1,2,2,2,2,1;01,1,1,0011,1011,1,0011,111,1,1,11,11,11,11,1
361_9;lick;BEBOP;UP;Phil Woods;SWING;8;24;4;31;1;29;20;3,2,4,4,1,1,1,1,2,4,2,2,1,2,2,1,2,2,2,1;011,01,1001,0001,1,1,1,1,11,0011,11,01,1,11,01,1,11,11,11,1
361_10;lick;BEBOP;UP;Phil Woods;SWING;2;31;2;32;4;13;7;2,4,2,1,2,4,1;01,1011,11,1,11,1011,1
362_1;line;BEBOP;UP;Phil Woods;SWING;13;1;1;13;1;100;49;2,3,2,2,2,2,2,2,2,2,4,2,2,2,2,4,3,2,2,2,2,2,2,2,1,2,2,2,3,4,2,2,2,2,2,2,2,2,2,2,2,4,2,2,4,2,2,2,1;01,111,11,11,11,11,11,11,11,11,1101,11,11,01,11,1001,111,11,11,11,11,11,11,11,1,11,11,11,111,1011,01,11,11,11,11,11,11,11,11,11,11,1011,11,11,1011,11,11,11,1
362_2;line;BEBOP;UP;Phil Woods;SWING;4;13;4;16;2;19;11;2,2,2,2,1,1,4,2,2,2,1;11,11,11,11,1,1,1011,01,11,11,1
362_3;line;BEBOP;UP;Phil Woods;SWING;5;16;4;20;3;31;16;2,2,2,2,2,2,2,2,2,4,2,1,2,2,2,2;01,11,11,11,11,11,11,11,11,1111,11,1,11,11,01,11
362_4;line;BEBOP;UP;Phil Woods;SWING;4;21;1;24;1;30;13;2,4,3,2,4,2,2,2,1,4,2,3,2;01,1110,111,11,1011,11,11,11,1,1111,11,111,11
362_6;line;BEBOP;UP;Phil Woods;SWING;6;28;4;33;1;34;17;2,2,2,2,2,2,2,2,2,1,2,2,1,4,4,3,1;11,11,11,11,11,11,11,11,11,1,11,01,1,0111,1111,111,1
363_1;line;BEBOP;UP;Phil Woods;SWING;5;-2;4;2;2;29;15;2,2,2,1,2,2,2,2,2,2,2,2,2,3,2;11,11,11,1,11,11,11,11,11,11,11,11,11,011,11
363_2;line;BEBOP;UP;Phil Woods;SWING;5;2;4;6;1;25;14;4,2,1,2,2,4,2,2,2,2,3,2,2,2;0001,11,1,11,11,0001,11,11,11,11,011,11,11,11
363_3;line;BEBOP;UP;Phil Woods;SWING;2;6;3;7;3;10;5;2,3,2,2,2;11,011,11,11,11
363_4;line;BEBOP;UP;Phil Woods;SWING;3;7;4;9;3;15;8;2,2,2,2,3,3,3,1;01,11,11,11,011,011,111,1
363_5;lick;BEBOP;UP;Phil Woods;SWING;2;9;4;10;1;4;2;2,2;11,11
363_6;lick;BEBOP;UP;Phil Woods;SWING;1;10;3;10;4;4;2;2,2;11,11
363_7;lick;BEBOP;UP;Phil Woods;SWING;1;11;2;11;3;4;2;2,2;11,11
363_8;line;BEBOP;UP;Phil Woods;SWING;8;12;1;19;1;57;29;2,2,2,2,2,2,3,2,2,2,2,2,2,2,2,2,2,2,2,3,2,3,2,2,2,2,2,2,1;11,11,11,11,01,11,111,11,11,11,11,11,11,11,11,11,11,11,11,011,11,011,11,11,11,11,11,11,1
363_9;lick;BEBOP;UP;Phil Woods;SWING;6;19;3;24;3;23;18;2,2,2,2,2,1,1,2,2,4,1,1,2,2,1,4,2,1;01,11,01,11,01,1,1,01,11,0001,1,1,01,11,1,0001,11,1
363_10;line;BEBOP;UP;Phil Woods;SWING;8;25;1;32;1;53;28;1,2,2,4,3,2,1,2,3,2,1,2,2,1,2,2,2,2,2,2,3,2,1,2,2,2,2,2;1,11,11,1101,111,11,1,11,011,11,1,11,11,1,11,11,11,11,11,11,011,11,1,11,11,11,11,11
363_12;line;BEBOP;UP;Phil Woods;SWING;8;39;3;46;3;52;29;2,2,2,2,2,2,2,1,3,2,2,2,2,2,1,2,2,2,2,2,2,1,4,1,1,2,2,2,1;11,11,11,11,01,11,11,1,111,11,11,01,11,11,1,11,11,11,11,11,11,1,1011,1,1,11,11,11,1
363_13;line;BEBOP;UP;Phil Woods;SWING;4;47;1;50;4;26;15;2,2,2,3,1,2,2,6,2,1,4,2,2,2,2;01,11,11,011,1,11,11,010001,11,1,1011,01,01,11,11
363_14;line;BEBOP;UP;Phil Woods;SWING;10;51;3;60;3;71;37;4,4,2,2,2,2,2,4,2,2,2,2,2,2,2,2,6,2,4,3,1,2,2,4,2,2,2,1,2,2,2,4,2,2,2,2,1;0001,0111,11,11,01,11,11,0011,11,11,11,11,11,11,11,11,011011,11,1111,011,1,11,11,0001,11,11,11,1,11,11,11,0001,11,11,11,01,1
363_15;lick;BEBOP;UP;Phil Woods;SWING;3;61;1;63;4;13;8;1,4,1,1,4,2,1,1;1,1101,1,1,1011,11,1,1
363_16;line;BEBOP;UP;Phil Woods;SWING;8;64;3;71;1;50;27;2,2,2,2,4,4,2,2,2,2,2,2,2,2,2,2,2,4,2,3,2,2,2,1,2,3,2;01,11,11,11,1001,0110,11,11,11,01,11,11,11,11,01,01,01,1111,11,011,11,11,11,1,11,011,11
363_17;lick;BEBOP;UP;Phil Woods;SWING;5;71;3;75;4;26;15;2,4,2,4,4,2,2,2,1,2,4,2,2,2,3;01,1011,11,1001,0001,01,11,01,1,11,1001,11,11,11,011
363_18;lick;BEBOP;UP;Phil Woods;SWING;5;76;2;80;1;27;16;2,2,2,4,1,2,3,2,2,1,2,2,2,2,1,2;11,11,11,0001,1,11,011,11,01,1,11,11,11,11,1,11
363_19;lick;BEBOP;UP;Phil Woods;SWING;8;80;4;87;2;45;25;2,1,2,1,2,2,2,2,1,4,2,2,3,4,2,2,2,1,2,2,2,2,2,2,2;11,1,11,1,11,01,11,11,1,0110,11,01,011,1101,11,11,11,1,11,11,11,11,11,11,11
363_20;line;BEBOP;UP;Phil Woods;SWING;4;88;3;91;1;20;11;2,2,2,2,2,2,2,2,1,2,2;01,11,11,11,11,11,11,11,1,11,11
363_21;lick;BEBOP;UP;Phil Woods;SWING;3;91;3;93;2;14;8;4,2,2,4,2,4,1,2;0001,11,11,1101,01,1100,1,11
363_22;line;BEBOP;UP;Phil Woods;SWING;8;94;1;101;1;54;29;2,2,2,2,3,1,2,2,2,2,2,2,1,4,2,4,4,4,4,3,1,2,1,2,4,3,2,4,2;11,11,11,11,111,1,11,11,11,11,11,11,1,0001,01,0001,0111,1101,0001,011,1,01,1,01,1111,111,01,0111,11
363_23;lick;BEBOP;UP;Phil Woods;SWING;7;101;3;107;2;36;23;1,2,2,2,4,2,1,2,4,2,2,2,1,2,2,2,4,1,2,2,2,3,2;1,11,11,11,1011,11,1,11,1001,01,01,11,1,11,01,01,1001,1,01,01,11,110,01
363_24;lick;BEBOP;UP;Phil Woods;SWING;9;108;1;116;4;65;33;2,2,1,2,4,2,2,2,2,2,2,2,2,4,2,2,2,2,2,2,2,2,3,2,2,4,2,2,1,4,3,4,4;01,11,1,11,1101,11,11,11,11,11,11,11,11,1001,11,11,11,11,11,11,11,11,011,11,11,0001,11,11,1,0001,011,1111,1101
363_25;line;BEBOP;UP;Phil Woods;SWING;13;117;3;129;1;85;47;2,4,1,2,4,1,2,4,2,2,2,2,3,3,2,1,2,2,2,1,6,2,2,6,2,2,2,1,1,2,1,1,1,4,2,2,3,2,3,1,1,3,2,2,2,2,2;01,0111,1,01,1111,1,01,0111,11,11,11,11,011,011,11,1,11,11,11,1,110011,11,11,010011,11,11,11,1,1,11,1,1,1,1101,11,01,011,11,011,1,1,011,01,11,01,11,11
364_1;lick;BEBOP;MEDIUM;Phil Woods;SWING;4;0;1;3;2;20;14;2,2,2,1,4,1,1,2,2,2,2,2,1,1;01,01,11,1,1100,1,1,11,01,11,11,11,1,1
364_2;lick;BEBOP;MEDIUM;Phil Woods;SWING;3;3;3;5;2;14;7;2,3,4,6,2,1,1;01,011,0111,011110,11,1,1
364_3;lick;BEBOP;MEDIUM;Phil Woods;SWING;3;5;3;7;2;8;6;6,2,2,2,1,1;000001,01,11,11,1,1
364_5;lick;BEBOP;MEDIUM;Phil Woods;SWING;4;10;2;13;4;25;12;3,4,4,2,1,2,2,2,4,6,3,1;111,1100,1101,11,1,11,11,11,1011,100001,011,1
364_6;line;BEBOP;MEDIUM;Phil Woods;SWING;2;14;1;15;2;12;6;4,3,8,3,3,2;0001,011,10010011,011,110,01
364_8;lick;BEBOP;MEDIUM;Phil Woods;SWING;4;21;4;24;1;21;10;4,2,2,6,2,2,2,2,2,4;1001,11,11,100101,01,11,11,11,11,1101
364_9;lick;BEBOP;MEDIUM;Phil Woods;SWING;6;24;3;29;1;34;18;2,1,1,2,6,4,2,2,1,2,2,2,4,2,2,4,2,4;01,1,1,11,100011,0001,01,01,1,11,11,11,1111,11,11,1111,11,1001
364_10;lick;BEBOP;MEDIUM;Phil Woods;SWING;2;29;4;30;4;7;5;2,2,2,1,1;01,11,11,1,1
364_11;lick;BEBOP;MEDIUM;Phil Woods;SWING;5;31;2;35;3;35;18;2,2,4,3,2,4,1,4,2,3,2,2,2,2,2,2,2,2;01,11,1001,110,11,0111,1,1100,01,111,11,11,11,11,11,11,11,11
364_13;lick;BEBOP;MEDIUM;Phil Woods;SWING;2;38;1;39;2;10;6;2,2,2,4,2,2;01,01,11,1001,11,11
364_14;line;BEBOP;MEDIUM;Phil Woods;SWING;2;40;1;41;2;19;6;4,4,4,6,3,1;0111,1111,1111,011101,111,1
364_15;line;BEBOP;MEDIUM;Phil Woods;SWING;1;41;3;41;4;7;2;4,4;0111,1111
364_16;line;BEBOP;MEDIUM;Phil Woods;SWING;1;42;2;42;4;8;3;4,4,1;0111,1111,1
364_17;line;BEBOP;MEDIUM;Phil Woods;SWING;1;43;1;43;4;12;4;4,4,4,1;0111,1111,1111,1
364_18;line;BEBOP;MEDIUM;Phil Woods;SWING;5;44;1;48;2;74;18;4,4,4,4,4,4,6,4,4,4,6,4,4,8,6,8,5,4;0111,1111,1111,1111,1111,1111,011101,1111,1111,0111,111011,0111,1111,10101011,011111,01011011,11111,1111
364_19;lick;BEBOP;MEDIUM;Phil Woods;SWING;2;48;4;49;4;10;5;2,4,4,2,1;01,1101,1101,11,1
364_20;lick;BEBOP;MEDIUM;Phil Woods;SWING;2;50;1;51;3;14;7;4,2,4,1,4,2,6;0001,01,0111,1,1101,11,100101
364_21;lick;BEBOP;MEDIUM;Phil Woods;SWING;6;52;1;57;3;40;23;2,3,2,3,1,2,4,1,2,2,1,2,2,1,2,6,1,2,2,1,2,4,4;01,011,11,111,1,11,1001,1,11,11,1,11,11,1,11,010001,1,11,11,1,11,1001,1001
364_27;lick;BEBOP;MEDIUM;Phil Woods;SWING;6;69;3;74;4;37;21;6,2,2,2,4,2,1,4,1,4,1,4,1,4,1,3,1,6,4,2,2;000001,01,11,11,1111,11,1,0011,1,0011,1,0011,1,0011,1,011,1,011001,0011,11,11
364_29;lick;BEBOP;MEDIUM;Phil Woods;SWING;5;81;3;85;1;35;14;6,2,2,2,2,4,2,4,2,4,2,6,2,1;100101,01,11,11,11,1111,11,1111,11,1111,11,111101,01,1
365_1;line;HARDBOP;UP;Red Garland;SWING;9;1;3;9;1;58;31;2,2,2,2,2,2,2,1,2,2,1,2,2,3,2,2,2,2,2,2,2,2,2,2,2,2,2,2,2,3,1;11,11,11,11,11,11,11,1,11,11,1,11,11,011,01,11,11,11,11,11,11,11,11,11,11,11,11,11,11,011,1
365_2;lick;HARDBOP;UP;Red Garland;SWING;5;9;2;13;3;24;16;2,1,1,2,1,1,2,1,1,2,2,1,2,3,2,2;11,1,1,11,1,1,11,1,1,11,01,1,11,011,11,11
365_3;line;HARDBOP;UP;Red Garland;SWING;6;13;4;18;4;40;21;2,2,2,2,2,2,2,2,2,2,2,2,2,2,2,2,2,2,2,1,2;01,11,11,11,11,11,11,11,11,11,11,11,11,11,11,11,11,11,11,1,11
365_4;line;HARDBOP;UP;Red Garland;SWING;11;19;4;29;4;67;38;2,2,2,2,2,2,2,2,2,1,2,2,2,2,1,2,2,2,2,2,2,2,2,2,4,2,2,2,2,4,2,2,2,2,2,3,1,1;11,11,11,11,11,01,11,11,01,1,11,11,11,11,1,01,11,11,01,11,11,11,11,11,1001,01,11,11,11,1001,01,11,11,11,11,111,1,1
365_5;lick;HARDBOP;UP;Red Garland;SWING;2;30;3;31;3;9;5;1,4,2,2,2;1,1001,11,11,11
365_6;lick;HARDBOP;UP;Red Garland;SWING;8;32;4;39;3;47;26;1,1,2,4,2,4,2,2,2,2,2,2,2,3,2,2,3,2,2,2,2,2,2,2,2,1;1,1,11,0001,11,1101,01,01,11,11,11,11,11,111,11,11,011,11,11,11,01,11,11,11,11,1
365_7;line;HARDBOP;UP;Red Garland;SWING;4;40;4;43;1;18;10;2,2,2,2,2,3,1,3,3,1;01,11,11,11,11,011,1,111,011,1
365_8;line;HARDBOP;UP;Red Garland;SWING;7;43;3;49;1;46;23;2,2,1,4,2,2,2,2,2,2,2,2,1,2,2,2,2,2,2,2,4,4,2;11,11,1,1011,11,11,11,11,11,11,11,11,1,11,11,11,11,11,11,11,1011,0011,11
365_9;lick;HARDBOP;UP;Red Garland;SWING;1;50;1;50;3;4;3;2,2,1;11,01,1
365_10;line;HARDBOP;UP;Red Garland;SWING;3;51;2;53;3;19;10;2,2,2,2,2,2,2,2,1,2;11,11,11,11,11,11,11,11,1,11
365_11;lick;HARDBOP;UP;Red Garland;SWING;12;54;1;65;3;48;36;2,4,2,4,3,1,2,2,2,1,1,1,1,1,1,1,1,1,1,1,2,1,2,1,2,1,1,1,1,1,4,1,1,1,1,1;11,1101,11,1101,011,1,11,01,01,1,1,1,1,1,1,1,1,1,1,1,11,1,11,1,11,1,1,1,1,1,1001,1,1,1,1,1
378_1;lick;HARDBOP;UP;Sonny Rollins;SWING;4;2;3;5;1;10;5;1,4,3,1,2;1,1101,111,1,11
378_2;line;HARDBOP;UP;Sonny Rollins;SWING;3;6;2;8;1;16;8;2,2,2,2,2,2,2,2;11,11,11,11,11,11,11,11
378_3;line;HARDBOP;UP;Sonny Rollins;SWING;5;10;2;14;2;27;17;2,2,2,1,2,2,1,2,2,2,2,2,2,2,2,2,2;01,01,01,1,11,11,1,11,11,11,11,11,11,11,01,11,01
378_4;line;HARDBOP;UP;Sonny Rollins;SWING;2;15;2;16;3;13;6;4,2,2,2,4,2;0011,11,11,11,0111,11
378_5;line;HARDBOP;UP;Sonny Rollins;SWING;8;17;3;24;1;52;26;2,2,2,2,2,2,2,2,2,2,2,2,2,2,2,4,2,2,2,2,2,2,2,2,2,2;11,11,11,11,11,11,11,11,11,11,11,11,11,11,11,1011,11,11,11,11,11,11,01,11,11,11
378_6;lick;HARDBOP;UP;Sonny Rollins;SWING;3;25;4;27;3;8;7;4,1,3,2,1,1,1;0001,1,110,01,1,1,1
378_7;lick;HARDBOP;UP;Sonny Rollins;SWING;1;29;1;29;3;4;3;2,2,1;01,11,1
378_8;lick;HARDBOP;UP;Sonny Rollins;SWING;1;30;1;30;3;5;3;4,2,2;0001,11,11
378_9;line;HARDBOP;UP;Sonny Rollins;SWING;10;31;1;40;4;72;40;4,3,2,2,2,2,2,2,2,2,2,2,2,2,2,4,2,2,2,2,2,2,2,2,4,2,3,2,1,4,2,2,2,2,1,1,1,2,2,1;0001,011,11,11,11,11,11,11,11,11,11,11,11,11,11,1001,11,11,11,11,11,11,11,11,1101,11,011,11,1,0001,01,11,11,11,1,1,1,11,01,1
378_10;lick;HARDBOP;UP;Sonny Rollins;SWING;2;42;1;43;3;11;6;2,2,2,4,2,4;11,11,01,0011,11,1001
378_11;lick;HARDBOP;UP;Sonny Rollins;SWING;2;45;3;46;2;6;3;4,1,3;0110,1,111
378_12;line;HARDBOP;UP;Sonny Rollins;SWING;1;47;1;47;3;8;3;4,2,4;0111,11,1101
378_13;lick;HARDBOP;UP;Sonny Rollins;SWING;5;48;1;52;4;20;18;1,2,2,2,2,2,2,1,1,1,4,2,4,4,1,1,4,1;1,11,01,01,01,01,01,1,1,1,0001,01,0001,0001,1,1,1100,1
378_14;line;HARDBOP;UP;Sonny Rollins;SWING;5;53;3;57;1;30;15;4,2,2,2,2,2,1,3,2,2,2,2,2,2,1;1011,11,11,11,11,11,1,111,11,11,11,11,11,11,1
378_15;line;HARDBOP;UP;Sonny Rollins;SWING;3;57;2;59;1;14;8;4,2,2,2,3,2,2,1;0001,11,11,11,110,11,11,1
378_16;lick;HARDBOP;UP;Sonny Rollins;SWING;2;59;3;60;1;4;3;2,2,1;01,11,1
378_17;line;HARDBOP;UP;Sonny Rollins;SWING;4;60;4;63;1;19;10;2,2,2,2,4,2,2,2,2,2;01,11,11,11,1011,01,11,11,11,11
378_18;lick;HARDBOP;UP;Sonny Rollins;SWING;1;64;2;64;4;3;3;2,1,1;01,1,1
378_19;lick;HARDBOP;UP;Sonny Rollins;SWING;4;65;4;68;4;22;12;4,1,2,4,1,2,4,2,2,2,2,2;0001,1,01,1110,1,11,1011,11,11,11,11,11
378_20;line;HARDBOP;UP;Sonny Rollins;SWING;3;69;2;71;1;13;8;2,2,2,2,1,2,2,1;11,11,11,11,1,01,11,1
378_21;line;HARDBOP;UP;Sonny Rollins;SWING;3;71;2;73;1;16;8;3,2,2,2,4,2,2,2;011,11,11,11,1001,11,11,11
378_22;lick;HARDBOP;UP;Sonny Rollins;SWING;3;74;3;76;3;11;6;2,4,4,2,4,2;11,1001,0001,11,1011,01
378_23;line;HARDBOP;UP;Sonny Rollins;SWING;4;77;3;80;2;19;12;3,2,2,2,2,2,2,2,1,4,2,1;111,11,11,11,11,01,01,01,1,1001,01,1
378_24;lick;HARDBOP;UP;Sonny Rollins;SWING;2;81;2;82;1;5;4;2,2,2,1;01,01,11,1
378_25;line;HARDBOP;UP;Sonny Rollins;SWING;4;82;3;85;3;24;13;2,2,2,2,4,3,4,4,1,2,1,1,1;11,11,11,11,1001,011,1011,1011,1,11,1,1,1
378_26;lick;HARDBOP;UP;Sonny Rollins;SWING;3;86;2;88;3;12;7;2,1,2,3,2,2,2;01,1,11,011,11,11,11
378_27;line;HARDBOP;UP;Sonny Rollins;SWING;5;89;2;93;1;25;16;4,2,2,2,4,3,4,2,2,1,3,1,1,1,1,1;0001,11,11,11,1011,011,0011,01,11,1,110,1,1,1,1,1
378_28;line;HARDBOP;UP;Sonny Rollins;SWING;2;94;1;95;3;14;7;2,2,2,2,2,2,2;11,11,11,11,11,11,11
378_29;line;HARDBOP;UP;Sonny Rollins;SWING;3;97;2;99;3;21;10;2,2,4,2,2,2,4,4,2,2;11,11,1001,11,11,11,1011,0011,11,11
378_30;lick;HARDBOP;UP;Sonny Rollins;SWING;3;100;3;102;2;11;7;2,2,4,2,4,1,2;01,11,1001,01,1001,1,11
378_31;lick;HARDBOP;UP;Sonny Rollins;SWING;3;103;1;105;1;18;9;4,4,2,1,2,2,2,2,4;0001,1011,11,1,11,11,11,11,1101
378_32;line;HARDBOP;UP;Sonny Rollins;SWING;3;106;1;108;3;19;10;4,2,2,2,2,2,2,1,3,1;0111,11,11,11,11,11,11,1,110,1
379_2;lick;HARDBOP;MEDIUM;Sonny Rollins;SWING;2;2;2;3;1;9;4;4,2,5,2;0001,11,01111,11
379_4;lick;HARDBOP;MEDIUM;Sonny Rollins;SWING;2;6;3;7;3;12;5;5,2,4,6,1;01111,11,1001,001011,1
379_5;line;HARDBOP;MEDIUM;Sonny Rollins;SWING;3;9;1;11;2;37;10;3,5,4,4,6,4,6,6,6,1;011,11111,1111,1111,100111,1111,011111,101011,010111,1
379_12;line;HARDBOP;MEDIUM;Sonny Rollins;SWING;3;24;2;26;1;28;8;4,4,4,4,4,4,3,1;1111,1111,1111,1111,1111,1111,111,1
379_14;line;HARDBOP;MEDIUM;Sonny Rollins;SWING;3;28;4;30;1;16;6;3,3,2,4,6,4;011,111,11,1111,010101,0110
379_15;line;HARDBOP;MEDIUM;Sonny Rollins;SWING;2;30;4;31;4;14;5;6,6,3,3,3;101101,010101,011,111,110
379_17;line;HARDBOP;MEDIUM;Sonny Rollins;SWING;3;36;3;38;1;24;7;4,5,5,6,4,6,3;0001,10111,11111,011101,1111,101011,110
379_18;lick;HARDBOP;MEDIUM;Sonny Rollins;SWING;2;38;4;39;1;5;2;4,2;1101,11
379_20;line;HARDBOP;MEDIUM;Sonny Rollins;SWING;3;43;1;45;4;44;12;6,7,6,6,6,3,6,4,4,6,4,3;000101,0110101,001011,011101,011101,111,111011,1111,1111,111101,1011,111
379_21;lick;HARDBOP;MEDIUM;Sonny Rollins;SWING;2;46;2;47;2;17;5;6,4,8,4,2;011111,1111,10100001,0111,11
379_22;lick;HARDBOP;MEDIUM;Sonny Rollins;SWING;2;48;4;49;2;5;3;8,2,1;00000111,01,1
379_23;lick;HARDBOP;MEDIUM;Sonny Rollins;SWING;2;50;1;51;2;8;6;2,1,4,6,1,1;01,1,0110,100001,1,1
379_24;lick;HARDBOP;MEDIUM;Sonny Rollins;SWING;1;52;2;52;4;5;3;6,1,1;010101,1,1
379_26;lick;HARDBOP;MEDIUM;Sonny Rollins;SWING;4;56;3;59;1;23;11;4,2,4,2,3,4,2,4,2,2,2;1101,01,1101,11,011,1111,01,1011,01,01,11
380_1;lick;HARDBOP;MEDIUM;Sonny Rollins;SWING;1;1;1;1;3;8;3;2,4,6;01,1111,011001
380_2;lick;HARDBOP;MEDIUM;Sonny Rollins;SWING;2;2;1;3;1;13;5;4,4,4,2,6;0001,0110,1111,11,011110
380_3;line;HARDBOP;MEDIUM;Sonny Rollins;SWING;3;3;4;5;2;22;7;2,4,6,4,3,4,4;01,1111,001111,1111,111,1111,1100
380_4;line;HARDBOP;MEDIUM;Sonny Rollins;SWING;3;5;4;7;4;26;9;6,4,3,3,6,4,4,2,2;101011,0110,111,111,111110,1100,1011,11,11
380_6;lick;HARDBOP;MEDIUM;Sonny Rollins;SWING;1;9;1;9;4;11;4;2,6,4,4;01,101011,0111,0111
380_7;lick;HARDBOP;MEDIUM;Sonny Rollins;SWING;2;10;2;11;3;17;6;4,4,6,4,4,5;0001,1011,011111,1101,0111,10001
380_8;lick;HARDBOP;MEDIUM;Sonny Rollins;SWING;2;12;3;13;1;3;3;2,1,1;01,1,1
380_9;lick;HARDBOP;MEDIUM;Sonny Rollins;SWING;2;13;3;14;1;3;3;2,1,1;01,1,1
380_10;lick;HARDBOP;MEDIUM;Sonny Rollins;SWING;2;14;3;15;4;8;6;2,1,1,1,2,4;01,1,1,1,11,1001
380_11;lick;HARDBOP;MEDIUM;Sonny Rollins;SWING;2;16;3;17;1;3;3;2,1,1;01,1,1
380_12;lick;HARDBOP;MEDIUM;Sonny Rollins;SWING;1;17;3;17;4;3;2;2,4;01,1001
380_13;lick;HARDBOP;MEDIUM;Sonny Rollins;SWING;2;18;3;19;4;8;6;2,1,1,1,2,4;01,1,1,1,11,1001
380_14;lick;HARDBOP;MEDIUM;Sonny Rollins;SWING;2;20;4;21;1;2;2;1,1;1,1
380_16;lick;HARDBOP;MEDIUM;Sonny Rollins;SWING;2;22;4;23;1;2;2;1,1;1,1
381_2;lick;HARDBOP;MEDIUM;Sonny Rollins;SWING;2;2;3;3;4;17;6;6,4,2,4,1,1;011111,1111,11,1111,1,1
381_3;line;HARDBOP;MEDIUM;Sonny Rollins;SWING;4;4;3;7;3;33;13;4,3,3,3,1,6,3,3,6,3,4,3,4;0011,111,111,111,1,001011,011,111,010101,011,1100,011,1111
381_4;lick;HARDBOP;MEDIUM;Sonny Rollins;SWING;2;8;3;9;2;6;4;4,2,4,1;0001,01,1101,1
381_5;line;HARDBOP;MEDIUM;Sonny Rollins;SWING;4;10;1;13;2;38;14;4,4,4,2,6,4,4,4,2,5,2,4,6,1;0111,1111,1011,11,001111,0111,1011,0111,11,00111,11,1011,010001,1
381_6;lick;HARDBOP;MEDIUM;Sonny Rollins;SWING;2;13;4;14;2;4;3;2,2,1;01,11,1
381_7;lick;HARDBOP;MEDIUM;Sonny Rollins;SWING;2;14;3;15;2;10;4;2,2,6,3;11,11,011101,110
381_10;lick;HARDBOP;MEDIUM;Sonny Rollins;SWING;1;19;3;19;4;4;2;3,1;111,1
381_11;line;HARDBOP;MEDIUM;Sonny Rollins;SWING;2;20;2;21;3;23;6;6,6,6,10,4,2;000111,011011,011011,0101001111,1111,11
382_1;lick;HARDBOP;UP;Sonny Rollins;SWING;14;2;2;15;2;42;31;4,2,2,2,1,1,1,2,3,2,2,2,1,1,1,2,2,2,2,1,2,2,3,2,2,2,3,1,4,1,4;0001,01,11,01,1,1,1,01,011,01,11,11,1,1,1,01,11,01,11,1,11,01,110,01,11,01,110,1,0110,1,0001
382_2;lick;HARDBOP;UP;Sonny Rollins;SWING;9;16;4;24;2;47;30;4,2,2,2,2,1,1,2,1,4,2,1,2,2,2,2,4,2,2,2,2,2,2,4,3,1,3,3,4,1;0001,01,01,11,01,1,1,11,1,1001,01,1,01,11,11,11,1101,11,11,11,01,11,11,0011,011,1,110,110,0001,1
382_3;line;HARDBOP;UP;Sonny Rollins;SWING;12;26;2;37;2;81;44;4,2,4,2,2,2,1,3,4,2,1,2,2,2,2,2,2,2,4,2,2,3,2,2,2,2,2,2,2,2,2,2,2,2,3,2,2,2,2,2,1,2,2,1;0001,01,1001,11,11,11,1,110,1101,01,1,11,01,11,11,11,11,11,1001,11,01,111,11,11,11,11,11,11,11,11,11,11,11,11,011,11,11,11,11,11,1,11,11,1
382_4;lick;HARDBOP;UP;Sonny Rollins;SWING;3;38;3;40;4;20;10;2,2,2,3,2,3,2,4,2,3;11,11,01,111,01,111,01,0111,01,111
382_5;lick;HARDBOP;UP;Sonny Rollins;SWING;2;41;3;42;4;10;6;2,3,1,4,2,1;01,111,1,1100,11,1
382_6;lick;HARDBOP;UP;Sonny Rollins;SWING;3;43;1;45;2;21;10;4,3,4,3,3,3,2,4,2,2;0001,111,1001,111,011,011,11,1100,11,11
382_7;lick;HARDBOP;UP;Sonny Rollins;SWING;6;47;1;52;4;22;14;1,1,2,2,2,2,2,1,2,2,2,2,2,2;1,1,11,11,11,11,01,1,11,11,11,11,01,01
382_9;lick;HARDBOP;UP;Sonny Rollins;SWING;2;58;2;59;1;7;4;2,2,2,2;11,01,11,11
382_11;line;HARDBOP;UP;Sonny Rollins;SWING;11;65;1;75;3;69;42;2,3,2,1,2,2,2,2,2,2,2,2,1,2,1,3,2,3,2,2,4,1,2,3,2,2,1,3,1,2,2,4,2,2,1,2,2,1,2,1,2,2;01,110,11,1,01,11,11,11,11,11,11,11,1,11,1,110,11,111,11,11,1001,1,11,110,11,11,1,110,1,11,11,1100,11,11,1,01,01,1,01,1,01,01
382_12;line;HARDBOP;UP;Sonny Rollins;SWING;4;76;4;79;2;21;11;2,2,2,2,2,2,4,2,2,2,1;11,11,11,11,11,11,1001,11,11,11,1
382_13;line;HARDBOP;UP;Sonny Rollins;SWING;4;80;1;83;4;29;16;4,2,2,2,1,3,2,2,2,2,4,4,2,2,3,1;1001,11,11,11,1,111,01,01,11,11,1100,1101,01,11,110,1
382_15;lick;HARDBOP;UP;Sonny Rollins;SWING;3;86;2;88;4;15;10;2,2,4,2,1,4,2,1,2,1;11,11,1001,11,1,0001,11,1,01,1
382_17;line;HARDBOP;UP;Sonny Rollins;SWING;2;94;1;95;3;13;7;2,2,2,2,2,2,1;11,11,11,11,11,11,1
382_18;lick;HARDBOP;UP;Sonny Rollins;SWING;1;97;1;97;1;4;1;4;1111
385_3;line;HARDBOP;UP;Sonny Rollins;LATIN;5;9;3;13;1;29;15;2,2,2,2,3,2,2,3,2,2,2,2,2,2,5;01,11,11,11,011,11,11,011,11,11,11,11,11,11,01001
385_6;line;HARDBOP;UP;Sonny Rollins;LATIN;4;21;3;24;2;26;12;2,2,2,4,2,2,2,3,2,2,2,2;11,11,11,1111,11,11,01,111,11,11,11,11
385_7;line;HARDBOP;UP;Sonny Rollins;LATIN;8;25;2;32;1;60;28;2,2,2,2,4,2,4,4,2,6,2,2,3,2,2,2,3,2,2,2,3,2,2,2,2,3,2,2;01,11,11,11,1110,11,0110,1101,11,011111,11,11,011,11,11,11,111,11,11,11,011,11,11,11,11,011,11,01
385_8;lick;HARDBOP;UP;Sonny Rollins;LATIN;2;32;3;33;4;9;6;2,2,2,2,1,1;01,11,11,11,1,1
385_9;lick;HARDBOP;UP;Sonny Rollins;LATIN;2;34;2;35;1;5;4;2,1,2,2;01,1,01,11
385_10;lick;HARDBOP;UP;Sonny Rollins;LATIN;5;36;2;40;1;16;11;4,2,1,4,2,2,2,4,1,1,1;1111,01,1,0001,01,01,11,1001,1,1,1
385_11;lick;HARDBOP;UP;Sonny Rollins;LATIN;2;41;1;42;2;6;6;4,4,4,1,2,1;0001,0001,0001,1,01,1
385_12;line;HARDBOP;UP;Sonny Rollins;LATIN;9;44;1;52;1;64;33;2,2,2,2,2,2,2,2,2,2,2,2,2,2,2,2,2,2,2,2,4,3,2,2,2,3,2,3,4,2,1,2,2;11,11,11,11,11,11,11,11,11,11,11,11,11,11,11,11,11,11,11,11,1001,011,11,11,11,011,11,011,1001,11,1,01,11
385_13;line;HARDBOP;UP;Sonny Rollins;LATIN;1;53;2;53;3;6;2;3,3;111,111
385_14;line;HARDBOP;UP;Sonny Rollins;LATIN;4;54;2;57;1;22;12;2,1,2,2,2,2,2,2,2,2,2,4;01,1,11,11,11,11,11,11,11,11,11,1001
385_17;line;HARDBOP;UP;Sonny Rollins;LATIN;2;62;3;63;3;12;5;4,2,3,3,2;1011,11,011,111,11
385_18;line;HARDBOP;UP;Sonny Rollins;LATIN;5;65;1;69;2;33;18;2,2,2,2,2,2,3,2,2,2,4,3,2,2,1,4,4,2;01,11,01,11,11,11,111,11,11,11,1001,011,11,11,1,1100,1001,01
385_20;lick;HARDBOP;UP;Sonny Rollins;LATIN;2;73;3;74;4;10;6;4,2,1,4,1,1;0011,11,1,1011,1,1
385_21;lick;HARDBOP;UP;Sonny Rollins;LATIN;5;75;1;79;3;31;18;4,2,2,2,4,4,2,1,4,2,3,3,3,4,2,2,2,1;0001,11,01,01,0001,1001,11,1,1001,11,011,011,011,1101,11,11,11,1
386_1;line;HARDBOP;UP;Sonny Rollins;LATIN;5;1;1;5;2;35;18;2,2,2,2,2,2,2,2,2,2,2,2,2,2,3,2,2,1;01,11,11,11,11,11,11,11,11,11,11,11,11,11,111,11,11,1
386_2;lick;HARDBOP;UP;Sonny Rollins;LATIN;2;6;2;7;1;8;4;2,4,2,3;01,1011,11,011
386_5;line;HARDBOP;UP;Sonny Rollins;LATIN;3;20;2;22;1;19;8;4,3,3,4,2,2,4,1;0001,111,111,1111,11,11,0111,1
386_6;lick;HARDBOP;UP;Sonny Rollins;LATIN;3;23;1;25;2;17;10;2,3,2,2,2,2,2,2,1,1;01,111,11,11,01,11,11,11,1,1
386_7;line;HARDBOP;UP;Sonny Rollins;LATIN;9;26;1;34;4;72;36;2,2,2,2,2,4,2,3,2,2,2,2,2,2,2,2,2,2,2,3,2,2,2,2,2,2,2,2,1,4,2,2,4,2,4,4;11,11,11,11,11,1101,11,011,11,11,11,11,11,11,11,11,11,11,11,011,11,11,11,11,11,11,11,11,1,1101,11,11,1001,11,0001,1100
386_9;lick;HARDBOP;UP;Sonny Rollins;LATIN;3;40;2;42;3;10;6;4,2,2,4,4,4;0011,01,01,0011,1001,1001
386_10;lick;HARDBOP;UP;Sonny Rollins;LATIN;4;43;2;46;2;24;13;2,2,2,4,4,2,2,2,2,2,2,2,2;01,01,01,1111,1001,11,11,11,11,11,01,11,11
387_3;lick;HARDBOP;MEDIUM UP;Sonny Rollins;SWING;2;4;3;5;2;5;4;2,2,2,1;01,11,01,1
387_4;lick;HARDBOP;MEDIUM UP;Sonny Rollins;SWING;2;6;1;7;2;7;5;1,3,4,1,1;1,011,1100,1,1
387_5;line;HARDBOP;MEDIUM UP;Sonny Rollins;SWING;4;8;2;11;3;26;14;2,2,2,2,2,2,2,2,2,1,2,2,2,2;01,11,11,11,11,11,11,11,11,1,11,11,11,11
387_6;lick;HARDBOP;MEDIUM UP;Sonny Rollins;SWING;2;12;2;13;3;9;6;4,1,1,4,2,2;0001,1,1,1101,11,01
387_7;lick;HARDBOP;MEDIUM UP;Sonny Rollins;SWING;2;13;4;14;4;6;5;2,2,2,2,1;01,01,11,01,1
387_8;line;HARDBOP;MEDIUM UP;Sonny Rollins;SWING;5;15;3;19;1;28;15;4,2,2,2,6,2,1,2,2,1,2,2,3,3,5;0001,11,11,11,010011,11,1,11,11,1,11,11,011,011,01001
387_11;line;HARDBOP;MEDIUM UP;Sonny Rollins;SWING;2;24;4;25;4;9;5;4,5,2,2,2;0001,01011,11,11,01
387_12;lick;HARDBOP;MEDIUM UP;Sonny Rollins;SWING;2;26;2;27;2;5;5;4,2,4,2,1;0001,01,0001,01,1
387_13;lick;HARDBOP;MEDIUM UP;Sonny Rollins;SWING;2;28;1;29;2;11;6;4,1,4,2,1,1;1101,1,1101,11,1,1
387_16;lick;HARDBOP;MEDIUM UP;Sonny Rollins;SWING;3;35;4;37;1;10;6;2,2,2,1,2,2;01,11,11,1,11,11
387_17;lick;HARDBOP;MEDIUM UP;Sonny Rollins;SWING;2;37;3;38;1;7;3;4,5,2;0001,01111,11
387_18;lick;HARDBOP;MEDIUM UP;Sonny Rollins;SWING;2;38;2;39;3;10;6;2,2,2,2,2,1;01,11,11,11,11,1
387_20;line;HARDBOP;MEDIUM UP;Sonny Rollins;SWING;2;46;1;47;4;14;8;2,2,2,2,2,2,2,1;11,11,11,11,11,11,01,1
387_23;line;HARDBOP;MEDIUM UP;Sonny Rollins;SWING;4;50;2;53;1;24;12;2,2,2,4,2,2,2,2,2,2,6,2;01,11,11,0111,11,11,11,11,11,11,011001,01
387_25;line;HARDBOP;MEDIUM UP;Sonny Rollins;SWING;4;55;4;58;3;24;12;2,4,2,2,3,4,4,1,2,4,6,2;01,1001,11,11,111,0011,1001,1,11,1101,001001,11
387_26;line;HARDBOP;MEDIUM UP;Sonny Rollins;SWING;5;59;3;63;3;30;16;4,4,2,2,2,2,3,4,2,3,2,2,2,2,2,1;0001,0111,01,11,11,11,011,1001,11,011,11,11,11,11,11,1
387_27;lick;HARDBOP;MEDIUM UP;Sonny Rollins;SWING;2;64;2;65;3;6;6;2,1,1,1,1,1;01,1,1,1,1,1
387_28;lick;HARDBOP;MEDIUM UP;Sonny Rollins;SWING;6;66;4;71;1;28;17;2,2,1,1,2,2,2,3,6,2,2,2,1,2,2,2,1;01,01,1,1,11,11,11,011,010001,11,11,11,1,11,11,11,1
387_29;lick;HARDBOP;MEDIUM UP;Sonny Rollins;SWING;3;71;4;73;1;11;5;4,4,1,6,2;0001,1111,1,010101,11
387_30;lick;HARDBOP;MEDIUM UP;Sonny Rollins;SWING;2;74;1;75;1;10;5;6,2,2,2,4;010001,11,11,11,1001
387_31;lick;HARDBOP;MEDIUM UP;Sonny Rollins;SWING;3;75;3;77;2;13;8;4,3,1,2,2,3,1,1;0001,111,1,11,11,011,1,1
387_32;line;HARDBOP;MEDIUM UP;Sonny Rollins;SWING;1;78;1;78;3;5;3;2,2,6;01,11,001001
387_33;line;HARDBOP;MEDIUM UP;Sonny Rollins;SWING;1;79;2;79;4;4;3;1,2,1;1,11,1
387_34;line;HARDBOP;MEDIUM UP;Sonny Rollins;SWING;1;80;1;80;3;6;3;2,6,4;11,010001,0110
387_35;line;HARDBOP;MEDIUM UP;Sonny Rollins;SWING;2;81;1;82;3;14;7;3,2,2,2,3,2,2;011,11,11,11,011,11,11
387_36;line;HARDBOP;MEDIUM UP;Sonny Rollins;SWING;5;83;3;87;4;31;18;2,2,2,2,2,4,2,2,2,3,1,1,2,2,2,2,1,1;01,11,11,11,11,0111,11,11,11,011,1,1,01,11,11,11,1,1
387_38;lick;HARDBOP;MEDIUM UP;Sonny Rollins;SWING;2;91;2;92;4;10;6;2,2,2,4,4,1;01,11,01,1001,1110,1
387_39;line;HARDBOP;MEDIUM UP;Sonny Rollins;SWING;5;93;3;97;1;48;15;2,5,6,3,4,3,3,4,5,6,2,4,4,4,4;01,11001,110101,011,1111,111,111,1111,10111,101111,11,1101,1111,1111,1100
388_3;line;POSTBOP;UP;Sonny Rollins;LATIN;3;8;2;10;3;18;10;2,2,2,2,2,2,2,2,2,1;01,11,11,11,11,11,11,11,11,1
388_4;lick;POSTBOP;UP;Sonny Rollins;LATIN;4;11;1;14;4;25;16;2,2,1,2,2,2,2,3,1,2,2,2,1,2,2,1;01,11,1,01,11,11,11,111,1,01,11,11,1,01,11,1
388_5;line;POSTBOP;UP;Sonny Rollins;LATIN;2;15;2;16;1;6;4;2,2,2,1;01,11,11,1
388_7;lick;POSTBOP;UP;Sonny Rollins;LATIN;5;18;1;22;4;30;20;2,2,6,2,1,2,2,2,2,2,2,2,1,2,2,2,1,2,2,1;01,11,100101,01,1,01,01,11,01,11,11,11,1,01,11,11,1,11,01,1
388_8;line;POSTBOP;UP;Sonny Rollins;LATIN;4;23;2;26;4;23;14;2,2,2,1,2,2,4,1,2,2,2,2,1,1;01,11,11,1,11,11,1001,1,11,11,11,11,1,1
388_9;lick;POSTBOP;UP;Sonny Rollins;LATIN;4;27;1;30;4;22;16;2,2,1,1,1,4,2,2,1,4,2,2,2,2,2,1;01,11,1,1,1,0001,11,11,1,1001,01,11,11,01,01,1
388_11;line;POSTBOP;UP;Sonny Rollins;LATIN;4;33;2;36;3;29;14;2,2,2,2,2,1,2,4,2,2,2,3,2,3;01,11,11,11,11,1,11,1110,11,11,11,111,11,111
388_18;line;POSTBOP;UP;Sonny Rollins;LATIN;8;65;4;72;3;41;28;2,2,2,2,2,2,2,2,2,2,1,1,1,2,2,2,2,2,2,2,2,4,2,2,2,2,2,6;01,01,11,11,11,11,01,01,11,01,1,1,1,11,11,01,11,01,01,01,11,1001,01,01,01,11,11,001001
388_19;line;POSTBOP;UP;Sonny Rollins;LATIN;6;74;1;79;3;56;23;6,2,4,2,4,2,4,2,3,2,3,2,1,2,3,2,4,2,3,2,3,2,3;111001,01,1110,11,1110,11,1110,11,111,11,111,11,1,11,111,11,0111,11,111,11,111,11,111
388_20;line;POSTBOP;UP;Sonny Rollins;LATIN;8;80;2;87;1;59;28;2,2,2,4,2,2,2,2,2,2,2,3,2,4,2,2,2,2,2,2,2,3,2,4,2,2,2,1;01,11,11,1110,11,11,11,11,11,11,11,111,11,0111,11,11,11,11,11,11,11,111,11,1111,01,11,11,1
388_21;line;POSTBOP;UP;Sonny Rollins;LATIN;9;87;3;95;4;54;34;2,2,2,4,2,1,2,2,2,4,4,2,1,2,2,2,1,2,4,6,2,2,2,2,2,2,1,2,2,1,2,2,1,1;01,11,11,1011,01,1,11,11,01,1001,0011,01,1,11,01,11,1,11,1011,001001,11,11,11,01,11,11,1,01,01,1,01,11,1,1
388_22;lick;POSTBOP;UP;Sonny Rollins;LATIN;10;96;1;105;1;43;33;2,2,2,2,2,2,1,1,2,2,1,2,2,2,2,2,2,1,2,2,2,2,2,2,6,4,2,2,2,2,1,2,1;01,11,11,11,11,11,1,1,01,01,1,01,01,01,01,01,11,1,01,11,01,11,01,01,100001,0001,01,01,01,01,1,11,1
389_1;line;POSTBOP;UP;Sonny Rollins;LATIN;5;0;1;4;3;32;19;2,2,6,4,2,2,1,2,1,2,2,2,2,2,3,6,2,2,1;01,11,100101,0011,01,11,1,11,1,11,11,11,01,11,011,001001,01,11,1
389_3;lick;POSTBOP;UP;Sonny Rollins;LATIN;4;8;1;11;2;19;13;4,2,2,2,2,1,2,2,6,2,2,2,2;0001,01,11,01,11,1,01,11,001001,01,01,11,11
389_4;line;POSTBOP;UP;Sonny Rollins;LATIN;6;12;2;17;2;31;21;2,2,2,2,2,2,2,2,2,2,2,2,2,2,2,2,1,2,2,2,2;11,01,11,01,11,11,01,11,01,11,01,11,11,01,01,01,1,01,11,01,11
389_5;line;POSTBOP;UP;Sonny Rollins;LATIN;6;18;1;23;4;41;24;2,1,2,2,2,2,1,3,2,4,2,2,4,2,2,2,2,2,4,2,2,2,1,2;01,1,11,11,11,01,1,011,01,1111,11,01,1011,11,11,01,11,11,1001,01,11,01,1,11
389_6;lick;POSTBOP;UP;Sonny Rollins;LATIN;2;24;2;25;3;7;5;6,1,4,2,2;001001,1,1001,01,01
389_7;line;POSTBOP;UP;Sonny Rollins;LATIN;7;26;2;32;4;39;21;1,2,2,2,2,2,2,2,2,2,2,2,4,2,2,2,2,2,2,1,1;1,01,11,11,11,11,11,11,11,11,11,11,1011,11,11,11,11,11,11,1,1
389_8;lick;POSTBOP;UP;Sonny Rollins;LATIN;6;33;2;38;4;31;23;2,1,2,2,2,2,2,4,2,2,2,1,2,2,1,2,2,1,2,2,2,1,1;01,1,11,01,11,01,11,1001,01,01,11,1,11,01,1,11,01,1,11,01,01,1,1
389_10;line;POSTBOP;UP;Sonny Rollins;LATIN;8;46;1;53;3;55;31;2,2,2,2,2,2,2,2,2,2,2,2,2,2,2,2,4,2,2,2,1,2,4,2,2,2,4,2,2,2,1;01,11,11,11,11,11,11,11,11,11,11,11,01,11,11,11,1001,01,11,01,1,11,1100,11,11,01,1011,01,11,11,1
389_11;line;POSTBOP;UP;Sonny Rollins;LATIN;5;54;1;58;4;33;19;2,2,2,4,2,2,2,2,2,2,1,2,2,2,1,2,2,1,1;01,11,11,1011,01,11,11,11,11,11,1,11,11,11,1,11,11,1,1
389_12;lick;POSTBOP;UP;Sonny Rollins;LATIN;7;59;2;65;4;43;22;2,6,2,2,2,4,2,2,2,2,2,2,4,2,4,2,4,2,1,2,1,2;01,001001,01,11,11,1011,11,01,11,11,11,11,1110,11,0111,11,1110,11,1,11,1,11
389_14;line;POSTBOP;UP;Sonny Rollins;LATIN;5;69;3;73;2;22;15;2,2,2,2,2,3,2,6,2,2,1,1,1,1,2;11,11,01,01,11,011,11,001001,01,11,1,1,1,1,01
389_15;lick;POSTBOP;UP;Sonny Rollins;LATIN;3;73;4;75;3;10;8;2,2,2,2,1,1,1,1;01,11,01,11,1,1,1,1
389_16;lick;POSTBOP;UP;Sonny Rollins;LATIN;3;75;4;77;2;8;7;2,4,2,2,1,1,4;01,1001,01,01,1,1,0001
389_17;lick;POSTBOP;UP;Sonny Rollins;LATIN;6;77;4;82;4;27;20;2,2,2,2,2,2,2,2,2,4,2,1,1,2,2,4,2,2,1,1;01,11,01,11,01,11,01,11,01,1001,01,1,1,11,01,1001,01,01,1,1
389_18;line;POSTBOP;UP;Sonny Rollins;LATIN;4;83;2;86;3;26;14;2,2,2,2,2,2,4,2,2,2,2,2,2,1;01,11,11,11,11,11,1011,01,11,11,11,11,11,1
389_19;line;POSTBOP;UP;Sonny Rollins;LATIN;2;87;2;88;3;15;6;4,2,4,3,2,2;1011,11,1101,111,11,11
389_20;line;POSTBOP;UP;Sonny Rollins;LATIN;8;89;1;96;2;58;30;4,3,3,2,2,4,2,2,2,2,2,2,2,2,1,2,2,2,2,2,2,2,2,2,2,2,2,2,2,2;0001,111,111,11,11,0001,11,11,11,11,11,11,11,11,1,11,11,11,11,11,11,01,11,11,11,11,11,11,11,11
389_21;line;POSTBOP;UP;Sonny Rollins;LATIN;7;97;1;103;1;51;25;2,2,2,2,2,2,2,2,2,2,4,2,2,2,2,2,2,2,2,2,2,2,2,2,2;11,11,11,11,11,11,11,11,11,11,1011,11,11,11,11,11,11,11,11,11,11,11,11,11,11
389_24;lick;POSTBOP;UP;Sonny Rollins;LATIN;10;113;2;122;3;60;38;2,1,1,1,1,2,2,2,2,2,2,2,2,2,2,2,2,1,2,2,2,4,2,2,2,1,2,2,2,1,2,1,1,4,2,2,2,1;01,1,1,1,1,11,01,01,01,01,11,11,11,11,11,11,11,1,11,11,11,1101,01,11,11,1,11,11,11,1,11,1,1,1100,11,11,01,1
389_25;lick;POSTBOP;UP;Sonny Rollins;LATIN;12;123;1;134;1;76;45;2,1,1,4,5,2,2,4,2,2,2,2,1,2,2,1,2,2,2,2,2,2,1,1,1,2,1,1,1,2,2,2,6,2,1,2,4,4,2,2,2,2,2,2,1;01,1,1,1101,10001,11,11,0111,11,11,11,11,1,01,01,1,01,11,11,11,11,11,1,1,1,01,1,1,1,11,01,11,010011,11,1,11,1110,1011,01,11,11,11,11,11,1
389_28;lick;POSTBOP;UP;Sonny Rollins;LATIN;3;138;2;140;4;13;11;4,4,1,2,2,1,2,3,2,1,1;0001,0001,1,01,01,1,11,011,01,1,1
389_29;line;POSTBOP;UP;Sonny Rollins;LATIN;2;141;1;142;1;13;5;4,3,4,4,1;0011,111,1111,0111,1
389_30;line;POSTBOP;UP;Sonny Rollins;LATIN;7;142;2;148;4;74;27;2,5,4,4,4,4,3,3,6,3,3,4,4,4,2,4,2,5,6,3,4,2,2,2,3,1,1;01,11111,0110,1111,0111,1011,111,111,110111,111,111,1110,1111,1111,11,1001,11,11111,000111,110,0111,01,11,11,011,1,1
389_31;line;POSTBOP;UP;Sonny Rollins;LATIN;3;149;1;151;4;21;12;2,3,2,2,2,2,2,2,1,2,2,2;01,111,11,11,11,11,11,11,1,11,01,01
390_1;lick;HARDBOP;MEDIUM;Sonny Rollins;SWING;4;2;3;5;1;3;2;2,1;11,1
390_2;lick;HARDBOP;MEDIUM;Sonny Rollins;SWING;2;6;1;7;3;4;3;2,4,1;11,0001,1
390_3;lick;HARDBOP;MEDIUM;Sonny Rollins;SWING;3;8;3;10;2;16;7;4,2,6,3,8,8,1;0111,11,100111,110,00100001,10000001,1
390_4;lick;HARDBOP;MEDIUM;Sonny Rollins;SWING;1;11;2;11;3;3;2;4,7;0001,0100001
390_5;lick;HARDBOP;MEDIUM;Sonny Rollins;SWING;2;12;4;13;4;7;4;4,2,2,1;0111,11,01,1
390_6;lick;HARDBOP;MEDIUM;Sonny Rollins;SWING;2;14;4;15;4;7;4;2,2,1,2;11,11,1,11
390_7;line;HARDBOP;MEDIUM;Sonny Rollins;SWING;3;17;3;19;1;18;7;4,4,4,4,2,3,1;0011,1111,1111,1011,01,111,1
390_8;lick;HARDBOP;MEDIUM;Sonny Rollins;SWING;2;19;3;20;1;6;3;7,5,2;0001001,01011,01
390_9;lick;HARDBOP;MEDIUM;Sonny Rollins;SWING;2;20;3;21;2;12;4;4,4,3,4;1110,0111,111,1101
390_10;lick;HARDBOP;MEDIUM;Sonny Rollins;SWING;2;22;4;23;1;3;2;4,6;0001,010001
390_11;lick;HARDBOP;MEDIUM;Sonny Rollins;SWING;1;25;2;25;3;4;2;6,2;000101,11
390_13;line;HARDBOP;MEDIUM;Sonny Rollins;SWING;2;28;3;29;2;11;4;4,6,6,1;0011,101101,011101,1
390_14;lick;HARDBOP;MEDIUM;Sonny Rollins;SWING;1;30;2;30;4;8;3;8,4,4;00000001,0111,1111
390_15;lick;HARDBOP;MEDIUM;Sonny Rollins;SWING;3;31;4;33;1;14;5;6,2,6,4,2;111100,11,010101,0111,11
390_16;lick;HARDBOP;MEDIUM;Sonny Rollins;SWING;2;33;2;34;2;7;5;4,1,4,4,1;0001,1,0011,0110,1
390_17;lick;HARDBOP;MEDIUM;Sonny Rollins;SWING;2;34;3;35;2;5;4;4,1,1,2;0001,1,1,11
390_18;lick;HARDBOP;MEDIUM;Sonny Rollins;SWING;2;37;2;38;2;7;5;4,2,2,2,1;1100,11,01,01,1
390_19;line;HARDBOP;MEDIUM;Sonny Rollins;SWING;3;39;3;41;2;28;8;4,4,4,4,6,6,4,1;1111,1111,1111,1011,101011,011101,1111,1
390_21;lick;HARDBOP;MEDIUM;Sonny Rollins;SWING;4;44;4;47;2;36;11;4,4,4,4,4,4,4,6,6,6,1;1011,1110,1111,1111,1101,1011,0111,101011,011011,011011,1
390_22;line;HARDBOP;MEDIUM;Sonny Rollins;SWING;2;48;1;49;2;21;6;4,4,4,5,4,4;1111,1111,1111,10111,1110,1100
390_23;lick;HARDBOP;MEDIUM;Sonny Rollins;SWING;2;49;4;50;3;8;4;2,3,4,1;01,111,1110,1
390_24;lick;HARDBOP;MEDIUM;Sonny Rollins;SWING;1;51;1;51;2;5;2;4,2;1101,11
390_25;lick;HARDBOP;MEDIUM;Sonny Rollins;SWING;1;52;1;52;3;5;3;2,4,4;01,0110,1100
390_26;lick;HARDBOP;MEDIUM;Sonny Rollins;SWING;1;53;2;53;4;6;3;4,2,1;0111,11,1
390_28;lick;HARDBOP;MEDIUM;Sonny Rollins;SWING;2;60;4;61;3;7;4;2,4,6,5;11,1100,000001,01001
390_29;lick;HARDBOP;MEDIUM;Sonny Rollins;SWING;2;62;2;63;2;13;5;4,4,4,2,3;1111,0011,1101,11,110
390_30;lick;HARDBOP;MEDIUM;Sonny Rollins;SWING;2;64;4;65;1;5;2;4,1;1111,1
390_31;line;HARDBOP;MEDIUM;Sonny Rollins;SWING;2;65;3;66;2;9;4;4,4,6,2;0001,1011,011011,01
390_32;lick;HARDBOP;MEDIUM;Sonny Rollins;SWING;3;67;2;69;4;24;9;4,2,3,6,8,5,4,4,1;0001,11,111,101101,01010011,10111,1101,1001,1
390_33;lick;HARDBOP;MEDIUM;Sonny Rollins;SWING;2;70;4;71;2;4;3;8,3,1;00000001,011,1
390_34;lick;HARDBOP;MEDIUM;Sonny Rollins;SWING;2;71;4;72;2;6;3;2,6,2;01,010101,11
390_35;lick;HARDBOP;MEDIUM;Sonny Rollins;SWING;2;72;4;73;2;5;3;4,4,1;0001,0111,1
392_1;line;BEBOP;UP;Sonny Stitt;SWING;3;1;2;3;3;24;10;6,4,2,2,4,4,3,2,2,4;000011,1101,11,11,1001,1111,111,11,11,1001
392_2;lick;BEBOP;UP;Sonny Stitt;SWING;2;4;4;5;3;6;4;4,2,2,4;0001,01,01,1101
392_3;line;BEBOP;UP;Sonny Stitt;SWING;6;6;2;11;3;43;22;6,4,3,2,2,2,4,2,2,2,2,4,1,2,2,3,4,2,2,2,6,2;000011,0001,011,11,11,11,1011,01,11,11,11,1001,1,11,11,111,0111,11,11,11,100001,01
392_4;lick;BEBOP;UP;Sonny Stitt;SWING;2;12;4;13;3;6;4;2,4,2,2;01,1001,11,01
392_5;lick;BEBOP;UP;Sonny Stitt;SWING;2;14;2;15;1;8;4;2,4,2,6;01,1011,11,010001
392_6;line;BEBOP;UP;Sonny Stitt;SWING;3;16;1;18;2;15;9;2,2,3,2,2,2,1,2,1;01,11,111,11,11,11,1,01,1
392_7;line;BEBOP;UP;Sonny Stitt;SWING;4;18;4;21;3;21;11;2,4,2,2,2,2,2,1,4,4,2;01,1101,11,11,11,11,11,1,1001,1011,01
392_8;lick;BEBOP;UP;Sonny Stitt;SWING;2;22;4;23;4;4;4;2,4,1,1;01,0001,1,1
394_1;line;BEBOP;UP;Sonny Stitt;SWING;7;1;1;7;3;54;27;2,4,2,1,4,3,2,2,2,2,2,1,4,2,5,2,2,4,4,1,1,2,1,4,2,2,2;01,1101,11,1,1001,111,11,11,11,11,11,1,1111,11,01111,01,11,0111,1101,1,1,11,1,0001,11,11,11
394_3;line;BEBOP;UP;Sonny Stitt;SWING;4;13;3;16;1;24;11;2,2,4,2,6,3,2,2,2,2,1;01,11,1111,11,100101,111,11,11,11,11,1
394_4;line;BEBOP;UP;Sonny Stitt;SWING;4;16;4;19;3;20;12;4,2,2,2,2,4,2,4,4,1,1,1;0001,11,11,11,11,0111,11,1100,0001,1,1,1
394_5;line;BEBOP;UP;Sonny Stitt;SWING;5;20;1;24;4;40;20;4,3,2,2,2,2,2,2,2,4,2,2,1,2,2,1,2,2,4,4;0011,111,11,11,11,11,11,11,11,1011,11,11,1,11,11,1,11,11,1001,1100
394_6;line;BEBOP;UP;Sonny Stitt;SWING;2;25;2;26;3;16;6;4,2,4,2,6,1;0001,11,1111,11,111111,1
394_7;line;BEBOP;UP;Sonny Stitt;SWING;6;27;1;32;1;43;21;2,5,2,2,2,4,1,2,1,3,2,2,4,2,2,3,2,2,2,2,4;01,10111,11,11,11,1011,1,11,1,011,11,11,1101,01,11,111,11,11,11,11,1001
395_1;lick;BEBOP;MEDIUM UP;Sonny Stitt;SWING;3;0;4;2;3;17;8;2,4,6,4,1,2,5,2;01,0110,011001,1110,1,01,10111,11
395_2;line;BEBOP;MEDIUM UP;Sonny Stitt;SWING;4;3;2;6;2;36;13;3,4,2,4,2,2,4,3,3,6,3,3,1;111,1101,11,1111,11,11,1101,111,111,101111,110,111,1
395_4;line;BEBOP;MEDIUM UP;Sonny Stitt;SWING;6;8;4;13;3;45;20;2,4,2,2,4,2,1,4,2,4,2,3,4,4,3,3,4,4,2,1;11,1001,11,11,1011,11,1,1011,11,1011,11,011,1001,0011,111,111,1011,1110,11,1
395_5;lick;BEBOP;MEDIUM UP;Sonny Stitt;SWING;3;13;4;15;2;12;6;2,4,2,2,4,4;01,1001,11,11,0111,1100
395_6;line;BEBOP;MEDIUM UP;Sonny Stitt;SWING;2;17;1;18;2;16;6;2,3,4,3,6,1;11,111,1011,111,100111,1
395_7;lick;BEBOP;MEDIUM UP;Sonny Stitt;SWING;2;18;4;19;4;9;5;2,2,2,2,4;01,11,11,11,1001
395_8;line;BEBOP;MEDIUM UP;Sonny Stitt;SWING;2;21;1;22;3;16;7;4,3,1,3,3,3,2;0001,111,1,111,111,111,11
395_9;line;BEBOP;MEDIUM UP;Sonny Stitt;SWING;3;23;2;25;2;31;9;8,4,4,3,4,4,4,3,4;01011011,1111,1111,111,0111,1111,0111,111,1100
395_10;lick;BEBOP;MEDIUM UP;Sonny Stitt;SWING;2;25;3;26;1;7;3;6,5,6;000001,01011,011001
395_11;line;BEBOP;MEDIUM UP;Sonny Stitt;SWING;3;26;4;28;3;16;8;4,4,2,2,2,2,2,2;0001,0111,11,11,11,11,11,11
395_12;line;BEBOP;MEDIUM UP;Sonny Stitt;SWING;3;29;1;31;2;22;10;2,3,2,2,4,2,3,4,2,2;01,111,11,11,1001,11,111,1101,11,11
396_1;lick;BEBOP;MEDIUM UP;Sonny Stitt;SWING;2;0;4;1;4;11;5;4,6,4,2,1;0001,011011,1110,11,1
396_2;lick;BEBOP;MEDIUM UP;Sonny Stitt;SWING;1;2;1;2;4;9;4;4,4,1,4;0011,1111,1,1100
396_3;line;BEBOP;MEDIUM UP;Sonny Stitt;SWING;2;3;2;4;4;26;7;6,4,4,4,4,4,4;101101,1111,1111,1111,1111,1111,0110
396_4;line;BEBOP;MEDIUM UP;Sonny Stitt;SWING;2;5;3;6;4;20;6;3,4,5,6,4,1;011,1111,11111,011011,1111,1
396_5;lick;BEBOP;MEDIUM UP;Sonny Stitt;SWING;2;7;1;8;2;11;5;4,4,6,4,2;0001,0111,000101,0111,11
396_6;line;BEBOP;MEDIUM UP;Sonny Stitt;SWING;4;8;3;11;1;38;11;2,4,4,4,4,3,3,6,8,4,3;01,1111,1111,1111,1111,111,111,101111,01111111,0001,011
396_7;lick;BEBOP;MEDIUM UP;Sonny Stitt;SWING;2;11;4;12;2;8;3;4,4,4;0001,1111,0111
396_8;line;BEBOP;MEDIUM UP;Sonny Stitt;SWING;2;13;1;14;1;17;5;4,4,4,5,2;1111,1111,1110,11111,01
396_9;lick;BEBOP;MEDIUM UP;Sonny Stitt;SWING;1;14;3;14;4;5;2;4,3;0011,111
396_10;lick;BEBOP;MEDIUM UP;Sonny Stitt;SWING;1;15;2;15;3;4;2;4,3;0011,110
396_11;lick;BEBOP;MEDIUM UP;Sonny Stitt;SWING;1;16;1;16;2;6;2;4,3;1111,110
396_12;line;BEBOP;MEDIUM UP;Sonny Stitt;SWING;4;17;1;20;3;55;15;4,4,4,4,6,6,4,8,2,4,4,6,3,4,1;1111,1111,1101,0111,101111,111011,1111,10101011,11,1111,1111,111101,111,1110,1
396_13;line;BEBOP;MEDIUM UP;Sonny Stitt;SWING;2;21;1;22;3;22;7;4,3,4,4,4,4,4;0001,011,1111,1111,1111,1111,1110
396_14;line;BEBOP;MEDIUM UP;Sonny Stitt;SWING;2;23;2;24;1;13;4;8,5,4,1;01001011,01111,1111,1
396_15;line;BEBOP;MEDIUM UP;Sonny Stitt;SWING;2;24;2;25;3;21;6;4,6,6,4,6,4;0011,101011,011011,1111,101111,1100
396_16;line;BEBOP;MEDIUM UP;Sonny Stitt;SWING;3;26;1;28;2;40;10;4,4,4,6,4,6,4,4,6,6;0011,1111,1111,110111,0111,111101,1111,1111,110111,011101
396_17;line;BEBOP;MEDIUM UP;Sonny Stitt;SWING;2;29;2;30;1;14;4;5,6,3,2;10111,101111,111,11
396_18;line;BEBOP;MEDIUM UP;Sonny Stitt;SWING;1;30;2;30;4;7;3;4,6,4;0001,011011,0110
396_19;line;BEBOP;MEDIUM UP;Sonny Stitt;SWING;2;31;1;32;3;22;7;4,3,5,3,5,6,1;0001,111,11111,111,11111,011011,1
397_1;lick;COOL;UP;Stan Getz;SWING;2;2;1;3;1;9;5;1,2,2,2,2;1,11,11,11,11
397_2;lick;COOL;UP;Stan Getz;SWING;3;4;1;6;1;15;8;1,2,2,2,2,2,2,2;1,11,11,11,11,11,11,11
397_3;lick;COOL;UP;Stan Getz;SWING;3;6;4;8;4;14;8;2,2,2,2,2,2,2,2;01,11,11,11,11,11,11,01
397_4;lick;COOL;UP;Stan Getz;SWING;2;10;1;11;1;9;5;2,2,2,2,2;11,11,11,01,11
397_5;lick;COOL;UP;Stan Getz;SWING;2;13;1;14;4;12;7;2,2,2,2,1,2,2;11,11,11,01,1,11,11
397_6;line;COOL;UP;Stan Getz;SWING;4;15;4;18;3;23;12;2,2,2,2,2,2,2,2,2,4,4,4;11,11,11,11,11,11,11,11,01,1001,1001,1001
397_7;lick;COOL;UP;Stan Getz;SWING;3;19;3;21;4;18;10;1,2,2,2,2,2,2,2,2,2;1,11,11,11,11,11,11,11,11,01
397_8;lick;COOL;UP;Stan Getz;SWING;1;23;1;23;4;7;4;2,2,2,2;11,11,11,01
397_9;lick;COOL;UP;Stan Getz;SWING;3;24;3;26;2;8;6;2,2,1,2,2,1;11,01,1,01,11,1
397_10;lick;COOL;UP;Stan Getz;SWING;2;27;1;28;2;10;6;2,2,2,2,2,1;01,11,11,11,11,1
397_11;line;COOL;UP;Stan Getz;SWING;6;29;1;34;1;40;21;2,2,2,2,2,2,2,2,2,2,2,2,2,2,2,2,2,2,2,2,1;01,11,11,11,11,11,11,11,11,11,11,11,11,11,11,11,11,11,11,11,1
397_12;lick;COOL;UP;Stan Getz;SWING;2;34;4;35;3;4;3;4,2,1;0011,01,1
397_13;lick;COOL;UP;Stan Getz;SWING;2;37;1;38;2;6;6;1,1,1,1,1,2;1,1,1,1,1,01
397_14;lick;COOL;UP;Stan Getz;SWING;5;39;1;43;2;23;14;2,1,1,2,4,2,2,2,2,4,2,2,2,2;01,1,1,11,1011,01,11,11,11,0001,11,11,11,01
397_15;line;COOL;UP;Stan Getz;SWING;4;45;3;48;1;20;11;1,2,3,2,2,4,2,2,2,2,1;1,11,111,11,01,1011,01,11,11,11,1
397_16;lick;COOL;UP;Stan Getz;SWING;3;48;4;50;2;10;6;4,3,1,2,2,2;0001,111,1,11,01,11
397_17;line;COOL;UP;Stan Getz;SWING;4;51;1;54;3;25;14;2,2,2,2,2,2,1,2,4,1,2,2,4,2;01,11,11,11,11,11,1,01,1111,1,11,01,1001,11
397_18;line;COOL;UP;Stan Getz;SWING;4;55;2;58;4;27;15;2,2,2,2,4,2,1,2,2,2,2,3,2,2,1;01,11,11,11,1011,01,1,11,11,11,11,011,11,11,1
397_19;lick;COOL;UP;Stan Getz;SWING;3;60;3;62;4;12;8;1,2,2,1,4,2,2,2;1,01,11,1,1001,11,11,01
397_20;line;COOL;UP;Stan Getz;SWING;8;64;1;71;1;49;25;1,3,3,2,4,2,2,2,4,2,2,2,2,2,2,2,2,2,2,2,1,1,2,2,2;1,111,111,11,1011,11,11,11,1011,11,11,01,11,11,11,11,11,11,11,11,1,1,11,01,11
397_21;line;COOL;UP;Stan Getz;SWING;9;72;4;80;2;51;29;2,2,2,2,2,4,3,2,2,2,2,2,2,2,2,2,2,4,2,2,2,1,2,2,2,2,2,1,2;01,01,11,11,11,1011,011,01,11,11,11,11,11,11,11,11,11,1011,11,11,11,1,01,01,01,11,11,1,01
397_22;lick;COOL;UP;Stan Getz;SWING;3;81;1;83;1;14;8;4,4,2,2,2,4,4,2;1011,0011,01,11,11,0011,0001,01
397_23;lick;COOL;UP;Stan Getz;SWING;2;84;3;85;3;6;4;2,2,1,2;01,11,1,11
397_24;lick;COOL;UP;Stan Getz;SWING;2;86;3;87;3;6;4;2,2,1,4;01,11,1,1001
397_25;lick;COOL;UP;Stan Getz;SWING;8;88;4;95;1;37;26;2,2,2,2,2,2,2,2,2,2,2,2,2,2,3,2,1,2,2,2,2,2,2,2,1,1;01,01,01,01,01,01,01,01,11,01,01,01,01,01,111,11,1,11,11,11,11,11,11,11,1,1
397_27;line;COOL;UP;Stan Getz;SWING;5;101;1;105;3;34;19;1,1,2,2,2,2,2,2,2,2,2,2,2,2,2,2,2,2,2;1,1,11,01,01,11,11,11,11,11,11,11,11,11,11,11,11,11,11
397_28;lick;COOL;UP;Stan Getz;SWING;6;106;4;111;4;21;17;2,1,2,1,1,2,1,1,1,2,2,1,1,2,2,1,1;01,1,11,1,1,11,1,1,1,01,11,1,1,01,11,1,1
397_29;line;COOL;UP;Stan Getz;SWING;4;112;3;115;4;24;13;2,4,3,2,2,2,2,2,2,2,1,1,1;11,1011,011,11,11,11,11,11,11,11,1,1,1
397_30;line;COOL;UP;Stan Getz;SWING;4;116;3;119;3;25;13;2,4,2,2,2,2,2,2,4,2,2,2,2;01,1011,01,11,11,11,11,11,1001,11,11,11,11
397_31;lick;COOL;UP;Stan Getz;SWING;2;122;1;123;4;6;5;1,1,1,2,2;1,1,1,11,01
397_32;lick;COOL;UP;Stan Getz;SWING;4;125;1;128;3;18;15;1,1,4,2,2,2,2,2,2,2,2,2,1,2,2;1,1,1001,01,01,01,11,01,01,01,01,01,1,01,11
397_33;lick;COOL;UP;Stan Getz;SWING;3;129;4;131;2;12;7;2,2,2,2,2,2,2;01,11,11,11,01,11,11
397_35;lick;COOL;UP;Stan Getz;SWING;4;145;1;148;2;25;13;2,4,2,3,1,1,1,2,4,2,4,2,2;01,0111,11,111,1,1,1,01,1011,11,1011,11,11
397_36;line;COOL;UP;Stan Getz;SWING;7;149;2;155;1;41;22;2,2,2,2,2,2,2,2,2,2,2,2,2,2,1,2,2,2,2,2,3,2;01,11,11,11,11,11,11,11,11,11,11,11,11,11,1,11,11,11,01,01,111,11
397_38;line;COOL;UP;Stan Getz;SWING;5;168;3;172;1;30;15;2,4,3,2,2,2,2,2,2,2,2,2,2,2,3;01,1110,111,11,11,11,01,11,11,11,11,11,11,11,110
397_39;line;COOL;UP;Stan Getz;SWING;5;173;1;177;3;38;19;2,3,2,2,2,2,2,2,2,4,4,2,2,2,2,2,2,2,2;01,111,11,11,11,11,11,11,11,1011,0011,01,11,11,11,11,11,11,11
397_40;lick;COOL;UP;Stan Getz;SWING;6;179;1;184;1;18;14;2,2,1,2,1,1,2,1,2,2,1,4,1,2;01,01,1,11,1,1,11,1,01,01,1,1001,1,11
397_41;lick;COOL;UP;Stan Getz;SWING;8;184;4;191;3;35;22;2,1,1,4,2,2,2,2,2,2,2,2,2,2,2,2,2,2,2,1,2,1;01,1,1,1001,01,01,11,11,11,11,11,11,11,11,11,11,01,11,11,1,01,1
399_1;lick;COOL;UP;Stan Getz;SWING;9;1;4;9;1;41;29;1,1,1,1,1,1,1,1,1,1,1,1,1,1,1,2,2,2,2,2,2,2,2,2,2,2,2,2,2;1,1,1,1,1,1,1,1,1,1,1,1,1,1,1,11,11,01,11,11,11,11,01,11,11,11,11,11,11
399_2;lick;COOL;UP;Stan Getz;SWING;2;10;1;11;2;10;6;2,3,2,2,1,2;01,111,11,11,1,01
399_3;lick;COOL;UP;Stan Getz;SWING;9;12;1;20;1;54;32;2,2,2,4,2,4,2,2,2,2,2,2,2,2,2,2,2,2,2,2,4,4,2,2,2,2,2,2,2,2,2,1;01,11,11,1001,01,0001,01,01,11,01,01,01,01,11,11,11,11,11,11,11,1011,0011,01,11,11,11,11,11,11,11,11,1
399_4;line;COOL;UP;Stan Getz;SWING;4;21;2;24;4;29;15;4,3,2,2,2,2,2,2,2,2,2,4,2,2,1;1011,011,11,11,11,11,11,11,11,11,11,1001,01,11,1
399_5;lick;COOL;UP;Stan Getz;SWING;2;25;4;26;2;5;3;2,2,2;01,11,11
399_6;lick;COOL;UP;Stan Getz;SWING;2;27;4;28;2;5;3;2,2,1;11,11,1
399_7;lick;COOL;UP;Stan Getz;SWING;1;30;1;30;3;5;3;2,2,2;11,01,11
399_8;lick;COOL;UP;Stan Getz;SWING;5;31;3;35;2;22;14;2,2,1,2,2,2,2,2,2,1,2,2,4,2;01,11,1,01,11,11,11,11,11,1,11,11,0001,01
399_9;lick;COOL;UP;Stan Getz;SWING;4;36;3;39;3;15;12;1,1,2,1,1,1,1,1,1,2,3,1;1,1,11,1,1,1,1,1,1,11,011,1
399_10;line;COOL;UP;Stan Getz;SWING;6;40;3;45;3;41;21;2,2,2,2,2,1,4,2,2,2,2,2,2,2,2,2,2,2,2,2,2;01,11,11,11,11,1,1101,11,11,11,11,11,11,11,11,11,11,11,11,11,11
399_11;line;COOL;UP;Stan Getz;SWING;6;46;4;51;4;36;19;4,3,2,2,2,2,2,4,2,2,2,2,2,2,2,2,2,4,2;0001,111,11,11,11,11,11,1011,01,11,11,11,11,11,01,11,11,1001,01
399_12;lick;COOL;UP;Stan Getz;SWING;6;53;1;58;1;27;18;1,2,2,2,2,2,2,1,1,2,1,2,2,2,1,2,2,1;1,11,11,11,01,01,11,1,1,11,1,01,11,11,1,11,11,1
399_15;lick;COOL;UP;Stan Getz;SWING;5;69;4;73;1;21;11;4,2,2,2,2,2,4,2,4,2,2;0001,01,11,11,11,11,1011,01,1110,11,11
399_16;lick;COOL;UP;Stan Getz;SWING;3;74;1;76;2;12;7;2,2,2,1,2,2,2;01,11,11,1,11,11,11
399_17;line;COOL;UP;Stan Getz;SWING;4;77;1;80;3;27;15;4,2,2,4,2,4,2,2,2,2,1,2,2,2,1;0001,11,01,1101,01,1111,01,11,11,11,1,11,11,11,1
399_18;line;COOL;UP;Stan Getz;SWING;7;81;2;87;4;48;26;4,2,2,2,3,2,2,2,2,2,2,2,2,2,2,2,2,2,2,2,2,1,2,3,2,1;0001,01,11,11,011,11,11,11,11,11,11,11,11,11,11,11,11,11,11,11,11,1,01,111,11,1
399_19;line;COOL;UP;Stan Getz;SWING;6;88;4;93;1;29;16;2,2,2,2,2,2,3,4,2,2,2,2,2,2,2,1;11,11,11,11,11,01,011,0011,01,11,11,11,11,11,11,1
399_20;line;COOL;UP;Stan Getz;SWING;3;93;4;95;2;14;7;2,2,2,2,2,2,2;11,11,11,11,11,11,11
399_22;lick;COOL;UP;Stan Getz;SWING;3;100;3;102;4;11;10;1,1,1,1,1,1,1,1,1,2;1,1,1,1,1,1,1,1,1,11
399_26;lick;COOL;UP;Stan Getz;SWING;2;128;3;129;4;7;6;1,1,1,1,2,2;1,1,1,1,11,01
399_27;line;COOL;UP;Stan Getz;SWING;3;130;3;132;2;13;8;2,2,2,2,1,3,2,1;01,01,11,11,1,111,11,1
399_28;line;COOL;UP;Stan Getz;SWING;5;132;4;136;3;32;16;2,2,2,2,2,2,4,2,2,2,3,2,2,4,2,1;11,11,11,11,11,11,1110,11,11,11,110,11,11,1011,01,1
399_29;lick;COOL;UP;Stan Getz;SWING;2;137;1;138;3;8;6;2,2,1,2,2,1;01,11,1,01,11,1
399_30;lick;COOL;UP;Stan Getz;SWING;2;139;1;140;2;8;4;2,4,2,3;01,1011,11,011
399_31;lick;COOL;UP;Stan Getz;SWING;1;141;1;141;3;4;3;2,2,1;01,11,1
399_32;line;COOL;UP;Stan Getz;SWING;7;142;1;148;2;45;24;2,2,2,2,2,4,2,2,2,2,2,2,2,2,2,2,4,3,2,2,2,2,1,1;01,01,11,11,11,1011,01,11,11,11,11,11,11,11,11,11,1101,011,11,11,11,11,1,1
399_33;line;COOL;UP;Stan Getz;SWING;6;149;2;154;2;28;15;3,2,2,2,1,2,2,4,2,2,1,2,2,2,2;111,11,11,11,1,11,11,1011,01,11,1,11,11,11,01
399_34;lick;COOL;UP;Stan Getz;SWING;5;155;4;159;2;29;15;2,2,2,4,4,2,4,2,2,2,2,2,2,2,2;11,11,11,1011,0001,01,1011,01,11,11,11,11,11,11,11
399_35;line;COOL;UP;Stan Getz;SWING;3;160;3;162;4;11;10;2,1,1,1,1,1,1,1,1,2;01,1,1,1,1,1,1,1,1,11
399_38;lick;COOL;UP;Stan Getz;SWING;2;174;2;175;4;11;5;3,2,2,4,2;111,11,11,1011,01
399_39;lick;COOL;UP;Stan Getz;SWING;4;177;1;180;1;17;11;1,4,2,4,4,2,2,2,2,2,2;1,1011,11,0001,1011,01,01,01,11,01,01
399_42;line;COOL;UP;Stan Getz;SWING;2;190;1;191;4;14;8;4,2,2,2,2,2,2,2;0001,01,11,11,11,11,11,11
399_43;line;COOL;UP;Stan Getz;SWING;5;193;1;197;2;35;18;2,2,4,2,3,2,2,2,2,2,2,2,2,2,2,2,2,1;11,11,1011,01,111,01,11,11,11,11,11,11,11,11,11,11,11,1
399_47;line;COOL;UP;Stan Getz;SWING;5;205;2;209;1;31;16;2,2,2,2,2,2,2,1,2,2,2,2,2,2,2,2;11,11,11,11,11,11,11,1,11,11,11,11,11,11,11,11
399_49;line;COOL;UP;Stan Getz;SWING;7;212;1;218;4;53;28;4,2,2,2,2,2,2,3,2,2,2,2,2,2,2,2,2,2,2,2,2,2,2,2,2,2,2,2;0001,01,11,11,11,11,11,111,01,11,11,11,11,11,11,11,11,11,11,11,11,01,11,11,11,11,11,11
399_50;line;COOL;UP;Stan Getz;SWING;3;219;4;221;1;13;6;2,3,4,2,4,3;11,111,1011,01,1001,011
399_52;lick;COOL;UP;Stan Getz;SWING;2;227;1;228;2;7;6;2,4,2,2,2,2;01,0001,01,11,01,01
399_53;line;COOL;UP;Stan Getz;SWING;3;230;1;232;3;22;11;2,2,3,2,3,2,2,3,2,2,2;11,11,111,01,111,11,11,011,11,11,01
399_55;lick;COOL;UP;Stan Getz;SWING;2;241;3;242;3;6;5;4,2,2,1,2;0001,01,01,1,11
399_56;lick;COOL;UP;Stan Getz;SWING;1;244;1;244;4;4;2;4,2;1001,11
399_57;lick;COOL;UP;Stan Getz;SWING;2;245;4;246;4;8;5;2,2,1,2,1;11,11,1,11,1
399_59;line;COOL;UP;Stan Getz;SWING;3;254;3;256;4;11;10;1,1,1,1,1,1,2,2,1,1;1,1,1,1,1,1,11,01,1,1
401_8;line;COOL;MEDIUM;Stan Getz;LATIN;3;16;4;18;2;7;7;2,1,1,1,1,1,1;01,1,1,1,1,1,1
401_12;lick;COOL;MEDIUM;Stan Getz;LATIN;2;27;1;28;4;18;8;2,2,2,2,8,4,3,1;01,11,11,11,10101001,0111,111,1
402_3;lick;COOL;MEDIUM;Stan Getz;SWING;4;6;2;9;3;28;13;4,4,3,1,2,4,4,2,6,4,2,2,1;1001,0111,111,1,01,1111,1111,11,000011,1100,01,11,1
402_4;lick;COOL;MEDIUM;Stan Getz;SWING;2;10;1;11;3;10;6;1,1,2,3,2,1;1,1,11,111,11,1
402_5;lick;COOL;MEDIUM;Stan Getz;SWING;1;12;1;12;4;8;4;2,3,2,3;01,011,11,111
402_6;lick;COOL;MEDIUM;Stan Getz;SWING;2;13;2;14;1;7;4;4,2,3,1;0001,11,111,1
402_7;lick;COOL;MEDIUM;Stan Getz;SWING;5;14;2;18;2;27;16;4,3,4,1,2,2,1,2,2,2,1,1,3,1,1,4;0011,111,0111,1,11,11,1,01,11,11,1,1,110,1,1,1001
402_8;lick;COOL;MEDIUM;Stan Getz;SWING;3;19;1;21;4;20;10;4,2,3,2,2,2,2,2,2,4;0011,11,111,11,11,11,01,11,11,1001
402_9;lick;COOL;MEDIUM;Stan Getz;SWING;3;22;2;24;1;17;7;4,3,4,3,4,6,2;0011,111,1111,111,0110,000011,01
402_10;lick;COOL;MEDIUM;Stan Getz;SWING;2;24;4;25;4;6;5;2,1,4,1,1;01,1,1001,1,1
402_11;lick;COOL;MEDIUM;Stan Getz;SWING;1;26;1;26;4;8;4;2,4,2,4;01,1011,11,0011
402_12;lick;COOL;MEDIUM;Stan Getz;SWING;2;27;2;28;1;7;4;6,2,2,2;000011,01,11,11
402_13;lick;COOL;MEDIUM;Stan Getz;SWING;2;29;1;30;2;10;6;1,2,1,8,2,3;1,01,1,10000101,01,111
402_14;lick;COOL;MEDIUM;Stan Getz;SWING;4;30;4;33;1;18;9;2,1,4,1,4,4,3,4,3;01,1,0111,1,0001,0011,111,0111,111
402_15;lick;COOL;MEDIUM;Stan Getz;SWING;3;33;4;35;1;16;6;4,4,4,4,4,2;0011,0110,1111,1111,1001,11
402_16;lick;COOL;MEDIUM;Stan Getz;SWING;3;36;3;38;3;14;9;8,2,2,4,2,2,2,2,1;00000101,01,11,1001,11,11,01,01,1
402_17;lick;COOL;MEDIUM;Stan Getz;SWING;3;38;4;40;1;13;6;4,2,4,2,6,5;0001,11,0001,01,101011,01111
402_18;lick;COOL;MEDIUM;Stan Getz;SWING;4;41;1;44;2;26;13;2,3,2,2,2,2,2,4,2,3,4,4,1;01,111,11,11,11,11,11,1001,01,111,1110,1100,1
402_19;lick;COOL;MEDIUM;Stan Getz;SWING;3;44;4;46;2;9;6;2,4,1,1,4,2;01,1001,1,1,1001,11
402_20;lick;COOL;MEDIUM;Stan Getz;SWING;2;47;1;48;2;9;6;4,1,2,2,4,2;0011,1,11,01,0001,11
402_21;line;COOL;MEDIUM;Stan Getz;SWING;3;49;3;51;1;19;7;4,3,3,5,2,4,4;0011,111,111,10111,11,1011,1100
402_22;lick;COOL;MEDIUM;Stan Getz;SWING;4;51;3;54;2;15;11;2,3,4,3,1,4,1,1,1,1,2;01,011,1001,011,1,1001,1,1,1,1,01
402_23;lick;COOL;MEDIUM;Stan Getz;SWING;3;54;4;56;2;9;7;4,4,2,2,4,1,4;0001,0001,01,11,1100,1,0001
402_24;lick;COOL;MEDIUM;Stan Getz;SWING;3;57;1;59;1;19;8;2,2,3,3,4,4,2,2;01,11,111,111,0111,0111,11,11
402_25;lick;COOL;MEDIUM;Stan Getz;SWING;2;59;3;60;3;9;5;4,2,2,4,2;0001,01,11,0111,11
402_26;lick;COOL;MEDIUM;Stan Getz;SWING;3;61;4;63;4;18;9;3,3,3,1,2,1,4,1,2;111,111,111,1,11,1,1001,1,11
402_27;lick;COOL;MEDIUM;Stan Getz;SWING;2;64;2;65;3;13;6;3,6,3,1,4,1;111,101101,011,1,1001,1
402_28;lick;COOL;MEDIUM;Stan Getz;SWING;4;66;1;69;2;37;14;2,3,4,4,3,3,3,3,2,3,3,3,3,3;01,011,0110,1111,111,111,111,011,11,111,111,111,111,111
402_29;lick;COOL;MEDIUM;Stan Getz;SWING;2;70;3;71;1;5;2;4,3;1001,111
402_30;lick;COOL;MEDIUM;Stan Getz;SWING;3;71;4;73;2;14;7;2,2,2,2,2,2,3;01,11,11,11,11,11,111
402_31;line;COOL;MEDIUM;Stan Getz;SWING;2;73;4;74;4;11;5;2,6,4,2,3;01,000111,1001,11,111
402_32;lick;COOL;MEDIUM;Stan Getz;SWING;2;76;1;77;1;6;5;4,2,2,1,2;0001,01,01,1,11
402_33;lick;COOL;MEDIUM;Stan Getz;SWING;2;78;1;79;2;8;5;2,2,2,4,1;01,11,11,0110,1
402_34;lick;COOL;MEDIUM;Stan Getz;SWING;3;80;1;82;4;20;12;6,3,6,4,2,2,2,4,1,2,1,1;000011,011,001001,0001,11,01,11,1101,1,11,1,1
402_35;line;COOL;MEDIUM;Stan Getz;SWING;2;83;2;84;2;11;5;3,2,3,6,1;011,01,111,101101,1
402_36;lick;COOL;MEDIUM;Stan Getz;SWING;2;85;2;86;1;7;4;2,2,3,1;01,11,111,1
402_37;lick;COOL;MEDIUM;Stan Getz;SWING;2;86;3;87;1;5;3;6,4,1;000101,0011,1
402_38;lick;COOL;MEDIUM;Stan Getz;SWING;2;87;3;88;1;5;3;2,2,1;11,11,1
402_39;lick;COOL;MEDIUM;Stan Getz;SWING;3;88;3;90;1;10;7;2,1,1,2,2,2,1;11,1,1,01,11,11,1
402_40;lick;COOL;MEDIUM;Stan Getz;SWING;2;90;3;91;4;14;6;2,4,6,2,2,3;01,1111,111000,01,11,111
402_41;lick;COOL;MEDIUM;Stan Getz;SWING;2;93;1;94;2;12;5;2,3,3,3,3;01,011,111,111,111
402_42;lick;COOL;MEDIUM;Stan Getz;SWING;2;94;4;95;4;12;4;3,3,3,3;111,111,111,111
402_43;line;COOL;MEDIUM;Stan Getz;SWING;3;96;2;98;1;14;6;3,3,3,2,3,1;111,111,111,11,011,1
402_44;lick;COOL;MEDIUM;Stan Getz;SWING;3;98;4;100;1;7;6;4,1,1,1,2,4;0001,1,1,1,11,0001
402_45;lick;COOL;MEDIUM;Stan Getz;SWING;3;100;4;102;2;9;6;2,2,2,5,2,2;01,01,11,00011,01,11
402_46;line;COOL;MEDIUM;Stan Getz;SWING;3;103;1;105;3;29;11;8,3,4,3,3,3,5,4,1,4,1;00001011,111,1101,111,111,111,10111,0111,1,0011,1
402_47;lick;COOL;MEDIUM;Stan Getz;SWING;3;105;4;107;1;10;6;4,2,2,1,6,2;0011,11,11,1,000101,01
402_48;line;COOL;MEDIUM;Stan Getz;SWING;4;107;4;110;1;38;10;4,4,4,4,4,4,4,4,4,3;1111,1111,1111,1111,1111,1111,1111,1111,1111,110
405_1;lick;POSTBOP;UP;Steve Coleman;SWING;3;1;2;3;3;14;8;2,2,3,2,2,1,2,1;11,11,011,11,11,1,11,1
405_2;lick;POSTBOP;UP;Steve Coleman;SWING;4;4;4;7;1;12;8;2,2,2,1,1,4,3,2;01,11,11,1,1,0001,011,11
405_3;lick;POSTBOP;UP;Steve Coleman;SWING;7;9;3;15;2;37;20;2,2,2,4,1,2,2,1,4,2,2,3,2,2,2,2,1,2,2,2;01,11,11,1001,1,11,11,1,1101,11,11,111,11,11,11,11,1,11,01,11
405_4;lick;POSTBOP;UP;Steve Coleman;SWING;3;16;4;18;4;10;7;2,1,2,1,4,2,2;11,1,01,1,0001,11,11
405_5;line;POSTBOP;UP;Steve Coleman;SWING;5;19;2;23;3;30;17;3,1,2,2,2,2,2,2,3,2,2,2,2,2,2,2,1;011,1,01,11,11,11,11,11,110,11,11,01,11,11,11,11,1
405_6;line;POSTBOP;UP;Steve Coleman;SWING;7;25;4;31;2;38;23;4,4,2,2,2,2,2,2,2,1,2,2,2,1,1,2,2,2,1,2,1,1,1;1101,0011,01,11,01,11,11,11,11,1,11,11,11,1,1,11,11,11,1,11,1,1,1
405_7;lick;POSTBOP;UP;Steve Coleman;SWING;3;32;2;34;4;20;10;2,4,2,2,2,2,2,2,2,2;11,1011,01,11,11,11,11,11,11,11
405_8;lick;POSTBOP;UP;Steve Coleman;SWING;4;35;3;38;1;13;9;4,1,4,2,4,4,1,2,1;0001,1,1011,11,0001,1001,1,01,1
405_9;line;POSTBOP;UP;Steve Coleman;SWING;2;40;4;41;2;6;3;2,3,4;01,111,1001
405_10;line;POSTBOP;UP;Steve Coleman;SWING;1;42;2;42;4;5;3;4,4,1;0001,0111,1
405_11;line;POSTBOP;UP;Steve Coleman;SWING;4;43;4;46;2;22;10;2,2,3,2,2,2,3,3,2,3;11,11,111,01,11,11,110,111,11,111
405_12;line;POSTBOP;UP;Steve Coleman;SWING;9;47;3;55;2;62;32;6,2,2,2,2,2,2,2,2,2,2,2,2,2,2,2,1,2,1,2,2,2,2,4,2,3,2,2,2,2,2,2;001111,11,11,11,11,11,11,11,11,11,11,11,11,11,11,11,1,11,1,11,11,11,11,1011,01,111,11,01,11,11,01,01
405_13;lick;POSTBOP;UP;Steve Coleman;SWING;5;56;2;60;2;26;17;4,2,2,2,1,4,2,2,2,2,1,2,2,2,4,2,2;0001,01,11,01,1,0001,11,11,11,11,1,11,11,11,0001,01,11
405_14;line;POSTBOP;UP;Steve Coleman;SWING;2;61;1;62;4;28;8;2,6,4,4,5,3,5,4;01,111111,1011,1111,11111,111,10111,1100
405_15;line;POSTBOP;UP;Steve Coleman;SWING;5;63;3;67;1;44;14;4,5,4,4,6,4,4,1,2,6,3,4,4,1;0011,11111,1111,1111,101111,1110,0111,1,01,111011,111,1111,1110,1
405_16;line;POSTBOP;UP;Steve Coleman;SWING;6;67;4;72;2;30;18;2,2,2,2,2,2,2,2,1,2,1,2,4,2,2,3,2,2;11,11,11,11,11,11,11,11,1,01,1,01,1110,11,01,011,01,01
405_17;lick;POSTBOP;UP;Steve Coleman;SWING;2;73;2;74;4;12;6;4,3,1,1,2,2;1011,111,1,1,11,11
405_18;lick;POSTBOP;UP;Steve Coleman;SWING;4;75;3;78;3;22;12;2,2,4,2,2,2,2,2,2,2,2,1;11,11,1001,11,01,11,11,11,11,11,11,1
405_19;lick;POSTBOP;UP;Steve Coleman;SWING;8;80;2;87;4;50;29;2,3,2,1,2,4,2,4,2,2,4,1,2,1,2,1,3,2,2,2,2,1,2,2,3,2,2,4,2;01,111,01,1,11,1011,01,0111,11,01,0001,1,01,1,01,1,111,11,11,11,01,1,01,11,111,11,11,1011,11
405_20;line;POSTBOP;UP;Steve Coleman;SWING;7;89;4;95;2;45;23;2,2,3,2,2,2,5,2,3,2,4,2,2,1,2,2,2,2,2,2,1,4,1;01,11,111,11,11,11,10111,01,111,11,0011,01,11,1,11,11,11,11,11,11,1,0111,1
405_22;lick;POSTBOP;UP;Steve Coleman;SWING;5;104;1;108;4;26;17;2,4,3,4,2,2,2,4,1,4,2,1,1,1,1,2,1;01,1101,011,0001,01,11,11,0111,1,0001,11,1,1,1,1,11,1
405_23;lick;POSTBOP;UP;Steve Coleman;SWING;2;109;2;110;4;10;7;2,2,2,2,2,2,1;01,11,01,01,11,11,1
405_24;lick;POSTBOP;UP;Steve Coleman;SWING;3;111;4;113;3;10;7;2,2,2,4,4,2,1;01,11,01,0001,1101,01,1
405_25;lick;POSTBOP;UP;Steve Coleman;SWING;7;114;1;120;1;46;23;1,2,2,3,6,4,2,1,4,2,2,2,2,2,2,2,2,2,3,2,2,2,1;1,11,11,011,101011,1111,11,1,0001,11,11,11,11,11,11,11,11,11,011,11,11,11,1
405_26;lick;POSTBOP;UP;Steve Coleman;SWING;2;120;4;121;1;3;2;2,1;11,1
405_27;lick;POSTBOP;UP;Steve Coleman;SWING;7;123;2;129;3;37;24;4,2,2,2,2,1,1,1,1,2,2,2,2,2,2,1,2,2,2,2,2,1,2,1;0001,11,11,11,11,1,1,1,1,11,11,11,11,01,01,1,01,11,11,11,11,1,11,1
405_28;lick;POSTBOP;UP;Steve Coleman;SWING;6;131;1;136;3;27;16;2,2,2,2,2,2,2,2,2,2,2,1,2,3,1,2;01,11,01,01,11,11,11,11,11,11,11,1,11,011,1,11
405_29;lick;POSTBOP;UP;Steve Coleman;SWING;7;138;2;144;3;42;24;2,3,1,4,2,2,4,2,2,4,2,1,2,2,2,4,2,2,4,2,2,2,2,1;01,111,1,0001,11,11,1011,11,01,1001,11,1,11,01,11,1101,01,11,1001,01,11,11,11,1
405_31;lick;POSTBOP;UP;Steve Coleman;SWING;3;147;4;149;2;6;5;2,1,2,1,4;01,1,01,1,1001
405_32;lick;POSTBOP;UP;Steve Coleman;SWING;10;150;2;159;1;54;32;4,2,2,1,2,2,4,2,2,2,2,4,2,2,2,2,2,2,2,2,1,2,2,2,2,2,2,2,2,2,1,2;1011,01,01,1,01,11,1001,11,11,11,11,0001,01,01,11,11,11,11,11,11,1,11,11,01,11,01,11,11,11,11,1,11
405_33;line;POSTBOP;UP;Steve Coleman;SWING;6;160;2;165;1;36;20;3,2,2,2,3,2,4,2,4,2,4,2,2,1,2,1,1,2,2,2;011,11,11,11,011,01,1101,01,1011,01,1011,01,11,1,11,1,1,11,11,11
405_34;line;POSTBOP;UP;Steve Coleman;SWING;3;165;4;167;2;13;7;2,2,2,2,3,2,1;11,11,11,11,011,11,1
405_35;line;POSTBOP;UP;Steve Coleman;SWING;4;167;4;170;4;21;13;2,2,2,2,3,3,2,2,2,2,2,1,2;01,11,11,11,110,110,11,11,01,11,01,1,01
405_36;lick;POSTBOP;UP;Steve Coleman;SWING;8;172;1;179;1;42;24;3,2,4,2,1,1,2,1,1,3,2,2,2,2,2,2,2,2,2,2,3,1,1,1;011,11,1011,11,1,1,01,1,1,111,11,11,11,11,11,11,11,11,11,11,110,1,1,1
405_37;line;POSTBOP;UP;Steve Coleman;SWING;3;179;4;181;3;14;8;2,2,2,2,4,2,1,2;11,11,01,11,1101,11,1,01
407_1;lick;POSTBOP;MEDIUM SLOW;Steve Coleman;LATIN;2;1;3;2;2;5;4;2,4,4,4;01,0011,0001,0001
407_2;lick;POSTBOP;MEDIUM SLOW;Steve Coleman;LATIN;3;2;5;4;1;15;7;4,1,4,4,6,2,2;0011,1,0001,0110,111011,11,11
407_4;lick;POSTBOP;MEDIUM SLOW;Steve Coleman;LATIN;2;8;5;9;2;8;3;8,4,1;00010101,1111,1
407_5;line;POSTBOP;MEDIUM SLOW;Steve Coleman;LATIN;4;9;4;12;2;44;14;4,8,4,4,4,2,2,5,3,7,5,1,4,4;0001,10101001,0111,1111,1111,11,11,11111,011,1101011,01111,1,1111,0111
407_6;lick;POSTBOP;MEDIUM SLOW;Steve Coleman;LATIN;2;12;4;13;2;10;4;4,6,4,4;0011,101001,1110,1100
407_9;line;POSTBOP;MEDIUM SLOW;Steve Coleman;LATIN;2;18;3;19;3;32;6;5,6,5,6,6,6;01111,111111,11111,111111,111111,111110
407_10;lick;POSTBOP;MEDIUM SLOW;Steve Coleman;LATIN;3;19;5;21;1;21;7;4,6,4,4,4,5,4;0011,101011,0111,0011,1101,10111,1110
407_11;line;POSTBOP;MEDIUM SLOW;Steve Coleman;LATIN;4;22;1;25;2;59;17;2,5,6,5,6,3,4,4,4,4,4,4,4,4,4,4,4;01,11111,110001,01111,011011,111,1111,0111,1111,1111,1111,1111,1111,1110,0111,1111,1101
407_12;lick;POSTBOP;MEDIUM SLOW;Steve Coleman;LATIN;1;25;2;25;4;6;3;4,4,1;1101,1111,1
407_13;lick;POSTBOP;MEDIUM SLOW;Steve Coleman;LATIN;2;25;5;26;1;5;2;4,4;1111,1001
407_14;lick;POSTBOP;MEDIUM SLOW;Steve Coleman;LATIN;3;26;1;28;1;29;11;4,4,4,4,4,4,2,2,2,2,1;1001,1111,1111,1111,1111,1110,11,11,11,11,1
407_15;lick;POSTBOP;MEDIUM SLOW;Steve Coleman;LATIN;2;28;3;29;1;17;4;7,4,5,4;0011111,1110,11111,1111
407_17;line;POSTBOP;MEDIUM SLOW;Steve Coleman;LATIN;1;32;1;32;2;6;2;4,8;0001,10101011
407_19;lick;POSTBOP;MEDIUM SLOW;Steve Coleman;LATIN;3;35;4;37;4;38;11;6,4,4,4,5,4,4,4,4,8,4;000011,1111,1111,1110,10111,1011,1111,1111,1111,01010101,0110
408_2;line;POSTBOP;UP;Steve Coleman;SWING;6;6;3;11;3;37;19;2,2,2,2,2,2,3,2,2,4,2,2,1,4,2,3,2,2,1;11,11,11,11,11,11,110,11,11,1011,01,11,1,1011,11,011,11,11,1
408_3;line;POSTBOP;UP;Steve Coleman;SWING;2;13;2;14;3;11;6;2,2,2,2,4,2;01,11,11,11,1001,11
408_4;lick;POSTBOP;UP;Steve Coleman;SWING;8;15;3;22;2;48;28;2,4,2,2,2,2,2,2,2,1,1,1,4,2,2,2,2,2,1,2,2,2,2,2,2,2,6,1;11,1001,11,11,11,11,11,11,11,1,1,1,1001,11,01,11,01,11,1,11,01,11,01,11,01,11,101101,1
408_5;lick;POSTBOP;UP;Steve Coleman;SWING;4;25;2;28;3;14;9;4,2,2,2,2,2,2,1,2;0011,01,11,01,11,01,11,1,11
408_6;lick;POSTBOP;UP;Steve Coleman;SWING;8;29;1;36;4;46;29;4,1,2,2,2,1,2,4,3,2,2,2,2,2,1,2,2,2,2,2,1,1,2,2,1,2,2,2,1;0001,1,11,11,11,1,01,0001,011,11,11,11,11,11,1,11,11,01,11,11,1,1,11,11,1,11,11,01,1
408_7;lick;POSTBOP;UP;Steve Coleman;SWING;10;37;3;46;1;59;34;2,2,2,2,1,2,4,4,2,1,2,2,2,2,2,2,2,2,2,1,1,2,2,2,2,2,2,2,2,2,2,4,2,1;11,11,11,11,1,11,0001,1110,01,1,01,11,11,11,11,01,11,11,11,1,1,11,11,11,11,11,11,11,11,11,01,1101,01,1
408_8;lick;POSTBOP;UP;Steve Coleman;SWING;5;46;3;50;4;30;18;2,2,2,2,2,2,2,2,2,2,2,2,2,2,2,2,2,1;11,11,01,11,11,11,11,11,11,01,01,01,11,11,01,11,11,1
408_9;lick;POSTBOP;UP;Steve Coleman;SWING;5;51;4;55;4;31;17;2,2,2,2,2,2,2,2,2,2,4,2,4,2,1,2,3;11,11,11,11,11,01,11,11,11,01,1011,01,1011,01,1,11,110
408_10;lick;POSTBOP;UP;Steve Coleman;SWING;2;56;4;57;1;4;2;2,2;11,11
408_11;line;POSTBOP;UP;Steve Coleman;SWING;2;58;1;59;2;12;6;2,2,2,2,2,2;11,11,11,11,11,11
408_12;lick;POSTBOP;UP;Steve Coleman;SWING;1;60;1;60;3;4;3;1,4,2;1,0001,11
408_13;line;POSTBOP;UP;Steve Coleman;SWING;5;61;2;65;3;28;16;2,2,2,2,2,2,2,2,2,2,2,2,2,2,1,1;11,11,11,01,11,11,11,11,11,11,11,11,11,01,1,1
408_14;lick;POSTBOP;UP;Steve Coleman;SWING;3;66;3;68;4;17;9;2,2,1,4,2,2,4,4,1;11,11,1,1101,11,11,0001,1101,1
408_15;line;POSTBOP;UP;Steve Coleman;SWING;3;69;3;71;1;22;7;2,2,2,4,5,4,4;11,11,11,1111,11111,1011,1111
408_16;line;POSTBOP;UP;Steve Coleman;SWING;3;71;4;73;1;17;6;3,3,4,4,4,4;110,011,1111,0111,0111,0111
408_17;line;POSTBOP;UP;Steve Coleman;SWING;2;73;4;74;4;16;5;4,4,4,3,4;1011,0111,1111,011,1111
408_18;line;POSTBOP;UP;Steve Coleman;SWING;4;75;3;78;2;33;12;3,3,3,3,2,3,3,3,3,3,3,4;011,111,111,111,11,111,110,111,111,111,111,1110
408_19;line;POSTBOP;UP;Steve Coleman;SWING;3;79;1;81;1;20;8;4,3,4,5,4,4,2,1;0001,111,0111,01111,1111,1011,01,1
408_21;line;POSTBOP;UP;Steve Coleman;SWING;7;83;2;89;4;48;25;4,2,3,2,3,2,2,2,3,3,2,2,2,1,2,2,2,2,2,2,2,2,2,1,2;0001,11,011,11,111,11,11,11,111,011,11,11,11,1,11,01,11,11,11,11,11,11,11,1,11
408_22;lick;POSTBOP;UP;Steve Coleman;SWING;2;91;1;92;3;5;4;2,1,1,2;11,1,1,01
408_23;lick;POSTBOP;UP;Steve Coleman;SWING;4;93;3;96;1;20;10;2,2,2,2,2,4,3,3,6,1;11,11,11,11,11,1011,011,011,001001,1
408_24;lick;POSTBOP;UP;Steve Coleman;SWING;3;96;2;98;1;13;8;2,2,2,2,2,1,2,1;11,11,01,11,11,1,11,1
408_25;lick;POSTBOP;UP;Steve Coleman;SWING;8;98;2;105;1;53;24;4,2,2,2,1,2,2,3,3,2,4,3,4,3,4,4,2,3,4,3,4,3,5,4;0001,11,01,11,1,01,11,111,111,01,0001,110,0011,110,0001,1111,01,011,1111,011,1111,111,11111,1110
408_26;lick;POSTBOP;UP;Steve Coleman;SWING;6;105;3;110;1;42;15;6,3,3,5,1,4,4,3,2,4,4,4,3,6,1;001011,110,111,10111,1,0111,1111,111,11,1111,1100,1100,011,111111,1
408_27;line;POSTBOP;UP;Steve Coleman;SWING;2;110;3;111;4;12;6;2,2,2,2,2,2;11,11,11,11,11,11
408_28;line;POSTBOP;UP;Steve Coleman;SWING;5;112;3;116;3;27;14;2,1,4,2,2,2,2,2,2,4,2,2,2,1;11,1,1101,11,11,11,11,11,11,1011,01,11,11,1
408_29;line;POSTBOP;UP;Steve Coleman;SWING;5;117;3;121;2;31;16;2,2,2,2,2,2,2,2,2,2,2,2,2,2,2,2;11,11,11,11,11,11,11,11,11,11,11,11,11,11,11,01
408_30;lick;POSTBOP;UP;Steve Coleman;SWING;5;122;1;126;4;32;19;2,2,2,4,1,4,2,2,3,1,2,5,1,1,2,2,2,1,2;11,11,01,1001,1,0001,11,11,011,1,11,01011,1,1,11,11,11,1,11
408_31;lick;POSTBOP;UP;Steve Coleman;SWING;8;127;4;134;3;49;28;2,2,4,2,2,2,4,1,2,2,2,2,2,2,2,2,1,1,3,2,2,2,2,2,2,4,2,1;01,11,1011,01,11,11,1011,1,11,01,11,11,11,11,11,11,1,1,011,01,11,11,11,11,01,1001,11,1
408_32;lick;POSTBOP;UP;Steve Coleman;SWING;5;135;1;139;1;27;17;2,2,2,2,2,2,1,2,2,2,1,2,2,2,2,2,1;11,11,11,01,11,11,1,01,11,11,1,01,11,11,01,11,1
408_33;lick;POSTBOP;UP;Steve Coleman;SWING;3;139;3;141;3;11;8;1,2,2,2,2,1,4,2;1,11,11,01,11,1,0001,01
408_34;lick;POSTBOP;UP;Steve Coleman;SWING;6;142;3;147;4;36;19;2,2,3,2,4,3,2,2,4,2,2,2,2,2,2,1,2,1,2;01,11,111,01,1101,011,11,11,1110,11,11,11,01,11,11,1,11,1,11
408_35;lick;POSTBOP;UP;Steve Coleman;SWING;5;148;3;152;3;27;16;2,2,2,4,1,2,2,2,2,1,2,1,2,2,4,2;11,11,11,0001,1,11,01,11,11,1,11,1,11,01,1011,11
408_36;lick;POSTBOP;UP;Steve Coleman;SWING;6;153;2;158;2;29;18;2,1,4,1,2,2,2,4,4,2,2,2,2,2,2,2,1,1;11,1,0001,1,11,11,11,1011,0011,01,01,11,11,11,01,11,1,1
408_37;line;POSTBOP;UP;Steve Coleman;SWING;7;158;4;164;1;40;22;4,2,4,1,4,2,2,2,3,2,1,2,2,2,2,4,2,2,2,1,6,1;0001,11,0001,1,1101,11,11,11,011,11,1,11,11,11,11,0111,01,11,11,1,100011,1
409_5;lick;POSTBOP;MEDIUM;Steve Coleman;SWING;2;12;4;13;3;9;4;4,6,2,1;1111,111000,01,1
409_6;lick;POSTBOP;MEDIUM;Steve Coleman;SWING;1;14;1;14;4;9;3;4,6,6;0011,000111,011011
409_7;line;POSTBOP;MEDIUM;Steve Coleman;SWING;4;15;2;18;1;33;10;4,4,4,4,4,4,4,6,4,4;0011,0011,1111,0111,1111,1111,1111,101111,0110,1110
409_8;line;POSTBOP;MEDIUM;Steve Coleman;SWING;4;18;3;21;3;37;12;4,4,4,2,8,2,3,6,6,4,2,1;1111,1101,1110,11,10101011,11,111,011011,011011,1111,11,1
409_11;lick;POSTBOP;MEDIUM;Steve Coleman;SWING;1;28;2;28;3;7;2;6,1;111111,1
409_12;line;POSTBOP;MEDIUM;Steve Coleman;SWING;4;29;2;32;1;36;12;5,3,4,4,4,4,6,2,5,2,8,1;00011,111,1111,0111,1111,1111,100011,01,11111,11,01010101,1
409_13;lick;POSTBOP;MEDIUM;Steve Coleman;SWING;3;32;3;34;2;26;8;3,4,4,4,4,4,4,1;111,1111,1001,1111,1111,1111,1111,1
409_15;line;POSTBOP;MEDIUM;Steve Coleman;SWING;2;36;1;37;2;20;6;4,3,4,4,4,4;0111,111,1111,0110,1111,1111
410_1;lick;POSTBOP;UP;Steve Coleman;SWING;6;2;1;7;1;25;19;4,2,3,4,2,2,1,4,2,2,1,1,1,1,2,2,4,2,1;0001,01,011,0001,11,11,1,1001,01,01,1,1,1,1,01,11,1001,01,1
410_2;lick;POSTBOP;UP;Steve Coleman;SWING;5;7;3;11;3;17;16;1,2,1,1,1,1,1,1,1,1,1,4,2,2,1,1;1,01,1,1,1,1,1,1,1,1,1,1001,01,01,1,1
410_3;lick;POSTBOP;UP;Steve Coleman;SWING;2;11;4;12;3;6;4;2,2,2,2;01,11,01,11
410_4;lick;POSTBOP;UP;Steve Coleman;SWING;2;13;2;14;2;8;5;2,2,2,1,2;11,11,01,1,11
410_5;lick;POSTBOP;UP;Steve Coleman;SWING;2;14;4;15;4;7;5;2,2,2,2,1;01,11,01,11,1
410_6;line;POSTBOP;UP;Steve Coleman;SWING;2;16;2;17;4;12;7;2,2,2,2,2,2,1;01,11,11,11,11,11,1
410_7;lick;POSTBOP;UP;Steve Coleman;SWING;2;18;3;19;4;11;6;2,4,2,4,2,4;11,0011,01,1011,01,1001
410_8;line;POSTBOP;UP;Steve Coleman;SWING;8;20;2;27;1;43;28;2,2,2,2,1,1,4,2,2,2,2,2,1,2,2,2,2,1,2,2,4,2,2,1,2,2,1,1;01,11,11,11,1,1,1011,01,01,01,01,11,1,11,11,11,11,1,11,01,1001,01,11,1,11,11,1,1
410_9;lick;POSTBOP;UP;Steve Coleman;SWING;3;27;3;29;3;14;8;1,3,2,3,2,2,3,2;1,111,01,011,11,01,111,01
410_10;lick;POSTBOP;UP;Steve Coleman;SWING;2;30;3;31;4;9;5;2,2,2,1,2;11,11,11,1,11
410_11;line;POSTBOP;UP;Steve Coleman;SWING;7;32;2;38;3;36;22;2,2,2,2,3,2,1,2,3,2,1,2,2,2,2,2,1,2,1,1,2,2;01,11,11,11,011,01,1,01,111,01,1,11,11,11,11,11,1,11,1,1,11,11
410_12;lick;POSTBOP;UP;Steve Coleman;SWING;2;39;3;40;2;7;4;2,2,2,1;11,11,11,1
410_13;lick;POSTBOP;UP;Steve Coleman;SWING;3;40;4;42;2;12;7;4,2,2,4,2,2,1;0011,01,11,1011,11,01,1
410_14;lick;POSTBOP;UP;Steve Coleman;SWING;3;42;4;44;1;11;6;2,2,4,2,2,4;11,01,1011,01,01,1011
410_15;lick;POSTBOP;UP;Steve Coleman;SWING;3;44;4;46;1;13;6;2,2,4,2,4,3;11,11,1011,01,1011,011
410_16;lick;POSTBOP;UP;Steve Coleman;SWING;3;46;4;48;1;10;6;2,2,2,3,3,2;01,11,01,111,011,01
410_17;lick;POSTBOP;UP;Steve Coleman;SWING;3;48;4;50;1;10;6;2,2,2,2,2,1;11,01,11,11,11,1
410_18;lick;POSTBOP;UP;Steve Coleman;SWING;2;50;2;51;1;4;4;2,1,2,1;01,1,01,1
410_19;lick;POSTBOP;UP;Steve Coleman;SWING;1;51;2;51;4;4;3;2,2,1;01,11,1
410_20;line;POSTBOP;UP;Steve Coleman;SWING;4;52;1;55;3;26;15;2,2,2,2,2,3,2,2,3,4,2,2,2,1,1;01,11,11,11,11,111,11,11,011,0001,01,11,11,1,1
410_21;line;POSTBOP;UP;Steve Coleman;SWING;4;55;4;58;1;16;10;4,2,2,2,2,2,2,2,4,1;0001,01,11,11,11,11,11,11,0001,1
410_22;line;POSTBOP;UP;Steve Coleman;SWING;2;58;2;59;3;12;6;2,2,2,2,2,4;01,11,11,11,11,1101
410_23;lick;POSTBOP;UP;Steve Coleman;SWING;1;60;2;60;3;5;2;2,4;11,1101
410_24;lick;POSTBOP;UP;Steve Coleman;SWING;3;61;2;63;4;16;10;4,2,2,4,2,2,1,2,2,2;0001,01,11,1001,01,11,1,11,11,11
410_25;lick;POSTBOP;UP;Steve Coleman;SWING;3;64;1;66;3;15;10;4,2,2,2,2,2,2,2,2,1;0001,01,11,01,11,11,01,11,11,1
410_26;lick;POSTBOP;UP;Steve Coleman;SWING;2;67;2;68;1;9;4;2,2,4,6;11,11,1011,001001
410_27;line;POSTBOP;UP;Steve Coleman;SWING;4;68;3;71;4;21;14;4,2,2,2,2,2,2,2,1,4,4,4,2,1;0001,01,11,01,11,11,11,11,1,1011,0001,0001,01,1
410_28;line;POSTBOP;UP;Steve Coleman;SWING;3;73;1;75;2;16;10;2,1,2,2,2,2,2,1,2,2;01,1,11,11,11,11,11,1,11,01
410_29;lick;POSTBOP;UP;Steve Coleman;SWING;4;76;1;79;3;18;14;1,4,2,2,2,1,1,1,2,2,2,2,2,1;1,0001,01,11,01,1,1,1,01,01,11,11,11,1
410_30;line;POSTBOP;UP;Steve Coleman;SWING;4;79;4;82;2;20;11;2,4,2,2,2,2,2,4,3,3,1;01,1011,01,01,11,11,11,1011,011,011,1
410_31;line;POSTBOP;UP;Steve Coleman;SWING;3;84;2;86;3;17;9;4,1,2,3,2,4,4,3,3;0001,1,01,111,11,0001,0111,111,110
410_32;lick;POSTBOP;UP;Steve Coleman;SWING;2;87;2;88;4;15;7;2,1,2,2,3,4,3;11,1,01,01,111,1111,111
410_33;lick;POSTBOP;UP;Steve Coleman;SWING;2;89;3;90;1;8;3;4,3,2;0111,111,11
410_34;line;POSTBOP;UP;Steve Coleman;SWING;3;90;2;92;3;28;10;4,3,4,4,4,2,3,4,6,4;0011,111,1111,0111,0111,11,111,1011,101110,1001
410_35;line;POSTBOP;UP;Steve Coleman;SWING;3;92;3;94;1;16;7;4,2,4,3,3,2,3;1001,11,1101,111,111,11,110
410_36;line;POSTBOP;UP;Steve Coleman;SWING;1;94;2;94;4;9;3;4,6,4;0001,010111,1111
410_39;line;POSTBOP;UP;Steve Coleman;SWING;4;98;1;101;2;31;14;2,1,4,2,2,2,3,3,2,3,4,3,3,4;11,1,1101,11,11,01,111,110,11,011,1011,011,011,1111
410_40;line;POSTBOP;UP;Steve Coleman;SWING;8;102;2;109;4;53;30;4,2,2,1,4,2,2,2,2,2,2,4,2,2,3,4,2,3,2,2,2,4,4,2,2,2,2,2,4,2;0001,01,11,1,1001,01,11,11,11,11,11,1101,01,11,111,0011,01,111,01,11,11,1001,0001,01,11,11,11,11,1001,01
410_41;lick;POSTBOP;UP;Steve Coleman;SWING;3;111;3;113;2;14;8;1,2,4,2,2,2,1,1;1,11,1011,11,11,11,1,1
410_42;line;POSTBOP;UP;Steve Coleman;SWING;7;113;3;119;1;44;23;2,2,2,2,3,4,2,4,2,3,2,2,2,2,4,2,3,2,2,2,2,1,2;01,11,11,11,111,0011,11,1011,01,011,01,11,11,11,1011,11,011,11,11,11,11,1,01
410_43;lick;POSTBOP;UP;Steve Coleman;SWING;4;120;4;123;2;16;11;4,2,2,2,2,2,4,2,2,1,1;1101,01,01,11,01,11,1001,01,01,1,1
410_44;line;POSTBOP;UP;Steve Coleman;SWING;7;123;4;129;1;40;21;2,2,4,2,2,2,2,4,2,2,2,2,2,3,2,2,2,1,2,3,2;11,11,0011,01,01,11,11,1001,11,11,11,11,11,111,11,11,11,1,11,011,11
410_45;line;POSTBOP;UP;Steve Coleman;SWING;5;129;4;133;1;27;13;2,2,4,2,4,2,2,2,4,2,2,4,2;11,11,1011,11,1011,01,11,01,1011,11,01,1011,11
410_46;lick;POSTBOP;UP;Steve Coleman;SWING;8;134;1;141;4;47;30;4,2,2,2,2,2,4,2,2,1,1,1,2,4,2,2,4,2,2,2,1,2,3,1,2,4,4,2,2,2;0001,01,11,01,11,11,1011,11,01,1,1,1,01,1001,01,11,1011,01,11,01,1,11,011,1,01,1001,0001,11,11,11
410_47;line;POSTBOP;UP;Steve Coleman;SWING;3;142;2;144;1;15;8;3,2,4,2,2,2,2,2;011,01,1011,11,11,11,01,11
410_48;line;POSTBOP;UP;Steve Coleman;SWING;7;145;1;151;3;50;26;2,2,2,2,2,2,2,2,3,4,2,2,2,4,2,2,4,2,3,2,4,2,2,2,4,4;11,11,11,11,01,11,11,11,111,0001,01,11,11,0011,11,11,1011,01,111,01,1011,11,11,01,1001,0011
410_49;line;POSTBOP;UP;Steve Coleman;SWING;5;152;2;156;2;39;16;4,4,4,2,5,4,1,3,1,3,4,6,1,2,4,3;1011,0111,1111,11,00111,1110,1,111,1,011,1110,110111,1,11,0001,011
410_50;line;POSTBOP;UP;Steve Coleman;SWING;3;156;4;158;2;16;7;3,3,2,4,4,4,2;011,111,01,0110,1110,0111,11
410_51;line;POSTBOP;UP;Steve Coleman;SWING;6;158;4;163;1;32;17;2,2,2,2,2,4,2,2,4,6,4,4,2,2,2,3,1;01,01,11,11,11,1011,01,11,0110,101110,1001,0001,11,11,11,110,1
410_52;line;POSTBOP;UP;Steve Coleman;SWING;2;163;3;164;2;8;4;2,4,2,2;11,1101,01,11
410_54;line;POSTBOP;UP;Steve Coleman;SWING;4;166;2;169;2;27;13;4,4,2,2,2,4,2,2,4,2,1,4,2;1011,1011,11,11,11,0011,01,11,1011,11,1,1101,01
410_55;lick;POSTBOP;UP;Steve Coleman;SWING;3;169;4;171;4;13;9;1,2,4,2,4,2,4,2,2;1,11,1001,01,0001,01,1101,01,01
411_1;line;POSTBOP;MEDIUM SLOW;Steve Coleman;LATIN;4;0;2;3;1;24;9;4,4,10,4,3,3,4,4,4;0001,1101,1000010011,0011,110,011,1111,1111,0011
411_2;lick;POSTBOP;MEDIUM SLOW;Steve Coleman;LATIN;2;3;3;4;1;7;2;6,4;011011,0111
411_3;line;POSTBOP;MEDIUM SLOW;Steve Coleman;LATIN;5;4;3;8;2;31;11;4,4,4,4,8,6,4,4,2,4,2;1101,1110,1011,0111,00010101,011001,1111,1111,01,1011,01
411_6;line;POSTBOP;MEDIUM SLOW;Steve Coleman;LATIN;6;29;1;34;1;42;16;4,2,3,3,2,4,4,4,4,4,4,4,4,4,4,1;1111,11,011,011,11,1101,1111,1110,0001,1111,1111,1011,0001,1111,1001,1
411_7;line;POSTBOP;MEDIUM SLOW;Steve Coleman;LATIN;5;35;1;39;3;47;15;4,8,4,4,4,4,4,4,4,4,4,4,4,4,2;0011,10110011,0111,1111,1111,1101,1111,1111,1011,0011,0011,1011,1011,1110,11
411_8;lick;POSTBOP;MEDIUM SLOW;Steve Coleman;LATIN;2;41;3;42;1;3;2;2,2;01,11
411_9;lick;POSTBOP;MEDIUM SLOW;Steve Coleman;LATIN;2;43;3;44;1;3;2;2,2;01,11
411_10;lick;POSTBOP;MEDIUM SLOW;Steve Coleman;LATIN;2;45;3;46;1;3;2;2,2;01,11
411_11;line;POSTBOP;MEDIUM SLOW;Steve Coleman;LATIN;10;47;2;56;2;72;26;4,4,4,2,6,2,6,2,4,4,4,4,4,4,4,4,2,4,4,4,4,4,3,4,4,1;1111,1111,1111,11,000001,11,100101,01,0011,0011,1110,1011,1101,1111,1111,1011,11,1110,1011,1111,1100,0111,111,0111,1011,1
411_13;line;POSTBOP;MEDIUM SLOW;Steve Coleman;LATIN;4;62;1;65;1;30;10;2,6,2,4,4,4,4,8,4,1;11,111011,11,1011,1111,1110,0111,10101001,0111,1
411_14;line;POSTBOP;MEDIUM SLOW;Steve Coleman;LATIN;6;65;2;70;3;49;17;2,6,3,4,4,3,4,4,3,4,4,4,6,4,4,4,4;01,010111,011,1111,0111,111,0111,1110,011,1111,0110,1110,110101,0111,0111,1111,1001
411_15;line;POSTBOP;MEDIUM SLOW;Steve Coleman;LATIN;3;70;3;72;3;21;7;4,7,4,4,4,4,1;1001,1101011,0111,1111,1111,0111,1
411_18;line;POSTBOP;MEDIUM SLOW;Steve Coleman;LATIN;4;84;3;87;2;23;9;4,4,2,4,2,4,4,4,4;0001,1011,11,1110,11,1111,1011,1011,0110
412_1;line;POSTBOP;MEDIUM SLOW;Steve Coleman;LATIN;4;2;2;5;2;28;10;4,3,4,4,2,4,4,4,2,2;0001,111,1111,1110,11,1101,1111,1111,11,11
412_2;lick;POSTBOP;MEDIUM SLOW;Steve Coleman;LATIN;5;7;2;11;3;39;13;3,4,3,4,4,6,4,4,4,4,4,4,2;011,1011,011,1111,1111,111011,0110,1111,0111,1111,1011,0001,11
412_3;line;POSTBOP;MEDIUM SLOW;Steve Coleman;LATIN;5;12;1;16;1;41;13;4,4,6,2,4,4,4,8,4,6,4,4,3;0001,1111,101111,11,0110,1111,1110,00101011,0111,110111,0111,1110,110
412_4;line;POSTBOP;MEDIUM SLOW;Steve Coleman;LATIN;4;16;2;19;1;32;9;4,4,4,6,4,8,8,4,5;0001,1111,0110,101111,0011,11101101,00101011,0111,11111
412_5;line;POSTBOP;MEDIUM SLOW;Steve Coleman;LATIN;5;20;1;24;2;41;14;2,4,4,6,4,4,4,8,4,6,4,4,4,4;01,0001,1110,001001,1111,1111,1011,10101011,0110,001011,1111,1111,0110,1110
412_6;lick;POSTBOP;MEDIUM SLOW;Steve Coleman;LATIN;2;24;3;25;2;6;3;2,4,1;01,1111,1
412_7;lick;POSTBOP;MEDIUM SLOW;Steve Coleman;LATIN;3;26;1;28;2;22;8;4,4,4,2,4,4,6,4;0001,1110,1111,11,0111,0111,001101,1110
412_8;line;POSTBOP;MEDIUM SLOW;Steve Coleman;LATIN;6;28;3;33;1;44;14;4,3,4,4,4,4,4,4,4,6,4,6,2,4;0110,011,1111,1111,1111,1110,0111,1011,1111,101111,0111,001111,01,1001
412_9;lick;POSTBOP;MEDIUM SLOW;Steve Coleman;LATIN;3;33;2;35;3;16;8;6,4,4,4,1,2,1,4;000011,0110,0111,1110,1,01,1,0111
412_10;lick;POSTBOP;MEDIUM SLOW;Steve Coleman;LATIN;3;36;1;38;1;18;7;6,4,2,7,4,6,4;000011,1110,01,0010001,0111,111101,1100
412_11;lick;POSTBOP;MEDIUM SLOW;Steve Coleman;LATIN;2;38;2;39;1;8;3;4,4,3;0011,1111,110
412_12;lick;POSTBOP;MEDIUM SLOW;Steve Coleman;LATIN;2;39;3;40;1;5;2;4,4;1011,1100
412_13;line;POSTBOP;MEDIUM SLOW;Steve Coleman;LATIN;2;40;2;41;1;7;3;3,4,1;111,1110,1
412_14;lick;POSTBOP;MEDIUM SLOW;Steve Coleman;LATIN;4;41;2;44;2;29;9;4,4,3,4,4,4,8,4,4;0111,0110,111,1111,1101,0011,10011011,0111,1111
412_15;line;POSTBOP;MEDIUM SLOW;Steve Coleman;LATIN;3;45;1;47;2;27;8;2,4,6,6,2,3,4,9;01,1111,110111,010111,11,011,1111,101010101
412_16;line;POSTBOP;MEDIUM SLOW;Steve Coleman;LATIN;3;47;3;49;1;15;5;4,3,4,9,2;0001,111,1111,101010101,11
412_17;lick;POSTBOP;MEDIUM SLOW;Steve Coleman;LATIN;7;51;2;57;3;46;19;4,2,10,2,6,1,3,2,2,6,4,2,4,3,4,4,4,4,4;1110,01,0000000111,01,011100,1,011,01,01,010111,0011,01,1011,111,0111,1111,1111,1111,0110
412_18;line;POSTBOP;MEDIUM SLOW;Steve Coleman;LATIN;6;58;3;63;3;51;16;1,4,4,4,4,4,4,4,8,2,7,7,4,4,4,4;1,0111,1111,1111,0111,1111,1111,1111,10101011,11,1001001,0001001,0111,1110,1111,0110
412_19;lick;POSTBOP;MEDIUM SLOW;Steve Coleman;LATIN;2;64;2;65;2;12;4;4,4,4,2;0011,1111,1111,11
412_20;lick;POSTBOP;MEDIUM SLOW;Steve Coleman;LATIN;4;65;3;68;2;27;9;4,4,4,4,4,4,4,4,4;0011,1110,0111,1111,1001,1111,1111,1001,1110
412_21;lick;POSTBOP;MEDIUM SLOW;Steve Coleman;LATIN;6;70;2;75;1;43;14;9,4,1,2,4,4,4,4,3,4,4,4,4,3;000010011,0111,1,11,1111,1111,1111,0111,111,1111,1111,1111,1001,110
412_22;lick;POSTBOP;MEDIUM SLOW;Steve Coleman;LATIN;3;75;3;77;3;23;7;4,4,4,4,4,4,1;1111,1111,1111,1111,1110,0111,1
412_23;lick;POSTBOP;MEDIUM SLOW;Steve Coleman;LATIN;1;78;1;78;3;6;3;4,4,1;0111,0110,1
412_24;line;POSTBOP;MEDIUM SLOW;Steve Coleman;LATIN;2;79;1;80;3;22;6;6,4,4,6,4,4;111101,1111,1111,100111,1110,1100
412_25;lick;POSTBOP;MEDIUM SLOW;Steve Coleman;LATIN;4;81;1;84;1;30;10;6,4,8,6,4,4,4,4,4,4;000001,0111,00010101,010001,1111,0111,1011,1111,1111,1110
412_26;line;POSTBOP;MEDIUM SLOW;Steve Coleman;LATIN;5;85;3;89;1;34;11;4,4,4,4,4,4,4,4,6,4,4;1111,1111,1111,0001,1100,0011,1111,1101,101111,0111,1100
412_27;line;POSTBOP;MEDIUM SLOW;Steve Coleman;LATIN;3;89;3;91;1;17;5;7,4,10,2,4;1011011,0110,1001010011,11,1110
412_28;lick;POSTBOP;MEDIUM SLOW;Steve Coleman;LATIN;3;91;2;93;1;14;6;2,4,4,4,4,4;01,1011,0011,1001,1001,1111
412_29;line;POSTBOP;MEDIUM SLOW;Steve Coleman;LATIN;4;95;3;98;3;26;8;6,4,4,4,4,4,6,3;000011,1111,1111,1111,1011,0111,101101,011
412_30;line;POSTBOP;MEDIUM SLOW;Steve Coleman;LATIN;4;99;2;102;2;31;10;4,10,8,4,4,4,3,4,2,2;0001,1010100101,01010101,0111,1111,1111,111,0111,11,11
412_31;lick;POSTBOP;MEDIUM SLOW;Steve Coleman;LATIN;2;102;3;103;2;4;3;2,2,1;01,11,1
413_1;lick;HARDBOP;MEDIUM;Steve Lacy;SWING;2;1;1;2;1;4;4;4,2,2,1;0001,01,01,1
413_2;lick;HARDBOP;MEDIUM;Steve Lacy;SWING;6;2;3;7;4;35;21;2,2,2,1,2,2,1,6,2,2,1,5,2,1,6,2,4,2,7,2,2;11,01,11,1,01,11,1,010011,11,01,1,01001,01,1,001011,11,1001,11,0010001,11,01
413_4;line;HARDBOP;MEDIUM;Steve Lacy;SWING;2;11;3;12;4;11;6;4,2,4,2,2,1;0001,11,0111,11,11,1
413_5;lick;HARDBOP;MEDIUM;Steve Lacy;SWING;1;13;1;13;2;2;2;4,2;0001,01
413_6;lick;HARDBOP;MEDIUM;Steve Lacy;SWING;1;13;3;13;4;2;2;4,2;0001,01
413_7;lick;HARDBOP;MEDIUM;Steve Lacy;SWING;5;14;1;18;4;23;18;2,1,1,1,2,1,1,1,2,2,1,2,1,4,2,1,2,1;01,1,1,1,01,1,1,1,11,01,1,11,1,1101,01,1,11,1
413_8;line;HARDBOP;MEDIUM;Steve Lacy;SWING;4;19;3;22;2;22;11;4,2,2,2,8,2,2,2,5,2,1;0001,11,11,11,00100111,11,11,11,01001,11,1
413_9;lick;HARDBOP;MEDIUM;Steve Lacy;SWING;6;22;4;27;4;23;15;2,2,2,2,2,2,2,4,2,2,2,6,2,1,1;01,01,01,11,01,11,11,0001,11,11,11,010001,11,1,1
413_11;lick;HARDBOP;MEDIUM;Steve Lacy;SWING;5;38;3;42;2;22;15;4,3,3,2,1,1,1,2,4,2,1,8,2,2,1;0001,011,011,01,1,1,1,11,0001,11,1,00100001,11,11,1
413_12;lick;HARDBOP;MEDIUM;Steve Lacy;SWING;4;42;3;45;1;13;9;4,6,6,2,1,1,3,2,1;0001,001001,001001,01,1,1,011,11,1
414_2;lick;HARDBOP;MEDIUM SLOW;Steve Lacy;SWING;2;1;4;2;1;3;2;2,2;01,11
414_3;lick;HARDBOP;MEDIUM SLOW;Steve Lacy;SWING;2;2;4;3;1;2;2;2,1;01,1
414_4;lick;HARDBOP;MEDIUM SLOW;Steve Lacy;SWING;2;3;4;4;1;2;2;2,1;01,1
414_5;lick;HARDBOP;MEDIUM SLOW;Steve Lacy;SWING;3;4;4;6;3;9;7;2,4,6,4,2,2,1;01,1001,000001,0001,01,11,1
414_6;lick;HARDBOP;MEDIUM SLOW;Steve Lacy;SWING;2;7;3;8;1;2;2;2,1;01,1
414_7;lick;HARDBOP;MEDIUM SLOW;Steve Lacy;SWING;3;8;4;10;1;8;5;6,2,2,3,1;000101,01,01,111,1
414_8;lick;HARDBOP;MEDIUM SLOW;Steve Lacy;SWING;2;10;4;11;1;3;2;4,2;0011,01
414_9;lick;HARDBOP;MEDIUM SLOW;Steve Lacy;SWING;2;11;4;12;3;8;4;4,4,2,4;0011,0110,01,1110
414_10;lick;HARDBOP;MEDIUM SLOW;Steve Lacy;SWING;2;13;1;14;2;12;6;4,3,3,6,3,1;0011,111,011,010001,011,1
414_11;lick;HARDBOP;MEDIUM SLOW;Steve Lacy;SWING;2;14;3;15;1;5;3;3,4,1;011,1001,1
414_12;line;HARDBOP;MEDIUM SLOW;Steve Lacy;SWING;2;15;2;16;1;10;4;4,3,3,1;0111,111,111,1
414_13;lick;HARDBOP;MEDIUM SLOW;Steve Lacy;SWING;3;16;4;18;1;15;6;4,6,2,1,4,1;1111,101011,11,1,0111,1
414_14;lick;HARDBOP;MEDIUM SLOW;Steve Lacy;SWING;3;18;4;20;1;11;6;2,2,1,3,3,2;01,11,1,111,011,11
414_15;line;HARDBOP;MEDIUM SLOW;Steve Lacy;SWING;3;20;3;22;1;21;6;7,10,6,3,4,3;0000011,1010110111,111100,011,0111,111
414_16;lick;HARDBOP;MEDIUM SLOW;Steve Lacy;SWING;2;22;4;23;3;8;4;4,1,4,3;0011,1,1011,011
414_17;line;HARDBOP;MEDIUM SLOW;Steve Lacy;SWING;2;24;1;25;3;16;7;6,10,4,4,2,3,4;000001,0010100101,0111,1100,11,011,1001
414_18;lick;HARDBOP;MEDIUM SLOW;Steve Lacy;SWING;3;26;2;28;1;15;6;4,4,5,3,2,1;1111,1101,01011,011,11,1
414_19;line;HARDBOP;MEDIUM SLOW;Steve Lacy;SWING;2;28;2;29;3;15;6;12,3,3,1,2,3;000000000111,111,111,1,11,111
414_20;lick;HARDBOP;MEDIUM SLOW;Steve Lacy;SWING;1;30;2;30;4;8;3;6,4,2;010011,0111,11
414_21;line;HARDBOP;MEDIUM SLOW;Steve Lacy;SWING;2;31;2;32;2;15;5;10,6,6,6,10;0000001111,100101,010101,010101,0000100001
415_1;lick;HARDBOP;MEDIUM UP;Steve Lacy;SWING;7;-3;3;3;1;22;18;4,1,1,1,2,1,4,4,2,2,2,2,1,2,1,1,1,6;0001,1,1,1,01,1,1101,0001,01,01,01,01,1,11,1,1,1,010001
415_2;lick;HARDBOP;MEDIUM UP;Steve Lacy;SWING;6;4;1;9;1;31;20;2,2,2,2,2,1,2,2,2,2,2,2,3,2,2,1,2,1,2,2;01,11,01,11,11,1,11,01,11,01,11,01,111,01,11,1,11,1,11,01
415_3;lick;HARDBOP;MEDIUM UP;Steve Lacy;SWING;3;9;4;11;1;8;5;2,6,2,2,1;11,001001,01,11,1
415_4;line;HARDBOP;MEDIUM UP;Steve Lacy;SWING;5;11;4;15;3;30;16;2,2,2,2,2,2,2,2,2,2,2,2,2,2,4,1;11,11,11,11,11,11,11,11,11,11,11,11,11,01,1001,1
415_5;lick;HARDBOP;MEDIUM UP;Steve Lacy;SWING;11;16;3;26;1;85;35;4,1,4,2,2,4,2,2,2,5,2,3,2,3,2,6,2,5,2,5,2,6,2,5,2,5,2,5,2,6,2,4,2,4,1;0001,1,0001,11,01,1001,01,11,01,00111,11,011,11,111,11,010111,11,01111,11,01111,11,011110,11,01111,11,01111,11,01111,11,011110,11,1111,11,1111,1
415_6;line;HARDBOP;MEDIUM UP;Steve Lacy;SWING;2;26;3;27;4;9;6;2,2,2,2,1,1;01,11,11,11,1,1
415_7;line;HARDBOP;MEDIUM UP;Steve Lacy;SWING;2;28;2;29;1;7;4;4,4,2,1;0001,1101,11,1
415_8;lick;HARDBOP;MEDIUM UP;Steve Lacy;SWING;3;29;3;31;3;14;6;1,4,3,4,4,1;1,0111,111,1111,1001,1
415_9;lick;HARDBOP;MEDIUM UP;Steve Lacy;SWING;3;32;4;34;1;3;2;1,4;1,1001
415_10;line;HARDBOP;MEDIUM UP;Steve Lacy;SWING;5;35;2;39;3;36;17;4,6,3,2,2,2,2,2,2,4,2,2,2,1,4,4,1;1101,001011,011,11,11,11,11,11,11,0011,11,11,11,1,1101,0111,1
415_11;line;HARDBOP;MEDIUM UP;Steve Lacy;SWING;4;40;1;43;3;28;15;4,4,2,4,1,2,2,2,2,1,4,5,6,2,1;0001,0111,11,1111,1,11,11,11,01,1,1001,00101,001001,11,1
415_12;line;HARDBOP;MEDIUM UP;Steve Lacy;SWING;4;44;2;47;2;23;13;4,6,2,2,1,2,2,1,2,2,2,2,2;0001,101011,11,01,1,11,11,1,11,11,11,01,11
415_15;line;HARDBOP;MEDIUM UP;Steve Lacy;SWING;9;53;3;61;1;62;31;2,2,1,1,2,2,6,2,2,2,2,4,2,2,2,1,1,1,6,2,2,4,2,2,2,2,2,2,4,2,2;11,01,1,1,11,11,010111,11,11,11,11,0111,11,11,11,1,1,1,100011,11,11,0111,11,11,11,11,11,11,1111,11,01
415_16;line;HARDBOP;MEDIUM UP;Steve Lacy;SWING;3;61;4;63;4;19;9;4,2,4,4,4,4,1,1,2;1111,01,1101,0111,1101,0001,1,1,11
415_17;lick;HARDBOP;MEDIUM UP;Steve Lacy;SWING;2;64;4;65;1;2;2;1,1;1,1
415_18;lick;HARDBOP;MEDIUM UP;Steve Lacy;SWING;2;65;3;66;4;7;5;4,2,2,1,1;1101,01,01,1,1
415_19;lick;HARDBOP;MEDIUM UP;Steve Lacy;SWING;2;67;3;68;3;13;4;5,2,4,2;11111,11,1111,11
415_20;lick;HARDBOP;MEDIUM UP;Steve Lacy;SWING;3;69;1;71;4;22;10;4,6,2,4,2,4,3,4,5,4;1100,111000,11,1100,11,1100,011,1100,01011,1001
415_21;lick;HARDBOP;MEDIUM UP;Steve Lacy;SWING;2;72;3;73;3;8;5;2,2,2,3,4;01,11,01,110,1001
415_22;lick;HARDBOP;MEDIUM UP;Steve Lacy;SWING;2;74;2;75;3;7;4;6,3,2,2;000011,110,01,11
415_23;lick;HARDBOP;MEDIUM UP;Steve Lacy;SWING;7;76;2;82;1;26;17;2,2,6,2,1,1,1,2,2,1,2,2,2,2,2,2,4;01,01,000011,01,1,1,1,11,11,1,01,11,11,11,11,11,1001
415_25;line;HARDBOP;MEDIUM UP;Steve Lacy;SWING;2;89;1;90;4;15;8;6,4,2,2,2,6,4,1;000001,1101,11,11,11,010001,1100,1
415_26;line;HARDBOP;MEDIUM UP;Steve Lacy;SWING;5;91;2;95;3;27;13;4,4,2,2,2,2,2,2,2,1,5,2,3;0001,1111,11,11,11,11,11,11,11,1,00111,11,110
415_28;lick;HARDBOP;MEDIUM UP;Steve Lacy;SWING;2;99;3;100;2;7;3;1,4,2;1,1111,11
415_29;lick;HARDBOP;MEDIUM UP;Steve Lacy;SWING;2;101;1;102;3;7;5;2,1,2,2,1;11,1,11,01,1
415_30;lick;HARDBOP;MEDIUM UP;Steve Lacy;SWING;2;103;1;104;2;7;4;4,2,4,2;1101,01,0001,11
415_31;lick;HARDBOP;MEDIUM UP;Steve Lacy;SWING;3;104;4;106;3;9;7;2,3,2,2,2,2,1;01,110,01,11,01,01,1
415_32;line;HARDBOP;MEDIUM UP;Steve Lacy;SWING;4;106;4;109;4;24;12;4,6,2,2,2,2,2,6,2,1,3,1;0001,010111,11,11,11,11,11,010001,11,1,111,1
415_33;lick;HARDBOP;MEDIUM UP;Steve Lacy;SWING;2;110;2;111;4;11;6;2,2,2,1,4,1;11,11,11,1,1101,1
415_34;lick;HARDBOP;MEDIUM UP;Steve Lacy;SWING;2;112;2;113;4;6;4;2,2,1,1;11,11,1,1
415_36;lick;HARDBOP;MEDIUM UP;Steve Lacy;SWING;2;119;3;120;4;9;6;2,2,2,2,2,1;11,11,01,11,01,1
415_37;line;HARDBOP;MEDIUM UP;Steve Lacy;SWING;3;121;3;123;2;14;8;2,2,2,2,1,2,2,4;01,11,11,11,1,11,01,0111
415_38;lick;HARDBOP;MEDIUM UP;Steve Lacy;SWING;4;124;1;127;3;22;14;2,4,2,2,2,3,4,2,2,1,1,1,2,1;01,1111,11,11,01,110,0001,11,01,1,1,1,11,1
416_1;lick;HARDBOP;MEDIUM;Steve Lacy;SWING;2;1;3;2;2;5;4;4,6,2,1;0001,001001,01,1
416_2;lick;HARDBOP;MEDIUM;Steve Lacy;SWING;4;2;3;5;2;10;8;6,2,2,2,4,2,2,1;000001,01,11,01,0001,11,01,1
416_3;lick;HARDBOP;MEDIUM;Steve Lacy;SWING;2;5;4;6;2;6;3;4,2,1;0111,11,1
416_4;lick;HARDBOP;MEDIUM;Steve Lacy;SWING;3;6;4;8;1;11;4;6,2,4,1;011011,11,1111,1
416_5;line;HARDBOP;MEDIUM;Steve Lacy;SWING;2;8;4;9;4;10;5;2,6,3,2,2;11,001011,011,01,11
416_6;line;HARDBOP;MEDIUM;Steve Lacy;SWING;2;10;3;11;4;10;6;3,2,4,2,2,2;110,01,0110,11,01,11
416_7;line;HARDBOP;MEDIUM;Steve Lacy;SWING;5;12;2;16;3;32;16;4,2,2,6,2,1,2,6,6,4,1,2,4,4,3,4;0001,11,01,101001,01,1,11,001011,010011,0110,1,11,0111,0111,011,1100
416_8;lick;HARDBOP;MEDIUM;Steve Lacy;SWING;2;17;1;18;3;12;5;8,5,2,2,1;10011111,01001,01,11,1
416_12;lick;HARDBOP;MEDIUM;Steve Lacy;SWING;3;24;3;26;4;17;8;4,4,3,4,4,3,2,1;0001,1111,111,1001,0011,011,11,1
416_14;lick;HARDBOP;MEDIUM;Steve Lacy;SWING;3;29;3;31;1;11;7;1,4,6,2,1,2,1;1,0001,001011,11,1,11,1
416_15;lick;HARDBOP;MEDIUM;Steve Lacy;SWING;4;31;3;34;1;18;9;2,4,2,4,3,4,5,4,2;11,1101,01,0001,111,0111,01001,0001,11
416_16;line;HARDBOP;MEDIUM;Steve Lacy;SWING;2;34;4;35;4;8;5;4,2,1,2,2;1101,01,1,01,11
416_17;lick;HARDBOP;MEDIUM;Steve Lacy;SWING;4;36;3;39;1;19;11;4,2,2,2,6,8,6,1,1,3,1;0011,01,11,11,011001,00000011,010001,1,1,011,1
416_18;line;HARDBOP;MEDIUM;Steve Lacy;SWING;2;39;2;40;2;8;5;2,3,6,1,4;01,110,000001,1,0111
416_19;lick;HARDBOP;MEDIUM;Steve Lacy;SWING;7;41;1;47;3;42;27;4,6,2,1,1,1,1,2,1,1,1,2,3,1,1,4,2,2,3,2,2,1,1,2,2,2,1;0001,011101,01,1,1,1,1,11,1,1,1,11,111,1,1,1101,11,01,110,11,11,1,1,11,11,01,1
416_20;lick;HARDBOP;MEDIUM;Steve Lacy;SWING;2;48;1;49;3;8;5;2,4,1,2,3;01,1100,1,11,011
416_21;lick;HARDBOP;MEDIUM;Steve Lacy;SWING;1;50;2;50;3;4;2;4,7;1001,0001001
416_22;line;HARDBOP;MEDIUM;Steve Lacy;SWING;3;51;2;53;3;16;8;3,4,2,2,4,5,1,1;111,1111,11,01,0001,00111,1,1
416_23;lick;HARDBOP;MEDIUM;Steve Lacy;SWING;3;54;2;56;3;15;10;2,1,4,2,2,3,1,2,2,2;11,1,1001,01,01,011,1,01,11,11
416_24;lick;HARDBOP;MEDIUM;Steve Lacy;SWING;2;56;4;57;4;8;4;8,6,4,1;00000011,001001,0111,1
416_25;lick;HARDBOP;MEDIUM;Steve Lacy;SWING;2;58;1;59;3;9;7;4,4,1,2,2,2,1;0001,1001,1,01,11,01,1
416_26;lick;HARDBOP;MEDIUM;Steve Lacy;SWING;3;59;4;61;1;6;5;8,2,1,2,2;00000011,01,1,01,01
416_27;lick;HARDBOP;MEDIUM;Steve Lacy;SWING;5;61;3;65;1;15;12;2,4,1,2,6,2,3,4,1,1,4,1;01,0001,1,01,000001,01,110,0001,1,1,1110,1
417_1;lick;HARDBOP;UP;Steve Lacy;SWING;2;1;1;2;2;8;6;2,1,1,1,1,2;11,1,1,1,1,11
417_2;lick;HARDBOP;UP;Steve Lacy;SWING;2;2;4;3;2;3;2;4,2;0001,11
417_3;line;HARDBOP;UP;Steve Lacy;SWING;5;4;1;8;3;23;14;1,2,2,2,2,1,2,4,1,2,2,2,2,1;1,11,11,11,11,1,11,0001,1,11,11,11,11,1
417_4;lick;HARDBOP;UP;Steve Lacy;SWING;3;9;1;11;2;9;7;2,2,1,1,2,1,1;11,11,1,1,01,1,1
417_5;line;HARDBOP;UP;Steve Lacy;SWING;9;12;1;20;1;55;30;2,2,2,2,2,2,2,2,2,2,2,2,2,2,1,1,1,4,2,2,4,2,2,2,2,2,2,2,2,1;11,11,11,11,11,11,11,11,11,11,11,11,11,11,1,1,1,0001,11,01,1101,11,11,11,11,11,11,11,11,1
417_6;line;HARDBOP;UP;Steve Lacy;SWING;4;20;3;23;4;28;14;2,2,2,2,4,2,2,2,2,2,2,2,2,2;11,11,11,11,1011,01,11,11,11,11,11,11,11,11
417_7;line;HARDBOP;UP;Steve Lacy;SWING;3;25;1;27;1;19;9;2,2,2,2,2,2,2,4,2;11,11,11,11,11,11,11,1011,11
417_8;line;HARDBOP;UP;Steve Lacy;SWING;6;27;3;32;1;24;15;4,2,4,2,3,1,2,2,1,1,2,1,1,1,1;0001,11,1111,11,111,1,11,01,1,1,11,1,1,1,1
417_9;line;HARDBOP;UP;Steve Lacy;SWING;9;32;4;40;1;55;29;4,2,2,2,2,3,2,2,2,4,2,2,2,2,2,2,2,2,2,2,2,2,2,2,2,2,2,4,3;0001,11,11,01,11,111,11,01,11,1011,01,11,11,11,11,11,11,11,11,11,11,11,11,11,11,01,01,1011,011
417_10;line;HARDBOP;UP;Steve Lacy;SWING;4;41;1;44;1;33;13;2,2,2,2,2,6,4,3,4,2,4,2,3;11,11,11,11,11,101111,1101,011,1101,11,1111,11,110
417_11;line;HARDBOP;UP;Steve Lacy;SWING;1;45;1;45;4;10;4;3,2,6,1;111,01,110111,1
417_12;line;HARDBOP;UP;Steve Lacy;SWING;9;46;4;54;3;63;32;4,4,2,2,4,2,2,2,2,4,2,2,2,2,2,2,3,2,2,2,4,2,2,2,2,2,2,2,2,2,2,2;0001,1001,11,01,1101,11,11,11,11,1001,11,11,11,11,11,11,011,11,11,11,1011,01,11,11,11,11,11,11,11,11,11,11
417_13;line;HARDBOP;UP;Steve Lacy;SWING;3;55;2;57;2;16;8;2,2,2,2,2,2,2,2;11,11,11,11,11,11,11,11
417_14;line;HARDBOP;UP;Steve Lacy;SWING;3;59;1;61;1;17;9;1,2,2,2,2,2,2,2,2;1,11,11,11,11,11,11,11,11
417_15;lick;HARDBOP;UP;Steve Lacy;SWING;2;61;4;62;2;5;3;4,1,4;0111,1,0001
417_17;lick;HARDBOP;UP;Steve Lacy;SWING;3;66;3;68;1;6;6;2,1,1,1,1,1;01,1,1,1,1,1
417_18;line;HARDBOP;UP;Steve Lacy;SWING;4;68;3;71;1;20;10;2,2,3,1,3,1,3,1,3,1;11,11,111,1,111,1,111,1,111,1
417_20;line;HARDBOP;UP;Steve Lacy;SWING;7;73;1;79;3;54;27;1,3,1,3,1,3,1,3,3,3,1,3,1,3,1,3,1,3,1,3,4,4,4,2,1,3,2;1,111,1,111,1,111,1,110,110,111,1,111,1,111,1,111,1,111,1,111,1001,0110,1001,11,1,111,11
417_21;lick;HARDBOP;UP;Steve Lacy;SWING;1;80;1;80;2;3;2;1,2;1,11
417_22;line;HARDBOP;UP;Steve Lacy;SWING;2;81;1;82;1;9;5;2,2,2,2,1;11,11,11,11,1
417_23;line;HARDBOP;UP;Steve Lacy;SWING;7;82;4;88;1;39;22;4,2,2,3,2,2,2,2,2,2,2,1,4,2,2,2,2,2,2,2,2,2;0001,11,11,011,11,11,11,11,11,11,11,1,0001,01,11,11,11,11,11,11,11,01
417_24;line;HARDBOP;UP;Steve Lacy;SWING;4;89;1;92;4;32;16;2,2,2,2,2,2,2,2,2,2,4,2,2,2,2,4;11,11,11,11,11,11,11,11,11,11,1011,01,11,11,11,1100
417_25;line;HARDBOP;UP;Steve Lacy;SWING;5;93;3;97;1;19;9;3,4,3,4,3,1,1,1,1;111,1011,111,1011,111,1,1,1,1
418_1;line;HARDBOP;MEDIUM UP;Steve Lacy;SWING;5;1;1;5;4;22;17;2,6,2,1,2,2,1,2,1,1,1,2,1,1,1,6,2;01,001001,01,1,11,01,1,11,1,1,1,11,1,1,1,001001,01
418_2;line;HARDBOP;MEDIUM UP;Steve Lacy;SWING;6;6;3;11;1;30;19;1,2,2,1,4,2,2,1,1,2,2,2,2,2,2,2,2,2,2;1,11,11,1,1101,11,01,1,1,11,11,11,01,01,11,01,11,11,01
418_4;lick;HARDBOP;MEDIUM UP;Steve Lacy;SWING;2;14;3;15;3;5;5;6,2,1,2,4;000001,01,1,01,0001
418_6;lick;HARDBOP;MEDIUM UP;Steve Lacy;SWING;7;18;1;24;2;36;23;2,4,2,2,1,4,1,3,4,2,6,2,1,1,2,1,2,6,3,2,2,2,1;01,1001,01,01,1,1001,1,110,1011,11,001001,01,1,1,01,1,01,100111,110,11,11,01,1
418_10;lick;HARDBOP;MEDIUM UP;Steve Lacy;SWING;7;39;3;45;3;23;18;4,2,2,4,1,2,1,2,2,1,4,4,6,2,1,1,2,2;0001,11,01,0001,1,01,1,11,11,1,1001,0001,000001,01,1,1,11,01
418_11;lick;HARDBOP;MEDIUM UP;Steve Lacy;SWING;1;46;1;46;4;4;3;2,2,2;01,11,01
418_12;lick;HARDBOP;MEDIUM UP;Steve Lacy;SWING;6;47;1;52;1;36;20;4,2,2,1,2,2,6,2,2,6,4,2,2,2,2,4,3,1,2,1;0001,01,11,1,11,01,101001,11,11,001001,0111,11,11,11,11,0111,110,1,01,1
418_13;lick;HARDBOP;MEDIUM UP;Steve Lacy;SWING;6;52;3;57;3;31;18;6,4,4,4,4,4,1,4,2,2,2,2,2,2,2,4,3,2;000001,0110,1101,0001,0001,0001,1,1001,01,11,11,11,11,11,11,0111,110,01
419_1;line;POSTBOP;MEDIUM;Steve Turre;SWING;4;1;3;4;4;30;13;8,3,2,4,3,6,2,3,4,2,3,1,5;00010001,011,11,1011,011,100101,11,111,0011,11,011,1,01111
419_2;line;POSTBOP;MEDIUM;Steve Turre;SWING;1;5;2;5;4;5;3;6,4,1;000011,0110,1
419_3;line;POSTBOP;MEDIUM;Steve Turre;SWING;4;6;1;9;2;28;14;2,1,4,6,6,4,4,6,1,4,6,6,3,1;01,1,0110,011001,000011,1101,0111,100101,1,0011,010001,010001,110,1
419_4;line;POSTBOP;MEDIUM;Steve Turre;SWING;3;9;4;11;1;8;4;2,2,8,6;11,11,00000011,000011
419_5;line;POSTBOP;MEDIUM;Steve Turre;SWING;3;11;3;13;2;17;8;3,4,4,4,5,6,3,1;111,1001,0110,0001,01111,001001,011,1
419_6;line;POSTBOP;MEDIUM;Steve Turre;SWING;3;13;4;15;1;27;6;6,4,2,8,4,4;111111,1111,11,11111111,0111,1111
419_7;lick;POSTBOP;MEDIUM;Steve Turre;SWING;2;15;3;16;2;7;4;3,2,1,1;111,11,1,1
419_8;line;POSTBOP;MEDIUM;Steve Turre;SWING;5;16;3;20;1;28;15;4,4,3,4,2,2,2,2,2,2,2,4,2,2,2;0011,0110,111,1001,01,11,01,11,01,11,01,1111,01,11,11
419_9;line;POSTBOP;MEDIUM;Steve Turre;SWING;2;21;1;22;4;24;8;7,6,3,3,7,8,4,1;0011111,111000,111,110,0111111,01000001,0110,1
419_10;line;POSTBOP;MEDIUM;Steve Turre;SWING;5;23;1;27;3;55;19;4,3,4,4,3,4,3,4,3,4,7,8,4,4,6,5,3,4,8;0011,111,0111,0111,111,0111,111,0111,111,0111,0100101,00100101,0011,1111,010101,01011,011,1011,00101001
419_11;lick;POSTBOP;MEDIUM;Steve Turre;SWING;2;28;2;29;4;15;7;6,2,2,3,3,3,1;010001,01,11,111,111,111,1
419_13;lick;POSTBOP;MEDIUM;Steve Turre;SWING;2;31;1;32;1;8;5;4,2,1,2,6;0001,11,1,11,010001
419_16;line;POSTBOP;MEDIUM;Steve Turre;SWING;1;36;4;36;4;6;1;6;111111
419_17;lick;POSTBOP;MEDIUM;Steve Turre;SWING;6;37;2;42;4;57;23;1,4,2,2,2,4,2,2,4,3,4,2,3,3,3,3,6,1,2,8,4,2,6;1,1110,11,01,11,1111,11,01,0111,111,1111,11,111,111,011,111,010101,1,11,00100001,0111,11,011111
419_19;lick;POSTBOP;MEDIUM;Steve Turre;SWING;2;44;3;45;3;9;5;5,4,1,6,1;00011,0111,1,000011,1
419_20;lick;POSTBOP;MEDIUM;Steve Turre;SWING;2;45;4;46;2;3;3;4,1,4;0001,1,0001
419_22;line;POSTBOP;MEDIUM;Steve Turre;SWING;1;48;3;48;4;5;2;4,3;0011,111
419_23;line;POSTBOP;MEDIUM;Steve Turre;SWING;2;49;2;50;1;7;4;1,2,2,4;1,11,11,0110
419_24;line;POSTBOP;MEDIUM;Steve Turre;SWING;1;50;2;50;4;6;3;6,3,2;000011,011,11
419_25;line;POSTBOP;MEDIUM;Steve Turre;SWING;1;51;2;51;4;7;3;4,6,1;0011,011011,1
419_26;line;POSTBOP;MEDIUM;Steve Turre;SWING;2;52;1;53;1;17;5;2,5,4,6,4;01,10111,1111,101101,1111
419_27;lick;POSTBOP;MEDIUM;Steve Turre;SWING;2;53;2;54;3;11;5;4,6,4,6,4;0001,010011,0111,000011,1001
419_29;lick;POSTBOP;MEDIUM;Steve Turre;SWING;2;57;4;58;1;4;2;1,6;1,010011
419_30;lick;POSTBOP;MEDIUM;Steve Turre;SWING;2;58;3;59;2;10;4;3,4,7,4;011,0111,0100011,1100
419_31;lick;POSTBOP;MEDIUM;Steve Turre;SWING;2;59;3;60;1;4;3;4,1,6;0001,1,010001
419_33;line;POSTBOP;MEDIUM;Steve Turre;SWING;5;61;3;65;1;28;15;2,1,8,6,6,2,5,2,2,8,4,3,2,4,1;11,1,10100001,000001,010001,11,01001,01,11,00100001,0011,011,11,0111,1
420_1;line;POSTBOP;UP;Steve Turre;SWING;3;1;2;3;3;9;8;4,4,2,1,2,1,1,1;1001,0001,01,1,01,1,1,1
420_2;line;POSTBOP;UP;Steve Turre;SWING;5;4;3;8;1;26;15;2,2,2,2,2,2,2,2,2,2,1,1,2,2,3;11,11,01,11,11,11,11,11,11,11,1,1,11,01,110
420_3;lick;POSTBOP;UP;Steve Turre;SWING;1;8;2;8;4;4;3;2,1,4;01,1,1001
420_4;lick;POSTBOP;UP;Steve Turre;SWING;2;9;1;10;3;7;6;4,1,1,1,2,2;0001,1,1,1,01,11
420_7;line;POSTBOP;UP;Steve Turre;SWING;4;16;3;19;1;21;11;2,2,2,2,2,2,2,4,3,2,1;11,11,11,11,11,11,11,1011,011,01,1
420_8;line;POSTBOP;UP;Steve Turre;SWING;4;19;3;22;2;24;12;2,2,4,2,2,3,1,2,2,2,2,2;11,11,1011,11,11,011,1,11,11,11,11,11
420_9;line;POSTBOP;UP;Steve Turre;SWING;8;23;2;30;2;44;28;4,2,4,2,2,2,2,2,2,2,2,2,2,1,2,2,1,2,1,2,2,2,2,2,2,2,2,2;1001,01,1001,01,01,11,11,11,11,01,01,01,01,1,11,11,1,11,1,11,01,01,11,11,11,11,11,11
420_12;lick;POSTBOP;UP;Steve Turre;SWING;2;34;3;35;4;8;6;4,2,2,1,4,2;1001,01,01,1,1001,01
420_13;lick;POSTBOP;UP;Steve Turre;SWING;2;36;4;37;3;6;3;4,3,2;1100,110,11
420_14;lick;POSTBOP;UP;Steve Turre;SWING;2;38;2;39;4;9;6;2,1,1,1,4,4;11,1,1,1,0110,1100
420_15;line;POSTBOP;UP;Steve Turre;SWING;2;40;2;41;2;7;5;2,2,1,1,2;01,11,1,1,11
420_16;lick;POSTBOP;UP;Steve Turre;SWING;2;42;1;43;3;8;7;4,2,1,1,1,1,1;0001,11,1,1,1,1,1
420_17;line;POSTBOP;UP;Steve Turre;SWING;4;44;2;47;4;15;10;2,1,1,4,1,2,3,2,3,3;01,1,1,1001,1,11,011,01,011,011
420_18;line;POSTBOP;UP;Steve Turre;SWING;1;48;2;48;4;5;3;1,3,1;1,111,1
420_19;line;POSTBOP;UP;Steve Turre;SWING;7;49;2;55;3;46;26;2,2,4,2,2,2,2,2,2,2,2,2,2,2,2,2,2,2,2,1,2,2,2,1,2,1;01,11,1011,11,11,11,11,11,11,11,11,11,11,11,11,11,11,11,11,1,01,01,01,1,11,1
420_20;line;POSTBOP;UP;Steve Turre;SWING;2;56;1;57;3;9;7;4,2,2,2,2,2,2;1001,01,01,01,01,01,11
420_21;lick;POSTBOP;UP;Steve Turre;SWING;1;58;1;58;3;4;3;2,2,2;01,01,11
420_22;lick;POSTBOP;UP;Steve Turre;SWING;2;59;1;60;1;6;5;2,2,2,2,2;01,01,11,01,01
420_23;lick;POSTBOP;UP;Steve Turre;SWING;1;60;2;60;3;3;2;2,2;01,11
420_24;lick;POSTBOP;UP;Steve Turre;SWING;4;61;1;64;4;21;14;4,2,2,2,4,2,4,2,4,4,2,2,1,2;0001,01,11,11,1110,11,0001,01,0001,0001,01,11,1,11
421_2;line;POSTBOP;UP;Steve Turre;SWING;4;3;1;6;3;19;15;2,2,2,2,2,1,2,2,2,2,1,2,4,2,1;01,01,01,01,01,1,11,01,01,11,1,11,1001,01,1
421_4;lick;POSTBOP;UP;Steve Turre;SWING;3;7;4;9;3;12;8;2,2,2,2,2,3,1,1;01,11,01,11,11,110,1,1
421_5;lick;POSTBOP;UP;Steve Turre;SWING;3;9;4;11;2;13;7;4,2,2,2,2,4,2;0001,11,11,11,11,1001,11
421_6;line;POSTBOP;UP;Steve Turre;SWING;6;12;2;17;3;41;21;4,3,3,1,1,2,4,3,2,2,2,2,2,2,2,2,2,2,2,1,2;1111,111,111,1,1,11,0111,111,11,11,01,01,01,11,11,11,11,11,01,1,11
421_7;lick;POSTBOP;UP;Steve Turre;SWING;2;18;3;19;3;6;5;2,1,1,1,2;01,1,1,1,11
421_8;lick;POSTBOP;UP;Steve Turre;SWING;2;20;3;21;3;8;5;2,2,1,1,2;11,11,1,1,11
421_9;lick;POSTBOP;UP;Steve Turre;SWING;2;22;2;23;3;9;5;2,2,2,1,2;11,11,11,1,11
421_11;line;POSTBOP;UP;Steve Turre;SWING;2;30;4;31;2;9;3;4,6,1;0110,111111,1
421_12;line;POSTBOP;UP;Steve Turre;SWING;7;31;3;37;3;42;25;4,2,2,2,2,1,3,2,2,2,2,2,2,1,2,2,2,2,2,2,2,2,2,2,1;0001,11,01,11,11,1,111,11,11,11,01,11,11,1,01,11,11,11,01,11,11,11,01,11,1
421_13;line;POSTBOP;UP;Steve Turre;SWING;3;38;2;40;1;14;7;4,4,2,2,2,2,1;0011,1110,11,11,11,11,1
421_14;lick;POSTBOP;UP;Steve Turre;SWING;2;41;1;42;3;11;7;3,4,4,2,4,4,2;011,0001,0001,01,0110,1101,01
421_15;lick;POSTBOP;UP;Steve Turre;SWING;4;43;2;46;1;21;12;2,1,2,2,2,2,2,3,1,3,3,3;01,1,11,01,11,11,01,111,1,011,111,110
421_16;line;POSTBOP;UP;Steve Turre;SWING;2;46;3;47;2;9;4;3,6,2,1;111,010101,11,1
421_17;lick;POSTBOP;UP;Steve Turre;SWING;3;47;3;49;2;15;8;4,3,2,2,2,2,2,2;0011,011,11,11,01,11,11,11
423_1;line;COOL;UP;Warne Marsh;SWING;5;1;3;5;2;30;16;2,2,2,2,3,2,3,2,2,2,1,1,2,2,2,2;11,11,11,11,011,01,111,11,11,11,1,1,11,11,11,11
423_2;line;COOL;UP;Warne Marsh;SWING;1;6;2;6;4;3;3;4,2,1;0001,01,1
423_3;line;COOL;UP;Warne Marsh;SWING;3;7;1;9;1;17;9;2,2,2,2,2,2,2,2,1;11,11,11,11,11,11,11,11,1
423_4;line;COOL;UP;Warne Marsh;SWING;1;9;3;9;4;3;2;2,1;11,1
423_5;line;COOL;UP;Warne Marsh;SWING;4;10;1;13;2;24;14;1,2,2,2,2,2,2,2,2,2,2,1,1,2;1,11,11,11,11,11,11,11,11,11,11,1,1,01
423_6;line;COOL;UP;Warne Marsh;SWING;2;14;2;15;4;14;7;2,2,2,2,2,2,2;11,11,11,11,11,11,11
423_7;line;COOL;UP;Warne Marsh;SWING;6;17;1;22;3;39;23;2,2,2,1,1,1,2,2,2,1,1,1,2,2,2,2,2,2,2,4,3,1,1;11,11,11,1,1,1,11,11,11,1,1,1,11,11,11,11,11,11,11,1011,011,1,1
423_8;line;COOL;UP;Warne Marsh;SWING;7;23;4;29;1;42;22;2,2,3,2,3,2,2,2,2,2,1,2,2,2,4,2,2,2,2,2,2,1;11,11,111,11,011,11,01,11,11,11,1,11,11,11,1011,01,11,11,11,11,11,1
423_9;line;COOL;UP;Warne Marsh;SWING;2;29;4;30;2;4;3;4,3,2;0001,011,01
423_10;line;COOL;UP;Warne Marsh;SWING;4;30;3;33;1;20;11;2,3,2,2,2,2,4,2,2,2,1;01,111,01,11,11,11,1011,01,11,11,1
424_2;line;COOL;UP;Warne Marsh;SWING;4;4;3;7;1;20;10;2,3,2,2,4,2,2,2,2,1;11,011,11,11,1011,11,11,11,11,1
424_3;lick;COOL;UP;Warne Marsh;SWING;2;8;3;9;3;8;4;2,2,3,2;11,11,011,11
424_4;line;COOL;UP;Warne Marsh;SWING;8;10;3;17;4;58;30;2,2,2,2,1,4,2,2,4,3,2,2,3,3,2,2,2,3,1,2,3,1,4,2,2,2,3,4,4,2;11,11,11,11,1,1101,11,01,1101,011,11,01,011,011,11,11,11,111,1,01,111,1,0001,01,11,11,011,1101,1011,11
424_5;line;COOL;UP;Warne Marsh;SWING;4;19;2;22;3;24;13;3,2,2,2,3,2,2,2,3,2,4,2,1;011,11,01,11,111,01,11,11,110,01,1111,01,1
424_6;line;COOL;UP;Warne Marsh;SWING;8;24;3;31;4;54;29;3,2,1,2,3,1,2,2,2,2,2,4,2,2,2,2,2,4,1,3,2,2,4,2,2,2,2,2,2;011,11,1,11,011,1,01,11,11,11,11,1001,11,11,11,11,11,0001,1,111,11,11,1001,11,11,11,11,11,11
424_7;line;COOL;UP;Warne Marsh;SWING;9;33;2;41;1;66;32;2,2,2,2,3,2,2,2,3,2,2,2,2,2,2,2,2,2,2,2,2,2,3,1,2,4,1,4,4,4,3,2;11,11,11,11,011,11,11,11,011,11,11,11,11,11,11,11,11,11,11,11,11,11,111,1,11,1011,1,0011,0110,1101,111,11
424_8;lick;COOL;UP;Warne Marsh;SWING;2;42;1;43;2;11;6;2,2,2,2,3,3;01,11,11,11,011,011
424_9;lick;COOL;UP;Warne Marsh;SWING;6;44;4;49;1;31;18;2,1,4,3,2,1,6,2,2,2,2,2,3,2,2,1,2,1;11,1,1001,011,11,1,010001,11,11,11,11,11,011,01,11,1,11,1
424_11;line;COOL;UP;Warne Marsh;SWING;8;52;3;59;2;45;26;2,2,2,1,2,2,2,2,2,2,2,2,2,2,2,2,2,1,2,2,2,1,2,2,1,2;11,11,11,1,11,11,11,11,11,11,11,11,11,11,11,11,11,1,11,01,01,1,11,11,1,01
424_12;line;COOL;UP;Warne Marsh;SWING;5;61;1;65;1;33;17;2,2,2,2,2,2,2,2,2,2,2,2,2,2,2,2,1;11,11,11,11,11,11,11,11,11,11,11,11,11,11,11,11,1
425_1;line;COOL;MEDIUM UP;Warne Marsh;SWING;1;1;2;1;2;2;1;2;11
425_2;line;COOL;MEDIUM UP;Warne Marsh;SWING;7;1;3;7;1;42;23;2,2,2,2,2,2,2,2,4,2,2,2,2,6,2,2,2,2,2,2,2,3,1;01,11,11,11,11,01,11,11,1011,01,11,11,01,100001,01,11,11,11,11,11,11,111,1
425_3;line;COOL;MEDIUM UP;Warne Marsh;SWING;4;8;1;11;4;27;15;2,2,1,1,2,2,2,2,2,2,2,2,2,2,1;11,11,1,1,11,11,11,11,11,11,11,11,11,11,1
425_4;line;COOL;MEDIUM UP;Warne Marsh;SWING;5;13;1;17;1;38;17;2,2,2,2,2,2,2,2,2,2,3,4,4,3,3,3,1;11,11,11,11,11,11,11,11,11,11,111,1011,0111,011,111,111,1
426_1;lick;POSTBOP;MEDIUM UP;Wayne Shorter;LATIN;1;1;1;1;2;4;2;2,2;11,11
426_2;lick;POSTBOP;MEDIUM UP;Wayne Shorter;LATIN;3;1;4;3;2;12;7;2,4,2,3,1,2,2;01,1011,01,011,1,11,11
426_3;lick;POSTBOP;MEDIUM UP;Wayne Shorter;LATIN;2;4;1;5;2;11;5;2,2,4,2,2;11,11,0111,11,11
426_4;lick;POSTBOP;MEDIUM UP;Wayne Shorter;LATIN;2;6;1;7;3;11;7;2,2,2,2,4,2,2;01,11,01,11,0011,01,11
426_5;lick;POSTBOP;MEDIUM UP;Wayne Shorter;LATIN;2;8;1;9;4;12;6;2,2,2,2,6,2;11,11,11,11,100011,01
426_6;line;POSTBOP;MEDIUM UP;Wayne Shorter;LATIN;4;10;3;13;2;22;12;2,2,2,2,1,6,2,2,2,2,1,2;11,11,11,11,1,100011,01,11,11,11,1,11
426_7;lick;POSTBOP;MEDIUM UP;Wayne Shorter;LATIN;3;13;4;15;2;11;6;2,4,4,2,2,2;01,1011,0011,01,11,11
426_9;line;POSTBOP;MEDIUM UP;Wayne Shorter;LATIN;3;20;1;22;3;18;10;1,2,6,2,1,2,2,2,2,6;1,11,100101,01,1,11,01,01,11,110101
426_10;lick;POSTBOP;MEDIUM UP;Wayne Shorter;LATIN;2;25;1;26;4;9;7;3,1,1,2,2,4,1;110,1,1,01,01,1100,1
426_11;lick;POSTBOP;MEDIUM UP;Wayne Shorter;LATIN;2;27;3;28;4;7;4;3,2,2,1;111,01,11,1
426_12;lick;POSTBOP;MEDIUM UP;Wayne Shorter;LATIN;2;29;3;30;3;8;4;3,2,4,6;111,01,0011,010001
426_13;lick;POSTBOP;MEDIUM UP;Wayne Shorter;LATIN;2;31;3;32;4;9;4;3,2,5,1;111,01,10111,1
426_14;line;POSTBOP;MEDIUM UP;Wayne Shorter;LATIN;3;33;2;35;2;16;9;2,2,2,2,2,2,2,1,2;01,11,11,11,11,11,11,1,11
426_15;line;POSTBOP;MEDIUM UP;Wayne Shorter;LATIN;3;36;1;38;1;12;7;4,2,2,4,1,1,1;1011,11,11,1001,1,1,1
426_16;lick;POSTBOP;MEDIUM UP;Wayne Shorter;LATIN;2;41;1;42;4;12;8;1,4,1,2,2,2,2,1;1,1100,1,01,11,11,11,1
426_18;lick;POSTBOP;MEDIUM UP;Wayne Shorter;LATIN;1;49;1;49;2;4;2;2,2;11,11
426_19;lick;POSTBOP;MEDIUM UP;Wayne Shorter;LATIN;2;50;4;51;2;5;3;6,2,2;000101,01,11
426_20;lick;POSTBOP;MEDIUM UP;Wayne Shorter;LATIN;3;53;1;55;2;8;6;2,2,2,1,1,1;11,11,01,1,1,1
426_21;lick;POSTBOP;MEDIUM UP;Wayne Shorter;LATIN;1;56;1;56;3;5;3;2,2,4;11,11,0001
426_22;lick;POSTBOP;MEDIUM UP;Wayne Shorter;LATIN;3;57;3;59;4;5;5;1,2,1,6,1;1,01,1,000001,1
426_23;lick;POSTBOP;MEDIUM UP;Wayne Shorter;LATIN;3;60;2;62;4;12;9;2,1,2,4,2,1,2,4,2;01,1,01,1001,01,1,01,1011,01
426_24;line;POSTBOP;MEDIUM UP;Wayne Shorter;LATIN;3;65;1;67;3;18;10;2,2,2,3,2,2,2,2,1,1;11,11,11,011,11,11,11,11,1,1
426_25;line;POSTBOP;MEDIUM UP;Wayne Shorter;LATIN;4;68;1;71;1;15;9;2,4,1,2,1,2,2,2,2;11,0011,1,01,1,11,11,11,11
426_30;lick;POSTBOP;MEDIUM UP;Wayne Shorter;LATIN;8;81;1;88;1;37;20;2,2,2,2,2,2,2,2,6,2,4,2,2,3,1,4,2,4,2,6;11,01,11,01,11,01,11,01,101101,01,1110,01,11,011,1,0111,01,1100,11,010101
426_32;lick;POSTBOP;MEDIUM UP;Wayne Shorter;LATIN;3;92;1;94;3;9;5;1,2,6,2,4;1,11,001001,01,1011
427_1;lick;POSTBOP;UP;Wayne Shorter;SWING;3;-19;1;-17;3;17;11;2,2,1,2,2,2,2,1,2,2,1;01,11,1,01,11,11,11,1,11,11,1
427_2;lick;POSTBOP;UP;Wayne Shorter;SWING;3;-16;3;-14;3;9;5;2,2,2,4,2;01,11,11,1011,01
427_3;lick;POSTBOP;UP;Wayne Shorter;SWING;2;-12;1;-11;2;6;4;2,2,2,1;11,01,11,1
427_4;lick;POSTBOP;UP;Wayne Shorter;SWING;2;-10;1;-9;2;9;6;2,2,2,2,2,1;01,11,11,11,01,1
427_5;lick;POSTBOP;UP;Wayne Shorter;SWING;2;-8;1;-7;2;10;6;1,3,2,4,4,2;1,011,11,0001,1011,01
427_6;lick;POSTBOP;UP;Wayne Shorter;SWING;2;-5;1;-4;4;12;7;2,2,2,2,2,2,2;11,11,01,11,11,01,11
427_7;line;POSTBOP;UP;Wayne Shorter;SWING;3;-2;3;0;1;13;7;2,2,2,2,2,2,1;11,11,11,11,11,11,1
427_8;line;POSTBOP;UP;Wayne Shorter;SWING;3;0;3;2;1;13;7;4,3,2,4,3,2,1;1011,011,01,1011,011,01,1
427_9;line;POSTBOP;UP;Wayne Shorter;SWING;3;2;3;4;2;16;8;3,2,2,2,2,3,2,1;111,11,11,11,11,111,01,1
427_10;line;POSTBOP;UP;Wayne Shorter;SWING;2;5;1;6;4;7;5;2,2,2,2,1;01,11,11,01,1
427_11;lick;POSTBOP;UP;Wayne Shorter;SWING;2;7;3;8;4;8;6;2,2,1,1,1,2;01,11,1,1,1,11
427_12;lick;POSTBOP;UP;Wayne Shorter;SWING;3;10;1;12;4;15;9;1,1,1,2,2,3,2,2,3;1,1,1,11,11,011,11,01,111
427_13;lick;POSTBOP;UP;Wayne Shorter;SWING;5;13;3;17;3;21;12;2,1,2,2,2,1,2,1,4,4,4,3;11,1,01,11,11,1,11,1,1011,1011,0001,011
427_14;line;POSTBOP;UP;Wayne Shorter;SWING;3;19;1;21;4;25;12;1,2,3,2,2,2,2,2,4,2,2,4;1,11,111,11,11,11,11,11,1001,11,11,1101
427_15;line;POSTBOP;UP;Wayne Shorter;SWING;5;22;2;26;2;32;15;4,4,2,2,2,2,2,2,2,4,2,2,2,2,2;0111,1101,01,11,11,11,11,11,11,1101,11,11,11,11,11
427_16;line;POSTBOP;UP;Wayne Shorter;SWING;7;27;2;33;1;35;23;4,1,4,2,2,1,2,1,4,2,2,2,2,2,2,4,1,2,1,1,2,2,2;0001,1,1101,01,11,1,11,1,1001,01,11,11,01,01,11,1001,1,11,1,1,11,11,01
427_17;lick;POSTBOP;UP;Wayne Shorter;SWING;6;35;1;40;4;38;22;1,2,2,1,1,1,4,4,2,3,3,2,1,3,2,2,2,2,4,3,2,3;1,01,11,1,1,1,1011,0001,01,110,111,11,1,111,11,11,01,11,1011,011,01,110
427_18;line;POSTBOP;UP;Wayne Shorter;SWING;5;41;2;45;1;27;15;4,2,2,2,3,3,2,4,2,2,2,2,2,2,2;0001,01,11,01,110,111,11,0111,01,11,11,11,11,01,11
427_19;lick;POSTBOP;UP;Wayne Shorter;SWING;5;46;1;50;4;29;20;2,2,1,1,1,2,2,2,1,2,2,1,2,4,1,2,2,2,2,1;01,11,1,1,1,01,11,11,1,11,11,1,11,0001,1,11,01,11,11,1
427_20;lick;POSTBOP;UP;Wayne Shorter;SWING;2;51;3;52;4;7;5;2,2,2,1,1;11,11,01,1,1
427_21;line;POSTBOP;UP;Wayne Shorter;SWING;5;53;3;57;1;25;14;2,2,2,2,2,2,4,3,2,2,2,4,3,1;11,11,11,11,11,11,0011,011,11,01,11,0001,011,1
427_22;lick;POSTBOP;UP;Wayne Shorter;SWING;5;57;3;61;1;20;15;2,2,2,1,2,2,2,2,2,2,2,2,2,2,1;01,11,11,1,01,11,01,01,01,01,01,01,11,11,1
427_23;line;POSTBOP;UP;Wayne Shorter;SWING;3;61;3;63;1;14;7;2,2,2,2,1,4,4;11,11,11,11,1,1011,1001
427_24;line;POSTBOP;UP;Wayne Shorter;SWING;3;63;4;65;1;10;6;2,2,2,2,2,1;01,11,11,11,11,1
428_1;line;HARDBOP;MEDIUM UP;Wayne Shorter;SWING;1;-3;1;-3;4;13;4;4,6,7,6;0110,001111,0010111,111000
428_2;line;HARDBOP;MEDIUM UP;Wayne Shorter;SWING;3;-2;2;0;2;28;9;4,5,10,4,6,6,6,4,1;0110,00111,0101001011,0110,000111,110111,010111,0111,1
428_3;line;HARDBOP;MEDIUM UP;Wayne Shorter;SWING;1;1;1;1;4;15;4;4,4,6,4;1111,1111,011101,1110
428_4;line;HARDBOP;MEDIUM UP;Wayne Shorter;SWING;2;2;2;3;2;15;5;4,4,4,6,1;0110,0111,1111,111011,1
428_5;line;HARDBOP;MEDIUM UP;Wayne Shorter;SWING;2;4;2;5;4;27;7;6,6,6,6,6,6,4;010111,010111,011011,011011,011101,110111,1100
428_6;line;HARDBOP;MEDIUM UP;Wayne Shorter;SWING;2;6;2;7;3;22;6;6,4,5,3,4,4;101111,1111,10111,111,1111,1100
428_7;line;HARDBOP;MEDIUM UP;Wayne Shorter;SWING;4;8;1;11;1;52;13;4,6,6,6,3,6,4,4,4,4,6,6,1;0111,011111,010111,011011,111,110111,1111,1111,1111,1111,111101,111111,1
428_10;line;HARDBOP;MEDIUM UP;Wayne Shorter;SWING;4;16;4;19;2;23;10;4,2,6,2,4,2,4,5,4,1;1001,01,011100,01,1111,11,1110,11011,0110,1
428_11;line;HARDBOP;MEDIUM UP;Wayne Shorter;SWING;2;20;2;21;2;19;5;4,5,4,5,4;1111,10111,0111,11111,1110
428_12;line;HARDBOP;MEDIUM UP;Wayne Shorter;SWING;2;21;3;22;4;24;6;4,6,8,6,6,4;0001,111111,10110111,011101,101110,1110
428_13;line;HARDBOP;MEDIUM UP;Wayne Shorter;SWING;2;23;3;24;1;9;3;4,4,1;1111,1111,1
428_14;line;HARDBOP;MEDIUM UP;Wayne Shorter;SWING;2;24;2;25;2;13;5;4,3,2,4,2;1111,110,11,1110,11
429_1;line;POSTBOP;UP;Wayne Shorter;SWING;2;1;3;2;4;10;6;2,2,2,2,2,1;11,11,11,11,01,1
429_2;line;POSTBOP;UP;Wayne Shorter;SWING;5;4;3;8;3;31;16;1,2,2,2,2,4,2,4,2,4,2,2,2,2,2,2;1,11,11,11,11,0001,11,1100,11,1101,11,11,11,11,11,11
429_3;lick;POSTBOP;UP;Wayne Shorter;SWING;2;9;2;10;4;3;3;4,1,4;0001,1,0001
429_4;line;POSTBOP;UP;Wayne Shorter;SWING;6;11;3;16;2;32;18;1,2,2,4,2,2,2,4,2,2,2,2,2,2,1,2,2,1;1,11,11,1011,01,11,11,1001,11,11,11,11,11,11,1,11,01,1
429_5;line;POSTBOP;UP;Wayne Shorter;SWING;5;17;3;21;1;30;15;3,2,2,2,2,2,2,2,2,2,2,2,2,2,4;111,01,11,11,11,11,11,11,11,11,11,11,11,11,0110
429_6;line;POSTBOP;UP;Wayne Shorter;SWING;4;21;2;24;4;28;15;2,2,2,2,2,2,2,2,2,2,4,2,2,2,1;01,11,11,11,11,11,11,11,11,11,1001,11,11,11,1
429_7;lick;POSTBOP;UP;Wayne Shorter;SWING;1;25;3;25;4;3;2;2,1;11,1
429_8;lick;POSTBOP;UP;Wayne Shorter;SWING;1;26;2;26;3;3;2;2,1;11,1
429_9;line;POSTBOP;UP;Wayne Shorter;SWING;8;26;4;33;2;53;27;2,2,2,2,2,2,2,2,3,3,2,2,2,2,2,2,2,2,2,2,2,2,2,2,3,2,3;11,11,11,11,11,11,11,11,111,011,01,11,11,11,11,11,11,11,11,11,11,11,01,11,111,01,011
429_10;lick;POSTBOP;UP;Wayne Shorter;SWING;2;34;3;35;3;11;5;2,3,2,2,2;11,111,11,11,11
429_11;line;POSTBOP;UP;Wayne Shorter;SWING;8;36;3;43;3;51;26;2,2,2,2,2,2,2,2,2,2,2,2,2,3,2,3,2,1,4,2,1,4,3,4,4,2;01,01,11,11,11,01,11,11,11,11,11,11,01,111,11,011,01,1,0001,11,1,1111,111,1111,1111,01
429_12;line;POSTBOP;UP;Wayne Shorter;SWING;4;44;3;47;2;21;11;2,2,2,2,2,4,2,3,2,2,2;01,11,11,11,11,1011,01,111,11,01,11
429_13;line;POSTBOP;UP;Wayne Shorter;SWING;1;48;1;48;4;9;4;3,2,3,2;111,11,011,11
429_14;lick;POSTBOP;UP;Wayne Shorter;SWING;2;49;4;50;4;5;5;4,4,2,2,1;0001,0001,01,01,1
429_15;lick;POSTBOP;UP;Wayne Shorter;SWING;2;51;2;52;2;5;4;4,2,2,1;0001,11,01,1
429_16;lick;POSTBOP;UP;Wayne Shorter;SWING;4;52;4;55;4;14;11;4,2,2,2,2,1,1,1,4,2,1;0001,01,11,01,11,1,1,1,1001,01,1
429_17;lick;POSTBOP;UP;Wayne Shorter;SWING;2;56;3;57;2;6;4;2,2,1,2;11,11,1,01
429_18;lick;POSTBOP;UP;Wayne Shorter;SWING;1;58;1;58;2;3;2;2,2;11,01
429_19;lick;POSTBOP;UP;Wayne Shorter;SWING;1;59;1;59;2;3;2;2,1;11,1
429_20;lick;POSTBOP;UP;Wayne Shorter;SWING;2;59;4;60;1;3;2;2,1;11,1
429_21;line;POSTBOP;UP;Wayne Shorter;SWING;6;60;3;65;2;36;18;2,2,2,2,2,3,2,4,2,2,2,2,2,1,2,4,4,2;11,11,11,11,11,011,11,1110,11,11,11,11,11,1,11,1011,0011,01
430_1;lick;POSTBOP;MEDIUM;Wayne Shorter;SWING;2;2;2;3;1;5;4;2,1,2,3;01,1,01,110
430_2;lick;POSTBOP;MEDIUM;Wayne Shorter;SWING;2;4;1;5;2;14;6;6,2,3,6,4,1;000001,11,111,011101,1110,1
430_3;lick;POSTBOP;MEDIUM;Wayne Shorter;SWING;3;6;2;8;1;12;7;4,2,2,3,1,2,4;0011,01,11,011,1,01,1110
430_4;lick;POSTBOP;MEDIUM;Wayne Shorter;SWING;1;9;1;9;3;4;2;4,2;0011,11
430_5;lick;POSTBOP;MEDIUM;Wayne Shorter;SWING;1;10;1;10;3;5;2;4,4;0011,1110
430_6;lick;POSTBOP;MEDIUM;Wayne Shorter;SWING;2;11;1;12;3;14;7;4,2,3,6,2,4,4;0011,01,111,000101,11,0011,0110
430_7;lick;POSTBOP;MEDIUM;Wayne Shorter;SWING;2;12;4;13;1;4;2;4,3;0001,111
430_8;lick;POSTBOP;MEDIUM;Wayne Shorter;SWING;3;14;1;16;4;18;8;3,3,4,3,2,6,6,2;110,111,0001,111,01,010111,010001,11
430_9;lick;POSTBOP;MEDIUM;Wayne Shorter;SWING;1;17;2;17;4;5;3;4,2,4;0001,11,0011
430_10;lick;POSTBOP;MEDIUM;Wayne Shorter;SWING;3;18;2;20;1;25;8;4,4,3,4,3,6,4,1;1111,0111,111,1111,111,110101,1110,1
430_11;lick;POSTBOP;MEDIUM;Wayne Shorter;SWING;5;20;4;24;2;42;15;4,3,2,2,6,2,4,3,2,4,4,6,4,6,4;0001,011,11,01,101011,11,1111,111,01,1111,1111,101111,0111,111001,1100
430_12;lick;POSTBOP;MEDIUM;Wayne Shorter;SWING;2;25;1;26;1;8;2;3,5;111,11111
430_13;lick;POSTBOP;MEDIUM;Wayne Shorter;SWING;2;26;4;27;4;11;4;4,3,2,4;1111,110,11,1110
430_14;line;POSTBOP;MEDIUM;Wayne Shorter;SWING;2;28;3;29;2;7;4;4,4,2,2;0011,0011,11,11
430_15;line;POSTBOP;MEDIUM;Wayne Shorter;SWING;3;29;2;31;3;19;8;2,4,4,4,3,4,2,4;11,0111,0111,0111,111,0011,11,1100
430_16;lick;POSTBOP;MEDIUM;Wayne Shorter;SWING;1;33;1;33;1;3;1;4;1110
430_17;lick;POSTBOP;MEDIUM;Wayne Shorter;SWING;2;33;2;34;2;12;5;4,6,4,2,1;0011,100111,1111,01,1
430_18;lick;POSTBOP;MEDIUM;Wayne Shorter;SWING;1;35;1;35;4;8;4;6,4,2,4;000001,0111,11,1101
430_19;lick;POSTBOP;MEDIUM;Wayne Shorter;SWING;3;35;4;37;3;18;8;4,4,4,4,4,1,2,2;1101,0111,0111,0111,1111,1,01,11
430_20;lick;POSTBOP;MEDIUM;Wayne Shorter;SWING;1;38;1;38;3;5;3;4,4,2;1100,0001,11
430_21;line;POSTBOP;MEDIUM;Wayne Shorter;SWING;2;39;1;40;3;23;7;3,4,4,4,6,8,6;111,1111,0111,0111,010101,01001011,010101
430_22;lick;POSTBOP;MEDIUM;Wayne Shorter;SWING;1;41;1;41;3;7;3;6,2,3;010101,01,111
430_23;lick;POSTBOP;MEDIUM;Wayne Shorter;SWING;2;42;1;43;4;19;8;2,2,5,2,4,4,2,1;11,11,01111,11,1101,0111,11,1
430_24;line;POSTBOP;MEDIUM;Wayne Shorter;SWING;3;45;1;47;2;23;9;4,4,2,3,2,3,2,5,4;0110,1111,01,111,01,111,11,10111,0111
430_25;lick;POSTBOP;MEDIUM;Wayne Shorter;SWING;2;49;1;50;3;9;6;1,1,3,3,2,2;1,1,110,110,11,01
430_26;lick;POSTBOP;MEDIUM;Wayne Shorter;SWING;2;51;1;52;3;13;6;2,2,4,4,6,2;11,11,1011,1100,100011,01
430_27;lick;POSTBOP;MEDIUM;Wayne Shorter;SWING;3;53;1;55;4;15;10;8,2,4,2,2,2,2,2,2,1;01000001,01,1100,11,01,11,01,11,01,1
430_28;lick;POSTBOP;MEDIUM;Wayne Shorter;SWING;2;56;4;57;2;7;3;4,6,7;0011,010001,0100011
430_29;lick;POSTBOP;MEDIUM;Wayne Shorter;SWING;2;58;1;59;2;10;6;4,4,1,2,4,2;0011,1100,1,11,0001,11
430_30;lick;POSTBOP;MEDIUM;Wayne Shorter;SWING;2;59;4;60;4;10;4;3,1,3,6;011,1,111,010111
431_1;line;POSTBOP;MEDIUM;Wayne Shorter;SWING;2;1;2;2;2;15;7;3,3,3,1,4,2,1;111,111,111,1,0011,11,1
431_11;line;POSTBOP;MEDIUM;Wayne Shorter;SWING;3;15;6;17;1;16;8;4,3,4,2,3,3,3,1;0001,011,1100,01,111,111,111,1
431_22;lick;POSTBOP;MEDIUM;Wayne Shorter;SWING;2;26;6;27;2;7;3;4,3,3;0011,111,110
431_23;lick;POSTBOP;MEDIUM;Wayne Shorter;SWING;1;27;3;27;4;3;2;4,3;0001,110
431_27;line;POSTBOP;MEDIUM;Wayne Shorter;SWING;3;29;2;31;1;24;12;2,2,3,3,3,3,3,2,1,2,2,1;11,11,110,111,111,111,111,01,1,11,01,1
431_28;line;POSTBOP;MEDIUM;Wayne Shorter;SWING;1;32;1;32;6;14;5;6,4,3,3,3;000011,0111,111,111,111
431_32;lick;POSTBOP;MEDIUM;Wayne Shorter;SWING;1;37;1;37;2;4;2;2,2;11,11
431_33;lick;POSTBOP;MEDIUM;Wayne Shorter;SWING;1;37;4;37;5;4;2;2,2;11,11
431_34;lick;POSTBOP;MEDIUM;Wayne Shorter;SWING;1;38;1;38;2;4;2;2,2;11,11
431_35;lick;POSTBOP;MEDIUM;Wayne Shorter;SWING;1;38;3;38;5;8;3;6,1,8;000111,1,00011011
431_36;lick;POSTBOP;MEDIUM;Wayne Shorter;SWING;1;39;2;39;6;12;5;4,2,6,6,1;0111,11,000011,011101,1
431_37;line;POSTBOP;MEDIUM;Wayne Shorter;SWING;2;40;2;41;6;29;8;4,7,4,4,4,4,1,4;1111,1010111,1111,1111,1111,1111,1,0111
431_41;line;POSTBOP;MEDIUM;Wayne Shorter;SWING;1;44;2;44;3;3;2;4,1;0011,1
431_42;line;POSTBOP;MEDIUM;Wayne Shorter;SWING;1;44;4;44;5;6;2;5,3;00111,111
433_1;lick;POSTBOP;MEDIUM UP;Wayne Shorter;LATIN;3;1;1;3;2;5;4;4,1,4,2;0001,1,0001,11
433_2;lick;POSTBOP;MEDIUM UP;Wayne Shorter;LATIN;4;5;1;8;2;7;4;4,2,2,1;1100,11,11,1
433_3;lick;POSTBOP;MEDIUM UP;Wayne Shorter;LATIN;1;9;1;9;3;3;3;2,2,2;01,01,01
433_4;lick;POSTBOP;MEDIUM UP;Wayne Shorter;LATIN;1;11;1;11;3;4;3;2,2,2;01,11,01
433_5;lick;POSTBOP;MEDIUM UP;Wayne Shorter;LATIN;3;13;1;15;2;10;7;4,2,2,2,2,4,2;0011,01,01,01,01,0011,11
433_7;line;POSTBOP;MEDIUM UP;Wayne Shorter;LATIN;4;21;2;24;1;25;8;4,5,6,4,6,6,4,4;1111,01111,000001,0111,101011,110011,0111,1100
433_8;lick;POSTBOP;MEDIUM UP;Wayne Shorter;LATIN;3;25;1;27;3;19;8;3,2,3,4,4,4,4,1;011,11,111,1111,0111,0111,0001,1
433_9;lick;POSTBOP;MEDIUM UP;Wayne Shorter;LATIN;5;28;2;32;1;33;12;4,4,1,4,6,3,3,4,4,6,4,2;0001,1001,1,1111,011011,111,111,1111,0111,010101,0111,11
433_10;line;POSTBOP;MEDIUM UP;Wayne Shorter;LATIN;2;33;1;34;1;13;4;4,4,4,4;0001,1111,1111,1111
433_12;line;POSTBOP;MEDIUM UP;Wayne Shorter;LATIN;4;41;1;44;3;24;12;2,2,2,2,2,2,2,3,2,1,4,1;11,11,11,11,11,11,11,111,11,1,1011,1
433_13;lick;POSTBOP;MEDIUM UP;Wayne Shorter;LATIN;3;45;2;47;2;11;7;2,2,4,2,1,1,2;01,01,1011,11,1,1,11
433_18;line;POSTBOP;MEDIUM UP;Wayne Shorter;LATIN;4;61;1;64;1;14;10;2,2,3,2,2,2,1,2,2,1;11,01,011,01,01,01,1,11,11,1
433_19;lick;POSTBOP;MEDIUM UP;Wayne Shorter;LATIN;4;65;1;68;2;12;11;1,1,1,1,1,1,1,1,1,2,1;1,1,1,1,1,1,1,1,1,11,1
433_20;lick;POSTBOP;MEDIUM UP;Wayne Shorter;LATIN;2;69;1;70;2;5;5;2,1,1,1,1;01,1,1,1,1
433_23;lick;POSTBOP;MEDIUM UP;Wayne Shorter;LATIN;3;81;1;83;2;5;3;2,4,1;11,1100,1
433_24;lick;POSTBOP;MEDIUM UP;Wayne Shorter;LATIN;3;84;1;86;2;10;7;2,1,2,2,1,4,1;01,1,01,11,1,1101,1
433_25;lick;POSTBOP;MEDIUM UP;Wayne Shorter;LATIN;3;86;3;88;2;9;6;2,2,1,2,4,1;01,11,1,01,1011,1
433_26;lick;POSTBOP;MEDIUM UP;Wayne Shorter;LATIN;3;88;3;90;2;7;5;2,4,1,2,1;01,1001,1,11,1
433_27;lick;POSTBOP;MEDIUM UP;Wayne Shorter;LATIN;2;91;1;92;2;7;5;2,1,2,2,1;11,1,01,11,1
433_28;lick;POSTBOP;MEDIUM UP;Wayne Shorter;LATIN;3;93;1;95;2;15;7;1,1,1,4,4,6,3;1,1,1,1100,0111,101011,111
433_29;line;POSTBOP;MEDIUM UP;Wayne Shorter;LATIN;5;96;2;100;2;43;13;4,6,4,3,4,4,5,4,6,3,4,4,4;0011,000101,0111,111,1111,1110,11111,1111,011110,111,1111,1111,1100
433_30;line;POSTBOP;MEDIUM UP;Wayne Shorter;LATIN;4;101;1;104;2;34;11;4,6,3,2,4,4,5,3,4,4,1;0111,100011,111,11,1011,1111,01111,111,1111,1111,1
433_31;line;POSTBOP;MEDIUM UP;Wayne Shorter;LATIN;3;105;1;107;2;27;7;6,6,6,4,4,6,1;010111,110111,111111,0111,1111,100111,1
433_33;lick;POSTBOP;MEDIUM UP;Wayne Shorter;LATIN;3;111;1;113;2;9;8;2,2,2,2,2,2,2,2;01,01,01,01,01,01,11,01
433_34;lick;POSTBOP;MEDIUM UP;Wayne Shorter;LATIN;2;114;1;115;2;7;5;2,1,2,4,2;01,1,01,1011,01
433_35;lick;POSTBOP;MEDIUM UP;Wayne Shorter;LATIN;2;116;1;117;2;6;5;2,1,2,2,1;01,1,01,11,1
433_36;lick;POSTBOP;MEDIUM UP;Wayne Shorter;LATIN;2;118;1;119;2;6;4;4,3,2,1;0011,011,01,1
433_38;line;POSTBOP;MEDIUM UP;Wayne Shorter;LATIN;2;122;3;123;2;10;3;4,4,6;0001,1111,111110
433_39;line;POSTBOP;MEDIUM UP;Wayne Shorter;LATIN;1;124;1;124;3;12;3;3,5,6;111,11111,111100
433_40;line;POSTBOP;MEDIUM UP;Wayne Shorter;LATIN;2;125;2;126;1;9;3;3,6,1;111,101111,1
433_41;line;POSTBOP;MEDIUM UP;Wayne Shorter;LATIN;3;126;3;128;1;9;5;2,5,1,2,4;01,10111,1,01,1100
433_50;line;POSTBOP;MEDIUM UP;Wayne Shorter;LATIN;5;156;1;160;1;19;12;2,1,2,2,2,2,2,1,2,2,2,1;01,1,11,11,11,11,11,1,01,11,11,1
433_51;lick;POSTBOP;MEDIUM UP;Wayne Shorter;LATIN;9;161;1;169;1;29;23;4,2,6,1,2,1,2,2,1,2,1,2,2,1,1,2,1,2,2,1,1,2,1;1100,01,000011,1,11,1,01,01,1,11,1,01,01,1,1,11,1,01,01,1,1,11,1
434_2;line;POSTBOP;UP;Wayne Shorter;SWING;5;7;2;11;4;28;18;4,3,3,2,2,2,2,2,4,2,2,2,2,2,1,2,1,2;0001,011,011,01,11,11,11,11,1011,01,11,11,01,01,1,01,1,01
434_3;lick;POSTBOP;UP;Wayne Shorter;SWING;3;12;3;14;1;8;5;2,4,1,3,1;11,1001,1,011,1
434_4;line;POSTBOP;UP;Wayne Shorter;SWING;2;14;3;15;3;10;5;2,2,4,2,4;01,11,0011,11,0111
434_5;line;POSTBOP;UP;Wayne Shorter;SWING;3;16;2;18;1;12;7;2,4,4,3,2,2,1;01,0111,0011,011,01,11,1
434_6;line;POSTBOP;UP;Wayne Shorter;SWING;4;18;2;21;2;16;11;2,2,4,2,2,2,2,1,1,1,2;01,11,0011,01,11,11,11,1,1,1,01
434_7;line;POSTBOP;UP;Wayne Shorter;SWING;6;22;1;27;3;14;14;1,1,1,2,1,1,2,2,1,2,1,2,2,2;1,1,1,01,1,1,01,01,1,01,1,01,01,01
434_9;line;POSTBOP;UP;Wayne Shorter;SWING;6;32;2;37;4;38;22;2,4,1,2,2,1,2,2,2,2,2,1,2,2,2,2,1,1,1,1,2,3;11,1101,1,11,01,1,11,11,11,11,11,1,11,11,11,11,1,1,1,1,11,111
434_10;lick;POSTBOP;UP;Wayne Shorter;SWING;2;38;3;39;4;7;5;2,2,1,2,1;01,11,1,11,1
434_11;lick;POSTBOP;UP;Wayne Shorter;SWING;4;40;3;43;1;10;9;2,2,2,2,4,2,2,2,1;01,01,01,01,1001,01,01,01,1
434_13;lick;POSTBOP;UP;Wayne Shorter;SWING;2;47;1;48;3;8;4;2,1,4,4;01,1,1011,1011
434_14;lick;POSTBOP;UP;Wayne Shorter;SWING;1;49;3;49;4;4;2;4,2;1011,01
434_15;lick;POSTBOP;UP;Wayne Shorter;SWING;2;50;3;51;4;7;5;2,1,2,2,1;11,1,01,11,1
434_18;lick;POSTBOP;UP;Wayne Shorter;SWING;3;63;1;65;4;14;10;2,2,1,2,1,2,2,3,2,2;11,11,1,01,1,01,11,011,01,01
435_4;lick;POSTBOP;MEDIUM UP;Wayne Shorter;SWING;2;12;2;13;2;7;4;4,2,2,2;0011,11,01,11
435_6;lick;POSTBOP;MEDIUM UP;Wayne Shorter;SWING;2;15;3;16;2;4;4;2,1,1,1;01,1,1,1
435_7;lick;POSTBOP;MEDIUM UP;Wayne Shorter;SWING;3;16;3;18;2;13;7;2,2,4,2,2,3,1;01,11,1001,11,11,111,1
435_8;line;POSTBOP;MEDIUM UP;Wayne Shorter;SWING;2;18;3;19;3;7;4;2,2,3,1;01,11,111,1
435_9;line;POSTBOP;MEDIUM UP;Wayne Shorter;SWING;2;20;1;21;4;18;8;2,4,2,2,2,6,2,2;11,1101,11,11,11,100011,11,11
435_10;line;POSTBOP;MEDIUM UP;Wayne Shorter;SWING;3;23;1;25;2;18;10;4,2,2,2,2,2,2,1,1,1;0111,11,11,11,11,11,11,1,1,1
435_11;lick;POSTBOP;MEDIUM UP;Wayne Shorter;SWING;2;26;4;27;3;8;4;6,2,3,1;010101,11,110,1
435_13;lick;POSTBOP;MEDIUM UP;Wayne Shorter;SWING;4;37;1;40;4;29;16;4,1,4,2,2,4,2,6,2,1,4,4,1,1,2,2;1100,1,1100,11,11,1100,11,010011,01,1,1100,1011,1,1,11,11
435_14;line;POSTBOP;MEDIUM UP;Wayne Shorter;SWING;3;41;2;43;3;16;10;2,3,2,2,1,2,2,1,2,1;01,011,11,11,1,11,11,1,11,1
435_15;line;POSTBOP;MEDIUM UP;Wayne Shorter;SWING;4;44;4;47;1;19;10;4,4,2,2,2,2,2,2,2,2;0110,0110,11,11,11,11,11,11,11,01
435_16;lick;POSTBOP;MEDIUM UP;Wayne Shorter;SWING;3;47;4;49;1;7;5;2,2,1,1,1;11,11,1,1,1
435_17;line;POSTBOP;MEDIUM UP;Wayne Shorter;SWING;2;50;1;51;1;8;5;2,2,2,1,1;11,11,11,1,1
435_19;line;POSTBOP;MEDIUM UP;Wayne Shorter;SWING;3;55;3;57;3;15;9;3,2,6,1,1,2,2,1,1;011,11,011100,1,1,11,11,1,1
435_20;line;POSTBOP;MEDIUM UP;Wayne Shorter;SWING;3;59;1;61;2;22;10;2,2,2,2,4,4,2,6,6,4;11,11,11,11,0110,1101,11,010011,001001,0110
435_21;line;POSTBOP;MEDIUM UP;Wayne Shorter;SWING;2;62;2;63;3;8;4;6,2,2,2;000011,11,11,11
435_24;line;POSTBOP;MEDIUM UP;Wayne Shorter;SWING;2;76;2;77;4;11;7;2,3,2,2,6,2,1;11,011,11,01,001001,01,1
435_28;line;POSTBOP;MEDIUM UP;Wayne Shorter;SWING;4;82;2;85;2;18;9;6,4,6,2,2,2,1,6,2;000011,1100,010111,11,11,11,1,100001,01
435_29;lick;POSTBOP;MEDIUM UP;Wayne Shorter;SWING;2;86;1;87;1;8;5;2,2,2,2,1;01,11,11,11,1
435_31;lick;POSTBOP;MEDIUM UP;Wayne Shorter;SWING;3;94;4;96;4;13;7;4,2,2,6,4,1,2;0011,11,01,100011,0011,1,11
435_32;lick;POSTBOP;MEDIUM UP;Wayne Shorter;SWING;3;97;3;99;2;6;5;2,1,2,2,1;01,1,11,01,1
435_33;line;POSTBOP;MEDIUM UP;Wayne Shorter;SWING;3;99;3;101;3;12;7;2,3,2,2,2,2,6;01,111,11,11,01,11,000001
436_1;lick;POSTBOP;MEDIUM;Woody Shaw;SWING;2;0;4;1;1;5;2;4,3;0011,111
436_2;lick;POSTBOP;MEDIUM;Woody Shaw;SWING;2;1;4;2;1;3;2;4,2;0001,11
436_3;lick;POSTBOP;MEDIUM;Woody Shaw;SWING;4;3;1;6;1;23;13;4,2,5,4,4,3,1,4,4,1,2,4,1;0001,01,00111,0001,0111,111,1,0011,1100,1,11,1001,1
436_5;lick;POSTBOP;MEDIUM;Woody Shaw;SWING;2;8;4;9;2;7;3;2,4,3;01,1101,111
436_6;line;POSTBOP;MEDIUM;Woody Shaw;SWING;4;10;4;13;3;27;11;8,4,4,4,3,4,3,3,4,2,1;01001001,0011,1111,0001,111,1011,111,110,1101,11,1
436_8;line;POSTBOP;MEDIUM;Woody Shaw;SWING;2;17;1;18;3;20;7;4,4,3,1,3,3,3;0111,1111,111,1,111,111,111
436_9;line;POSTBOP;MEDIUM;Woody Shaw;SWING;2;19;3;20;2;12;4;6,4,2,4;111110,1011,11,1100
436_10;line;POSTBOP;MEDIUM;Woody Shaw;SWING;2;21;1;22;2;24;6;4,4,2,4,6,8;0001,1111,11,1110,111111,11111111
436_11;lick;POSTBOP;MEDIUM;Woody Shaw;SWING;3;23;2;25;3;19;10;8,2,2,2,2,1,4,2,1,1;00001111,11,11,11,11,1,1100,11,1,1
436_12;lick;POSTBOP;MEDIUM;Woody Shaw;SWING;2;26;4;27;2;6;3;4,6,1;0001,011110,1
436_13;line;POSTBOP;MEDIUM;Woody Shaw;SWING;3;28;1;30;2;28;9;8,8,6,6,1,1,1,1,2;11111011,01111011,111110,100111,1,1,1,1,11
436_14;lick;POSTBOP;MEDIUM;Woody Shaw;SWING;2;31;1;32;1;10;5;4,3,4,4,2;0001,111,1001,1001,11
436_15;lick;POSTBOP;MEDIUM;Woody Shaw;SWING;2;32;4;33;1;2;2;1,1;1,1
436_16;lick;POSTBOP;MEDIUM;Woody Shaw;SWING;2;33;4;34;1;3;2;1,2;1,11
436_17;lick;POSTBOP;MEDIUM;Woody Shaw;SWING;4;34;4;37;1;22;8;4,3,6,6,4,2,4,2;0001,111,000011,111111,0111,11,0111,11
436_18;lick;POSTBOP;MEDIUM;Woody Shaw;SWING;2;37;4;38;1;7;2;5,2;11111,11
436_19;lick;POSTBOP;MEDIUM;Woody Shaw;SWING;3;39;1;41;2;22;10;4,3,3,3,3,3,1,6,4,1;0110,110,111,111,111,111,1,100001,1001,1
436_20;lick;POSTBOP;MEDIUM;Woody Shaw;SWING;4;42;2;45;1;20;10;4,1,3,3,3,1,4,4,8,1;0001,1,011,111,011,1,0011,1111,01000011,1
436_21;lick;POSTBOP;MEDIUM;Woody Shaw;SWING;2;45;4;46;1;2;2;4,1;0001,1
436_22;lick;POSTBOP;MEDIUM;Woody Shaw;SWING;2;47;1;48;1;7;5;4,2,2,1,1;0001,11,11,1,1
436_23;lick;POSTBOP;MEDIUM;Woody Shaw;SWING;2;49;1;50;3;7;6;1,1,2,2,1,1;1,1,01,11,1,1
436_24;lick;POSTBOP;MEDIUM;Woody Shaw;SWING;2;51;1;52;1;10;4;4,3,6,4;0001,111,000111,0111
436_25;line;POSTBOP;MEDIUM;Woody Shaw;SWING;4;53;1;56;1;34;13;8,4,4,4,4,4,6,2,1,4,4,6,1;00000011,1111,1101,1101,1111,1110,111101,11,1,1100,1001,100001,1
436_26;lick;POSTBOP;MEDIUM;Woody Shaw;SWING;2;56;4;57;1;5;2;4,4;1101,1001
436_27;lick;POSTBOP;MEDIUM;Woody Shaw;SWING;2;57;4;58;1;3;2;2,2;01,11
436_28;lick;POSTBOP;MEDIUM;Woody Shaw;SWING;1;59;1;59;2;3;2;4,1;0011,1
436_29;line;POSTBOP;MEDIUM;Woody Shaw;SWING;2;60;1;61;2;16;6;3,6,3,4,2,1;111,111011,111,0011,11,1
436_30;lick;POSTBOP;MEDIUM;Woody Shaw;SWING;2;61;4;62;2;4;3;2,4,1;01,1001,1
437_1;line;POSTBOP;UP;Woody Shaw;SWING;3;-1;1;1;3;19;11;2,2,4,2,2,2,2,1,1,2,4;11,11,1011,01,11,11,11,1,1,11,0001
437_2;lick;POSTBOP;UP;Woody Shaw;SWING;2;2;3;3;3;8;5;2,2,1,2,1;11,11,1,11,1
437_3;line;POSTBOP;UP;Woody Shaw;SWING;7;5;1;11;1;42;22;2,2,2,2,2,4,4,2,1,2,4,2,4,2,3,3,3,2,4,2,2,2;01,11,11,11,11,1001,1011,01,1,11,1101,11,0011,11,011,011,011,01,1001,11,11,11
437_4;lick;POSTBOP;UP;Woody Shaw;SWING;2;12;3;13;1;5;3;4,4,2;1011,0001,01
437_5;line;POSTBOP;UP;Woody Shaw;SWING;8;14;1;21;4;58;30;2,4,2,2,4,3,2,4,4,2,2,2,4,2,2,4,2,2,4,2,1,1,1,2,2,4,2,6,4,1;11,1110,11,11,1001,011,01,1001,0001,11,11,11,1101,11,01,1001,11,01,1001,11,1,1,1,01,11,1011,01,111011,1111,1
437_6;lick;POSTBOP;UP;Woody Shaw;SWING;2;24;3;25;1;3;3;2,2,1;01,01,1
437_7;lick;POSTBOP;UP;Woody Shaw;SWING;2;26;4;27;1;3;2;2,1;11,1
437_8;line;POSTBOP;UP;Woody Shaw;SWING;3;28;4;30;1;12;6;2,2,2,2,4,4;11,11,11,11,1011,0001
437_9;line;POSTBOP;UP;Woody Shaw;SWING;9;31;3;39;4;51;31;2,4,2,2,2,3,3,2,3,2,3,2,4,2,2,3,2,1,2,2,4,1,2,4,2,2,2,1,1,2,1;11,1101,11,11,11,011,011,11,111,11,011,01,0001,01,11,111,11,1,01,11,0001,1,01,1001,01,01,01,1,1,11,1
437_10;lick;POSTBOP;UP;Woody Shaw;SWING;3;41;1;43;4;22;11;3,2,2,2,4,3,3,2,3,3,2;011,11,01,11,1011,011,011,11,011,011,11
437_11;line;POSTBOP;UP;Woody Shaw;SWING;7;46;2;52;2;41;25;2,3,3,3,2,2,4,2,4,2,3,4,2,2,1,2,2,1,4,2,4,3,4,2,4;11,111,011,011,11,11,0001,01,0001,01,111,0001,11,01,1,11,11,1,1011,01,1001,011,0001,01,0001
437_12;line;POSTBOP;UP;Woody Shaw;SWING;3;54;1;56;4;24;12;3,2,3,2,2,2,2,2,2,4,3,4;011,01,111,11,11,11,11,11,11,1011,011,0001
437_13;lick;POSTBOP;UP;Woody Shaw;SWING;1;58;2;58;4;4;3;4,3,2;0001,011,01
439_2;lick;POSTBOP;MEDIUM UP;Woody Shaw;SWING;4;5;1;8;1;17;10;2,3,2,2,2,4,2,2,4,2;01,111,01,11,11,0001,11,01,0011,11
439_4;lick;POSTBOP;MEDIUM UP;Woody Shaw;SWING;1;12;1;12;1;3;1;4;1101
439_5;lick;POSTBOP;MEDIUM UP;Woody Shaw;SWING;5;13;1;17;2;34;13;6,2,2,6,4,3,4,3,4,4,5,2,3;000101,01,11,000001,1111,111,1111,111,1001,1111,11111,01,110
439_6;lick;POSTBOP;MEDIUM UP;Woody Shaw;SWING;6;19;1;24;2;44;17;4,2,2,2,2,6,5,6,4,2,4,2,4,2,6,4,1;0001,11,11,11,11,011011,10111,111110,1111,01,1101,01,1101,01,010111,1111,1
439_7;lick;POSTBOP;MEDIUM UP;Woody Shaw;SWING;7;25;2;31;1;31;15;4,2,2,2,2,3,6,2,2,2,2,4,4,3,2;0001,11,11,11,11,111,100011,11,01,11,11,0011,1001,111,11
439_8;lick;POSTBOP;MEDIUM UP;Woody Shaw;SWING;2;33;1;34;3;11;6;4,2,2,6,2,2;0011,01,11,011100,01,11
439_9;lick;POSTBOP;MEDIUM UP;Woody Shaw;SWING;2;35;2;36;2;7;4;2,1,4,4;01,1,0011,1110
439_11;line;POSTBOP;MEDIUM UP;Woody Shaw;SWING;3;45;1;47;3;31;9;3,4,4,4,4,4,4,3,4;011,1011,1111,1111,1111,1111,1110,111,1111
439_12;lick;POSTBOP;MEDIUM UP;Woody Shaw;SWING;1;49;1;49;1;3;1;4;1101
439_13;lick;POSTBOP;MEDIUM UP;Woody Shaw;SWING;2;50;3;51;2;4;3;2,3,1;01,110,1
439_14;line;POSTBOP;MEDIUM UP;Woody Shaw;SWING;3;52;2;54;1;19;6;4,5,4,4,6,1;0111,11011,0111,1111,101011,1
439_15;lick;POSTBOP;MEDIUM UP;Woody Shaw;SWING;1;55;1;55;2;5;2;6,1;011110,1
439_18;line;POSTBOP;MEDIUM UP;Woody Shaw;SWING;5;59;2;63;3;44;14;4,2,4,4,6,6,3,5,4,4,4,6,4,4;0011,01,0011,1111,101101,101111,111,11011,1101,0011,1111,011011,0111,1110
439_19;line;POSTBOP;MEDIUM UP;Woody Shaw;SWING;5;65;1;69;3;51;15;4,4,3,6,5,3,4,4,4,6,6,4,6,3,1;0011,1111,111,111110,00011,111,1111,1111,1111,101011,011011,0111,110111,111,1
439_23;lick;POSTBOP;MEDIUM UP;Woody Shaw;SWING;1;75;1;75;2;3;2;6,2;000001,11
439_24;line;POSTBOP;MEDIUM UP;Woody Shaw;SWING;4;76;3;79;3;40;10;4,3,4,4,5,4,6,4,6,4;1111,111,1111,1111,11111,0111,110111,0111,110111,1111
439_25;lick;POSTBOP;MEDIUM UP;Woody Shaw;SWING;5;81;1;85;2;39;14;6,2,3,3,1,2,4,3,4,4,4,4,2,4;011101,11,111,011,1,11,1111,111,1111,1111,1111,1101,01,0011
439_26;lick;POSTBOP;MEDIUM UP;Woody Shaw;SWING;3;86;3;88;2;12;6;4,4,2,4,4,1;0001,0110,01,0111,1111,1
439_29;lick;POSTBOP;MEDIUM UP;Woody Shaw;SWING;3;91;1;93;1;12;7;4,2,2,2,4,2,2;0011,01,01,11,1001,11,11
439_30;lick;POSTBOP;MEDIUM UP;Woody Shaw;SWING;5;94;1;98;1;25;13;2,6,2,2,2,2,2,4,4,2,2,4,1;11,100001,11,11,11,01,11,1001,1001,11,11,1101,1
439_32;line;POSTBOP;MEDIUM UP;Woody Shaw;SWING;6;102;3;107;1;35;14;3,4,6,6,6,4,4,1,2,2,2,2,4,4;011,1111,001111,011011,011011,0111,0111,1,11,01,11,11,1001,0001
439_35;line;POSTBOP;MEDIUM UP;Woody Shaw;SWING;4;113;1;116;2;35;11;6,2,6,6,3,6,4,4,4,4,1;000001,11,110111,010111,110,111011,0111,1111,1111,1111,1
439_36;line;POSTBOP;MEDIUM UP;Woody Shaw;SWING;4;117;2;120;1;31;9;6,4,4,6,4,4,5,4,1;010111,0111,1111,011101,0111,1111,10111,1111,1
439_37;line;POSTBOP;MEDIUM UP;Woody Shaw;SWING;3;121;1;123;2;27;8;4,4,4,4,4,1,6,4;0111,1111,1111,1111,1111,1,001111,0111
439_38;line;POSTBOP;MEDIUM UP;Woody Shaw;SWING;6;125;1;130;1;37;15;2,4,3,6,4,4,1,4,2,5,2,4,4,4,2;01,1111,111,111101,1111,1111,1,1101,11,10001,01,0001,1001,1001,11
439_39;lick;POSTBOP;MEDIUM UP;Woody Shaw;SWING;4;132;1;135;3;21;12;6,2,6,2,3,1,4,1,2,2,2,1;100101,01,100011,11,011,1,1100,1,01,11,11,1
439_41;lick;POSTBOP;MEDIUM UP;Woody Shaw;SWING;5;139;2;143;3;22;13;4,2,2,2,2,2,2,1,2,2,2,4,1;0001,01,11,11,11,11,11,1,11,11,11,1001,1
439_42;lick;POSTBOP;MEDIUM UP;Woody Shaw;SWING;2;145;1;146;2;8;4;4,4,2,1;0011,1110,11,1
439_43;lick;POSTBOP;MEDIUM UP;Woody Shaw;SWING;2;147;1;148;2;8;5;6,2,2,2,1;000011,01,11,11,1
439_44;lick;POSTBOP;MEDIUM UP;Woody Shaw;SWING;7;149;2;155;2;36;15;3,3,4,2,3,4,4,5,1,1,4,2,3,3,2;111,011,1011,11,111,1001,1111,01111,1,1,1110,11,011,011,11
439_47;lick;POSTBOP;MEDIUM UP;Woody Shaw;SWING;4;162;3;165;2;19;8;5,6,3,6,4,3,4,4;00011,000001,110,100001,0011,111,1111,1101
439_48;line;POSTBOP;MEDIUM UP;Woody Shaw;SWING;4;166;3;169;2;27;9;2,4,4,4,4,2,3,3,2;01,1111,1111,1111,1111,11,111,111,11
440_2;lick;POSTBOP;UP;Woody Shaw;SWING;5;12;1;16;2;23;15;4,3,2,1,1,1,2,2,2,2,2,2,1,2,1;0001,011,11,1,1,1,11,11,11,11,11,11,1,01,1
440_3;line;POSTBOP;UP;Woody Shaw;SWING;4;17;4;20;1;16;9;2,2,2,2,2,2,1,1,2;11,11,11,11,11,11,1,1,11
440_5;line;POSTBOP;UP;Woody Shaw;SWING;5;28;3;32;3;35;17;4,2,4,2,2,2,2,2,2,2,2,4,2,2,2,3,3;1011,01,1011,01,11,11,11,11,11,11,11,1101,11,11,11,110,011
440_6;line;POSTBOP;UP;Woody Shaw;SWING;2;33;3;34;4;12;6;2,2,2,2,2,2;11,11,11,11,11,11
440_8;line;POSTBOP;UP;Woody Shaw;SWING;5;39;4;43;3;31;16;4,3,3,3,2,2,2,4,2,2,2,2,2,3,2,1;0001,011,110,111,11,11,01,1011,01,11,11,11,11,111,11,1
440_9;lick;POSTBOP;UP;Woody Shaw;SWING;2;44;4;45;2;6;3;1,2,3;1,11,111
440_10;lick;POSTBOP;UP;Woody Shaw;SWING;2;46;4;47;3;5;4;1,2,2,2;1,11,01,01
440_11;lick;POSTBOP;UP;Woody Shaw;SWING;2;48;4;49;4;6;4;1,2,2,1;1,11,11,1
440_12;line;POSTBOP;UP;Woody Shaw;SWING;6;50;3;55;1;34;18;2,2,4,2,2,3,3,4,2,1,2,3,2,2,2,2,2,2;11,11,1011,11,11,011,110,1001,01,1,01,111,01,11,11,11,11,11
440_13;line;POSTBOP;UP;Woody Shaw;SWING;5;56;3;60;4;37;18;2,2,2,2,2,2,2,2,2,3,2,2,2,3,3,2,2,2;11,11,11,11,11,11,11,11,11,111,01,11,11,111,111,01,11,11
440_14;line;POSTBOP;UP;Woody Shaw;SWING;3;61;3;63;2;17;8;2,2,2,2,2,2,2,4;11,11,11,11,11,11,11,1011
440_15;line;POSTBOP;UP;Woody Shaw;SWING;5;64;4;68;3;31;16;3,2,2,2,2,4,4,3,3,2,2,2,2,2,2,1;111,11,11,11,11,1101,0011,011,011,11,01,11,11,01,11,1
440_16;lick;POSTBOP;UP;Woody Shaw;SWING;5;69;3;73;1;15;11;2,1,1,3,4,1,1,1,2,1,1;11,1,1,110,1001,1,1,1,11,1,1
441_1;lick;POSTBOP;MEDIUM UP;Woody Shaw;LATIN/FUNK;5;1;2;5;1;24;14;2,2,2,2,2,2,2,2,2,2,2,2,2,2;11,11,11,11,01,11,01,11,11,01,11,11,01,11
441_2;lick;POSTBOP;MEDIUM UP;Woody Shaw;LATIN/FUNK;2;5;4;6;1;3;2;2,2;01,11
441_5;lick;POSTBOP;MEDIUM UP;Woody Shaw;LATIN/FUNK;3;11;1;13;4;18;10;2,2,3,2,2,2,2,1,4,4;01,11,011,11,11,11,11,1,1001,1001
441_6;lick;POSTBOP;MEDIUM UP;Woody Shaw;LATIN/FUNK;2;15;1;16;3;8;6;5,2,1,2,2,1;00101,01,1,01,11,1
441_7;lick;POSTBOP;MEDIUM UP;Woody Shaw;LATIN/FUNK;5;17;1;21;3;48;18;2,3,2,4,2,4,6,3,4,4,4,4,4,2,4,6,6,4;01,110,11,0011,01,0001,011111,111,1111,1111,1110,1110,0011,01,0111,111111,000111,1100
441_8;line;POSTBOP;MEDIUM UP;Woody Shaw;LATIN/FUNK;2;22;2;23;4;22;7;4,4,4,6,3,2,2;1110,0111,1111,101111,111,11,11
441_9;lick;POSTBOP;MEDIUM UP;Woody Shaw;LATIN/FUNK;4;24;4;27;1;13;9;6,2,2,2,2,2,1,2,1;000101,01,01,11,11,11,1,01,1
441_12;lick;POSTBOP;MEDIUM UP;Woody Shaw;LATIN/FUNK;3;32;3;34;1;15;7;2,2,2,2,4,4,4;01,11,11,11,0011,1111,1100
441_13;lick;POSTBOP;MEDIUM UP;Woody Shaw;LATIN/FUNK;3;34;3;36;2;14;8;2,2,2,2,2,2,2,2;01,11,11,11,11,01,11,11
441_14;lick;POSTBOP;MEDIUM UP;Woody Shaw;LATIN/FUNK;4;37;2;40;1;47;12;5,4,3,6,4,5,4,4,6,4,4,2;01111,1111,111,111101,1111,11111,1111,1111,110111,1111,1110,11
441_15;lick;POSTBOP;MEDIUM UP;Woody Shaw;LATIN/FUNK;2;40;3;41;4;23;6;2,7,6,5,5,4;01,1001111,010111,11111,11111,1110
441_18;lick;POSTBOP;MEDIUM UP;Woody Shaw;LATIN/FUNK;1;52;1;52;3;7;3;4,4,1;0011,1111,1
441_19;line;POSTBOP;MEDIUM UP;Woody Shaw;LATIN/FUNK;2;53;1;54;3;28;7;6,4,4,4,4,5,4;101111,0111,1111,1111,1111,11111,1110
441_20;lick;POSTBOP;MEDIUM UP;Woody Shaw;LATIN/FUNK;3;55;4;57;2;12;7;2,2,2,2,2,2,1;01,11,11,11,11,11,1
441_21;lick;POSTBOP;MEDIUM UP;Woody Shaw;LATIN/FUNK;5;57;4;61;4;18;12;2,1,2,2,2,4,2,2,1,2,2,1;01,1,01,01,11,1001,11,11,1,11,11,1
441_22;lick;POSTBOP;MEDIUM UP;Woody Shaw;LATIN/FUNK;5;62;3;66;2;28;15;2,2,2,2,2,2,2,1,4,2,1,4,3,2,2;01,11,11,11,11,11,11,1,1001,11,1,1111,011,11,01
441_23;lick;POSTBOP;MEDIUM UP;Woody Shaw;LATIN/FUNK;3;67;4;69;3;27;8;6,4,4,4,1,4,4,4;110111,0111,1111,1111,1,1101,1111,1110
442_1;lick;POSTBOP;UP;Woody Shaw;SWING;8;0;4;7;4;28;19;2,1,2,1,2,4,1,1,2,2,1,3,1,4,4,3,2,2,1;11,1,01,1,01,0001,1,1,11,11,1,011,1,1001,1001,011,11,11,1
442_2;lick;POSTBOP;UP;Woody Shaw;SWING;2;9;2;10;2;7;5;3,2,2,1,1;111,01,01,1,1
442_3;line;POSTBOP;UP;Woody Shaw;SWING;5;11;2;15;4;38;19;2,2,2,2,2,2,4,2,4,2,2,2,2,2,2,2,2,2,3;11,11,11,11,11,11,1001,11,1001,11,11,11,11,11,11,11,11,11,110
442_4;line;POSTBOP;UP;Woody Shaw;SWING;7;17;2;23;2;38;21;1,2,2,4,2,2,2,2,2,2,2,2,2,4,2,2,2,4,2,4,4;1,11,11,0001,11,01,11,11,11,11,11,11,11,1001,11,01,01,0001,11,0111,0111
442_6;lick;POSTBOP;UP;Woody Shaw;SWING;1;26;3;26;4;4;2;2,2;11,11
442_7;line;POSTBOP;UP;Woody Shaw;SWING;7;27;3;33;2;42;24;2,1,2,2,1,4,2,2,1,4,1,4,2,2,2,4,2,2,2,2,2,2,2,1;11,1,11,11,1,1101,11,11,1,0001,1,0001,11,11,11,0110,11,11,11,11,11,11,11,1
443_1;lick;POSTBOP;UP;Woody Shaw;SWING;4;2;2;5;1;16;11;2,2,2,4,1,1,1,1,2,2,2;01,11,11,0001,1,1,1,1,11,11,11
443_2;lick;POSTBOP;UP;Woody Shaw;SWING;2;6;4;7;1;5;2;2,3;11,111
443_3;line;POSTBOP;UP;Woody Shaw;SWING;8;8;3;15;3;50;27;1,2,2,2,2,2,1,2,1,4,1,2,5,2,2,2,2,2,2,2,2,2,2,2,2,2,1;1,11,11,11,11,11,1,11,1,1101,1,01,01111,01,11,11,11,11,11,11,11,11,11,11,11,11,1
443_4;lick;POSTBOP;UP;Woody Shaw;SWING;2;17;2;18;1;6;4;2,2,2,2;11,11,01,01
443_6;lick;POSTBOP;UP;Woody Shaw;SWING;3;21;4;23;2;11;7;4,2,2,1,2,8,2;0001,11,11,1,11,00000011,01
443_7;lick;POSTBOP;UP;Woody Shaw;SWING;1;25;1;25;4;6;4;1,4,1,2;1,1100,1,11
443_8;line;POSTBOP;UP;Woody Shaw;SWING;8;26;4;33;1;45;24;2,2,2,2,4,2,2,2,2,3,2,2,2,2,1,2,3,4,2,2,2,2,3,2;01,11,11,11,1100,11,11,11,11,111,01,11,11,11,1,01,110,1001,11,11,11,11,011,11
443_9;lick;POSTBOP;UP;Woody Shaw;SWING;2;34;2;35;3;10;6;4,2,1,4,2,1;0011,11,1,1001,11,1
443_10;lick;POSTBOP;UP;Woody Shaw;SWING;1;37;2;37;4;3;3;2,2,2;01,01,01
443_11;lick;POSTBOP;UP;Woody Shaw;SWING;1;39;1;39;3;3;3;1,1,1;1,1,1
443_12;line;POSTBOP;UP;Woody Shaw;SWING;8;40;4;47;4;61;27;2,2,2,2,2,1,2,2,2,2,4,1,4,2,2,2,2,2,2,2,2,1,4,6,4,4,4;01,11,11,11,11,1,11,11,11,11,1001,1,1111,11,11,11,11,11,11,11,11,1,1101,111110,1111,1111,1110
443_13;lick;POSTBOP;UP;Woody Shaw;SWING;2;49;1;50;4;19;7;3,4,4,4,3,4,3;011,0011,1011,1111,111,1110,110
443_14;lick;POSTBOP;UP;Woody Shaw;SWING;3;51;4;53;1;13;6;4,2,4,4,2,2;0011,11,0111,1101,11,01
443_15;lick;POSTBOP;UP;Woody Shaw;SWING;2;53;2;54;4;12;7;2,2,2,2,2,2,2;01,11,11,11,11,11,01
443_18;lick;POSTBOP;UP;Woody Shaw;SWING;1;57;3;57;4;4;2;4,2;1101,01
443_19;lick;POSTBOP;UP;Woody Shaw;SWING;4;58;2;61;1;19;12;2,4,2,2,3,2,2,1,1,2,2,1;01,1111,11,01,011,01,11,1,1,11,01,1
444_1;line;POSTBOP;MEDIUM UP;Wynton Marsalis;SWING;7;-2;4;4;1;39;21;4,2,2,2,4,4,4,2,4,6,2,4,2,4,2,3,4,2,2,2,1;0001,11,01,11,1001,0011,0110,01,1011,100001,01,0111,01,0111,11,011,1101,01,11,11,1
444_2;line;POSTBOP;MEDIUM UP;Wynton Marsalis;SWING;6;5;2;10;2;29;18;4,2,4,3,2,1,4,2,1,2,5,2,2,2,2,4,2,1;0001,01,1101,011,11,1,1001,01,1,11,01001,01,11,11,11,0110,01,1
444_3;lick;POSTBOP;MEDIUM UP;Wynton Marsalis;SWING;5;11;2;15;3;25;14;4,4,2,4,1,4,1,3,2,1,2,1,4,2;0001,1101,11,0011,1,1100,1,110,11,1,11,1,1101,11
444_4;lick;POSTBOP;MEDIUM UP;Wynton Marsalis;SWING;5;16;3;20;1;24;14;5,6,2,1,1,1,6,1,2,3,2,2,2,2;11101,001001,01,1,1,1,010001,1,11,011,11,11,11,01
444_5;line;POSTBOP;MEDIUM UP;Wynton Marsalis;SWING;13;21;2;33;4;141;50;4,3,4,4,4,4,3,3,3,3,6,4,6,3,3,6,5,4,6,3,4,4,4,4,3,3,3,3,3,3,2,4,3,4,3,6,4,6,3,3,2,2,2,6,2,6,2,2,1,2;0111,111,1111,0111,1011,1011,111,111,111,111,011011,0111,010001,011,111,101101,01011,0111,010011,011,1111,0111,1011,1111,111,111,111,111,111,111,11,1111,111,1111,111,110011,0110,110011,011,111,11,11,01,011101,01,100101,01,01,1,11
444_6;line;POSTBOP;MEDIUM UP;Wynton Marsalis;SWING;2;35;2;36;3;27;6;4,8,6,8,5,1;0001,11111111,111111,11100111,11111,1
444_7;lick;POSTBOP;MEDIUM UP;Wynton Marsalis;SWING;5;37;3;41;3;18;15;1,3,1,1,6,6,1,1,1,1,1,4,4,2,4;1,110,1,1,100001,000001,1,1,1,1,1,0001,0001,01,1100
444_8;line;POSTBOP;MEDIUM UP;Wynton Marsalis;SWING;8;42;4;49;4;47;26;4,4,2,6,2,4,2,2,3,4,2,4,6,2,1,2,2,2,2,2,2,2,2,2,4,4;0001,0111,11,001001,01,1100,11,01,111,1011,11,0011,011001,01,1,11,01,11,01,11,11,01,11,01,1100,1001
444_9;lick;POSTBOP;MEDIUM UP;Wynton Marsalis;SWING;2;51;2;52;1;7;4;2,2,2,1;11,11,11,1
444_10;lick;POSTBOP;MEDIUM UP;Wynton Marsalis;SWING;13;53;1;65;4;138;49;6,1,1,6,3,4,6,4,4,4,3,3,3,3,3,4,5,4,5,4,3,3,3,4,4,6,4,4,4,6,4,4,4,4,2,2,4,3,2,4,2,3,1,4,6,1,2,6,5;000011,1,1,010001,111,1111,001101,0111,0111,0111,111,111,111,111,111,1011,11111,0111,10111,0111,111,111,111,1111,1111,101011,0111,1111,1111,001101,0111,1111,1110,1011,11,11,1111,110,11,0111,01,111,1,1110,100011,1,11,000001,01001
445_1;lick;POSTBOP;UP;Wynton Marsalis;SWING;2;1;3;2;4;8;5;1,5,1,4,2;1,01111,1,0001,01
445_2;lick;POSTBOP;UP;Wynton Marsalis;SWING;6;4;3;9;2;20;13;2,1,4,1,4,1,6,1,4,1,1,4,2;01,1,1001,1,1001,1,110001,1,1001,1,1,1100,11
445_3;lick;POSTBOP;UP;Wynton Marsalis;SWING;11;11;3;21;3;49;35;1,2,1,2,2,2,4,2,1,2,4,1,4,2,2,1,2,2,2,4,4,2,2,1,4,1,4,2,1,1,4,4,2,2,1;1,01,1,11,11,11,1001,01,1,01,0001,1,0001,11,11,1,11,11,01,0110,0001,01,01,1,0001,1,1100,01,1,1,1001,1001,11,11,1
445_4;lick;POSTBOP;UP;Wynton Marsalis;SWING;9;23;3;31;3;39;26;1,2,4,2,4,4,2,4,2,2,1,2,2,2,1,2,2,2,4,4,2,2,2,2,2,1;1,11,0001,11,0001,0001,01,0001,11,11,1,01,11,11,1,11,11,11,0001,0001,01,11,11,11,11,1
445_5;line;POSTBOP;UP;Wynton Marsalis;SWING;6;33;1;38;4;36;24;2,2,2,2,2,2,3,2,3,2,1,1,2,4,2,1,2,1,1,1,1,1,2,2;01,11,01,11,11,11,011,11,011,11,1,1,11,1001,01,1,11,1,1,1,1,1,11,01
445_6;line;POSTBOP;UP;Wynton Marsalis;SWING;7;40;4;46;1;31;19;2,4,4,2,2,2,1,4,1,4,1,1,4,2,2,4,2,4,2;01,0110,1101,11,11,11,1,1100,1,1100,1,1,0001,11,01,1101,01,0001,11
445_8;lick;POSTBOP;UP;Wynton Marsalis;SWING;6;53;1;58;4;26;15;1,2,2,1,2,4,2,2,2,2,1,4,4,1,2;1,11,01,1,11,0001,11,11,11,11,1,0111,1110,1,11
445_9;lick;POSTBOP;UP;Wynton Marsalis;SWING;4;60;3;63;1;18;11;2,2,4,2,2,2,2,2,2,1,2;01,11,0001,11,01,11,11,11,11,1,11
445_10;lick;POSTBOP;UP;Wynton Marsalis;SWING;4;63;3;66;4;12;9;2,2,1,1,1,1,2,2,2;01,11,1,1,1,1,11,01,11
445_11;line;POSTBOP;UP;Wynton Marsalis;SWING;12;68;4;79;3;64;40;2,3,2,1,1,4,2,2,4,2,2,2,1,1,4,2,2,2,2,1,4,1,2,4,2,4,4,1,4,2,1,2,2,1,1,1,1,4,2,1;01,011,11,1,1,1001,11,11,0111,11,11,11,1,1,1001,11,11,11,11,1,1100,1,11,0001,01,0001,0001,1,1101,11,1,11,11,1,1,1,1,1001,11,1
445_12;lick;POSTBOP;UP;Wynton Marsalis;SWING;2;81;3;82;4;4;4;1,1,1,2;1,1,1,01
445_13;lick;POSTBOP;UP;Wynton Marsalis;SWING;12;84;1;95;2;48;36;1,2,2,1,2,1,2,2,1,2,2,2,4,1,4,4,2,2,2,1,1,1,2,1,1,2,1,1,1,1,4,1,2,2,1,2;1,11,01,1,11,1,11,11,1,01,01,01,0001,1,1100,1100,01,01,01,1,1,1,11,1,1,11,1,1,1,1,1001,1,11,11,1,11
445_14;line;POSTBOP;UP;Wynton Marsalis;SWING;7;97;2;103;4;38;22;2,2,2,2,1,4,2,2,4,4,6,2,2,1,1,4,4,2,2,4,4,4;11,11,11,11,1,1101,11,01,1100,1101,010001,01,01,1,1,1110,0001,01,11,0001,1001,1100
445_15;line;POSTBOP;UP;Wynton Marsalis;SWING;11;105;2;115;3;68;35;2,4,2,2,1,6,2,6,4,2,6,2,3,4,2,6,2,3,2,2,2,2,2,2,2,2,2,2,2,2,1,2,2,1,6;01,1101,11,11,1,111001,11,001111,0011,01,011100,11,111,1101,01,111011,11,011,11,11,01,01,01,01,01,01,01,01,11,11,1,11,11,1,100011
445_16;lick;POSTBOP;UP;Wynton Marsalis;SWING;4;117;1;120;2;8;5;4,1,4,1,2;0001,1,1111,1,01
445_18;lick;POSTBOP;UP;Wynton Marsalis;SWING;4;126;3;129;3;21;12;4,1,2,1,2,2,2,2,2,2,4,2;0001,1,11,1,11,11,11,11,11,11,1001,11
447_1;line;POSTBOP;UP;Wynton Marsalis;SWING;5;-1;1;3;3;39;19;2,3,4,2,2,4,2,1,1,2,2,2,2,2,2,2,2,2,2;11,011,1011,11,11,1111,11,1,1,11,11,11,11,11,11,11,11,11,11
447_2;lick;POSTBOP;UP;Wynton Marsalis;SWING;5;5;3;9;4;27;15;2,2,1,2,4,2,2,2,4,2,3,2,2,1,1;11,11,1,11,1011,01,11,11,1011,01,111,11,01,1,1
447_3;line;POSTBOP;UP;Wynton Marsalis;SWING;10;10;1;19;3;66;34;2,2,2,2,2,2,2,2,2,2,2,3,2,2,2,2,2,1,2,4,2,2,2,2,2,2,4,2,2,2,2,2,2,2;11,11,11,11,11,11,11,11,11,11,11,011,11,11,11,11,11,1,11,1001,01,11,11,11,11,11,1101,11,11,01,11,11,11,11
447_4;line;POSTBOP;UP;Wynton Marsalis;SWING;4;20;3;23;4;24;14;2,2,4,2,2,2,2,2,2,2,1,1,1,1;11,01,1101,11,11,11,11,11,11,11,1,1,1,1
447_5;lick;POSTBOP;UP;Wynton Marsalis;SWING;4;24;1;27;3;12;12;4,1,1,1,1,1,1,2,2,2,1,1;0001,1,1,1,1,1,1,01,01,01,1,1
447_6;line;POSTBOP;UP;Wynton Marsalis;SWING;8;29;3;36;4;58;30;2,4,2,4,2,2,2,2,2,2,2,2,2,4,2,2,2,2,2,2,2,1,2,2,2,2,2,2,2,1;01,1101,01,1101,11,11,11,11,11,11,11,11,11,1101,01,11,11,11,11,11,11,1,11,11,11,11,11,11,11,1
447_7;line;POSTBOP;UP;Wynton Marsalis;SWING;3;37;2;39;3;19;10;2,3,3,1,2,2,2,2,4,2;11,110,111,1,11,11,11,11,1001,01
447_8;line;POSTBOP;UP;Wynton Marsalis;SWING;4;40;2;43;4;25;14;1,2,2,2,3,2,2,2,4,2,1,1,1,1;1,11,11,11,111,11,11,11,1011,11,1,1,1,1
447_9;lick;POSTBOP;UP;Wynton Marsalis;SWING;9;44;2;52;2;27;25;1,1,1,1,1,1,4,1,4,1,1,1,1,1,1,1,2,1,1,4,1,1,1,1,1;1,1,1,1,1,1,1001,1,1001,1,1,1,1,1,1,1,01,1,1,0001,1,1,1,1,1
447_10;lick;POSTBOP;UP;Wynton Marsalis;SWING;12;52;3;63;1;49;33;2,1,2,1,2,1,2,1,2,1,2,1,3,1,3,1,2,1,2,1,1,2,2,1,2,1,2,1,3,1,3,1,1;11,1,11,1,11,1,11,1,11,1,11,1,011,1,011,1,11,1,11,1,1,11,11,1,11,1,11,1,011,1,011,1,1
447_12;line;POSTBOP;UP;Wynton Marsalis;SWING;24;77;2;100;1;106;74;2,2,2,1,4,2,1,2,3,2,2,2,2,2,2,2,2,3,2,4,2,2,2,3,2,3,1,2,1,2,2,1,1,1,1,1,1,1,1,1,1,1,1,1,2,1,1,2,1,1,1,1,1,1,1,2,2,3,2,1,2,2,2,1,1,2,1,2,2,1,1,1,1,1;11,11,11,1,1101,11,1,11,111,11,11,11,11,11,11,11,11,110,11,1101,11,11,11,011,11,011,1,11,1,11,11,1,1,1,1,1,1,1,1,1,1,1,1,1,01,1,1,01,1,1,1,1,1,1,1,01,01,011,11,1,01,01,01,1,1,01,1,01,01,1,1,1,1,1
447_13;line;POSTBOP;UP;Wynton Marsalis;SWING;12;101;1;112;2;35;35;1,1,1,1,2,1,1,2,1,2,1,1,1,2,1,1,2,1,2,1,2,1,1,2,2,2,1,1,2,2,1,2,2,1,2;1,1,1,1,01,1,1,01,1,01,1,1,1,01,1,1,01,1,01,1,01,1,1,01,01,01,1,1,01,01,1,01,01,1,01
447_14;line;POSTBOP;UP;Wynton Marsalis;SWING;9;113;2;121;3;72;33;4,2,1,3,2,4,1,3,2,2,2,1,3,4,2,4,2,2,3,2,3,3,2,2,2,3,2,2,2,2,2,2,1;1111,01,1,111,11,1101,1,111,11,11,11,1,111,0011,11,0111,11,11,111,11,111,111,11,11,11,111,11,11,11,11,11,11,1
447_15;lick;POSTBOP;UP;Wynton Marsalis;SWING;6;122;2;127;1;19;14;1,1,3,2,1,1,1,2,4,2,2,2,2,1;1,1,011,01,1,1,1,11,0001,01,11,11,11,1
446_1;lick;POSTBOP;UP;Wynton Marsalis;SWING;8;-4;4;3;1;36;23;2,1,2,1,2,2,1,1,1,2,4,1,3,1,3,1,2,1,3,1,4,1,3;01,1,01,1,01,11,1,1,1,01,0111,1,111,1,111,1,11,1,111,1,1101,1,110
446_2;line;POSTBOP;UP;Wynton Marsalis;SWING;8;4;3;11;1;38;26;4,2,2,2,2,2,1,1,1,2,2,2,2,2,2,2,2,2,1,1,1,1,1,1,2,2;0001,01,11,11,11,11,1,1,1,11,01,11,11,11,11,11,11,11,1,1,1,1,1,1,01,01
446_4;line;POSTBOP;UP;Wynton Marsalis;SWING;3;17;1;19;4;21;12;2,2,3,2,2,2,2,2,1,1,1,1;11,11,111,11,11,11,11,11,1,1,1,1
446_5;lick;POSTBOP;UP;Wynton Marsalis;SWING;16;20;2;35;1;48;45;1,1,1,1,4,1,1,1,4,2,1,1,1,1,1,1,1,1,1,1,1,1,1,1,1,1,1,1,2,1,1,1,1,1,2,1,1,1,1,1,1,2,2,2,1;1,1,1,1,0001,1,1,1,0001,01,1,1,1,1,1,1,1,1,1,1,1,1,1,1,1,1,1,1,11,1,1,1,1,1,11,1,1,1,1,1,1,11,01,01,1
446_6;lick;POSTBOP;UP;Wynton Marsalis;SWING;3;37;1;39;1;11;9;4,2,4,2,1,1,1,1,1;0001,01,1011,01,1,1,1,1,1
446_7;line;POSTBOP;UP;Wynton Marsalis;SWING;12;40;3;51;2;77;42;2,2,2,2,2,2,2,2,2,3,4,2,2,2,4,2,4,2,2,2,2,2,2,2,2,2,2,4,3,2,2,3,2,4,1,1,1,1,1,1,1,1;11,11,11,11,11,11,11,11,11,110,1011,01,11,11,1011,01,1101,01,11,11,11,11,11,11,11,11,11,1101,011,11,11,110,11,1001,1,1,1,1,1,1,1,1
446_8;line;POSTBOP;UP;Wynton Marsalis;SWING;11;53;4;63;2;36;28;1,1,1,1,1,1,1,1,1,1,1,1,2,1,2,1,4,2,2,2,2,1,2,2,2,3,2,1;1,1,1,1,1,1,1,1,1,1,1,1,11,1,11,1,0001,11,01,11,11,1,01,11,01,110,11,1
446_9;line;POSTBOP;UP;Wynton Marsalis;SWING;26;65;2;90;3;203;102;4,2,4,2,4,2,2,2,2,2,2,4,2,2,2,2,2,2,2,2,2,2,2,4,1,2,2,2,2,2,2,2,2,2,2,2,2,2,3,3,2,2,1,3,3,4,4,2,2,3,1,4,3,2,2,2,2,4,2,2,2,1,2,2,2,2,2,3,2,4,1,3,3,2,2,2,1,2,2,3,2,2,4,4,3,3,2,2,2,2,3,2,2,2,2,2,3,3,4,2,2,2;0001,01,1011,01,1101,01,11,11,11,11,11,1001,11,11,01,11,11,11,11,11,11,11,11,1101,1,11,11,11,11,11,11,11,11,11,11,11,11,11,111,011,11,11,1,111,011,1001,0110,11,11,011,1,1101,011,01,11,11,11,1001,01,11,11,1,11,11,11,11,11,111,11,0001,1,111,011,01,11,11,1,11,11,011,11,11,1101,1111,111,111,01,11,11,11,111,11,11,11,11,11,110,111,1011,01,11,11
446_10;line;POSTBOP;UP;Wynton Marsalis;SWING;18;92;3;109;3;138;69;2,2,2,2,2,2,2,2,2,2,4,3,3,3,2,2,2,2,2,2,3,4,2,2,2,3,4,2,2,3,2,3,2,4,4,2,2,2,2,2,3,2,2,2,2,2,3,2,2,2,2,1,4,1,2,2,2,2,2,2,2,2,3,2,2,2,2,2,1;11,01,11,11,11,11,11,11,11,11,1011,011,011,111,11,11,11,01,11,11,111,0110,11,11,11,110,1101,11,11,111,01,111,01,1011,0110,11,11,11,11,11,111,11,11,11,11,11,111,01,11,11,11,1,1110,1,01,01,11,11,01,11,11,11,111,11,11,11,11,11,1
446_11;line;POSTBOP;UP;Wynton Marsalis;SWING;17;111;3;127;1;62;47;2,2,2,4,4,2,3,2,2,2,1,4,1,1,1,1,1,1,1,4,4,1,1,1,1,1,1,1,4,1,2,4,2,4,4,4,1,1,1,1,1,1,1,1,2,2,1;11,11,11,1001,0110,11,111,01,11,11,1,1001,1,1,1,1,1,1,1,0001,0001,1,1,1,1,1,1,1,1001,1,01,0001,01,0001,1001,1001,1,1,1,1,1,1,1,1,01,11,1
448_1;lick;POSTBOP;UP;Wynton Marsalis;SWING;3;1;1;3;2;10;10;1,1,1,1,1,2,1,2,1,4;1,1,1,1,1,01,1,01,1,0001
448_2;lick;POSTBOP;UP;Wynton Marsalis;SWING;3;5;3;7;3;10;8;1,2,2,1,1,2,4,1;1,11,01,1,1,11,0001,1
448_3;line;POSTBOP;UP;Wynton Marsalis;SWING;9;9;2;17;3;62;33;2,3,2,2,2,2,3,4,1,4,1,4,2,4,2,2,1,4,2,2,2,2,2,1,4,2,2,2,2,2,1,2,1;11,110,11,11,11,11,110,1001,1,1101,1,1001,01,1011,11,11,1,1101,11,11,11,11,11,1,1101,11,11,11,11,11,1,01,1
448_4;lick;POSTBOP;UP;Wynton Marsalis;SWING;8;19;1;26;4;45;27;2,1,1,2,2,2,2,3,3,4,2,2,2,2,1,3,2,2,1,4,1,1,1,4,1,2,2;01,1,1,01,11,11,01,110,110,0001,11,11,11,11,1,111,11,11,1,1110,1,1,1,1101,1,11,11
448_5;lick;POSTBOP;UP;Wynton Marsalis;SWING;12;28;4;39;3;39;28;4,1,1,1,2,1,1,1,1,2,4,2,1,4,4,4,2,2,4,2,2,2,2,4,2,2,4,1;1001,1,1,1,11,1,1,1,1,01,0001,01,1,0001,0001,0001,01,01,1001,01,11,11,11,1011,11,11,1001,1
448_7;lick;POSTBOP;UP;Wynton Marsalis;SWING;8;46;2;53;4;47;28;2,2,2,1,2,1,4,2,2,2,2,2,1,2,2,2,2,2,2,2,2,2,2,2,2,2,1,3;11,11,11,1,01,1,0001,11,01,11,11,01,1,11,11,11,11,11,11,11,11,11,11,11,11,01,1,011
448_8;line;POSTBOP;UP;Wynton Marsalis;SWING;11;55;1;65;1;62;34;2,1,2,2,2,2,2,2,2,2,2,3,2,1,1,1,1,1,1,2,2,2,2,2,1,1,1,4,2,4,4,4,4,3;01,1,11,11,11,11,11,01,11,11,11,011,11,1,1,1,1,1,1,01,11,11,11,11,1,1,1,1001,01,1111,1111,1111,1101,111
449_2;lick;POSTBOP;UP;Wynton Marsalis;SWING;7;9;1;15;4;22;18;4,1,4,4,1,4,1,4,1,2,2,1,1,2,2,1,1,2;0001,1,1001,0001,1,0001,1,1100,1,01,01,1,1,11,01,1,1,11
449_3;line;POSTBOP;UP;Wynton Marsalis;SWING;7;17;2;23;4;44;27;3,2,2,2,4,2,2,2,1,4,2,1,2,3,2,1,2,1,2,1,2,2,2,2,2,1,4;111,01,11,01,0001,01,11,11,1,1101,11,1,11,011,11,1,11,1,11,1,11,11,11,01,01,1,1001
449_4;lick;POSTBOP;UP;Wynton Marsalis;SWING;4;25;1;28;2;14;12;2,2,1,1,1,2,4,2,1,1,1,2;01,11,1,1,1,01,0001,11,1,1,1,01
449_5;line;POSTBOP;UP;Wynton Marsalis;SWING;6;29;3;34;3;22;15;4,2,1,2,2,2,2,1,1,1,1,3,4,1,1;1011,01,1,01,11,11,11,1,1,1,1,011,0011,1,1
449_7;lick;POSTBOP;UP;Wynton Marsalis;SWING;4;43;1;46;3;17;13;2,2,1,1,1,2,2,2,1,4,1,2,2;01,01,1,1,1,01,11,01,1,1101,1,01,11
449_8;line;POSTBOP;UP;Wynton Marsalis;SWING;3;47;4;49;1;11;6;2,2,2,2,2,1;11,11,11,11,11,1
449_9;lick;POSTBOP;UP;Wynton Marsalis;SWING;9;49;3;57;4;29;19;2,2,2,2,2,1,2,2,2,1,2,1,2,1,2,1,1,1,4;11,01,01,11,11,1,11,11,11,1,11,1,11,1,11,1,1,1,1001
449_10;line;POSTBOP;UP;Wynton Marsalis;SWING;7;59;1;65;2;43;24;2,2,2,2,2,2,2,2,2,2,2,2,2,2,2,2,2,1,1,1,1,5,3,3;01,11,11,11,11,11,01,11,11,11,11,11,11,11,11,11,01,1,1,1,1,01111,110,011
450_1;lick;POSTBOP;MEDIUM;Wynton Marsalis;SWING;2;0;2;1;3;11;6;2,2,2,2,1,4;11,11,11,11,1,1100
450_2;lick;POSTBOP;MEDIUM;Wynton Marsalis;SWING;4;2;4;5;2;13;9;2,1,1,2,1,2,2,6,2;01,1,1,01,1,11,11,100011,01
450_3;lick;POSTBOP;MEDIUM;Wynton Marsalis;SWING;6;6;3;11;4;34;19;4,2,1,2,2,2,2,2,2,4,2,4,2,3,2,2,2,2,4;0001,11,1,11,01,11,01,11,11,0110,11,0111,11,011,11,11,11,01,1001
450_4;lick;POSTBOP;MEDIUM;Wynton Marsalis;SWING;2;12;4;13;3;5;4;2,4,1,4;01,0001,1,1001
450_5;line;POSTBOP;MEDIUM;Wynton Marsalis;SWING;4;14;3;17;4;17;13;1,2,1,2,2,2,2,2,1,1,1,1,2;1,01,1,11,01,11,11,11,1,1,1,1,01
450_7;line;POSTBOP;MEDIUM;Wynton Marsalis;SWING;6;22;4;27;2;27;18;2,2,2,1,2,2,2,2,1,2,2,2,1,1,1,2,2,4;01,11,11,1,11,11,11,01,1,11,01,11,1,1,1,01,11,1001
450_8;line;POSTBOP;MEDIUM;Wynton Marsalis;SWING;3;28;1;30;3;16;11;2,2,3,2,2,1,1,1,1,2,4;01,11,011,11,11,1,1,1,1,01,0110
450_9;line;POSTBOP;MEDIUM;Wynton Marsalis;SWING;4;30;4;33;2;22;11;2,3,2,6,2,4,2,1,2,4,2;01,011,11,011101,11,1100,11,1,11,1001,11
451_1;lick;COOL;UP;Zoot Sims;SWING;5;0;2;4;3;22;16;1,2,2,1,2,1,2,4,4,4,1,2,1,1,2,2;1,11,11,1,11,1,01,0001,1001,0001,1,11,1,1,01,11
451_7;lick;COOL;UP;Zoot Sims;SWING;4;34;3;37;1;18;10;2,4,1,1,1,2,4,4,2,1;01,1101,1,1,1,11,0111,1101,11,1
452_1;lick;COOL;MEDIUM;Zoot Sims;SWING;3;0;4;2;1;9;6;4,1,2,1,2,1;1111,1,01,1,01,1
452_2;lick;COOL;MEDIUM;Zoot Sims;SWING;3;3;2;5;4;10;8;4,2,1,2,1,1,2,4;0001,01,1,01,1,1,11,1001
452_3;lick;COOL;MEDIUM;Zoot Sims;SWING;3;7;1;9;4;15;9;4,2,3,6,2,6,4,2,2;0001,01,111,000011,11,001001,0001,01,11
452_7;lick;COOL;MEDIUM;Zoot Sims;SWING;4;19;3;22;1;9;9;1,4,2,2,2,1,2,2,1;1,0001,01,01,01,1,01,01,1
452_8;lick;COOL;MEDIUM;Zoot Sims;SWING;3;23;1;25;4;13;9;4,2,2,4,2,1,4,2,2;0001,11,01,1101,01,1,0001,01,11
452_10;lick;COOL;MEDIUM;Zoot Sims;SWING;2;31;4;32;4;7;5;2,2,1,1,6;01,11,1,1,001001
453_1;lick;COOL;MEDIUM;Zoot Sims;SWING;2;1;1;2;3;8;6;2,2,2,2,2,1;01,11,01,11,01,1
453_2;lick;COOL;MEDIUM;Zoot Sims;SWING;3;3;2;5;4;16;10;2,1,1,6,2,6,2,2,1,4;01,1,1,101101,11,010001,01,01,1,1001
453_3;lick;COOL;MEDIUM;Zoot Sims;SWING;5;6;3;10;2;21;16;2,2,2,1,2,3,1,2,1,2,1,4,1,2,2,1;01,11,11,1,11,011,1,11,1,01,1,0001,1,01,01,1
453_5;lick;COOL;MEDIUM;Zoot Sims;SWING;4;13;1;16;1;17;11;2,2,2,2,1,2,2,2,4,2,1;01,11,11,01,1,11,01,11,0011,11,1
453_6;lick;COOL;MEDIUM;Zoot Sims;SWING;4;16;4;19;1;14;8;3,1,4,1,2,1,4,2;111,1,0001,1,01,1,1111,11
453_7;lick;COOL;MEDIUM;Zoot Sims;SWING;4;19;4;22;1;15;10;2,2,3,1,2,1,1,1,2,4;01,11,011,1,11,1,1,1,11,1001
453_8;lick;COOL;MEDIUM;Zoot Sims;SWING;3;22;4;24;1;12;6;6,1,6,4,2,3;010111,1,001001,0011,01,110
453_9;lick;COOL;MEDIUM;Zoot Sims;SWING;2;24;3;25;4;8;6;4,3,1,4,2,2;0001,011,1,0001,01,11
453_11;lick;COOL;MEDIUM;Zoot Sims;SWING;3;28;3;30;4;14;10;4,4,2,4,2,2,2,4,2,2;0001,0111,01,0001,01,11,01,0001,01,11
453_12;lick;COOL;MEDIUM;Zoot Sims;SWING;4;31;2;34;4;18;13;4,2,6,1,2,2,1,2,2,1,2,2,1;0001,01,010001,1,11,11,1,11,11,1,01,01,1
453_13;line;COOL;MEDIUM;Zoot Sims;SWING;3;35;2;37;2;17;8;2,4,2,4,2,2,2,2;11,0111,11,1111,11,01,01,11
454_1;lick;COOL;MEDIUM UP;Zoot Sims;SWING;1;-7;2;-7;3;3;2;3,1;011,1
454_2;lick;COOL;MEDIUM UP;Zoot Sims;SWING;2;-6;1;-5;2;12;6;3,3,4,1,3,2;011,111,1101,1,110,01
454_3;lick;COOL;MEDIUM UP;Zoot Sims;SWING;1;-4;1;-4;3;3;3;6,1,4;000001,1,0001
454_4;line;COOL;MEDIUM UP;Zoot Sims;SWING;2;-3;3;-2;3;15;5;4,4,4,6,4;0011,0111,1111,011011,0110
454_5;lick;COOL;MEDIUM UP;Zoot Sims;SWING;1;-1;2;-1;4;5;3;4,4,1;0011,1001,1
454_6;lick;COOL;MEDIUM UP;Zoot Sims;SWING;1;0;1;0;4;6;4;2,2,4,1;11,11,0001,1
454_7;lick;COOL;MEDIUM UP;Zoot Sims;SWING;2;1;2;2;2;8;5;4,4,2,1,1;0001,1101,11,1,1
454_8;lick;COOL;MEDIUM UP;Zoot Sims;SWING;3;3;1;5;2;16;10;4,2,2,4,2,4,1,6,1,1;0001,11,11,0111,11,0001,1,000011,1,1
454_9;lick;COOL;MEDIUM UP;Zoot Sims;SWING;2;6;1;7;2;9;6;4,2,6,2,3,1;0001,01,101001,01,110,1
454_10;lick;COOL;MEDIUM UP;Zoot Sims;SWING;2;8;2;9;1;7;4;6,4,4,2;000011,1100,0001,11
454_11;lick;COOL;MEDIUM UP;Zoot Sims;SWING;3;9;4;11;1;11;6;4,2,2,2,2,2;0001,11,11,11,11,11
454_12;lick;COOL;MEDIUM UP;Zoot Sims;SWING;2;12;1;13;1;8;5;4,4,1,2,1;0001,1111,1,01,1
455_1;lick;COOL;UP;Zoot Sims;SWING;5;0;3;4;1;17;13;1,1,1,1,2,1,1,2,4,2,1,2,2;1,1,1,1,01,1,1,01,0111,11,1,11,01
455_2;lick;COOL;UP;Zoot Sims;SWING;3;5;2;7;3;14;10;2,1,2,1,2,1,2,2,2,1;01,1,11,1,01,1,11,11,11,1
455_3;lick;COOL;UP;Zoot Sims;SWING;3;8;2;10;1;9;7;2,2,1,2,2,1,1;01,11,1,01,11,1,1
455_4;lick;COOL;UP;Zoot Sims;SWING;5;11;3;15;1;23;13;2,2,1,6,4,1,2,2,2,3,3,4,2;11,11,1,010001,0001,1,11,11,11,011,011,1100,11
455_5;lick;COOL;UP;Zoot Sims;SWING;3;16;3;18;4;13;10;2,1,2,2,1,2,2,2,2,1;01,1,11,01,1,01,01,11,11,1
455_6;line;COOL;UP;Zoot Sims;SWING;2;19;1;20;2;12;6;2,4,2,2,4,2;11,1011,01,11,1011,01
455_7;lick;COOL;UP;Zoot Sims;SWING;3;20;4;22;3;8;7;2,1,1,1,2,2,1;01,1,1,1,01,11,1
455_8;lick;COOL;UP;Zoot Sims;SWING;3;23;2;25;4;15;9;2,4,2,2,1,4,2,2,1;01,1011,11,11,1,0001,11,11,1
455_9;lick;COOL;UP;Zoot Sims;SWING;6;26;4;31;2;26;16;2,4,2,1,3,2,1,2,2,1,4,2,6,2,2,1;11,0111,01,1,111,11,1,01,11,1,1001,01,010001,01,11,1
455_10;line;COOL;UP;Zoot Sims;SWING;8;32;3;39;4;48;27;2,2,2,2,2,3,2,2,3,2,1,2,2,3,2,2,2,2,1,1,2,1,1,2,2,2,2;01,11,11,11,11,111,11,11,111,11,1,01,11,011,11,11,11,11,1,1,01,1,1,11,11,11,11
455_11;lick;COOL;UP;Zoot Sims;SWING;3;40;4;42;2;11;7;2,1,2,2,3,1,2;01,1,11,11,011,1,11
455_12;lick;COOL;UP;Zoot Sims;SWING;3;43;2;45;1;14;7;4,2,2,2,3,4,2;0011,11,11,11,111,0001,11
455_13;lick;COOL;UP;Zoot Sims;SWING;2;46;1;47;3;10;6;2,1,2,3,2,2;01,1,01,111,11,11
455_14;lick;COOL;UP;Zoot Sims;SWING;3;49;2;51;3;10;7;4,4,6,1,4,2,1;0001,0001,100111,1,0001,01,1
455_15;lick;COOL;UP;Zoot Sims;SWING;7;52;2;58;3;28;19;2,2,1,1,1,2,2,1,2,2,2,2,1,2,4,2,2,2,1;11,11,1,1,1,11,01,1,11,11,11,11,1,11,0001,01,11,01,1
455_16;lick;COOL;UP;Zoot Sims;SWING;5;59;2;63;3;23;15;4,3,2,1,2,1,2,2,2,2,2,1,1,1,1;0011,011,11,1,11,1,11,01,11,11,11,1,1,1,1
455_17;lick;COOL;UP;Zoot Sims;SWING;8;65;1;72;1;39;24;1,2,2,2,1,1,4,3,4,2,2,2,2,2,4,4,2,2,2,2,2,2,3,2;1,11,11,01,1,1,0001,011,1001,01,11,11,11,11,0111,1001,01,01,11,11,01,01,011,11
455_18;line;COOL;UP;Zoot Sims;SWING;1;73;2;73;4;5;3;2,2,1;11,11,1
455_19;line;COOL;UP;Zoot Sims;SWING;1;74;2;74;4;5;3;2,2,1;11,11,1
455_20;lick;COOL;UP;Zoot Sims;SWING;7;75;3;81;1;29;19;2,2,1,2,2,1,2,2,2,1,1,3,2,2,2,4,2,2,1;11,11,1,11,11,1,01,11,11,1,1,110,01,11,01,1001,01,11,1
456_1;lick;COOL;UP;Zoot Sims;SWING;2;0;3;1;1;4;3;2,1,2;01,1,11
456_2;lick;COOL;UP;Zoot Sims;SWING;3;2;1;4;1;16;9;4,2,1,2,2,2,2,2,2;0011,11,1,11,11,01,11,11,11
456_3;line;COOL;UP;Zoot Sims;SWING;5;5;2;9;4;25;17;2,2,2,2,2,4,1,1,2,1,1,2,1,4,4,2,1;11,11,11,11,11,1011,1,1,01,1,1,01,1,1001,0001,01,1
456_4;lick;COOL;UP;Zoot Sims;SWING;4;10;4;13;1;13;9;4,4,2,2,3,1,2,2,1;0001,0001,01,11,011,1,11,11,1
456_5;lick;COOL;UP;Zoot Sims;SWING;3;13;4;15;4;13;8;2,2,3,3,1,2,2,2;11,01,110,110,1,01,11,11
456_6;lick;COOL;UP;Zoot Sims;SWING;7;17;1;23;4;37;25;1,2,2,1,1,2,2,2,1,2,2,3,1,1,2,2,2,2,1,2,2,2,2,2,1;1,11,11,1,1,11,11,11,1,01,11,111,1,1,01,11,01,01,1,01,11,11,11,01,1
456_7;lick;COOL;UP;Zoot Sims;SWING;7;25;1;31;4;30;22;1,1,2,4,2,1,1,1,1,2,2,3,2,1,2,2,2,2,1,1,2,1;1,1,01,0001,11,1,1,1,1,01,01,111,11,1,11,11,11,01,1,1,11,1
456_8;lick;COOL;UP;Zoot Sims;SWING;2;33;3;34;3;9;5;1,2,2,2,2;1,11,11,11,11
456_9;lick;COOL;UP;Zoot Sims;SWING;5;35;2;39;4;22;13;2,2,2,2,2,1,1,2,3,2,2,2,1;01,11,11,11,11,1,1,01,111,11,11,11,1
456_10;lick;COOL;UP;Zoot Sims;SWING;1;41;1;41;4;3;2;2,2;11,01
456_11;lick;COOL;UP;Zoot Sims;SWING;1;43;1;43;4;7;4;3,2,2,4;011,11,11,0001
456_12;lick;COOL;UP;Zoot Sims;SWING;2;45;1;46;1;7;4;1,2,2,2;1,11,11,11
456_13;lick;COOL;UP;Zoot Sims;SWING;4;46;4;49;1;13;9;4,2,3,1,1,2,1,4,4;0001,11,111,1,1,01,1,0001,1001
456_14;lick;COOL;UP;Zoot Sims;SWING;4;51;1;54;3;20;14;1,2,3,1,1,2,1,4,1,2,2,3,1,2;1,11,111,1,1,01,1,1100,1,11,01,110,1,01
